dish_id,psnr_frame_mean,psnr_frame_min,psnr_frame_max,ssim,ssim_frame_min,ssim_frame_max,psnr_from_avg_mse
dish_1566502505,10.59278953,6.828607907,14.71985958,0.6395958463,0.5857275128,0.7379356027,9.506117836
dish_1551236949,21.22853018,15.13713635,24.64937739,0.7944085076,0.770824194,0.8342529535,20.18756947
dish_1550705288,20.5995711,16.17331597,24.77681349,0.791923292,0.6660998464,0.8632532954,19.6361178
dish_1551306798,22.72103958,19.07198331,25.27315424,0.8469262719,0.8058812022,0.888944447,22.30802387
dish_1551375142,19.01778914,14.15497648,24.32447522,0.7937536091,0.7345460653,0.8787876368,17.784563
dish_1551492935,23.82690979,19.68345223,26.55859893,0.8215181902,0.7293235064,0.859408617,23.29664114
dish_1561664061,12.59851581,11.92145957,13.27557205,0.7560174167,0.7397623658,0.7722724676,12.54595237
dish_1563823423,10.3171637,9.857003579,10.77732382,0.626910001,0.6135314107,0.6402885914,10.29283086
dish_1563898722,12.11200796,10.42378012,13.24035595,0.7093909184,0.6867793202,0.7263965607,11.93423656
dish_1550788191,20.64992967,14.58853933,26.01738891,0.802051492,0.7008295059,0.8901928663,19.0625536
dish_1551234316,21.05744707,16.47542585,24.65710749,0.7928054705,0.7313762307,0.8608255982,20.32191136
dish_1551237231,19.99942679,16.25411171,26.31316823,0.82872352,0.73202461,0.9016577005,18.98791015
dish_1568229442,16.23955161,12.31079573,23.20197194,0.7332584063,0.6725897789,0.8357037902,14.30546216
dish_1568666357,10.7410776,9.909462758,11.57269245,0.5533056557,0.5506953001,0.5559160113,10.66193801
dish_1563389079,12.73174007,12.18964121,13.3230272,0.7277013461,0.6974594593,0.7495026588,12.70712633
dish_1551389749,22.00874574,13.72336097,25.98158323,0.8551403061,0.7163337469,0.9055715799,19.87967271
dish_1551235600,15.61299133,9.68080431,25.7117602,0.7544789059,0.5734371543,0.9238078594,13.29599358
dish_1551390651,20.87912881,13.4169099,25.1369691,0.8607543483,0.799516499,0.9064126015,19.01173722
dish_1568056258,11.24276908,8.936647437,12.99065552,0.6219343543,0.5756588578,0.7026250958,10.89690137
dish_1551235109,20.56908413,16.27817184,23.87988573,0.7930915654,0.7219581008,0.836273849,19.72498159
dish_1563389693,14.32017034,10.70590168,17.85151563,0.7540163398,0.6572222114,0.8437501788,13.38249311
dish_1563306392,13.91378153,12.30471501,15.19343408,0.8089486162,0.7992274165,0.8254117966,13.74316009
dish_1551124322,19.98932695,9.067222843,23.91000002,0.7803076704,0.6948667765,0.8392976522,16.80966471
dish_1557937758,20.8702118,15.7678301,25.12175019,0.8007903025,0.7361648679,0.836185813,19.77387032
dish_1550777319,22.94684979,16.90486415,26.65800303,0.8530930728,0.7975997925,0.9009281993,21.48673701
dish_1551563511,19.8288345,14.06890816,25.45544626,0.8176715896,0.7260739207,0.8802971244,18.25747649
dish_1563381738,14.005903,12.53964288,15.47216311,0.7729054093,0.7220916748,0.8237191439,13.76294859
dish_1551123023,23.01317363,18.70395864,25.90208186,0.834905602,0.7513921261,0.8849045634,22.22501125
dish_1563218408,14.19635133,10.66082513,17.73187752,0.7332341671,0.6771706939,0.7892976403,12.89276597
dish_1558373639,11.86912645,11.22294981,12.5153031,0.5189030915,0.4660929143,0.5717132688,11.82123122
dish_1551381730,22.60800814,17.37696564,26.27008645,0.8530540094,0.7743846774,0.8859564662,21.52308841
dish_1557861216,16.38114037,10.96347771,25.86873938,0.7677921057,0.5572612882,0.8767737746,14.94296673
dish_1561579867,13.1162153,8.440185852,17.79224474,0.7241645455,0.6408162117,0.8075128794,10.97349437
dish_1550861324,14.50276258,10.50137969,17.33773432,0.7638033628,0.6438363194,0.8646509051,13.89290212
dish_1560367733,11.42757609,11.12049847,11.66124495,0.6345611612,0.6019556522,0.6883438826,11.42161064
dish_1550781317,23.08447807,17.2762098,27.9242204,0.8303478509,0.7476328611,0.9026492238,21.40451189
dish_1551493236,22.7325892,17.47012152,28.68083405,0.8719722331,0.8234428763,0.9116199017,21.13897123
dish_1551322890,22.81051897,15.60956239,25.8260532,0.8487948924,0.7813432813,0.8895355463,21.40725152
dish_1567537422,14.22557687,11.75661176,16.70663997,0.7301031947,0.6799563766,0.8122547865,13.7681688
dish_1551124637,23.11255009,15.82868823,27.41937618,0.8242073655,0.7832624316,0.8850647807,21.44755134
dish_1550873434,21.0892606,15.43040768,26.70830425,0.8233156577,0.7467901111,0.8748214245,19.06832419
dish_1563898688,13.87253884,11.65302656,16.09205113,0.7884494364,0.760779798,0.8161190748,13.32847987
dish_1562615128,13.11982017,12.73339144,13.5062489,0.673604846,0.6501814723,0.6970282197,13.10265088
dish_1563997418,14.88856197,11.47013364,18.30699029,0.7510977089,0.6822962165,0.8198992014,13.66277076
dish_1550770222,16.74800598,8.905476729,24.94949613,0.7198912352,0.5931697488,0.8152105212,13.03431544
dish_1561578570,17.75248897,12.46443003,25.40839329,0.8059167862,0.717082262,0.9180227518,15.30091949
dish_1551135179,23.39403242,19.15536128,26.77760113,0.851139456,0.8045244813,0.9275844097,22.66890758
dish_1551390051,23.63966996,17.77136261,26.78725893,0.8360877112,0.8070640564,0.8577243686,22.40236051
dish_1561574815,12.00817653,7.939599392,16.07675367,0.6239348948,0.5255566239,0.7223131657,10.32948885
dish_1561576074,14.63126437,11.32502683,17.93750191,0.6589421332,0.5656946301,0.7521896362,13.47832397
dish_1562615070,14.33647149,12.19080334,16.86530392,0.8260504206,0.8082399964,0.8604273796,13.93597535
dish_1565711115,10.88102155,9.483826533,12.27821657,0.6546166241,0.6223545074,0.6868787408,10.66004476
dish_1561492703,16.24146089,15.88470557,16.59821622,0.72356534,0.7153695226,0.7317611575,16.22682434
dish_1566931586,11.47094727,9.457798455,14.65155067,0.6065741628,0.5085583925,0.8201680183,11.08597186
dish_1551378584,20.68993439,15.45679818,25.15228325,0.8345118165,0.768052578,0.8812116981,19.23094027
dish_1551134053,25.43524457,22.47982107,27.5780755,0.8662157191,0.8054295778,0.8967911005,25.14983546
dish_1557863056,23.95602251,22.41863636,25.44413425,0.8407850116,0.8151339889,0.8562883139,23.86346672
dish_1567538263,11.58497159,8.063465045,15.10647813,0.7060281038,0.592857182,0.8191990256,10.29079272
dish_1551303476,19.88109752,18.36265885,21.64318433,0.7777567729,0.7193915248,0.8225795627,19.76969244
dish_1563897338,13.62339102,9.03185931,21.32109001,0.7604915351,0.6852725744,0.8552629352,11.85275155
dish_1562168800,15.52067781,8.458403134,24.48733317,0.7752702236,0.6709572077,0.8794180155,11.99146034
dish_1551142128,15.76927213,13.41679584,19.93696792,0.8116298318,0.7636844516,0.8653380871,15.30936388
dish_1562784266,14.2379979,13.62282366,14.54988834,0.7686096827,0.7448754907,0.8120846748,14.21572678
dish_1551136315,20.36624921,12.20428838,24.03587433,0.7619416912,0.6495687962,0.8113865256,18.61164052
dish_1551384080,23.33790947,18.23134184,28.02019858,0.8613793477,0.7677900195,0.8983883858,22.16083607
dish_1566419603,14.01539019,11.19215928,18.39245785,0.6867509484,0.5700230598,0.8264847994,13.0918831
dish_1559593722,14.56166727,9.762993465,19.36034107,0.623947978,0.5925506353,0.6553453207,12.32117962
dish_1550710207,21.03274859,13.37308716,25.38265179,0.8097894266,0.7364874482,0.8549654484,18.99682544
dish_1551225381,14.26425626,12.3068593,16.52716334,0.7517125979,0.582904458,0.823536396,13.99171029
dish_1551125305,21.81815702,17.42693316,25.23815049,0.7942306002,0.7625105977,0.837859571,21.24445095
dish_1574280383,12.32198582,11.22775991,13.41621173,0.4328273386,0.3436004221,0.522054255,12.1855723
dish_1551392833,16.88251144,10.72020543,24.53013134,0.7780462205,0.6388058066,0.8669909835,14.19568606
dish_1551378719,21.11158022,15.57704376,25.41487202,0.8036696538,0.7699652314,0.828821063,20.11864298
dish_1561061123,10.69110249,8.946021119,11.78349517,0.5172569056,0.4669201672,0.5545882583,10.50325043
dish_1551141628,20.08566267,15.19640363,26.13190335,0.8408368677,0.7771015763,0.8912599087,18.81677375
dish_1557863104,21.75927016,18.79677006,25.06269688,0.799367249,0.7335535884,0.8346552253,21.23940536
dish_1550710715,19.6616921,15.25604861,24.31396071,0.762772195,0.7130925059,0.8018086553,18.52408897
dish_1563566909,11.25688177,9.719631665,13.69129802,0.6865601937,0.6511520743,0.7141068578,10.94270385
dish_1551389176,23.99596873,19.60651265,26.43615827,0.866540648,0.834266603,0.8941696286,23.37632176
dish_1566329257,16.42301499,11.62088657,24.58842694,0.7630324761,0.7145808935,0.8557584882,13.91609771
dish_1551389458,22.91889778,17.49588689,25.43788232,0.8741384745,0.8612334132,0.8985065818,22.00680577
dish_1562961609,13.36148324,11.34413204,14.47964202,0.7587253849,0.7393274307,0.7774799466,13.1122122
dish_1560543525,23.06417016,20.51434902,25.6139913,0.7876040936,0.7336102128,0.8415979743,22.35507005
dish_1551142547,21.57475239,17.34005924,23.83008515,0.8278059695,0.7655841112,0.8713821173,20.79823538
dish_1565727765,11.63143188,10.45711456,12.8057492,0.6405294836,0.6140066981,0.667052269,11.47456397
dish_1562945900,10.57966757,6.315549663,13.45191193,0.6706599394,0.5655164719,0.7505262494,9.427634551
dish_1565194852,8.987344618,7.868374005,10.10631523,0.6109334528,0.5743567944,0.6475101113,8.844759076
dish_1550772809,18.70877672,14.00650591,22.10207265,0.7818720192,0.6844274998,0.8383741379,17.87836005
dish_1561662842,14.01197592,11.22938593,16.7945659,0.7671660185,0.71116364,0.8231683969,13.17560096
dish_1562960472,16.29492387,13.59843941,20.8086617,0.8030088147,0.7647026181,0.8630834222,15.34455681
dish_1574193218,9.988333873,8.962577232,11.01409051,0.3349938691,0.2245140672,0.445473671,9.868307351
dish_1551139831,23.44156179,16.16272559,27.6751158,0.8336864114,0.7251051068,0.8786453605,21.56747274
dish_1565035830,15.63215406,15.22866675,15.83445782,0.7774223487,0.737841785,0.8230059743,15.62264258
dish_1551318068,23.50903109,18.37977962,28.91799159,0.8630209764,0.8114478588,0.9071705341,22.32561606
dish_1565204931,14.62795536,12.6440966,16.61181413,0.721727252,0.6504586339,0.7929958701,14.18977512
dish_1562605384,17.81376622,12.11410948,23.51342295,0.8238538206,0.7668336034,0.8808740377,14.82061846
dish_1551564992,21.50583089,17.14643278,25.60908659,0.8447533473,0.7452474236,0.8859480023,20.27999489
dish_1563221086,14.17953395,11.94976655,17.23724644,0.7406956355,0.6546038985,0.8086733818,13.66723967
dish_1551492590,20.14380321,14.97981942,24.25241928,0.7540139034,0.6744052768,0.8233886957,19.18719468
dish_1551486628,19.15763208,13.39888507,22.50582126,0.766164802,0.733858645,0.799983263,17.98612053
dish_1550779336,21.62127194,18.55810148,25.07044226,0.7790331021,0.7327855229,0.8093654513,21.21540038
dish_1551224208,18.48331371,16.05270356,21.19029777,0.7515734583,0.6913524866,0.8109477162,18.23540845
dish_1563378110,13.94526785,11.24256384,16.21611908,0.7143450379,0.6332226396,0.7923622727,13.4512755
dish_1564171996,11.19910332,9.492987721,12.24828239,0.6475298802,0.6032775044,0.670565784,11.02015322
dish_1562173267,13.35278522,11.00051008,15.07626313,0.7416181763,0.7339305282,0.7548368573,12.99654825
dish_1557937335,18.63477566,12.79782101,24.28844873,0.7883262634,0.7454509139,0.8263189793,16.71857044
dish_1550778355,19.54814075,16.00156367,24.016088,0.8077562153,0.7390040755,0.8722026944,18.76135201
dish_1565638365,13.48351861,8.971057736,18.41966945,0.6525623202,0.5250392556,0.8043361902,11.97097678
dish_1550860747,15.72128109,13.56444971,18.72073534,0.7882816941,0.6885198951,0.8536288738,15.45466507
dish_1561492161,12.56145558,11.15600562,13.96690554,0.7185125947,0.6648112535,0.7722139359,12.33790394
dish_1551373738,22.8519737,20.79299765,25.35476402,0.8505496184,0.8194452524,0.8754447103,22.60167944
dish_1561578676,14.76235045,9.255796309,23.7334563,0.7286842267,0.6422227621,0.8547127247,11.82449234
dish_1568405306,9.790572883,6.757586239,13.82108199,0.5892005463,0.490783006,0.6388247013,8.922227639
dish_1568044581,13.6787311,11.06486015,18.23165193,0.685823222,0.6095862389,0.7778126597,12.72257036
dish_1551390474,24.9789636,19.71159173,29.65728548,0.8854644895,0.8387470245,0.9178975821,23.88704449
dish_1565379251,13.2502131,12.13645585,14.14288974,0.7836270928,0.7459677458,0.8272226453,13.16860273
dish_1560456370,14.10489445,13.92357103,14.28621787,0.7288430035,0.6824698448,0.7752161622,14.10111031
dish_1551306958,22.67664306,18.05902979,24.85309688,0.8449196948,0.8031760454,0.8819072247,21.99871408
dish_1565981848,11.00230025,9.025332262,12.49257498,0.6330917478,0.5906959772,0.6605988741,10.74920194
dish_1563378660,11.02304142,10.1024181,12.36842092,0.7181654771,0.6897255182,0.7334009409,10.9193693
dish_1551377177,21.58231304,17.86494039,24.63066954,0.8167451322,0.7729769945,0.866633594,20.97944303
dish_1550770751,16.70198356,14.13529802,22.03685794,0.7949995995,0.6974915266,0.8735931516,16.1916662
dish_1563305401,16.76533751,10.47314353,22.56975299,0.7653426677,0.6718835831,0.8405344486,14.41552895
dish_1551318673,21.89949312,15.69022739,26.06913582,0.8251887485,0.7925716043,0.8533531427,20.82902677
dish_1551307090,21.48182175,18.72363032,23.56768737,0.7896484956,0.7411779761,0.8911147714,21.22746375
dish_1551324079,24.55037845,20.27582489,28.47048852,0.866278328,0.781003654,0.9040542245,23.50853217
dish_1562872498,15.13751207,12.00442087,20.13961167,0.7356355985,0.660599947,0.8127563596,13.9855879
dish_1566416421,21.3342384,14.93432179,26.98464389,0.7994599938,0.7403879762,0.8718527555,18.71858928
dish_1550861703,20.07340055,10.90947497,23.76446758,0.8014598787,0.6214332581,0.8570058942,17.54283939
dish_1551381103,22.21861021,16.2121428,24.86720195,0.8271169407,0.768631041,0.8781944513,21.00209716
dish_1559838402,9.996430664,9.278816804,10.71404453,0.5313973427,0.4958938956,0.5669007897,9.937410436
dish_1562617416,14.91836737,13.60504081,16.47688953,0.6883867184,0.5490351915,0.8335815668,14.76244914
dish_1562788816,15.0229933,12.6901877,18.7731849,0.7917303741,0.7480905056,0.8417301178,14.49479839
dish_1565119739,11.88378407,9.339262392,14.42830575,0.6335227787,0.5893280506,0.6777175069,11.17747878
dish_1567020054,15.04810563,13.04820299,16.06502987,0.7509455681,0.7257785201,0.794729054,14.80387284
dish_1562690112,16.69351441,12.7025327,22.2360712,0.7556193272,0.6983889937,0.8061840534,15.21656764
dish_1564169298,14.17042353,7.895723449,21.57999144,0.7136388818,0.5550069809,0.8587480783,11.36674912
dish_1551303285,15.93288799,13.83823283,18.14318616,0.7840473801,0.7415376306,0.8260641694,15.78513579
dish_1563216412,14.9070319,9.094140623,20.71992318,0.7802671194,0.6798704863,0.8806637526,11.81558341
dish_1551565613,13.40689265,11.12496955,15.28930256,0.76802551,0.6946004033,0.8165385723,13.21352988
dish_1563304881,13.44438878,9.909865238,17.70698261,0.6863577962,0.5262870193,0.8019280434,12.40196122
dish_1566230222,16.545072,16.27706812,16.81307588,0.8417941928,0.8224437833,0.8611446023,16.53680796
dish_1566244964,8.848022197,7.432236648,10.34906894,0.6480558316,0.6131563187,0.6820385456,8.687426764
dish_1550862580,18.53757134,13.50078255,23.46585138,0.8149456382,0.764952898,0.9286931753,16.9533197
dish_1562704616,12.65502819,11.43457628,14.25475609,0.7334695657,0.6927288175,0.7704522014,12.50197275
dish_1561661806,13.29780999,12.95128851,13.64433147,0.7502455711,0.7460559607,0.7544351816,13.28400024
dish_1551225106,22.31300366,18.27565585,27.16814292,0.8396186978,0.7605955601,0.8798847198,21.37374672
dish_1562859116,16.97887752,14.65798735,20.31423945,0.8709686597,0.8540510535,0.8920215368,16.3927174
dish_1561575445,11.75932408,11.46209701,12.05655116,0.7425434291,0.7363322377,0.7487546206,11.74916104
dish_1550711845,15.14856293,9.961246361,23.11571981,0.7223918959,0.5976704359,0.8905670047,13.09406473
dish_1550863037,23.17226465,18.18271481,26.13079096,0.8250774816,0.7442753911,0.896143198,22.21724962
dish_1550704750,13.97297041,11.66917716,16.27676366,0.6724689305,0.5994413495,0.7454965115,13.38860167
dish_1566328831,16.3336316,13.23407669,21.948404,0.7354903618,0.6949081421,0.8163647056,14.97643608
dish_1562686520,15.87140677,13.01093706,18.73187647,0.8567219377,0.8224909306,0.8909529448,14.99052783
dish_1567021799,9.65018927,8.147183386,11.15319515,0.641348213,0.5977045298,0.6849918962,9.395140886
dish_1551124157,23.4927646,19.29960771,24.92614945,0.8350487873,0.8198896646,0.8560385108,23.01642359
dish_1566245365,15.91357774,10.58499505,21.50770001,0.8351532698,0.7638782859,0.8922831416,14.4858684
dish_1551491020,22.7531373,18.65292764,26.88796562,0.8627059162,0.8141927123,0.9010702968,21.72379047
dish_1560798928,14.93239351,13.23562368,16.62916335,0.5004965812,0.4725601375,0.5284330249,14.60903761
dish_1551377473,24.70877477,20.08991561,28.20390535,0.8635084232,0.7893128991,0.8998599052,24.11255071
dish_1551379408,19.2600586,11.37415701,23.25538965,0.742035754,0.6141752005,0.815374136,17.39132864
dish_1561574368,12.17633014,11.75309634,12.87387126,0.6056125462,0.4743491709,0.6768311262,12.14865427
dish_1550710448,23.62932671,18.48643955,27.74697373,0.8479801681,0.7562781572,0.8877122998,22.4428428
dish_1564169254,12.07556068,9.674460813,13.28528726,0.6918274363,0.6626721025,0.7087782621,11.72098655
dish_1557862345,24.0770482,20.71225347,26.6365771,0.8556045443,0.8199211359,0.8806978464,23.5638649
dish_1562774456,14.01294084,11.01145165,17.01443004,0.7443535626,0.6795713305,0.8091357946,13.04912145
dish_1563304333,14.74122093,10.82966849,19.57098883,0.7076220115,0.6520614028,0.757899344,13.4641746
dish_1568666032,18.86021801,12.49795952,26.59072657,0.7429912686,0.5759374499,0.8355480433,15.9477485
dish_1551122713,20.99399836,16.17694722,26.48454376,0.7620072588,0.7232531905,0.8217197061,19.76786181
dish_1567024224,10.77167063,9.034362722,11.9275584,0.5675582687,0.5521370769,0.5883822441,10.5834332
dish_1551233827,20.85783472,16.55795292,25.49181273,0.8155059591,0.7563787103,0.8576927185,19.87524097
dish_1565030350,8.442882035,8.058338612,8.827425459,0.6757616997,0.626480937,0.7250424623,8.425879652
dish_1562010048,15.16981416,11.24701582,19.09261249,0.8181674778,0.77592206,0.8604128957,13.59694507
dish_1551391257,22.86859615,19.68226975,24.53121708,0.8525957987,0.8166276217,0.8835895658,22.60393637
dish_1559925083,13.88974193,13.69856007,14.08092378,0.6258733571,0.5822017193,0.6695449948,13.88553526
dish_1559846825,15.61095672,10.55789659,18.66785257,0.7513948083,0.5671924949,0.8495982885,14.01997022
dish_1565117429,15.63964906,13.3784947,18.35926972,0.7745486299,0.7232010961,0.8009801507,15.18763022
dish_1566587714,16.19060651,8.817245216,23.56396779,0.7098331749,0.5965960026,0.8230703473,11.68434862
dish_1551303912,18.82483575,10.71363492,24.19479027,0.7920581869,0.6890245676,0.8543114662,15.92282433
dish_1564169197,18.09007286,13.20348766,23.92770727,0.8373353481,0.7243017554,0.906098485,16.24662549
dish_1563824377,14.00558912,10.05342023,18.11598277,0.7453771432,0.6627834439,0.8303898573,12.85548608
dish_1551567848,20.45811515,13.5266361,24.14339869,0.7957154768,0.6972802877,0.8534699082,18.62834539
dish_1568144612,12.55527578,11.59669088,13.51386068,0.7522358298,0.7349581718,0.7695134878,12.45033322
dish_1561662054,14.33490121,11.41072446,18.57929199,0.6885296305,0.6299920678,0.7649890184,13.4331336
dish_1562784307,11.38719348,8.312415204,12.99403807,0.6565076311,0.526303947,0.7652965188,10.80059454
dish_1551233802,18.53881017,11.74051157,24.53295576,0.7821277827,0.595739603,0.8835011125,16.21246614
dish_1565972429,11.41703483,10.91215238,12.20743945,0.6576311191,0.651835978,0.6670047045,11.38122722
dish_1551320684,20.92783435,15.98538825,23.35776897,0.8054147288,0.7592171431,0.8254513741,20.07998834
dish_1563294987,20.63604617,12.35312881,28.91896352,0.7685278356,0.5936211944,0.9434344769,15.26870563
dish_1562873264,11.15981657,8.204732154,16.75296536,0.6426301201,0.5451757312,0.7892381549,9.817714995
dish_1551224175,20.16101835,16.32841506,21.66473906,0.7807785422,0.7490071654,0.8214364052,19.70298803
dish_1551123072,23.79273756,19.98401665,25.40291454,0.8497350588,0.8268763423,0.8949629068,23.38174659
dish_1566934487,17.06722741,11.96299534,21.07842617,0.7636818687,0.662481308,0.8556771278,15.39044463
dish_1550771984,20.62479571,15.82159179,24.35986065,0.7732251659,0.6963143349,0.8376874328,19.74935332
dish_1550791822,23.04341517,17.87601868,27.34353003,0.8614693814,0.7950485945,0.9048177004,22.11725636
dish_1551376692,23.55327612,19.43262212,26.326373,0.8719222993,0.8336164355,0.9135319591,23.01220086
dish_1562947436,13.81989598,8.128061728,19.51173022,0.7499313653,0.6410160065,0.858846724,10.83351195
dish_1551492666,22.53265333,13.97283941,26.36824682,0.8402642086,0.7828546166,0.8753106594,20.35285436
dish_1550860820,23.98244051,22.00339139,26.16890388,0.8520282879,0.8076474071,0.8945214152,23.71376714
dish_1561494032,10.90001254,8.633583435,12.49936192,0.6038740277,0.500295043,0.6689037085,10.57286377
dish_1563220143,12.7475819,6.669780159,17.00657291,0.700373888,0.5191392899,0.8156833649,10.45508946
dish_1558115320,19.57370922,14.15290405,25.59135461,0.7028120359,0.6160060763,0.8243005276,17.45938196
dish_1551375297,21.27115454,14.51485215,24.92577568,0.8227447793,0.7641633749,0.8755576015,19.9494161
dish_1551237814,22.23746715,15.05662875,25.59078672,0.8088731617,0.7305162549,0.8554900289,20.73471485
dish_1550859694,16.47684737,10.0025579,24.82079074,0.7773677334,0.6946511865,0.8183701038,14.38355745
dish_1572988785,10.35792525,9.530231461,11.18561904,0.3728837222,0.3455774188,0.4001900256,10.27952574
dish_1551225609,18.11990311,12.08587032,25.95663552,0.799213253,0.6466246247,0.8694067001,15.65875586
dish_1561061658,10.08226943,8.581382401,11.58315646,0.5501720607,0.5240610242,0.5762830973,9.827925942
dish_1562963484,10.78027542,7.800405253,13.461543,0.7511036793,0.7317250371,0.7713935375,10.16205346
dish_1560455090,10.4555131,9.72654981,11.1844764,0.622818619,0.5967413187,0.6488959193,10.39461999
dish_1551490433,20.00809376,16.52399277,23.23710464,0.7967676073,0.7429775,0.8421249986,19.34841583
dish_1551566356,22.96097714,16.51229553,27.01209474,0.8311957386,0.7324448228,0.8920533061,21.93726035
dish_1565810237,10.77012712,8.729919842,12.8103344,0.6281647384,0.5885680914,0.6677613854,10.30756177
dish_1566849295,8.15365719,7.770076011,8.537238368,0.5160110593,0.4813244343,0.5506976843,8.13673968
dish_1565799507,14.57540818,14.25037431,14.90044204,0.7981972992,0.7795448899,0.8168497086,14.56325645
dish_1562611853,16.63589336,14.43554495,19.93472854,0.7583517234,0.7466148734,0.7808046937,16.07271379
dish_1560887457,8.93061885,8.520199393,9.341038307,0.5986337066,0.5981220603,0.5991453528,8.9112548
dish_1561393764,9.376588014,7.738865772,12.15830743,0.6008376877,0.5714896321,0.6425812244,8.980547047
dish_1565721800,12.94726283,12.81322742,13.08129824,0.7631920278,0.7557219267,0.7706621289,12.94519481
dish_1562691674,15.98188057,11.7000972,20.99283567,0.7614357471,0.7362443209,0.7981652021,14.54287268
dish_1551494178,20.62071562,17.15705822,24.57839814,0.7752955183,0.7302806377,0.8443899155,19.94031047
dish_1551223249,14.79188296,11.86933412,17.2480516,0.7620299608,0.6618474126,0.8282161355,14.55019523
dish_1564159588,10.49752385,10.25924606,10.73580165,0.6908043027,0.6860491633,0.695559442,10.49099052
dish_1551222935,23.48904195,15.29005647,26.76363976,0.8647253066,0.829919517,0.8875255585,21.67425606
dish_1564171970,10.08259565,8.134020285,13.39913562,0.6430185239,0.6010590792,0.7140512466,9.535911345
dish_1551373181,18.53024763,12.30390231,26.76906649,0.7883129716,0.6336362958,0.8748095632,16.20307302
dish_1563381760,17.51926991,14.00625073,22.28122896,0.8006746372,0.7599813938,0.8341731429,16.36573618
dish_1559845637,15.48429605,13.7550447,17.21354739,0.675344348,0.6372343302,0.7134543657,15.14875387
dish_1566934120,9.524526603,8.968065937,10.5974397,0.6692431768,0.6562566161,0.6836435795,9.461176673
dish_1561746876,14.17657684,13.09848409,15.25466959,0.814152956,0.7736375928,0.8546683192,14.04411611
dish_1551224833,21.59842186,18.78712863,24.54360713,0.8040653095,0.7757116556,0.8737854362,21.0993552
dish_1563217968,8.879399809,6.166801218,11.5919984,0.6628138423,0.5602464676,0.765381217,8.082210982
dish_1562007763,14.19417117,12.23896766,17.4386519,0.7414367795,0.6830499768,0.8121249676,13.66592568
dish_1561404458,14.45923993,14.08150554,14.83697432,0.7478570044,0.7328538299,0.7628601789,14.44283358
dish_1565726812,14.1105857,12.25825387,15.96291753,0.6896439195,0.5757595301,0.8035283089,13.726988
dish_1564170474,11.52264135,9.574098022,13.47118468,0.7544594109,0.7268843055,0.7820345163,11.09943987
dish_1561737223,18.43856266,14.78665143,22.0904739,0.8138412833,0.7646745443,0.8630080223,17.05594011
dish_1561749778,14.17683104,12.56284203,17.29917866,0.7182432413,0.6531382203,0.7779753208,13.69419122
dish_1550706639,22.83581613,18.88816489,27.51544046,0.8503920361,0.8287334442,0.8867170811,22.17546958
dish_1561392386,13.32060709,12.7456658,13.89554837,0.7311926484,0.7029809952,0.7594043016,13.2826609
dish_1563464670,14.13342587,10.83559683,16.07613813,0.7020561496,0.6591616273,0.7477412224,13.45380649
dish_1562783691,20.43833083,13.40158021,27.47508144,0.7350363731,0.5703240037,0.8997487426,16.2451286
dish_1560798707,15.95005819,14.61716436,17.28295201,0.6440066099,0.6034824848,0.684530735,15.74865151
dish_1562689645,13.87274354,12.45033493,15.29515214,0.7884269059,0.7613548636,0.8154989481,13.64385783
dish_1551133789,14.63182699,13.74591608,16.00157462,0.7917815513,0.7286034226,0.8193150163,14.58058819
dish_1561578226,9.524186195,7.155856829,10.92291734,0.5290571451,0.3698430061,0.6148862839,9.176925909
dish_1572540208,10.70758159,9.560018715,11.85514447,0.3595281243,0.3337577283,0.3852985203,10.55769994
dish_1565034661,17.02293408,11.84432415,22.20154401,0.7408164144,0.6737835407,0.807849288,14.47198453
dish_1550792023,22.54949309,16.53740838,26.8892247,0.8579032347,0.7817017436,0.8930414319,21.05767797
dish_1565810146,11.67452094,7.666461651,14.56700754,0.6875015497,0.6077744961,0.7513551712,10.78857815
dish_1564159520,15.29863503,11.6790658,21.65584369,0.7724008163,0.7312759757,0.8478266001,13.62461061
dish_1565207865,14.1750387,12.68320988,15.70816168,0.6797633171,0.5309444666,0.7708292603,14.00191811
dish_1560368138,12.56417997,11.42249907,13.70586088,0.7499460578,0.7260970473,0.7737950683,12.41581365
dish_1566838407,9.165744839,8.234196681,10.097293,0.6396801472,0.6329048276,0.6464554667,9.06659458
dish_1560543557,16.82826176,13.34733459,20.30918892,0.694093138,0.6317898035,0.7563964725,15.56116872
dish_1563391708,16.53187202,9.25849088,23.76637441,0.7494141658,0.5838124752,0.8762099743,13.16218831
dish_1561663891,15.70449288,12.30947906,18.68535811,0.7664791743,0.7311187387,0.7935529947,14.9154607
dish_1551493749,20.89806149,13.02159016,24.08632833,0.8139255047,0.7589640021,0.8608302474,19.25898371
dish_1551122662,21.97569158,20.09556734,24.50370014,0.771816656,0.7389684319,0.8509665132,21.75836756
dish_1562775373,12.31869502,10.99494036,14.08011194,0.769202292,0.7450755239,0.8129193187,12.135881
dish_1562009894,11.41430686,10.98480213,11.84381159,0.6812187433,0.6802784801,0.6821590066,11.393103
dish_1558376734,14.85967693,11.61298195,18.1063719,0.6943970025,0.6358771324,0.7529168725,13.74471164
dish_1562873028,14.44403466,9.681942102,20.96239649,0.7016763687,0.6098790169,0.8216968179,12.48040127
dish_1550708440,19.03380529,15.15219277,26.02661984,0.8093115315,0.7187145948,0.8790325522,17.77427688
dish_1565637608,13.96363195,12.75852913,15.16873477,0.7628492415,0.7603705525,0.7653279305,13.79853548
dish_1564168695,16.45103751,13.13330781,21.07701849,0.7951097886,0.7368623614,0.8509476185,15.37565361
dish_1568056019,15.32479042,11.73859655,18.91098428,0.7753004432,0.7423064709,0.8082944155,13.98700331
dish_1568405273,13.01348263,8.730800057,16.74366013,0.7035476565,0.6618701816,0.7462040186,11.78042261
dish_1563389548,14.08541058,10.08187275,18.24251012,0.7496896585,0.6539099813,0.8293462992,12.90840263
dish_1562699699,16.98792089,6.803933372,23.00241644,0.7149251898,0.5769940019,0.7891617417,11.31923855
dish_1566499686,10.65969569,8.936032969,12.38335842,0.5697851777,0.5425542593,0.5970160961,10.32626509
dish_1551568059,15.54458092,11.28777831,24.55440185,0.7767198384,0.6581009626,0.8824208975,13.6856693
dish_1565033189,14.8136656,10.84057465,22.0976604,0.6749995152,0.5904883742,0.8111114502,12.74846178
dish_1567525712,8.31679505,7.701658439,8.675999723,0.6054118474,0.5167448521,0.6529801488,8.294338321
dish_1564171888,17.96416113,12.02311219,23.90521006,0.8375118971,0.7952979207,0.8797258735,14.76060072
dish_1551228396,20.71529472,15.18148947,24.13264444,0.8504284471,0.8086297512,0.8859270811,19.56754396
dish_1566333167,15.81948756,14.46021237,17.76631649,0.8261801998,0.7956178784,0.8449486494,15.60608079
dish_1571944531,10.89682644,9.704891365,12.08876152,0.3022233546,0.2980524302,0.306394279,10.73527434
dish_1562085672,17.19026265,14.08964548,18.87723598,0.8387578328,0.7585511804,0.8839706779,16.59298086
dish_1559593794,13.43672541,13.18424392,13.68920689,0.5107928067,0.459433943,0.5621516705,13.42939041
dish_1564160161,11.37678953,10.54706394,12.20651513,0.7433208227,0.729457438,0.7571842074,11.29800696
dish_1561405836,18.07609946,16.01473611,20.13746281,0.834980607,0.8309732676,0.8389879465,17.60422579
dish_1551391758,22.54950784,18.07560334,24.70622399,0.8525205188,0.7746043801,0.8895202875,21.87378437
dish_1551490701,21.94200454,17.53671902,25.53381526,0.8402384255,0.7961999774,0.8762190342,21.1418932
dish_1561661324,15.16813378,12.44022095,17.80510904,0.7812551459,0.6773001552,0.859523952,14.62678771
dish_1551378291,20.14764994,16.46663801,22.15080372,0.7906963602,0.7265819907,0.8376466036,19.55694356
dish_1560368506,11.63952847,10.78710571,12.29712963,0.6604173382,0.5721681118,0.734675169,11.59275476
dish_1564160043,16.26715759,9.937299764,20.26460952,0.790707767,0.6862223744,0.8670225739,13.81365103
dish_1551384167,18.78737233,14.59904985,22.45803335,0.756123215,0.7193770409,0.7984695435,18.06276727
dish_1550772314,21.34521956,17.42798491,22.99679404,0.7866984829,0.7290759683,0.8312631249,20.95497853
dish_1550862217,16.57964219,11.09281597,26.09835609,0.7768033817,0.6956343651,0.8980416656,14.97923048
dish_1565123881,14.03999241,12.76519239,14.72754279,0.6949141026,0.634465158,0.7350922227,13.9422777
dish_1551568200,21.69467519,17.22699904,25.14752857,0.8280884176,0.7777850032,0.8504986763,20.73893012
dish_1550711688,20.02172035,14.77200256,25.90319347,0.795364283,0.7003814578,0.8667673469,18.30344726
dish_1564170283,15.4728071,10.68904729,22.94741339,0.7802080512,0.7154509425,0.8532576561,13.21479056
dish_1550711244,23.53445409,16.33610052,27.86293194,0.8170202507,0.7678184509,0.8782870173,22.08559045
dish_1551374746,22.97449643,17.62370197,27.85149176,0.8474055082,0.7892229557,0.8865449429,21.9201329
dish_1550876619,20.64428259,13.37742871,26.20991208,0.8431153595,0.6718324423,0.9255675077,18.08052256
dish_1568305198,12.01655408,11.13503142,12.89807673,0.7178140283,0.6939666867,0.7416613698,11.92769684
dish_1563563289,13.06558968,10.75353964,15.37763972,0.7157099247,0.6548964381,0.7765234113,12.4772043
dish_1565034281,12.5256857,12.22602803,12.70263429,0.7336676717,0.7091419697,0.7533590794,12.52040438
dish_1562876494,13.57494278,12.34648006,14.47043598,0.7570177913,0.6724529266,0.7997495532,13.47930723
dish_1551564176,24.49299411,16.79326061,28.61962496,0.8823119005,0.8549477458,0.9047105312,22.96263389
dish_1550778401,22.0554458,16.44450276,26.72635903,0.8506508172,0.7616154552,0.9174755812,20.41602032
dish_1568060722,18.09227731,9.185618002,23.19557965,0.7583804131,0.5835644603,0.8488163948,13.56944116
dish_1563219009,14.31226701,10.10306285,18.52147117,0.7578315437,0.6980465651,0.8176165223,12.52935844
dish_1550777124,13.1637192,12.11156284,14.82137328,0.7177969143,0.5807477832,0.7911201715,13.05117807
dish_1563910639,13.80175369,10.29714961,16.1738194,0.7428856691,0.6286928058,0.8140734434,13.02117271
dish_1562963289,13.8718009,11.69960186,15.0282482,0.7714534799,0.7107232213,0.8147007227,13.58246704
dish_1565640772,16.09757585,6.777005414,21.08465258,0.6940593719,0.412448585,0.8378169537,11.21317742
dish_1562788845,17.20331556,13.6515701,22.95112325,0.7358508706,0.6934372783,0.8136835694,15.75254921
dish_1551393210,22.53619715,18.86690872,24.37337471,0.8166425427,0.7740488052,0.8442906737,22.19433261
dish_1551314855,22.93460603,15.52654496,26.12512847,0.8502443656,0.7791201472,0.8946711421,21.35469133
dish_1563208459,10.33339536,7.024419782,12.75980568,0.7027658025,0.6350586414,0.7508704066,9.626323784
dish_1561062586,12.10012324,10.27762111,15.31243326,0.7812464684,0.5955554843,0.8823500872,11.74006254
dish_1550705580,23.84487669,20.18532063,25.49363584,0.8458430916,0.7680133581,0.8798120022,23.42545353
dish_1551314669,23.32702741,18.05831947,27.23539677,0.8780976608,0.8525081873,0.9048112035,22.32348533
dish_1551227539,23.65450594,14.98803978,26.78910608,0.8562493548,0.789911449,0.8932429552,21.1472172
dish_1560455263,13.00118471,10.61087495,15.39149446,0.5687575042,0.5133810043,0.6241340041,12.37413738
dish_1567801716,19.8456376,16.07840242,23.8767985,0.8277145624,0.7443624735,0.9004436135,18.77498585
dish_1561578623,9.496106508,8.661739429,10.14475437,0.626613011,0.4786172211,0.7030410767,9.451150269
dish_1562686548,17.01414136,14.64207792,19.38620479,0.8375783563,0.795232296,0.8799244165,16.39620324
dish_1551392376,19.57714672,16.6403399,22.84592566,0.795348227,0.6960242987,0.8392852545,19.04413076
dish_1563565720,12.0855766,11.01346773,13.08582868,0.6809070508,0.6172974706,0.7266875505,12.0025914
dish_1565638599,12.88682982,11.06684657,14.39574631,0.6484704415,0.5105629563,0.7436364293,12.66403848
dish_1563221640,10.13051054,8.036023139,12.22499794,0.6347441971,0.5471683741,0.7223200202,9.643896415
dish_1551122952,20.15070298,15.51171511,22.15910877,0.7505585104,0.6721093655,0.790230453,19.60866716
dish_1563395415,18.61869388,14.68627805,22.55110972,0.8376950324,0.7837994695,0.8915905952,17.03891542
dish_1572376778,13.81300415,9.45124808,18.17476021,0.4674319774,0.2917375863,0.6431263685,11.91477433
dish_1566933454,11.99269488,6.860329223,17.12506054,0.6662726402,0.5640155673,0.7685297132,9.480112969
dish_1563565354,11.44486843,10.76327422,12.15266636,0.6872447332,0.6513460279,0.7576935887,11.40797764
dish_1562611580,17.63319365,13.09897712,23.54280188,0.7920374274,0.6994826198,0.8594267368,15.90159138
dish_1550707756,22.53808329,17.34015394,25.95167634,0.8313483596,0.7955838442,0.8776482344,21.57703956
dish_1550773591,20.63316294,13.53129121,27.39073431,0.7669731379,0.6616755128,0.8694893122,18.56785876
dish_1550712459,22.07529212,19.19977866,23.43710005,0.7531307489,0.6756417155,0.8087191582,21.84482754
dish_1562876709,10.86605449,10.26469154,11.28445243,0.6618204514,0.5633153915,0.7288956046,10.84379564
dish_1551222877,24.01379749,16.78805802,29.18820629,0.873192057,0.8147708178,0.9367514253,22.00591799
dish_1551237498,13.79866786,8.147888849,20.09133054,0.7197158039,0.5972929597,0.8408511281,12.31825456
dish_1562690074,11.54173481,10.87261141,12.21085821,0.7177265882,0.7091389298,0.7263142467,11.49039109
dish_1551492908,24.73525868,18.0641472,30.26822318,0.8413949683,0.7615194917,0.8969855905,22.76352201
dish_1551563429,20.40820634,16.16114478,22.09235937,0.7847044393,0.7381388545,0.8176624775,19.92082775
dish_1563220171,16.11825644,11.97681134,23.0698199,0.7470520139,0.6672981977,0.8195156455,14.16229273
dish_1565640914,10.85020415,9.165963763,12.53444453,0.6142244041,0.6034225225,0.6250262856,10.53149312
dish_1566590056,10.34407552,9.131180646,11.77373025,0.5111683508,0.360011071,0.5945305228,10.21168521
dish_1563464627,15.40643859,12.22307723,17.91995816,0.7645146847,0.7052164078,0.802431941,14.73824956
dish_1551374222,19.37165576,16.0510968,22.16683582,0.7724760241,0.6888248324,0.829398334,18.87840098
dish_1568217465,13.72857916,10.36824617,20.34675268,0.7084551255,0.623639226,0.7878457904,11.96473272
dish_1551564543,12.04918675,10.42312663,13.67657221,0.717505604,0.6568840742,0.7759276032,11.90984298
dish_1551374502,14.00623597,10.33579587,20.41346341,0.7423403785,0.5858811736,0.8352716565,12.90837353
dish_1561392430,11.87183848,10.32936057,13.41431639,0.6039043963,0.5738792419,0.6339295506,11.6034909
dish_1551566499,22.11999221,14.10715702,26.69364913,0.8559832176,0.7703844905,0.8996257186,19.82888278
dish_1562959379,15.00857144,10.35600554,20.97075097,0.7993464073,0.7447516918,0.8628187776,13.22408848
dish_1563305354,12.97354636,10.62685015,17.50833212,0.6993276676,0.6683061123,0.741026938,12.0350977
dish_1561661347,9.226919477,6.937979353,10.61175997,0.6379891237,0.5306176543,0.7004765868,8.902132686
dish_1551374831,21.69014499,17.91327234,24.123677,0.8346514553,0.7573928237,0.8758041263,20.96071375
dish_1551566887,11.61292046,9.708114057,15.27613615,0.6929899231,0.5858278871,0.7956157327,11.32945877
dish_1568143326,14.56884296,9.927062173,18.05288755,0.7423828046,0.6731047034,0.8344937563,13.18451663
dish_1568666061,19.16449176,13.52090638,24.20296818,0.7581240932,0.6906880736,0.8178793192,17.07758826
dish_1566846997,12.53464207,10.40976965,14.59257224,0.7456855377,0.7017889619,0.794246912,12.20251471
dish_1561577947,13.80973842,10.4874946,18.99976248,0.60974588,0.5187638402,0.7047217488,12.57231193
dish_1562010085,13.80611909,10.37702219,17.235216,0.7591093779,0.7053388953,0.8128798604,12.57331358
dish_1550788264,24.3431088,21.73084791,27.42769661,0.8489659429,0.8097731471,0.9442664981,24.06093394
dish_1561576794,12.18504771,11.87214166,12.49795376,0.5877412558,0.5697692037,0.6057133079,12.17378513
dish_1565210073,18.31700473,14.11725158,23.92306744,0.7784584165,0.7113444805,0.8567903638,16.76612699
dish_1561062286,15.6619287,15.27124054,16.05261686,0.7857997417,0.7832238078,0.7883756757,15.64437934
dish_1561392543,10.37298414,10.03021894,10.71574933,0.5619864166,0.506462276,0.6175105572,10.35947185
dish_1551392590,19.32004068,13.86104341,23.14416812,0.8113992587,0.7652855515,0.8698955178,18.34741003
dish_1566851616,14.84779035,13.50200101,16.40639396,0.7188208699,0.6638323069,0.7692068219,14.6886901
dish_1568145059,16.2730384,11.07076087,20.06036227,0.8257640998,0.7377942204,0.8809958696,14.55764405
dish_1550712622,21.63173778,16.62074422,24.9736993,0.790780738,0.7273051739,0.8398048878,20.82261009
dish_1562775549,13.017516,10.90464554,15.65551674,0.6999024351,0.6281633377,0.7947943211,12.60371197
dish_1568145177,9.401787663,8.051110197,10.46735553,0.622746408,0.5332097411,0.686162889,9.282305062
dish_1550705939,19.94804809,14.94498054,24.02620754,0.8088283017,0.706598103,0.8789311051,18.71639569
dish_1550797692,22.39523972,15.6213319,29.12830794,0.8177873939,0.7158026695,0.8817417026,20.78971034
dish_1563563527,14.78809608,13.48358457,17.03628375,0.7496385376,0.6906381249,0.7953656912,14.5227914
dish_1550876249,22.44450644,18.06436191,24.85684386,0.8571412563,0.7814216018,0.906550467,21.6612008
dish_1559846073,13.51213334,12.70698179,14.31728489,0.6518001854,0.6246000528,0.6790003181,13.43792227
dish_1563566725,15.75745588,11.66625461,23.44969679,0.6677319606,0.5603440404,0.819514513,13.51580624
dish_1551224089,12.96624082,10.81295989,15.72320001,0.7111996934,0.6350943446,0.8009989262,12.74800308
dish_1571931678,11.07028339,10.74846639,11.3921004,0.3347135484,0.3124563992,0.3569706976,11.05837079
dish_1568405499,9.544048601,8.32226511,11.87466403,0.6577715874,0.62975353,0.6957617998,9.263130644
dish_1563811463,12.72491278,11.83034851,13.36878123,0.7106162707,0.6718908548,0.7382158637,12.67475341
dish_1563308386,13.54129399,12.85287448,14.22971349,0.7361200154,0.7194475532,0.7527924776,13.48695874
dish_1567625294,19.6640529,15.60700991,23.7210959,0.8575234711,0.8095679283,0.9054790139,17.99382144
dish_1562702412,12.71995874,12.24703284,13.19288463,0.7275185883,0.7266432047,0.7283939719,12.69425979
dish_1551399151,22.00013464,16.46126381,24.66374412,0.8533667699,0.8256156445,0.9190891981,20.86494636
dish_1566333255,10.78994548,9.454523032,11.7157737,0.6281058788,0.6184782982,0.6348778009,10.67844427
dish_1557862738,21.73300626,19.68193218,24.63979501,0.800329186,0.7409497499,0.8636561036,21.49261206
dish_1561737200,18.18506472,14.06200433,26.37803532,0.8355201085,0.7802931666,0.903015852,15.72309151
dish_1563216659,16.15797811,11.76721013,20.5487461,0.7870438993,0.6703879237,0.9036998749,14.2375601
dish_1551235983,20.26170776,15.61430526,23.78209885,0.8268434107,0.7848915458,0.866070509,19.51963305
dish_1551227581,12.13562572,10.36407556,16.46733442,0.7063541338,0.608270824,0.8298994899,11.72960743
dish_1550777919,23.25837722,16.50146641,26.03044216,0.8581649794,0.8422775865,0.8900935054,21.96914797
dish_1561740385,16.49061622,8.90742773,24.0738047,0.7528466284,0.651740849,0.8539524078,11.78752492
dish_1551567368,21.65513459,13.63353605,25.09454226,0.8223063573,0.6855732203,0.867441237,19.80483081
dish_1551222712,12.28845884,10.62916208,15.86561446,0.7042954937,0.5901216269,0.8006445169,12.02083216
dish_1571944487,11.60428463,8.737844336,14.47072493,0.3422213793,0.2638228834,0.4206198752,10.71995517
dish_1551375715,19.09299129,13.81221879,25.28406962,0.8016420752,0.6815174222,0.8651258945,17.48571154
dish_1551563925,21.44431832,14.01935233,25.99966633,0.8524433821,0.7287768722,0.9058405161,19.39500978
dish_1561576483,19.27947354,15.80747426,22.75147282,0.8207620084,0.7733933926,0.8681306243,18.01831137
dish_1567542986,10.29755626,8.89748266,12.59254575,0.5883731445,0.5209643841,0.654466629,10.01895163
dish_1563206409,13.77530131,13.39226655,14.15833607,0.7561058402,0.7517601848,0.7604514956,13.7584319
dish_1562691566,13.71450844,10.013514,17.37276861,0.7528071602,0.7138531208,0.7999674678,12.72729483
dish_1563221443,18.30084743,14.39340716,24.58738089,0.8900468151,0.861443758,0.9368469715,16.61437609
dish_1550781280,12.30432767,8.249155597,17.84816874,0.6956556514,0.5774194002,0.7907782793,11.24673002
dish_1565896701,12.9679572,8.562177771,17.37373662,0.7568254173,0.6923528314,0.8212980032,11.03602701
dish_1563820834,10.69186837,8.292021321,14.05756353,0.7217565775,0.697470665,0.7560629249,10.08801677
dish_1566849269,13.80493113,11.09324879,18.48647323,0.6826906006,0.6092912555,0.8161140084,12.79970683
dish_1563568319,17.37561451,13.58980682,23.74856366,0.7467236121,0.6869120598,0.8615863323,15.67706267
dish_1551317743,22.12985314,16.73611841,25.21364259,0.8323369101,0.8056338429,0.8713363409,20.92700109
dish_1561667207,16.0167901,12.25297593,20.20438313,0.8149067909,0.757089138,0.867107749,15.14953695
dish_1563984296,10.81804857,9.742221302,11.89387585,0.6431877613,0.628471911,0.6579036117,10.6861384
dish_1550861584,15.85884758,12.29528737,20.00062424,0.7888516784,0.6467692852,0.852961123,15.00420381
dish_1565194684,20.18615895,16.24244029,24.1298776,0.8507662117,0.8396610618,0.8618713617,18.59824721
dish_1562097673,11.23629478,9.248434513,13.22415505,0.7396110892,0.7069816589,0.7722405195,10.79640249
dish_1562788601,16.03232291,14.87012132,18.09007988,0.8104464809,0.7939971089,0.8234490156,15.80877434
dish_1568305257,13.53234586,8.678720014,19.56247637,0.6524107854,0.5196544528,0.7995445132,11.65895435
dish_1551389588,22.24970866,19.07049992,25.11175279,0.8478914127,0.7822188735,0.9150152206,21.70800789
dish_1565811091,16.82794323,10.85367042,23.44563063,0.7148743868,0.5916848183,0.8497180939,15.02708638
dish_1550712961,11.28508331,8.552341731,13.76481616,0.63398844,0.4626748562,0.756872952,10.90832358
dish_1563205927,15.79736707,10.68131489,19.78657768,0.8141999841,0.7580782175,0.8458247781,14.11584973
dish_1562961588,13.9149031,9.76457227,18.8161842,0.7868951708,0.6652104855,0.8951557875,12.4241576
dish_1550874267,23.38424718,16.51167956,27.86857653,0.833856384,0.7438993454,0.8913277984,21.93220786
dish_1551122844,22.81989908,21.23258711,25.03606162,0.8309634413,0.790792346,0.8796980381,22.62269365
dish_1565895879,8.341091697,6.816375459,9.865807935,0.582413882,0.5609071255,0.6039206386,8.078767859
dish_1551377737,23.33372205,21.63295957,25.13323339,0.8477117552,0.8161786199,0.8857261539,23.16754478
dish_1562007739,12.3183814,9.980472493,15.68088261,0.7236675819,0.6134611964,0.8107535839,11.72368303
dish_1561577848,16.48009019,12.52509158,20.43508879,0.7509114146,0.6757344007,0.8260884285,14.88404751
dish_1562691000,16.0427331,11.2235399,24.84445555,0.7533564369,0.6733602285,0.8892566562,13.28048789
dish_1551565204,8.917220495,7.96998486,10.13123721,0.6221309677,0.497158587,0.6998063922,8.867304639
dish_1564159636,16.18751551,9.071885843,23.30314518,0.7589144409,0.6591618061,0.8586670756,11.92127398
dish_1563827060,16.43787231,15.97092927,16.90481536,0.8470765352,0.8378037214,0.856349349,16.41281823
dish_1560356523,15.96213675,14.24007284,17.68420065,0.6526714861,0.6447500587,0.6605929136,15.6293091
dish_1561752481,15.32520161,15.30018472,15.3502185,0.8180555403,0.8145637512,0.8215473294,15.32512956
dish_1561999309,12.63422625,10.95008499,14.31836751,0.7385455668,0.7085800171,0.7685111165,12.31555184
dish_1551314095,23.56638068,19.45361704,26.46161264,0.8701774346,0.8335157633,0.8995054364,22.80277262
dish_1563381512,11.90104408,7.903657573,13.99321734,0.6920988957,0.5667542219,0.7673838735,10.90543214
dish_1551381285,21.6395991,18.7612714,24.32512394,0.8469477519,0.7980085015,0.8770959377,21.13205338
dish_1551227280,21.8288878,17.21331998,24.71492013,0.8439957425,0.8267624378,0.8844965696,21.17995857
dish_1551390215,11.67966588,9.51225661,15.27465918,0.7062357888,0.6521060467,0.788400948,11.32418768
dish_1551393161,21.400005,18.46230098,24.64242929,0.8023879379,0.7416843772,0.8640068173,20.99991047
dish_1550779282,19.58669019,13.37080621,23.04771471,0.8273981139,0.7800979018,0.8869338632,17.91167515
dish_1551124407,20.7090693,10.56006277,25.32742415,0.7715895507,0.7068197131,0.8300127387,17.6122721
dish_1565378731,16.19500802,8.544910782,25.18804491,0.7984696428,0.7536435723,0.8867635727,12.32727043
dish_1562698132,12.62555551,10.1580738,14.04241055,0.6791797876,0.5388131142,0.7528333068,12.24894536
dish_1551564947,22.38754043,17.88889261,25.0473066,0.8597582802,0.788061738,0.8879668713,21.55857273
dish_1559841061,10.71482484,9.988437841,11.44121185,0.5972723067,0.5693606138,0.6251839995,10.6543594
dish_1559849097,13.83500337,13.18283297,14.48717377,0.653333813,0.6216813922,0.6849862337,13.78621882
dish_1563566626,15.89948801,12.83902199,18.95995402,0.8115423024,0.7484310865,0.8746535182,14.90010366
dish_1567628193,14.53169919,13.1147348,17.24191153,0.6613936623,0.5900141001,0.7643171549,14.15952706
dish_1565799663,10.87020144,10.34082233,11.39958055,0.6666095555,0.6388661265,0.6943529844,10.83801694
dish_1563379163,10.7732845,9.712810234,12.55875186,0.660742561,0.6039811969,0.7223085761,10.60133025
dish_1551322652,24.1153736,20.83429288,26.38123889,0.8779744059,0.844604373,0.8968787193,23.63445408
dish_1566328724,19.62292022,10.05563556,28.34963774,0.8199336082,0.6666229367,0.9115791917,14.65612153
dish_1568405405,9.486763055,8.837917828,10.13560828,0.6525413692,0.5597687364,0.745314002,9.438472872
dish_1562875870,15.68053009,9.894325241,20.95607436,0.787292699,0.688623786,0.8468092084,13.48320954
dish_1560453380,10.67803447,8.073056281,13.28301266,0.5524231791,0.5007278919,0.6041184664,9.93956983
dish_1563294491,13.00434827,11.96549676,14.04319978,0.7647092044,0.7124457955,0.8169726133,12.88126647
dish_1550793485,21.75915463,17.84909987,25.79724139,0.8198129237,0.7544378042,0.913181603,20.91367167
dish_1561752970,11.03747862,9.585774905,12.48918233,0.7569124997,0.7568181157,0.7570068836,10.79923831
dish_1566242298,12.16470067,11.99108135,12.33831998,0.6270804107,0.6159591079,0.6382017136,12.16123117
dish_1562688552,10.2697857,9.900414586,10.63915682,0.6553899646,0.6390134096,0.6717665195,10.25409694
dish_1562790824,9.572846367,8.10732094,10.56007859,0.6242829561,0.5885497332,0.6465650201,9.439202901
dish_1551139066,21.59651215,16.10673325,24.87225475,0.8658578098,0.8381786346,0.8966252208,20.80248276
dish_1550713503,24.0216985,20.13726493,26.56392973,0.8017517179,0.6756230593,0.8692757487,23.37770512
dish_1567537387,10.27866338,7.683984334,11.7003906,0.6515217026,0.5857357979,0.6931347251,9.862617851
dish_1559590005,11.92951961,9.831327333,13.39351077,0.5333912969,0.3840041161,0.618268311,11.6504448
dish_1550712585,21.20044183,15.55573669,24.98292106,0.8018957525,0.7028667927,0.9062919617,19.79283708
dish_1561576680,17.3308136,17.07802947,17.58359774,0.7533511817,0.7514022589,0.7553001046,17.32346102
dish_1568318480,15.47419685,11.8065982,20.49361403,0.6405129433,0.5536535978,0.8045107126,14.21745869
dish_1551225067,17.04849068,14.1326236,22.35938192,0.8113294691,0.7714878917,0.8618806601,16.38163289
dish_1551316838,13.71031628,9.153441793,17.9286652,0.6923981564,0.534147799,0.8125411868,12.25342372
dish_1551565034,24.68042072,22.24805779,26.07282301,0.8751989901,0.853990078,0.9027279019,24.47469018
dish_1567629106,12.75572697,11.68059499,13.75410529,0.6932862004,0.6694797277,0.727668643,12.6725633
dish_1562875159,19.55645172,16.26017118,24.9330928,0.8613988842,0.7463130355,0.9128605723,18.95378304
dish_1559590099,15.56901777,14.25594005,16.88209549,0.781260848,0.7439818382,0.8185398579,15.37346759
dish_1561577219,10.97265808,7.943627293,13.19578108,0.610097607,0.5259512663,0.7032940984,10.38000668
dish_1551142509,23.25368721,16.76448896,28.40560817,0.8381509557,0.7421767712,0.8844125271,21.8464495
dish_1551391083,22.1274976,17.08172417,25.61518002,0.8213207647,0.76840657,0.8756757975,21.27653853
dish_1563216625,17.2174601,14.31633934,18.9558285,0.8622869054,0.7719979286,0.9148668647,16.69232166
dish_1562788732,17.85710692,13.67805685,23.93213252,0.849768281,0.7998763919,0.8936074972,16.18208354
dish_1562613045,15.04055348,11.22340566,20.64752456,0.7053100665,0.6324682236,0.8363571763,13.58618277
dish_1567110783,15.71767585,13.60834194,17.82700976,0.7793680429,0.713506937,0.8452291489,15.2243893
dish_1561662190,14.39227641,11.02860777,17.75594504,0.7456017435,0.7188180089,0.772385478,13.20225264
dish_1551394781,23.29707242,16.49315499,26.77222865,0.8701868587,0.8298169374,0.899707973,21.62468534
dish_1551565653,23.75380571,19.30115081,26.86328315,0.8700650665,0.8377711773,0.8984363675,23.16401265
dish_1573762582,10.38396837,9.807565456,10.96037128,0.3293734938,0.3143421412,0.3444048464,10.34582956
dish_1551235171,21.55188934,15.56494656,26.53847274,0.8403112814,0.7629767656,0.8768388629,20.08018684
dish_1567023296,15.52186877,11.82753384,19.2162037,0.695862025,0.5312513113,0.8604727387,14.11002268
dish_1551491048,20.52622563,17.1837103,22.88207764,0.7685745135,0.7195485234,0.8315510154,20.1040053
dish_1551374783,22.65601361,17.06660146,28.63500411,0.8614753187,0.8199070692,0.8927702308,21.34366145
dish_1567023375,14.0947745,9.689640549,19.7100323,0.66228501,0.5466989279,0.7807887793,12.47782427
dish_1550789255,18.7656921,14.41640687,22.28628746,0.7628538534,0.7265945077,0.8056215048,17.795357
dish_1550789705,20.95512544,15.46726949,25.71469496,0.7853718698,0.6960100532,0.8618456721,19.90585893
dish_1551566316,24.58480467,21.11919766,27.64023738,0.8567083743,0.7914786339,0.9028005004,24.2694645
dish_1564168739,12.33798399,10.6263003,13.55361904,0.7003079454,0.668833375,0.7175323367,12.15235661
dish_1562615360,9.774764132,7.244790974,12.30473729,0.724996984,0.6786574721,0.7713364959,9.076107399
dish_1560975572,11.22320509,10.68166808,11.7647421,0.6339948773,0.6132899523,0.6546998024,11.18952915
dish_1559842374,14.02770046,12.74678144,15.30861948,0.6811512709,0.6238628626,0.7384396791,13.84147858
dish_1550861605,16.52495663,12.32286593,25.28233374,0.7734799758,0.6668248773,0.8613418937,15.13369606
dish_1551233403,22.76567187,14.27395604,27.06608461,0.7998004928,0.7388561368,0.8436367512,20.30235362
dish_1551303984,18.20953647,13.7531941,25.42352326,0.7976614609,0.6247321963,0.8956472278,16.8044368
dish_1565641943,17.77698728,13.177108,25.1560208,0.7223840157,0.5636652708,0.8456433415,15.59063577
dish_1563476323,12.52285547,11.82804497,13.21766597,0.7533613443,0.7229409814,0.7837817073,12.46751098
dish_1562784388,13.03192699,9.747633781,15.79551664,0.6235100031,0.5820459127,0.6816078424,12.30516195
dish_1551379331,22.24893354,14.80350722,25.84919091,0.8691592515,0.781768024,0.9216509461,20.24095381
dish_1562789301,13.90756915,10.08865834,17.32614672,0.7305318912,0.6217914224,0.8254301548,12.90802586
dish_1574109245,15.34031276,10.87269052,19.807935,0.5293591768,0.3827490509,0.6759693027,13.36073224
dish_1557937427,20.20449491,17.80965573,21.50120508,0.8417752236,0.8142161965,0.8724882007,19.93980867
dish_1551321793,20.53968814,16.16660097,22.99999874,0.7742299289,0.7140920162,0.8526211977,19.95966905
dish_1550859578,22.25626566,19.5625539,24.18611762,0.7871181145,0.7103161216,0.8354109526,21.96715656
dish_1560526490,12.89921551,10.9355264,14.86290461,0.6165655255,0.5928916931,0.6402393579,12.46961891
dish_1551565321,20.35011352,16.78995969,24.62145066,0.7969974652,0.7353202105,0.8712099195,19.41508848
dish_1563909550,8.383362674,6.945891907,10.40198136,0.603120327,0.5500906706,0.6885281801,8.15250655
dish_1560455399,8.110492313,7.18602316,9.034961465,0.6090985239,0.5423521399,0.6758449078,8.012832099
dish_1556575083,21.84142795,12.20012854,25.66446577,0.8058994174,0.6719628572,0.8627736568,19.57203078
dish_1561663817,9.392923647,8.629441958,10.15640534,0.7041088045,0.6917607188,0.7164568901,9.326157157
dish_1563393182,14.36402317,11.60397177,18.76142102,0.761628449,0.7207140326,0.8145751953,13.4423951
dish_1565797723,11.07814676,6.48054501,15.19255824,0.6513697704,0.5640049577,0.7524672151,9.653310494
dish_1551378955,21.96560526,14.90239306,24.30358708,0.8365518674,0.7870698571,0.8647019863,20.63695963
dish_1551491413,22.37786147,19.32727826,25.22139901,0.7955100164,0.7392135859,0.8375486135,21.88310195
dish_1560453356,10.93858838,7.752620163,12.60871885,0.6506089171,0.4640008211,0.7459138036,10.30816569
dish_1563381706,15.3633513,11.02505329,22.50240407,0.7627879182,0.6699488163,0.8867480755,13.30913693
dish_1550770265,22.76584255,18.01907457,25.48867618,0.8300357535,0.7335864902,0.8841474056,22.08217141
dish_1551563550,23.87785687,16.95503036,27.97109613,0.8678282127,0.8101326823,0.903488338,22.12845188
dish_1559751710,14.66115835,13.69262451,15.62969219,0.6740035713,0.6675795317,0.6804276109,14.55404397
dish_1551379162,18.60376206,9.459786097,24.31098672,0.7610093525,0.6494169831,0.8617349267,15.69576834
dish_1551376623,21.77079542,18.68359061,24.48957148,0.7851096392,0.7387033105,0.8026410341,21.38079405
dish_1550705370,20.91431211,13.9334218,26.76778748,0.7999910315,0.72998631,0.8828358054,18.41349175
dish_1572984755,15.43519675,12.05615398,18.81423953,0.4677333534,0.3199110031,0.6155557036,14.23517106
dish_1550712556,20.09493061,16.1669982,23.93916028,0.8104907274,0.7678224444,0.8826619387,19.35946315
dish_1571944507,10.71161422,9.762432196,11.66079624,0.3288742602,0.3194795549,0.3382689655,10.60870433
dish_1563551397,15.19506768,10.77859877,22.94069648,0.7487647533,0.6881869435,0.8493211269,12.90327871
dish_1563551006,15.91380557,12.03743039,19.79018075,0.7590135336,0.7034289241,0.8145981431,14.3741419
dish_1562787817,13.81897562,11.38542944,16.38530889,0.7352254391,0.6985242963,0.7596091628,13.35774397
dish_1551222833,19.95186555,12.6451677,24.03253503,0.7917803781,0.7237544656,0.845176816,17.93415194
dish_1551376933,21.56759564,16.82168439,23.9223174,0.7830882967,0.7174321413,0.852027297,20.88897187
dish_1568233509,10.58200502,8.619875476,11.71222589,0.5594817201,0.5254233479,0.5866459012,10.34581514
dish_1561662532,12.59246016,9.479139808,15.70578052,0.7337618172,0.6895617843,0.7779618502,11.5607732
dish_1550704903,22.05047261,19.40072034,24.57768872,0.8039265424,0.7639987469,0.8471105099,21.67412422
dish_1571944648,17.42693782,7.716891801,27.13698384,0.5885553509,0.4127033651,0.7644073367,10.67783971
dish_1550876748,21.04969154,15.86133838,25.47640057,0.8471204162,0.7763198614,0.9051303267,19.8189932
dish_1562945779,13.55888466,10.04510637,17.07266295,0.7964017987,0.7449077964,0.8478958011,12.26988042
dish_1551141779,22.3821032,16.0683891,26.18758272,0.8141663745,0.7606931329,0.8674377799,21.24746501
dish_1551123986,17.20687697,9.894449351,23.07679306,0.7751665115,0.5722236633,0.8527899384,15.11414243
dish_1566413469,12.31795624,9.561373027,16.19433339,0.6275734305,0.5134778619,0.7802094221,11.5379301
dish_1565031283,11.86011618,10.2406064,12.77653347,0.7477584283,0.6971836686,0.7865818143,11.70059299
dish_1563565323,13.43279977,12.38353347,14.64758482,0.7250428597,0.6995644569,0.7718854547,13.33526751
dish_1563568148,9.500691996,8.56257097,10.32112513,0.6595081488,0.6540042162,0.6651079655,9.439969745
dish_1551567964,20.5056581,16.37753101,23.49869362,0.7801544815,0.7102323174,0.8164268136,20.03489427
dish_1565035715,17.08216409,15.21962631,18.94470187,0.8250266016,0.7720128894,0.8780403137,16.69444942
dish_1565119464,18.18416595,13.38792074,22.9716641,0.8111720085,0.7599714994,0.8697609901,16.57306697
dish_1551134138,25.4401253,20.61178102,28.62998145,0.8647384776,0.8280132413,0.8979361653,24.80106069
dish_1562959766,14.85461793,9.549401236,19.56742316,0.7747954329,0.6822040081,0.8471720815,12.99556463
dish_1551226101,20.2823223,15.48958677,22.21261956,0.7741806433,0.6931929588,0.8065098524,19.6712896
dish_1562963059,15.87622392,7.293662805,24.60047168,0.7808648547,0.6535286307,0.8986210823,11.4136302
dish_1551391034,21.47475592,18.19355764,26.13833056,0.8621594533,0.8128454089,0.894824028,20.55638455
dish_1562168450,15.48688827,14.99754466,15.97623188,0.8044396937,0.7911326289,0.8177467585,15.45937788
dish_1565724620,14.73099508,12.06205359,17.9461923,0.7403114438,0.7045769095,0.7708547115,14.11168665
dish_1551397629,22.05779777,18.09589119,25.6530825,0.8205979764,0.7812547684,0.8517467976,21.56138018
dish_1566851677,14.4012731,11.59990043,17.64032442,0.7366620501,0.7040361166,0.7915150523,13.74866232
dish_1562862529,15.93299756,9.359096592,18.81579649,0.7677103758,0.6293411851,0.8218083978,14.26217643
dish_1562602860,12.84174075,10.62788687,14.66315513,0.6989678343,0.5846163034,0.8171001077,12.51295809
dish_1565123816,19.75902645,14.23218558,25.28586733,0.8815647364,0.8316518068,0.9314776659,16.91445711
dish_1562947503,9.859135814,8.363396201,11.57373786,0.6767490307,0.6072741747,0.7146087289,9.665684236
dish_1562094621,18.18525414,15.36476152,21.00574675,0.8603520393,0.829682529,0.8910215497,17.3273374
dish_1563221495,16.5562372,11.15386447,22.05931106,0.8615434964,0.8155036569,0.9243611097,14.53829768
dish_1551237079,18.7232135,15.91003402,21.53165545,0.7460786785,0.7103216648,0.7811179161,18.29918265
dish_1551226892,23.83832881,18.94709942,29.02384772,0.8733040273,0.850261569,0.9119420648,22.83844783
dish_1551375027,20.511823,16.2557496,23.58874185,0.7607223541,0.7176316977,0.7802917957,20.03308796
dish_1561405934,9.91838465,8.207623626,11.80573011,0.5193608105,0.4506007135,0.590035975,9.676519819
dish_1563811686,13.25632044,11.48303802,15.48200639,0.7150921822,0.6655337214,0.7586585879,12.9583262
dish_1551374155,20.96253592,5.550639889,25.19822673,0.7876493074,0.2971307337,0.8877381086,13.97825112
dish_1566330428,14.99998509,12.93665581,16.04028862,0.785813729,0.7110726833,0.8302326202,14.73970467
dish_1561662022,12.91153033,8.430886638,17.39217402,0.6961335242,0.5962380767,0.7960289717,10.92187132
dish_1566501575,11.1529762,10.08845755,12.07860414,0.668080469,0.5565936565,0.7470707297,11.07501371
dish_1562956510,16.24665479,11.68310671,20.19858006,0.7642272711,0.7121229172,0.8237099648,14.85720982
dish_1560787696,15.92140538,14.58378632,17.25902444,0.729470402,0.6852421761,0.7736986279,15.71859001
dish_1563217895,13.71032303,11.0105826,15.6658324,0.7783965021,0.6607538462,0.831248045,13.33509868
dish_1565382856,13.35806049,11.62831692,16.21027586,0.7322656115,0.6742640138,0.7713906765,12.94052753
dish_1562611649,15.56095172,10.21493783,20.0799552,0.7229995728,0.5291678905,0.8330879211,13.7004298
dish_1566414754,11.39065085,10.37704795,12.32365733,0.6108441552,0.5304620862,0.6869189143,11.31720744
dish_1562945393,12.75995303,7.139942689,16.02592332,0.7041500012,0.6005032063,0.7572640181,10.80970223
dish_1565640812,12.70111278,10.39261605,15.2491178,0.6730117798,0.6071879864,0.7374169827,12.2682408
dish_1568401167,17.16558648,15.17286736,19.74387318,0.8093402982,0.7889078259,0.8306348324,16.77954635
dish_1551222311,22.4691682,19.08109628,27.20781422,0.8275844902,0.7638267279,0.8734704256,21.81216674
dish_1551222068,22.82898516,15.56799423,27.19718516,0.8437599242,0.7781540155,0.8860054016,20.69147297
dish_1550790874,20.49481835,13.87889886,25.55214302,0.8088833541,0.6376088262,0.8900666237,18.51400142
dish_1561492665,12.18236241,10.48196259,13.88276223,0.6683443785,0.6680135131,0.6686752439,11.857655
dish_1551379252,19.61910893,14.38366671,24.49702975,0.7836463675,0.7132525444,0.8254394531,18.38005821
dish_1565195362,18.62821273,11.53050487,25.72592059,0.7458792329,0.5951674581,0.8965910077,14.37858406
dish_1567106870,11.27961106,9.01914699,15.19909909,0.6270376444,0.5751042962,0.6911200285,10.54410309
dish_1562959344,16.86772807,16.51064202,17.22481412,0.8706799448,0.8429560661,0.8984038234,16.8530644
dish_1563381486,11.78014976,9.97367876,13.25498089,0.7398060163,0.6755601764,0.7936317921,11.56225173
dish_1551485983,20.38662043,15.87766298,23.09818938,0.8143462539,0.7057923079,0.8669163585,19.43605552
dish_1562168673,11.08696123,8.072653922,16.72035865,0.715915978,0.5688983202,0.8686342835,9.727289292
dish_1565726915,16.47503368,9.953977687,19.85514921,0.737841785,0.6266573668,0.7984042764,13.89591762
dish_1561661972,14.13036662,13.90376814,14.3569651,0.8001086414,0.7880845666,0.8121327162,14.12445777
dish_1562086702,11.66222249,11.13335548,12.1910895,0.7082533538,0.6953231096,0.721183598,11.63010008
dish_1550769882,19.73330564,14.99509865,23.63070272,0.7722131163,0.7231527567,0.866985023,18.7402567
dish_1551487560,21.63443123,18.19455278,24.69932583,0.8062032908,0.766387105,0.864119947,21.18186163
dish_1551392752,20.68929908,16.08016037,25.74727756,0.8140809834,0.7423050404,0.8852362037,19.38569835
dish_1560367116,14.32070712,10.33003712,22.01482648,0.7133170565,0.6089786887,0.8156179786,12.08259757
dish_1551492534,21.19140313,15.4550761,27.9538711,0.7988138422,0.6963416338,0.8682394624,19.50071574
dish_1563986062,19.03024804,16.01102193,25.00170438,0.8454368114,0.8063536286,0.8948885202,17.5376506
dish_1551486680,20.84407327,13.94054695,25.57044271,0.7750850767,0.6739435792,0.8628766537,18.84862886
dish_1550771267,18.59676749,13.63591407,22.12141467,0.7463890836,0.6750177145,0.8438401818,17.71850875
dish_1551566687,24.80165344,22.44584593,27.03795251,0.8731171906,0.8369340897,0.890448451,24.50715453
dish_1562959129,13.12613542,10.30372644,16.40837193,0.7476586302,0.6712558866,0.8373175859,12.46081665
dish_1551391795,22.15436283,19.20395512,25.15735246,0.8320382088,0.7278727293,0.8827753067,21.714366
dish_1564170967,10.22637138,8.028989172,12.74693766,0.6470466256,0.5953932405,0.7156868577,9.818336235
dish_1562012076,15.86457914,14.79484324,16.93431504,0.8436506987,0.810559094,0.8767423034,15.73414376
dish_1560455059,14.06145709,9.672164838,18.45074935,0.6962481737,0.611995101,0.7805012465,12.14216965
dish_1551323035,22.71959679,19.65864316,24.43627742,0.8273357153,0.7665609717,0.8552868366,22.40589565
dish_1566587689,9.70037035,8.362024137,11.03871656,0.6597000062,0.6255168915,0.693883121,9.497337792
dish_1551564131,24.70635715,19.63007609,27.9003662,0.8746599108,0.8027572036,0.9033426642,23.89867945
dish_1563823860,17.88964413,14.46208557,24.59283117,0.8168417017,0.7743477821,0.8751504421,16.08903012
dish_1574702427,14.89266133,14.08728346,15.6980392,0.4566587061,0.4387094975,0.4746079147,14.81840877
dish_1558379712,18.74734828,14.59813515,22.89656141,0.7293421924,0.7024210691,0.7562633157,17.00915073
dish_1551381208,24.09888542,18.54659963,26.30273174,0.8812645525,0.8517247438,0.9308000207,23.07596713
dish_1566591048,9.808193007,9.5040473,10.06709689,0.592003266,0.4562128186,0.6703407168,9.801962809
dish_1563566674,12.48120335,12.00101405,12.96139265,0.7368289828,0.7329413891,0.7407165766,12.45471056
dish_1558461792,13.13493739,10.26345055,16.00642423,0.5801229775,0.4919794798,0.6682664752,12.24768716
dish_1551233745,23.91571089,18.80088648,26.70130285,0.8776153028,0.8561139107,0.8959268928,23.12959855
dish_1563822663,16.59801925,11.23202872,22.88781171,0.7629297574,0.6807914376,0.8413333297,14.45635992
dish_1561060448,13.73376219,13.32654038,14.37579592,0.7451895873,0.6696909666,0.832867682,13.71003741
dish_1560453132,11.25831431,8.281440183,14.23518844,0.7064606547,0.6734679937,0.7394533157,10.3091871
dish_1567789154,11.67595077,11.26782733,12.0840742,0.698615551,0.6835229397,0.7137081623,11.65680245
dish_1565638478,11.83276774,11.1304274,12.53510809,0.7088838816,0.6997314095,0.7180363536,11.77622239
dish_1557937037,18.45298284,15.95881831,20.94714737,0.778056711,0.7406789064,0.8154345155,17.77300094
dish_1550862648,14.86523501,12.94367825,17.01414978,0.7697760264,0.7023121119,0.8536715508,14.54622874
dish_1568320338,11.75963658,10.95729046,12.39507197,0.5776582162,0.5454754829,0.6015436649,11.71771776
dish_1574455517,13.07584157,12.29987348,13.85180967,0.4356439412,0.3706346154,0.5006532669,13.00688493
dish_1566920304,19.81446049,17.22560366,22.40331732,0.8537029326,0.820273459,0.8871324062,19.08463041
dish_1551323866,23.97170856,18.20263599,26.61333749,0.8666899602,0.734693408,0.9013953805,23.12691697
dish_1562700593,13.24634769,11.47427272,15.01842265,0.7158860266,0.6970977783,0.7346742749,12.89442119
dish_1562008738,13.03314937,11.97746177,14.08883698,0.7700650692,0.743673563,0.7964565754,12.90608458
dish_1562010130,9.727788281,9.324257978,10.13131858,0.5801091194,0.5761967897,0.5840214491,9.709067926
dish_1550707850,14.36140037,9.238132303,25.85468018,0.7005038485,0.5573089719,0.825361371,11.93011331
dish_1551374189,24.6053541,18.5033112,26.73691311,0.8725415245,0.8383886814,0.8954159617,23.43047513
dish_1560444985,11.68388634,9.131514176,14.23625851,0.665935725,0.5733809471,0.7584905028,10.9734392
dish_1560368570,12.67367414,12.27683568,13.07051261,0.6948959231,0.6850397587,0.7047520876,12.65556867
dish_1550795423,19.04347259,14.9622347,25.17580968,0.786931552,0.6978197694,0.8615217805,17.99004407
dish_1562699652,11.83931709,9.006699327,14.67193484,0.7745506763,0.7474860549,0.8016152978,10.97446193
dish_1562959799,11.72083836,8.731698331,13.30407849,0.6893373529,0.6306558251,0.7282438874,11.16675221
dish_1560369008,13.36541474,11.98267584,15.52697266,0.5991979738,0.4390130937,0.7042722106,13.11339302
dish_1560453275,14.97978545,14.73867114,15.22089977,0.8165809512,0.7979742289,0.8351876736,14.97309572
dish_1550710793,20.06228015,14.49119596,22.27251598,0.7285085618,0.6167190671,0.7807043791,19.20021322
dish_1551390265,21.30798377,15.38540753,25.53955699,0.840958342,0.7572205067,0.8918122649,19.73617419
dish_1562787745,15.06172495,11.70092528,18.42252461,0.8293583393,0.7831437588,0.8755729198,13.87356416
dish_1550770699,21.90789239,14.61102876,24.8097618,0.8410748541,0.8048790693,0.8925198317,20.42939863
dish_1550708702,23.67953091,19.82200751,26.21908471,0.8245115206,0.7392635345,0.8673098087,23.20242673
dish_1563897794,10.19556269,10.03453187,10.35659352,0.6754137278,0.6368186474,0.7140088081,10.19257797
dish_1568056046,13.90353508,10.91393756,16.8931326,0.7315114737,0.7169690728,0.7460538745,12.94682477
dish_1550788827,23.47368534,16.20189599,27.06486271,0.8460128903,0.7758726478,0.8924549818,21.27545456
dish_1551237436,21.60809509,14.12085036,25.75442553,0.8429913893,0.7662019134,0.892876327,19.8715461
dish_1568316085,13.72754819,10.53438566,16.43952716,0.6829413176,0.5688559413,0.7464455962,13.03742887
dish_1567625434,14.27296914,10.08374736,20.28070773,0.6619127393,0.5776321888,0.8204147816,12.61506908
dish_1551374332,21.41489638,16.79046228,26.79277229,0.7955524027,0.7146716118,0.8749727011,20.05737361
dish_1550860107,19.57205121,15.52703303,25.42728234,0.7822389156,0.6633107066,0.8780996203,18.52776471
dish_1551237778,22.48489553,15.08818221,26.0704334,0.8641766608,0.7984305024,0.9081397057,20.91268742
dish_1562094877,17.61660588,16.56497668,18.38123041,0.852839311,0.8117178679,0.8885129094,17.54681607
dish_1562611680,10.38629835,7.787022979,14.17864958,0.6056445837,0.5031915307,0.7230178118,9.65136553
dish_1550795331,17.07655326,9.655079245,26.93776493,0.7880319357,0.6128283739,0.9495536685,14.3819289
dish_1558028194,14.53025425,12.8896803,15.55191412,0.6219846606,0.5431439877,0.6889133453,14.36470876
dish_1565728634,11.14782082,9.955304648,12.340337,0.7068826556,0.6759779453,0.7377873659,10.98611308
dish_1551562881,10.71569417,5.46386655,15.42771837,0.573891616,0.02712624148,0.7441113591,9.902606964
dish_1566328776,15.78588957,12.84615022,21.38458082,0.7265716592,0.6879175901,0.7941608429,14.44215869
dish_1562874250,8.648915271,7.117917777,11.81830883,0.6028744876,0.5445593596,0.6911456585,8.30588505
dish_1562180157,13.03651803,11.30280126,14.03255253,0.6261910001,0.5378189087,0.6708716154,12.85301564
dish_1561752509,20.63404202,16.21630863,25.05177541,0.8709541261,0.8244983554,0.9174098969,18.69292918
dish_1551487735,18.90437392,13.00432564,23.56865226,0.7900553867,0.7093616724,0.8672475815,17.69705454
dish_1551492093,20.44846447,12.33059798,24.82322094,0.7624415085,0.6518600583,0.9056985974,17.83629508
dish_1551124267,19.55726137,15.42711771,22.67731707,0.7721008435,0.6740739346,0.8283355832,18.70084959
dish_1559849053,13.80476628,10.40373874,17.20579383,0.6212644577,0.5263447762,0.7161841393,12.59038363
dish_1551381050,23.20087442,18.61032103,25.39865807,0.8391697481,0.8065584898,0.869073391,22.61899257
dish_1551392519,23.61103427,16.75401379,25.77310257,0.8693250418,0.8425524235,0.8931241632,22.34345554
dish_1551396678,22.8245946,19.72080084,24.80431956,0.8361473233,0.8023751974,0.8572409153,22.55219899
dish_1551323574,21.13559493,17.55829253,24.91834723,0.8314561024,0.7213328481,0.8893377781,20.35151758
dish_1563811412,11.77428649,11.36786777,12.27574729,0.5888169408,0.5531740785,0.6183108687,11.75813674
dish_1573579635,8.110136225,7.612298983,8.607973468,0.2798475027,0.2142216861,0.3454733193,8.081664642
dish_1563897981,15.6538699,11.85603043,19.45170936,0.7913244963,0.7038870454,0.8787619472,14.16982301
dish_1564086602,18.5104469,18.40204833,18.61884547,0.8971396685,0.8907459378,0.9035333991,18.50909425
dish_1563218201,11.8953797,10.18644838,15.01762327,0.6888636152,0.6189916134,0.7820593119,11.41089431
dish_1560802730,9.360458306,8.686323427,10.03459319,0.4793599248,0.4580768943,0.5006429553,9.308345687
dish_1562787783,14.91810297,12.30971174,20.07179078,0.7841806412,0.7510311007,0.836925149,13.75050201
dish_1550773839,21.02795726,14.4219169,25.80532925,0.7770621032,0.7048248053,0.8571053743,19.78561615
dish_1557937079,17.03034301,10.00854131,22.49978711,0.7400594205,0.5766618252,0.8014793992,15.03704414
dish_1550860858,23.94070695,21.13471432,25.61075314,0.8534222576,0.8166826963,0.9091955423,23.6903941
dish_1566414342,15.89233918,12.26555052,19.34813191,0.681261152,0.5942190886,0.7361876965,15.14503397
dish_1551237274,16.09642983,9.699819018,26.89973094,0.7047038589,0.2230246663,0.8921623826,13.45244045
dish_1551222759,22.01515744,15.34130581,24.76929114,0.8372129425,0.7147941589,0.8730431795,20.62467499
dish_1551307013,21.59091468,16.41703865,24.87206566,0.7731475383,0.6477503777,0.8541773558,20.3215028
dish_1561662216,16.90559373,14.85139641,18.95979104,0.7636167109,0.749070406,0.7781630158,16.4368823
dish_1568320427,16.15874168,11.49894362,22.52516985,0.6589769324,0.565978229,0.8212580085,14.2682866
dish_1550861903,21.81448751,14.96122551,26.48212396,0.8503420618,0.8109745383,0.8860498667,20.25873202
dish_1563464480,16.56860341,9.958298845,20.28749236,0.7793934544,0.6968612075,0.8356747031,13.92015415
dish_1560369255,13.92074742,12.78504371,15.17348311,0.7665109634,0.7460731268,0.7837871313,13.81263324
dish_1551566922,22.28862903,13.82758799,26.73451448,0.8616882563,0.7863520384,0.9066700935,19.95022695
dish_1564086778,10.83731343,9.754328537,11.92029833,0.5597033203,0.5354929566,0.5839136839,10.70366003
dish_1551228830,17.23536983,12.28002426,26.55521201,0.7713616937,0.6207731962,0.8782186508,15.72994283
dish_1560888893,15.701982,12.28965917,19.11430483,0.7184758782,0.6931859851,0.7437657714,14.4801983
dish_1550861994,16.17472706,13.70706304,20.08755141,0.7934302315,0.7307721376,0.8464994431,15.65075278
dish_1551493773,21.58668607,15.16426578,25.45315601,0.8093324974,0.7099146247,0.8816836476,20.24669706
dish_1566936352,15.6430651,11.4862553,23.42109232,0.7435545524,0.6807031631,0.8488521576,13.36151999
dish_1559667973,13.11122778,11.95505049,14.17163179,0.6256824881,0.5149375796,0.6744644642,13.00919543
dish_1565711183,19.26617994,19.15642595,19.37593393,0.7474777102,0.7420511842,0.7529042363,19.26479325
dish_1566851704,13.11195938,12.79651599,13.59686211,0.647506992,0.6368481517,0.6636063457,13.09825492
dish_1566933226,17.41780949,11.6589644,25.38647456,0.8217630784,0.7652232647,0.902854681,14.7156677
dish_1567107049,12.88354835,11.67573678,14.2811855,0.653975606,0.5257227421,0.7799088955,12.7549815
dish_1562949541,13.15713222,8.175366271,16.07393137,0.6776170929,0.5350242853,0.7519167662,11.61238638
dish_1550874729,21.87913532,18.39274893,24.95210032,0.8236503452,0.7682010531,0.8739391565,21.317074
dish_1563910276,13.16051993,10.65473918,14.52041666,0.7981513888,0.7599241734,0.8298459053,12.88107503
dish_1561749061,10.53708929,9.881612225,11.19256635,0.6304255128,0.5794262886,0.681424737,10.48781065
dish_1565033265,14.14294806,9.571045335,20.06115471,0.6380485694,0.5235009789,0.7966156602,12.39671077
dish_1565207815,26.47275756,24.40158069,28.54393443,0.9111658037,0.9019174576,0.9204141498,25.99653793
dish_1551303338,9.796211612,7.387210567,11.92364037,0.6378681234,0.6091594696,0.674181819,9.600718493
dish_1551323969,20.73304494,14.86286744,26.01014255,0.7873025984,0.6522802114,0.8490920663,19.41558104
dish_1562613403,13.74737333,12.38901437,15.19381443,0.7134993275,0.686085403,0.7657594681,13.59876528
dish_1550793245,24.07237621,16.2592098,28.22613642,0.8519425988,0.8173397183,0.8896406889,22.36302258
dish_1566851198,17.01521814,12.28733925,20.83733768,0.7283052405,0.6582092047,0.7920556068,15.55733085
dish_1561576737,14.65801191,12.27683868,18.01660173,0.6376350522,0.5786160827,0.7074469924,14.05840756
dish_1550873952,21.60662586,15.7050899,25.32588248,0.8273808733,0.73568964,0.8930136561,20.32668789
dish_1566931482,8.977331422,7.697611057,10.25705179,0.6088848114,0.5762361884,0.6415334344,8.791453016
dish_1561665422,13.57055017,12.35943094,14.7816694,0.7478650808,0.7076423764,0.7880877852,13.40382194
dish_1561575474,11.37375082,10.1304062,12.32726451,0.6430226962,0.5368132591,0.7044814229,11.27386565
dish_1550788591,21.62777892,14.40716951,25.27404648,0.7824623585,0.6691180468,0.8482218385,19.55768058
dish_1568401261,11.03417692,7.379435716,13.53302954,0.7268064022,0.6043075323,0.8113758564,10.18396317
dish_1568319899,14.54732191,11.31174288,20.00127072,0.6625748277,0.5821421146,0.7401829362,13.49322562
dish_1558122740,20.95527745,20.24132493,21.66922997,0.6694579422,0.6609715223,0.6779443622,20.89685526
dish_1563221519,11.01558794,9.909085981,12.12208989,0.7362582088,0.6831735373,0.7893428802,10.87612895
dish_1558544427,14.68987021,12.66626365,16.0417132,0.6612835526,0.5660533905,0.7825712562,14.43307793
dish_1563811662,10.76648486,8.407366771,12.41809087,0.6747830709,0.5844840407,0.7419326305,10.41239453
dish_1560270630,10.49103178,10.25229722,10.72976635,0.5542325675,0.5395454764,0.5689196587,10.48447339
dish_1561575613,15.93467915,11.29187607,20.57748223,0.7037526667,0.5871349573,0.8203703761,13.81822495
dish_1551136264,21.50271212,15.38449211,26.13302432,0.8154411241,0.7054869533,0.8446323276,19.84036023
dish_1559844951,16.73105644,13.7812921,19.68082077,0.6657693386,0.6395560503,0.6919826269,15.79800616
dish_1568314823,15.09081158,15.04300094,15.13862221,0.8219442964,0.7962924838,0.8475961089,15.09054841
dish_1550713114,21.23922676,16.66902197,23.56109847,0.7767962739,0.7111985087,0.8143700361,20.69199808
dish_1566244863,12.9253839,8.539908231,21.42804378,0.7629807194,0.6922020316,0.8755030632,10.31927512
dish_1550771869,18.68093168,11.0007529,26.39403324,0.7916266844,0.6269714832,0.8689521551,16.62146927
dish_1550861388,19.9328073,15.61283331,23.42026589,0.8252886534,0.7571569085,0.8777160048,19.1194591
dish_1560455179,16.89354201,15.8836407,17.90344332,0.7600133419,0.726759851,0.7932668328,16.77716482
dish_1563294522,8.974790904,7.149845805,10.799736,0.6406412423,0.5692867637,0.7119957209,8.602141263
dish_1561753400,13.69426103,8.292277686,17.44747737,0.759405148,0.6766480207,0.8311378956,12.27367423
dish_1551391337,22.57856933,16.98333363,25.35881653,0.8453555372,0.8254926801,0.8840202689,21.64326662
dish_1551235759,22.23067157,15.93895476,26.29297524,0.8251239434,0.7561794519,0.8875535131,20.82491242
dish_1566416339,10.74076413,7.270512969,14.21101529,0.7221459746,0.6369433999,0.8073485494,9.480762044
dish_1561060976,11.02590544,9.658814634,12.39299625,0.5792685151,0.5328678489,0.6256691813,10.81419842
dish_1551232627,22.96439309,17.63229998,27.54592049,0.8567292988,0.8210971951,0.8949593902,21.75765462
dish_1551399340,22.39701694,18.60332583,25.17330015,0.859980166,0.8318575621,0.8850349188,21.67954672
dish_1551305410,23.35640009,19.20573914,26.4145349,0.8654347658,0.7779693604,0.8922454119,22.41969848
dish_1551565945,19.83812967,13.5430081,23.18297051,0.8146697208,0.7651734948,0.8842739463,18.4008142
dish_1551224380,18.0035904,13.54182599,24.70660354,0.8275675252,0.764075458,0.9061102271,16.17294645
dish_1566246972,9.546169327,7.737940391,11.37327486,0.6704971393,0.613360405,0.7228288054,9.296703269
dish_1551314496,13.72715698,11.46021347,15.33295543,0.7548512742,0.5972015858,0.838529408,13.46414213
dish_1565637548,18.15701016,14.420968,20.40224501,0.8395250638,0.7917381525,0.8766717911,17.28212242
dish_1551228296,21.82511933,15.9463151,24.93691829,0.8409741297,0.7053214312,0.8909833431,20.32065464
dish_1563564707,10.0392412,8.392818323,11.99514524,0.64373674,0.5783385038,0.7173082829,9.796805935
dish_1562871297,18.33789554,14.5159243,24.24418838,0.8479661544,0.7913767099,0.9142690897,16.79098584
dish_1551233573,14.11311924,11.89788231,17.08141929,0.7644573525,0.6926904321,0.8364540339,13.68704041
dish_1551566047,18.39338941,12.56260998,27.84385748,0.8141303807,0.6532767415,0.9060054421,16.44450983
dish_1561577083,16.79735815,9.995406958,23.59930934,0.786973089,0.677111268,0.8968349099,12.8203147
dish_1558115011,19.87754894,18.99724386,20.75785401,0.7965396643,0.7896468043,0.8034325242,19.78893534
dish_1563476463,12.41641669,12.01670326,12.81613011,0.7202139497,0.7100406289,0.7303872705,12.3980483
dish_1550706237,22.22153525,17.04832043,26.77379423,0.8206900805,0.7304343581,0.858458221,20.88125729
dish_1551379741,23.30937564,16.27351582,28.68466608,0.8599825054,0.8371666074,0.8903226256,21.59322192
dish_1560367904,12.65866948,12.27289167,13.0444473,0.7411620915,0.6643672585,0.8179569244,12.64155791
dish_1562008979,13.15785755,9.896933238,14.90220997,0.68113784,0.6120628715,0.717974484,12.49674212
dish_1561575996,17.27613349,16.22460853,18.32765845,0.7388345599,0.7266029119,0.7510662079,17.15005921
dish_1567007814,12.43379196,12.27173084,12.59585309,0.6708679497,0.6355595589,0.7061763406,12.43076893
dish_1550707995,20.41955429,15.73066883,22.97793206,0.7857654914,0.7357951999,0.8105618358,19.5754054
dish_1551563964,15.4692466,7.670838916,21.32964896,0.7166110724,0.3515369296,0.8335104585,13.09923576
dish_1560888849,11.23085626,10.39267874,12.35542432,0.614079684,0.4821197093,0.6823372245,11.15492197
dish_1551306241,22.69103145,16.47659014,28.91145307,0.8343850151,0.7578662634,0.9030326605,20.52000519
dish_1560356566,10.25804868,9.724049712,10.79204764,0.5819895566,0.5718821883,0.5920969248,10.2253014
dish_1567020340,13.60857969,6.997751502,20.21940787,0.7330764532,0.6370182633,0.8291346431,9.805993206
dish_1568047973,12.69826029,10.13746481,14.20367885,0.6963714163,0.6697979569,0.7341969609,12.29134686
dish_1560367952,14.82777743,9.439291818,19.08407901,0.7325870991,0.7085255384,0.7677731514,12.96764056
dish_1562691441,11.22396586,9.557268693,12.76092434,0.6624275446,0.5731675625,0.7321124077,11.0254329
dish_1562872470,17.30629843,13.96050979,22.81504671,0.8115795851,0.7836568356,0.8474801779,15.96305423
dish_1562618000,17.36992124,13.64485009,21.09499239,0.7471726537,0.7008965015,0.7934488058,15.93676724
dish_1565369971,14.12325363,11.62179651,17.56204152,0.6964933872,0.6242262125,0.7770579457,13.48768151
dish_1559845513,10.25379554,9.660216271,10.8473748,0.5683659017,0.5512133837,0.5855184197,10.21335698
dish_1551491179,22.57875737,15.2658511,25.5519317,0.8447373882,0.7721997499,0.8751964569,21.14929102
dish_1562876618,19.52577986,15.54702357,26.55437175,0.9024867058,0.8394421935,0.9588856101,18.38765798
dish_1562691383,14.7624728,14.09506495,15.42988064,0.7682796717,0.7299953103,0.806564033,14.71139099
dish_1561665378,18.54953512,15.80756391,21.16332958,0.8715723554,0.8069032431,0.9409025311,18.00738214
dish_1572464738,9.387410222,9.203869793,9.570950651,0.3875828087,0.383626163,0.3915394545,9.383533006
dish_1568145027,16.43546982,12.54412225,20.32681739,0.8039638698,0.7439555526,0.863972187,14.88512324
dish_1551228478,19.75436307,14.66693431,23.20339167,0.8022717908,0.7356402278,0.8467822075,18.91920673
dish_1568044634,13.15106935,8.123274801,21.36711178,0.6384953558,0.5020946264,0.8006415963,10.70696176
dish_1566934152,14.95105159,8.203713554,23.5837315,0.7121739388,0.6132749915,0.8314709663,11.65421581
dish_1566934430,12.03623918,9.657814767,14.86055901,0.6562294364,0.5733790994,0.7502144575,11.54510247
dish_1565724087,12.62114609,11.69846639,13.43501234,0.7414297064,0.6840445399,0.7957482338,12.56208209
dish_1562690917,12.41757937,10.18802267,14.5321027,0.7463883956,0.6455273032,0.8282111883,12.05752612
dish_1551141747,22.76567381,20.28876652,24.84143659,0.795880273,0.7039362788,0.8471742272,22.44949355
dish_1563305837,16.46503542,11.90253378,21.02753706,0.6546776593,0.5247683525,0.784586966,14.41166431
dish_1566844850,13.00298776,10.33485384,14.46635107,0.6260177692,0.6225878596,0.6323342323,12.56260735
dish_1563998513,12.10736848,11.99380026,12.2495274,0.6880472302,0.6722899675,0.6969389319,12.10607076
dish_1566328894,13.96962641,12.8076604,15.13159241,0.8034363985,0.7979053855,0.8089674115,13.81600282
dish_1551378996,22.43982086,19.97856248,25.12346747,0.8104761466,0.7896008492,0.8695259094,22.14367301
dish_1551490503,20.72758955,17.89057702,23.22895489,0.7838669941,0.7261582017,0.8255283833,20.31461442
dish_1551391379,21.7359803,17.04721941,24.19118987,0.8339691758,0.7639603019,0.8707799911,21.0326445
dish_1550705724,21.37196119,15.78666357,23.68672012,0.7803983092,0.6941421628,0.836360395,20.46477706
dish_1567625343,10.28902864,8.993800076,10.95645112,0.684248805,0.6683191657,0.7141141891,10.18824456
dish_1550712877,21.00207189,15.17906162,24.34909726,0.7651681304,0.684715569,0.8188499212,19.6353481
dish_1551324180,22.79298258,16.55554038,25.42077381,0.8470524698,0.8178041577,0.8852547407,21.66689974
dish_1551139956,23.14562993,15.93195655,25.99661345,0.8236791094,0.7415410876,0.8560522199,21.79468078
dish_1562875898,16.91178085,9.681986008,25.8530559,0.8047415217,0.7250162959,0.8892214298,13.29775603
dish_1551138312,21.31244147,13.88456956,27.34473196,0.7695466876,0.6716169119,0.8377947211,19.11834047
dish_1551397591,21.37515361,16.98737022,24.69653696,0.8169438177,0.7328559756,0.8663978577,20.48851301
dish_1550710664,21.19127176,15.65035546,26.61752874,0.8053941528,0.7127883434,0.8749405146,19.40521463
dish_1566589967,12.20766643,11.3117477,12.73487867,0.584665825,0.4866481721,0.7186362743,12.15957746
dish_1550778172,20.86993707,16.61696745,23.93817307,0.789933525,0.7142301798,0.852474153,20.11184371
dish_1562617939,11.0142381,9.135999317,14.68416386,0.7233983477,0.6877534389,0.7502778172,10.36805363
dish_1566933180,16.13317525,13.17302052,21.5070639,0.7650641203,0.7073537707,0.8769835234,14.87241612
dish_1561134156,12.04473965,11.51520764,12.57427166,0.5021944046,0.4905599356,0.5138288736,12.01253661
dish_1551564053,20.03370314,15.33271073,23.70471324,0.7933705598,0.7656413913,0.83898139,18.92829878
dish_1551563723,23.31217949,18.99842751,27.98662978,0.8761465997,0.8542461395,0.9084402919,22.21422311
dish_1563984729,10.5156748,9.289960659,11.74138895,0.7103995979,0.6995670199,0.7212321758,10.34495611
dish_1556575386,21.00039455,18.64022873,24.14820522,0.7529462576,0.6645770073,0.8365443349,20.75883461
dish_1567801791,12.6318538,11.41100521,14.31432435,0.6909651756,0.6283774972,0.7679576874,12.51089177
dish_1550772753,21.99776692,17.56095496,26.41547876,0.8206490725,0.7542358041,0.8595168591,20.85694767
dish_1568660810,18.90217003,14.61062695,23.19371311,0.8501384556,0.8006059527,0.8996709585,17.05730256
dish_1550705669,21.67973561,17.82790104,25.15058666,0.811559163,0.7346075177,0.8447063565,20.99330449
dish_1563909951,14.82667257,10.78113004,21.36907267,0.7796142697,0.7256332636,0.8604133129,13.03014342
dish_1560369403,10.2269921,8.860211217,12.74470142,0.6625123223,0.6250700951,0.6905791759,9.901658217
dish_1562687246,12.74659313,11.28688263,14.20630364,0.8019744456,0.7926191092,0.811329782,12.50576522
dish_1560441311,12.92605164,12.42182117,13.4302821,0.6048595011,0.6006813645,0.6090376377,12.89684574
dish_1562873814,13.34599188,9.298579147,20.97283275,0.6924948607,0.5897530317,0.7980753183,11.72337678
dish_1551222472,20.54391443,14.01149412,25.81998972,0.8409803659,0.7787430882,0.8884283304,18.66880382
dish_1568318361,15.35938826,11.15178892,20.64175119,0.6443717678,0.5595934987,0.7916592956,13.88573601
dish_1551306290,23.23691244,16.25997219,28.01467268,0.8685455918,0.7645024061,0.9327995777,21.2217685
dish_1560973984,12.75289534,9.228273257,18.29432745,0.6214847763,0.4966129661,0.7203263044,11.37339526
dish_1551493942,20.77089833,12.65743563,23.77730691,0.7813203037,0.7015393972,0.8397163749,18.94278001
dish_1568314857,14.64463115,10.74127268,21.19124457,0.7753258745,0.6848883629,0.8886066079,12.86829924
dish_1560541793,10.54292363,10.30772345,10.77812381,0.4806543589,0.4535106421,0.5077980757,10.53655789
dish_1565194906,10.64688929,8.694285598,11.89149235,0.6466088295,0.6035133004,0.6935663223,10.41012833
dish_1564170010,10.33490272,9.020862545,11.00709138,0.567450424,0.5275049806,0.6322882771,10.23112891
dish_1561576978,9.839627446,8.806856697,10.87239819,0.5142539442,0.4824231267,0.5460847616,9.717969043
dish_1550778312,20.6612979,13.59054235,24.48328327,0.8238159418,0.7633962631,0.9084352851,19.02868354
dish_1565972591,17.22445898,13.39635853,21.05255943,0.799747318,0.7776337266,0.8218609095,15.71906604
dish_1563827162,18.73374728,17.36775438,19.530145,0.8186282118,0.7914913297,0.8394936323,18.6206457
dish_1551222527,24.38997726,19.50181881,28.25477466,0.8678382503,0.8311903477,0.8985079527,23.1032132
dish_1551565529,19.60047173,14.97184434,22.86744474,0.7929370627,0.7148821354,0.8290040493,18.70674189
dish_1563897938,15.94387739,15.73034861,16.15740617,0.8548845351,0.8402494192,0.8695196509,15.93863024
dish_1550710542,22.27824304,17.97515658,25.64457859,0.8031524718,0.7540352941,0.8523745537,21.71957937
dish_1562949162,20.79401658,14.45693565,27.13109751,0.8303547502,0.7519015074,0.9088079929,17.23873211
dish_1551135896,20.39373994,15.56221168,25.54990067,0.7910611033,0.7378923893,0.8471316695,19.16802588
dish_1562785328,10.82129289,9.211992113,12.43059366,0.7299495637,0.6932281852,0.7666709423,10.52970924
dish_1561740353,8.814095574,8.34613696,9.282054188,0.6326187253,0.630564332,0.6346731186,8.788932599
dish_1563220087,15.27148117,8.271609306,20.11984274,0.7792609731,0.5777481198,0.8816033006,12.2986091
dish_1558030289,13.84362088,13.67603734,14.01120442,0.7430219948,0.6981386542,0.7879053354,13.84038836
dish_1562876674,17.67796684,14.03087166,22.35810919,0.8379147649,0.7947801948,0.8601374626,16.51102201
dish_1550778007,16.02304604,10.87742672,22.4832929,0.757581614,0.6767289042,0.840949595,14.43236939
dish_1565981802,11.14787247,10.50734271,11.78840223,0.7351433933,0.7108315229,0.7594552636,11.10080769
dish_1550792734,21.75286311,18.09467217,24.79002785,0.8441629186,0.8090745211,0.8889915347,21.07219954
dish_1563563467,14.40056733,11.2081394,18.22501139,0.7704563936,0.6741484404,0.8641185164,13.54072591
dish_1562008517,12.1008514,10.51801829,13.75855261,0.7328606248,0.71570611,0.7467790246,11.90300826
dish_1551314531,21.37982804,16.06300094,24.45158434,0.8364040256,0.7494236231,0.876173079,20.28585608
dish_1551233007,22.73917992,19.97675534,26.02819933,0.8267710358,0.7676963806,0.8761469126,22.09367374
dish_1567537280,16.00048616,12.09702371,21.04724896,0.7209341923,0.6633198261,0.8011398911,14.67504426
dish_1551222036,22.72320422,17.10950287,27.14525551,0.8627652898,0.8514840007,0.888294816,21.64499997
dish_1562875833,14.03892659,9.853105117,16.55121215,0.7730162342,0.6577368379,0.8396381736,12.94127094
dish_1550860513,20.07900504,15.12329239,24.69275262,0.7891005948,0.7118050456,0.8670065999,19.18788625
dish_1560543505,18.43021493,12.85270847,24.00772138,0.7449165285,0.6293342113,0.8604988456,15.54227256
dish_1560369080,9.918091674,7.288812259,12.54737109,0.6692257524,0.6288090348,0.7096424699,9.166530919
dish_1563813833,15.36708403,11.91384265,21.43075232,0.751067996,0.6921929717,0.8222528696,13.81741509
dish_1558116260,15.82413905,12.61805548,19.03022262,0.6191438437,0.5584943891,0.6797932982,14.73479524
dish_1560368972,13.27149342,13.13374322,13.40924361,0.7079668343,0.6975159049,0.7184177637,13.26930919
dish_1550711066,23.37564775,18.25539578,25.60213181,0.8234651089,0.7672170997,0.8656970263,22.62187892
dish_1551314810,21.10717632,14.42303533,26.11198208,0.8301782236,0.795609951,0.8817756772,19.77381337
dish_1562947376,20.92713959,16.53177668,25.32250251,0.9474793375,0.9314748049,0.96348387,19.00320003
dish_1551324331,21.97056185,13.74640405,24.52053503,0.8346886933,0.7675514221,0.8806039095,20.15837857
dish_1551376970,19.53590129,15.73108049,23.3371361,0.7864409685,0.7509124279,0.8420546055,18.72369445
dish_1563468327,15.99459579,11.32616885,20.66302272,0.7642037868,0.6749646664,0.8534429073,13.85789333
dish_1551224138,21.53972967,15.13071999,25.23057115,0.8456095234,0.8009499311,0.9157254696,20.3591926
dish_1551567004,20.55649988,12.95412879,24.6419013,0.806175977,0.6976714134,0.8691602349,18.35600437
dish_1563468199,16.36464614,16.05013205,16.67916022,0.8753321767,0.8567297459,0.8939346075,16.35326759
dish_1561576767,15.36840921,10.19145801,20.54536041,0.6245276779,0.4758832157,0.7731721401,12.81883851
dish_1563996625,10.63603168,8.218474483,13.34269045,0.6840470632,0.6291800141,0.7185618281,10.15694755
dish_1551375747,22.29205964,17.22258592,25.88557192,0.8456812724,0.8101667762,0.8783845305,21.34578559
dish_1550797169,20.36351684,16.37874946,27.05748871,0.7777827606,0.727381289,0.8719865084,19.36911804
dish_1550790252,21.110274,13.89843835,28.24145045,0.8322749436,0.7864535451,0.8988597393,19.21028376
dish_1551564480,20.92704994,14.71385076,23.37290126,0.792177856,0.6666407585,0.8459231257,19.90073168
dish_1564169644,14.11835423,13.56501219,14.58957071,0.7763103843,0.7524701357,0.8069856763,14.09765939
dish_1551375252,20.37754219,17.8867966,22.57695506,0.7858669385,0.7364864945,0.818300128,20.01171906
dish_1551316878,22.91805933,14.33238157,26.82494138,0.8334106728,0.7638615966,0.8712289929,20.69782121
dish_1551322714,23.3896977,17.35129678,26.30520215,0.8721209392,0.8490582705,0.9133668542,22.44601649
dish_1551225467,23.2028495,20.36856933,26.87156132,0.8605887964,0.8388317823,0.8942030072,22.6800765
dish_1560455421,13.70174414,9.923419838,17.48006844,0.6742510498,0.567905128,0.7805969715,12.23140683
dish_1551374463,24.30869315,21.4233429,26.70234806,0.8430104984,0.7986287475,0.866228044,24.009947
dish_1550859927,21.86603696,16.72035447,27.36647895,0.8451151028,0.7482050657,0.9060134888,20.50827296
dish_1562688524,13.97988152,7.088527057,20.87123599,0.71673581,0.5980522633,0.8354193568,9.920761538
dish_1561575068,12.15010603,9.665215286,14.63499677,0.5823788643,0.5187774897,0.6459802389,11.47492546
dish_1563464389,13.96707222,12.55848941,15.37565502,0.7811102569,0.7364968657,0.8257236481,13.74253968
dish_1551226475,20.38273402,15.28665111,24.64589532,0.7664120346,0.7129902244,0.8082845807,19.2473017
dish_1550713174,20.58650535,13.6250031,27.58654551,0.7722939253,0.7005932331,0.8901433945,18.33881252
dish_1551392271,23.21916199,15.53664469,27.39236344,0.8689935431,0.8262713552,0.9111136198,21.21677329
dish_1562099053,15.96818959,15.95347318,15.982906,0.8281347752,0.8085567951,0.8477127552,15.96816465
dish_1568318316,11.4247551,9.294478041,13.55503215,0.646826148,0.6413949728,0.6522573233,10.9219874
dish_1551225793,22.17301351,17.33241939,27.00558045,0.8094027564,0.7424630523,0.8810830712,20.58983877
dish_1560799113,19.26200408,9.182093315,26.90305265,0.70541508,0.4835928977,0.7975468636,15.45966508
dish_1568044496,14.07156331,9.749665163,18.84712092,0.6768345038,0.5345371962,0.8654403687,12.66412637
dish_1566414891,11.32043047,7.820835661,16.02996707,0.6442252596,0.5067647099,0.7308166027,10.18334599
dish_1565379788,16.59169291,13.52269809,19.66068772,0.8126026094,0.7282994986,0.8969057202,15.58712339
dish_1559841808,13.85727673,10.65874143,17.05581203,0.6365311742,0.5724482536,0.7006140947,12.77266981
dish_1551317449,23.54063967,15.17819241,26.8557663,0.8704482913,0.8302229047,0.9072501659,21.58966719
dish_1550772027,19.60042684,14.74060286,25.37885367,0.7646198496,0.7135185003,0.8180167675,17.80414653
dish_1551303644,23.34387836,20.01903518,26.78482221,0.8524232176,0.8282649517,0.8799474835,22.97727435
dish_1563910676,13.9116242,11.73752422,15.68476534,0.7020252496,0.6024918556,0.7715176344,13.58522975
dish_1559842326,15.19359271,12.79737887,17.58980655,0.7379087508,0.6772503257,0.7985671759,14.56358554
dish_1560798656,13.51922486,12.92472628,14.21332565,0.5923275948,0.5340980887,0.6388552785,13.48721351
dish_1562605411,12.65537543,8.692521882,16.25672936,0.7149721781,0.5679308772,0.7927108407,11.57536077
dish_1551379566,22.87755039,18.11712284,26.51578939,0.8635484841,0.8154508471,0.8973077536,21.59253186
dish_1551395233,22.23968741,15.95910064,25.21651534,0.8409456834,0.7343729734,0.8759945035,20.66558294
dish_1566332268,11.83939045,10.06529088,13.39003165,0.639564693,0.6116062999,0.685329318,11.62178186
dish_1568315177,12.43528553,8.887009344,15.98356172,0.594271481,0.5055627823,0.6829801798,11.12312399
dish_1565797699,9.404284613,7.536616809,10.8947618,0.6453056931,0.5845862031,0.6820611358,9.173623783
dish_1551375366,22.72685015,17.11357028,26.83486615,0.8600357622,0.8058285117,0.8939262033,21.58255489
dish_1558547008,14.69043099,12.62851092,16.75235106,0.7174737751,0.6682056785,0.7667418718,14.21831126
dish_1563305689,15.18553458,11.25451953,22.72775453,0.7445451816,0.6809744835,0.8560476899,13.0149127
dish_1551492762,21.70785831,15.45284106,24.7125399,0.7973856396,0.7354776859,0.8454889059,20.16229369
dish_1565117892,16.94750275,13.35075341,18.92302899,0.8088337978,0.7727355957,0.8569951653,16.14107558
dish_1572548878,9.792937444,7.066185673,12.51968922,0.379244104,0.3395245671,0.4189636409,8.987887243
dish_1551323219,10.92058209,8.772359529,12.80879578,0.7020730674,0.6272634864,0.770653069,10.6849005
dish_1562785159,12.18288475,7.842797431,14.68210301,0.6474173466,0.5652074218,0.7012320161,11.00637019
dish_1551236981,21.79221745,14.25917852,26.89261354,0.8417638093,0.75543046,0.8861634731,19.43873247
dish_1550710577,21.63432609,15.46768456,26.05237084,0.7980868667,0.6804097891,0.8680524826,20.19685315
dish_1551227216,22.51730003,16.8231088,27.16072282,0.8519449979,0.7975345254,0.8972901106,21.13375154
dish_1559841979,13.44173456,11.53075205,15.35271706,0.673971951,0.6048787832,0.7430651188,13.03420484
dish_1551379654,23.64175142,16.93137806,26.81579109,0.8528986871,0.8311675191,0.8834589124,22.43947141
dish_1566332040,14.46434553,9.745240828,22.53011628,0.726962169,0.6377519369,0.8407608867,12.00807869
dish_1565382803,13.51698251,12.31108495,14.72288007,0.7069552839,0.6298168302,0.7840937376,13.35167093
dish_1562617446,12.25046684,9.852982496,14.58145334,0.615858078,0.3978085518,0.7567453384,11.8283137
dish_1551377674,21.11242619,17.15319516,23.5413038,0.8117686659,0.7768176794,0.8535951972,20.72214426
dish_1566934057,15.33884505,12.03435373,21.63855864,0.8012543917,0.7580335736,0.873283267,13.7075484
dish_1551318603,23.03136271,20.15878124,26.55768799,0.8481183127,0.802324295,0.8914058208,22.49469175
dish_1558029686,15.68941008,12.59062084,20.33642045,0.6818157285,0.5379914641,0.8145315051,14.8919992
dish_1551237527,21.98465898,15.72897144,25.34368773,0.8020847216,0.7169392109,0.8516082764,20.72399238
dish_1551492318,22.40102382,17.73450788,26.06545666,0.8056087494,0.7208454013,0.8680190444,21.30146492
dish_1562183175,11.18613577,7.611538328,13.35246891,0.6626074513,0.5427210927,0.7262259722,10.38490611
dish_1551236521,21.23539484,15.01874635,24.33406168,0.806425862,0.7464751005,0.8965052366,19.98748604
dish_1565119439,13.26157469,12.55566527,13.63142737,0.7577537497,0.7356359959,0.7733088136,13.23214374
dish_1566838378,16.65126895,12.67992113,20.62261677,0.7854302824,0.7372257113,0.8336348534,15.04341633
dish_1550874153,16.87467123,13.64238259,23.66521982,0.8060883358,0.7152889371,0.8738186955,15.97267009
dish_1551234288,20.07525469,16.66941307,24.77814196,0.7569476068,0.6716560125,0.8296345472,19.24436163
dish_1550863247,15.5057226,11.95484646,18.87237392,0.7979278101,0.6492409706,0.8698760271,15.13554318
dish_1551378449,20.05081863,17.31874987,25.84630492,0.778560482,0.7203822136,0.8210032582,19.19642344
dish_1562615324,13.34874293,10.58347255,18.20326307,0.709795773,0.5490624309,0.877441287,12.28220596
dish_1561578188,9.50302139,9.059390022,9.946652757,0.6589902043,0.6504398584,0.6675405502,9.480402237
dish_1562963517,12.22137293,8.590611752,16.16058133,0.6726177732,0.5896201134,0.751467824,11.21252795
dish_1562872914,13.17708224,12.14121544,15.05536395,0.7428270777,0.6859580278,0.8114451766,12.98963309
dish_1568320296,11.87706378,10.88390846,12.87021911,0.6632776856,0.5400598645,0.7864955068,11.76448136
dish_1562687274,10.08228526,7.608450029,12.55612048,0.7221921682,0.656630218,0.7877541184,9.412809504
dish_1551304854,20.73497981,13.98869915,26.01044235,0.8301906437,0.7759726048,0.8903259635,19.02112671
dish_1561574394,13.23378688,11.69392318,14.23915598,0.5755037069,0.4621010423,0.6468350887,13.08702808
dish_1567110756,18.00380634,13.89665024,24.86296299,0.8446445465,0.7816001773,0.9073160887,16.08626535
dish_1551314442,20.1229992,15.71015521,23.47695811,0.8202079386,0.7956084013,0.8469315767,19.1667904
dish_1568405430,18.76619169,10.56225285,24.29202095,0.8233703176,0.7384498715,0.8727174401,14.82585526
dish_1561574479,10.75386464,9.924881876,11.45281587,0.5723375281,0.5661125779,0.5816780329,10.70755442
dish_1562876531,14.57358563,9.051054266,20.95856418,0.7735650142,0.698227644,0.8469821215,12.34109583
dish_1551391438,22.03241157,13.62120322,29.11706233,0.8489125147,0.7556875348,0.9191958308,19.57952039
dish_1563813221,14.70478925,13.02230685,16.38727164,0.820748806,0.7851047516,0.8563928604,14.38672744
dish_1550860631,15.46067505,11.66033572,18.76493153,0.7473101815,0.6232504845,0.8676077127,14.70669425
dish_1565637162,11.59101719,6.584855148,16.59717923,0.6747953892,0.5926728845,0.7569178939,9.182347181
dish_1563813501,12.85663554,11.40056321,14.68623378,0.7151634296,0.6817854643,0.7510915399,12.65254945
dish_1551391672,15.64669476,10.64009299,25.0048055,0.7743560606,0.6391500235,0.8645710945,13.99997928
dish_1551375783,22.55829895,18.37604622,27.05986243,0.8513318449,0.776185751,0.8830643892,21.61405784
dish_1551324284,20.61551544,17.43536282,23.22872223,0.7782186493,0.6994747519,0.8405147195,20.31310597
dish_1550860787,22.68910549,18.71979065,25.98005946,0.8503769106,0.7780807614,0.896330893,22.01321192
dish_1558029923,13.74465827,12.15796785,16.53830651,0.6224394143,0.5435876846,0.6683756113,13.46525569
dish_1566417475,13.79009701,9.152879738,21.18790255,0.6415549119,0.4750550389,0.8460018039,11.58974713
dish_1563898055,14.01858932,10.57035929,16.06910891,0.7495048046,0.6694092155,0.7973580956,13.27448323
dish_1562873155,9.154623899,8.79258384,9.516663959,0.7235311866,0.6786693931,0.7683929801,9.139551008
dish_1550873218,21.48344116,14.99437303,24.39534173,0.8381379172,0.7047780156,0.8868448734,20.16975161
dish_1561753649,12.08904718,10.57621832,13.60187605,0.791097492,0.7521465421,0.8300484419,11.83071891
dish_1551375086,21.4007596,16.45234979,26.4434107,0.8460918739,0.8081018925,0.8980661035,20.04029081
dish_1550793093,23.79694,20.12407583,26.71917172,0.86373014,0.8340935707,0.8850649595,23.2655883
dish_1565119418,16.33381179,15.25242742,17.59170498,0.8304207325,0.8201628923,0.8427692652,16.2297495
dish_1565711154,15.60308276,9.67280999,21.53335554,0.7101495862,0.651443243,0.7688559294,12.40898325
dish_1551389118,22.1919692,17.59233735,27.86730439,0.8661500886,0.8054126501,0.9023663998,21.14028739
dish_1566502061,18.59230935,9.164384795,23.89596635,0.7449492812,0.5651975274,0.8461995721,13.61032166
dish_1558460138,16.09880498,11.42732107,20.77028889,0.7545135319,0.6737856865,0.8352413774,13.95968309
dish_1551378762,20.23790948,15.94332102,23.2183629,0.7632685229,0.7034392953,0.8134319186,19.33302941
dish_1551373253,22.41724381,16.43151543,27.51590185,0.8376954728,0.719701767,0.9019006491,20.38091855
dish_1563898084,12.99301299,9.52965941,15.59450492,0.7223921418,0.6433899403,0.7762157321,12.21417388
dish_1563389742,16.10038498,10.36674672,21.83402324,0.7699456811,0.6583129764,0.8815783858,13.07781393
dish_1551233248,22.25526164,16.13825119,25.56593805,0.829599075,0.7754930854,0.8643209934,21.00373321
dish_1566413356,10.59881525,10.18315875,10.81077073,0.6078855395,0.5878076553,0.6297502518,10.58871587
dish_1551390560,21.96081121,13.50195571,25.80766011,0.8422254473,0.783685565,0.8814044595,20.01586467
dish_1558031302,13.41520766,11.11537016,15.71504517,0.6225252897,0.4607760608,0.7842745185,12.832759
dish_1561666849,14.44697182,13.92447195,14.96947168,0.7561601996,0.7406231761,0.7716972232,14.41561636
dish_1567526888,13.8588255,10.42078026,17.29687075,0.659897238,0.5823107958,0.7374836802,12.62012524
dish_1559675178,13.40310094,10.62794109,15.71453611,0.6207194229,0.4959886968,0.7035624385,12.8843564
dish_1563824130,15.06170055,13.23017965,17.08615353,0.7630289197,0.7120716572,0.8409282565,14.78490661
dish_1563208412,16.7657742,11.59012955,24.80492514,0.7815235655,0.6584081054,0.8945866823,14.22642913
dish_1562777099,12.67058442,8.114218087,15.84360808,0.71435829,0.6071701646,0.7707966566,11.35222484
dish_1561481634,11.85066861,11.78655533,11.9147819,0.5327772796,0.4944081306,0.5711464286,11.85019539
dish_1562787848,16.70501169,10.99737013,20.68536502,0.7630038857,0.6686654091,0.8145400882,14.66955579
dish_1563822636,15.59582977,10.91770359,21.80991582,0.7584354679,0.7061960101,0.8249241114,13.73968026
dish_1566316681,14.32117089,8.614966049,22.56383233,0.7778351456,0.6856955886,0.876137495,12.38097767
dish_1563389114,14.91112814,10.14214306,20.6065386,0.7873543501,0.7507154942,0.8546341658,13.14473999
dish_1558462106,13.97798448,12.82552734,15.13044161,0.5743464082,0.4564295709,0.6922632456,13.82683629
dish_1550861950,17.42280668,14.70318328,21.46752807,0.7993771434,0.7118393183,0.8676729202,16.8005813
dish_1563476577,13.97349794,10.60324542,19.3434981,0.6986709833,0.6399157643,0.7679703236,12.67227233
dish_1565728415,20.6322157,14.16123894,27.10319247,0.865429163,0.7885825038,0.9422758222,16.95636681
dish_1563822546,16.25847336,14.47862098,19.71646021,0.8255799015,0.8070512414,0.8522943258,15.67767951
dish_1562959700,16.28785914,12.25119522,21.08266469,0.8340501388,0.8054093719,0.8625640273,14.97868997
dish_1565024675,14.42776832,12.07711796,16.54095679,0.7426002026,0.6322169304,0.8066602945,14.04066432
dish_1565378680,17.23790355,14.96638851,19.50941859,0.8456533551,0.8002707958,0.8910359144,16.66912172
dish_1561575977,8.948914946,7.171089909,10.72673998,0.4417036921,0.3593758047,0.5240315795,8.594761065
dish_1562947469,15.15206288,11.71387532,19.94919228,0.8056162794,0.7636303902,0.8540328145,14.00614301
dish_1550778646,19.54955088,16.44818991,21.69897033,0.758960247,0.6658480763,0.8069633245,19.13611491
dish_1563219056,13.74987509,13.29988226,14.38642614,0.7312680483,0.713354528,0.7558933496,13.72572358
dish_1565726848,16.55339955,10.41113925,22.69565986,0.698305577,0.5515657663,0.8450453877,13.17209159
dish_1551563370,15.94800574,7.972030335,24.79587685,0.7292651646,0.2912097275,0.8770039678,13.22876836
dish_1563476408,13.47685982,10.98779367,17.01040033,0.7235259215,0.6635395288,0.7703390718,12.82113864
dish_1551124062,23.9534873,18.21386571,27.37768531,0.8563154116,0.7543342113,0.8983264565,22.82640456
dish_1563568003,15.82068049,11.8414119,21.36784632,0.7528318167,0.6557490826,0.8294836879,14.34544978
dish_1565897569,16.04868031,9.714307272,22.38305335,0.8290604651,0.7568418384,0.9012790918,12.49582598
dish_1560799615,14.21924889,11.70580601,15.53372653,0.5432171027,0.5110270381,0.5757281184,13.82987794
dish_1562959295,20.07864289,19.49996482,20.65732095,0.9181255698,0.9100673795,0.9261837602,20.04020329
dish_1561576887,10.40354267,9.236134983,11.57095035,0.5414423048,0.5141276121,0.5687569976,10.24849375
dish_1562687299,11.03793267,8.501920516,13.57394483,0.7382491827,0.6905578375,0.7859405279,10.33610535
dish_1561577573,9.555681068,8.382250326,11.27049968,0.5863397519,0.5308384299,0.6268385053,9.389861578
dish_1551222363,22.54058513,15.90603764,27.76939588,0.8479606377,0.7955977917,0.9031008482,20.62420157
dish_1565638550,12.53599974,10.8956044,13.99039784,0.685502847,0.5127109289,0.7764472365,12.34838149
dish_1562789328,11.60790079,8.242392838,13.38788862,0.684826831,0.5815632939,0.737341404,10.90340728
dish_1562702813,13.71234718,8.971835502,17.39091397,0.6803465635,0.5266268253,0.7806968093,12.28471262
dish_1551396309,20.72242107,17.6227192,23.1095185,0.7980825678,0.7209246159,0.8460003138,20.30068612
dish_1550706037,20.26429066,14.53591753,22.85667987,0.766993545,0.6906647086,0.8163874745,19.29376697
dish_1566332193,16.39305338,11.37433373,21.41177302,0.719917506,0.6080779433,0.8317570686,13.9740971
dish_1551391543,20.50120492,16.30016447,26.31633122,0.7703802586,0.6779549122,0.8290429115,19.47674185
dish_1563304261,14.06969547,13.91611209,14.22327885,0.745661974,0.7163902521,0.7749336958,14.06698038
dish_1561578461,15.26922471,13.05328427,17.48516515,0.6247459948,0.5825067163,0.6669852734,14.72684612
dish_1551323381,22.51279735,19.51841945,24.74809471,0.82617791,0.7468582392,0.8578233719,22.13443867
dish_1559675268,15.08096447,13.86487398,16.29705496,0.6659036279,0.6646817327,0.6671255231,14.91288212
dish_1568061202,13.25522991,12.54130366,13.7333812,0.7358973424,0.7221084833,0.7430030107,13.22410837
dish_1551565797,22.06482128,13.53011447,27.24335113,0.8260722927,0.7118011713,0.8747355342,18.55995331
dish_1551237558,22.03978768,15.38846798,24.7120096,0.8163385019,0.713267684,0.8645745516,20.78634285
dish_1562168471,15.62996884,12.09070123,19.16923646,0.7457318902,0.7127082944,0.778755486,14.32386897
dish_1562605352,18.82482276,13.53822422,28.02642952,0.8092199167,0.7516417503,0.9238485098,15.84255989
dish_1551375981,21.47940939,18.37187284,24.55664151,0.795554176,0.7162539959,0.8375196457,21.11072694
dish_1561749348,14.61199697,11.25709035,20.81770079,0.7782604595,0.6975780129,0.869828999,13.2863952
dish_1558379876,17.80738528,16.46386999,18.61282092,0.6429827015,0.622659862,0.6563560367,17.69768848
dish_1566333228,14.96086373,12.5546265,17.53801246,0.7369633913,0.6540948749,0.8127157688,14.50388358
dish_1550862106,24.50367485,17.91951022,29.60465083,0.8606248552,0.7708277106,0.9013601542,22.64344818
dish_1566317801,15.48644394,10.36349361,20.60939427,0.7728359103,0.6631266475,0.8825451732,12.98165479
dish_1561578156,9.364992617,8.219378443,10.51060679,0.6823545694,0.631447196,0.7332619429,9.215613818
dish_1557861795,22.26867542,15.97589367,26.16654533,0.8190392554,0.7535291314,0.8619601727,21.0527648
dish_1568315988,13.65177063,12.79942848,14.50411277,0.7909812927,0.7668097615,0.8151528239,13.56866219
dish_1565898544,15.81886125,8.735366801,22.90235569,0.7810499072,0.6992484331,0.8628513813,11.58240046
dish_1551233345,22.86570622,14.52579473,27.71126535,0.8669839427,0.834464252,0.8912655115,20.71678455
dish_1565107171,12.05086351,8.045730504,16.05599651,0.7096832097,0.5994782448,0.8198881745,10.41851315
dish_1566414924,16.65583524,11.64739801,25.5842723,0.7632414699,0.6753143668,0.8584627509,13.82097567
dish_1562702044,8.713497541,7.752974649,9.674020432,0.5361104608,0.4964585304,0.5757623911,8.608133631
dish_1562788760,18.00455209,15.78497204,20.750481,0.8479465644,0.8356261849,0.8594467044,17.5548257
dish_1551492506,22.18750677,16.82649073,27.0338615,0.8020152748,0.686455667,0.8773640394,20.72618675
dish_1550797474,24.62876632,19.86485869,29.10131002,0.8545629647,0.8033630252,0.9062181115,23.89803349
dish_1565207662,13.11024433,11.12758519,16.34763526,0.7251945535,0.6973387599,0.7483190298,12.58192077
dish_1551223346,22.70894768,20.01736177,27.00344416,0.8169216116,0.7491630316,0.8887304068,22.29789957
dish_1551123455,22.34673585,16.70819886,25.99263591,0.8371663392,0.7743056417,0.8839458823,21.13896544
dish_1563996464,14.59342427,9.991434954,21.65801909,0.7525456746,0.661937356,0.8473191857,12.51172873
dish_1563567978,16.78211573,12.11515574,21.44907572,0.7841735184,0.6781173944,0.8902296424,14.646574
dish_1565030391,13.37414983,10.37954383,16.27600587,0.676791355,0.6328761578,0.7058857679,12.87407517
dish_1551565464,23.39179921,19.74274352,27.25536756,0.8698064685,0.8431101441,0.9003381729,22.57777954
dish_1563568292,17.36980226,11.14367598,26.9078135,0.7747045358,0.6328930855,0.9273028374,14.04616349
dish_1558550181,15.12999237,13.22292374,17.03706101,0.7400196493,0.6955195069,0.7845197916,14.72408021
dish_1550859544,16.89617579,11.95043119,23.89454664,0.7803841233,0.6598470211,0.8383119702,15.36349061
dish_1551374946,13.74975123,5.031914578,22.05953169,0.7334536687,0.6352351904,0.841437459,11.27528653
dish_1551139874,21.99347134,16.08722658,26.06785988,0.8068924695,0.7061311603,0.8492850065,20.80957895
dish_1561752680,13.57102251,12.7298934,14.07320517,0.7547633052,0.7188854218,0.7804615498,13.52862583
dish_1551226049,21.3979237,13.58547387,24.74039539,0.7818175033,0.6548582315,0.8509888649,19.73794942
dish_1551234214,22.9314888,18.16551957,25.96236493,0.8403692916,0.7882080078,0.8886156082,22.2940824
dish_1551135536,22.00852315,14.78544361,25.69308086,0.8286741152,0.7818335295,0.9143211246,20.58705102
dish_1565208562,15.45315685,13.26650764,17.4904199,0.8055038452,0.7242783904,0.8496791124,15.11055353
dish_1551236775,18.64673795,13.68169834,25.52726293,0.7818790674,0.7424992323,0.8495661616,16.76361153
dish_1551567471,22.24411546,17.16092724,25.60516762,0.8506039903,0.8124675155,0.8910002708,21.29893166
dish_1563563492,17.41177645,12.77198289,22.90622508,0.7963082393,0.7236133814,0.8665668964,15.73833934
dish_1551226363,14.6497217,11.01207251,21.896329,0.7388841595,0.6252272129,0.8033312559,13.29263146
dish_1551377094,23.43744577,17.8713926,25.49918835,0.8656651229,0.8445346355,0.8823714852,22.65362494
dish_1562789240,22.83792667,15.23647034,28.93089981,0.8954560161,0.8338595033,0.9467352033,19.97525668
dish_1560454488,14.67383391,14.25703465,15.09063317,0.7555052936,0.7473158836,0.7636947036,14.6538641
dish_1551374560,22.33755345,18.52333136,24.90603156,0.8193741366,0.7459565997,0.8655700684,21.88492656
dish_1561753238,10.34687834,8.840793023,12.80616935,0.6528713703,0.6343634129,0.662499845,10.0293086
dish_1560974009,13.10500832,12.22328778,13.98672886,0.594794035,0.5239707828,0.6656172872,13.01611146
dish_1566851222,12.39290164,9.140628206,15.68316692,0.6815836032,0.617883563,0.7821816802,11.61054929
dish_1551488448,21.29443321,19.6481871,24.30368268,0.8077597097,0.7311795354,0.8660386801,20.9979408
dish_1568315001,13.91329607,13.20983156,14.61676058,0.7239140868,0.704685092,0.7431430817,13.85657035
dish_1565383062,14.95041689,11.53692827,18.36390551,0.6796452999,0.5879764557,0.7713141441,13.72786836
dish_1551396061,23.29435986,20.08913153,26.52973043,0.8542508706,0.7945650816,0.8794828653,22.96770154
dish_1560442374,13.15389011,12.54397025,13.76380996,0.5819981098,0.5451449752,0.6188512444,13.11120182
dish_1550874191,21.60252051,15.91377549,26.35050978,0.8260312676,0.7581393123,0.8679350615,19.90052483
dish_1561579933,9.935544524,8.243963006,12.19088292,0.5337443252,0.4909286797,0.5830768347,9.641995962
dish_1572627130,10.56951233,8.806986505,12.33203815,0.3906415403,0.3212848604,0.4599982202,10.22127054
dish_1551135656,22.44313201,19.26435532,25.91097878,0.8286645561,0.7502038479,0.883626163,21.93259704
dish_1566501153,11.6698798,9.50505107,15.05214569,0.5771865646,0.4483306408,0.7337935567,11.08977241
dish_1562700568,14.55126364,11.83627866,17.26624863,0.7800052762,0.7602242827,0.7997862697,13.75275154
dish_1561753168,15.54861658,15.1287862,15.96844695,0.8152757287,0.8149235845,0.8156278729,15.5283557
dish_1551314967,21.32819083,14.95988047,24.32312446,0.823074013,0.7854810357,0.8637701273,20.01221329
dish_1563563264,9.965952615,9.910770479,10.02113475,0.620434761,0.5975800157,0.6432895064,9.965602048
dish_1562777566,18.88833283,15.97173452,21.80493114,0.8081196547,0.783308506,0.8329308033,17.97480116
dish_1550712024,12.96029089,8.573198953,20.63070115,0.7169961035,0.6162683964,0.8277143836,11.79903785
dish_1560357427,12.33432564,11.33711297,13.33153832,0.6928314567,0.673982501,0.7116804123,12.22082942
dish_1551493883,24.76578568,21.97620417,27.48093499,0.8611330092,0.7911567092,0.8899565339,24.42141585
dish_1563565415,10.81842084,9.154939275,11.92482468,0.627468884,0.5952284932,0.6500378847,10.64608246
dish_1550769725,21.57499022,16.46865833,24.12303339,0.813458489,0.7170302868,0.8695778251,20.64587593
dish_1573491352,13.63823131,10.01941731,17.25704531,0.5076758564,0.42960006,0.5857516527,12.27825566
dish_1563565683,12.10843216,11.45869745,12.58989206,0.6868424018,0.5967383385,0.772950232,12.0818252
dish_1561748862,17.38869473,16.20440437,18.57298509,0.8672991097,0.8260311484,0.908567071,17.22918335
dish_1563302345,13.35671912,9.721132574,16.20642482,0.7128063838,0.5282668471,0.8126651049,12.48953419
dish_1566844766,14.59411509,10.43957747,20.1913668,0.7329739134,0.678357482,0.8315366507,13.05850425
dish_1562784347,10.03707571,7.564356462,12.50979496,0.6258898377,0.5702981353,0.6814815402,9.368174673
dish_1551567775,21.20732158,19.22545483,25.06146267,0.8024468273,0.7259476781,0.8719194531,20.71439878
dish_1551493311,20.06341557,14.29382782,25.56384039,0.7935273051,0.7314010859,0.8667799234,18.53442561
dish_1562774159,11.31133554,8.715060922,13.24880592,0.7552540898,0.70619452,0.7843232155,10.87444109
dish_1563820806,11.20361746,8.863155009,15.24160679,0.731286029,0.6883506179,0.7990223765,10.42746039
dish_1566587182,14.85754729,8.467038968,21.24805562,0.7040885091,0.5780994296,0.8300775886,11.25424878
dish_1564073641,13.69358019,12.85973389,15.20932426,0.7917615771,0.7421932817,0.8336840868,13.56933458
dish_1558380181,18.80610399,14.48699328,23.1252147,0.6742313504,0.6267686486,0.7216940522,16.94034215
dish_1561407312,13.1384171,11.98532867,14.29150554,0.5981910527,0.5522351265,0.6441469789,12.98710518
dish_1551390802,24.31609455,22.26577861,26.11263602,0.8679580556,0.8418042064,0.8869806528,24.15745793
dish_1550876819,21.42282402,16.49864071,26.59203613,0.8569032848,0.7829730511,0.9000782371,20.56005208
dish_1563309398,10.90149759,7.948912579,13.44114786,0.659087797,0.5642766953,0.7182065845,10.30696621
dish_1561481577,11.44613679,9.632598546,13.25967503,0.6150881946,0.5999130607,0.6302633286,11.07800426
dish_1563824155,18.46362957,15.17820067,23.71857509,0.8073763847,0.7546391487,0.8633739948,17.21119542
dish_1561577549,12.46390745,10.50716815,15.33649322,0.6753451427,0.5720405579,0.8330844045,12.02366178
dish_1565210037,18.34725982,13.7849752,22.88334114,0.8123453061,0.7604280114,0.8662045002,16.88085718
dish_1566316558,8.950572451,7.645836752,10.25530815,0.583732456,0.5152410269,0.6522238851,8.757462988
dish_1562012048,15.42215863,14.46368147,16.38063578,0.8534961641,0.8533814549,0.8536108732,15.31723947
dish_1563565761,10.78238584,9.788743247,11.31255046,0.6230974595,0.5455747247,0.6927333474,10.72351492
dish_1562010865,15.13762124,7.293810644,22.98143184,0.7393684685,0.6339122653,0.8448246717,10.18843925
dish_1551142589,23.27857486,21.00572074,25.07632822,0.8457484444,0.7972588539,0.9215720892,23.05477328
dish_1566419510,16.37880786,11.9748275,25.08390595,0.7663512429,0.628777802,0.9015938044,13.68078426
dish_1561405034,9.720226025,9.651686304,9.788765746,0.5450808108,0.5401102901,0.5500513315,9.719685206
dish_1551323433,21.72444808,15.10207664,23.58008994,0.8371343528,0.7688441277,0.9068992138,20.49437193
dish_1550876467,23.72879223,18.1920807,27.00577328,0.8405659861,0.779589355,0.8907427788,22.66506265
dish_1563911215,16.50533896,14.81909171,18.47054462,0.7754839063,0.7740077376,0.7762527466,16.256646
dish_1550790042,22.2998712,18.8782143,24.64975348,0.8014511201,0.7318186164,0.8623868823,21.96846686
dish_1550791160,15.55720133,13.48505412,20.46251286,0.7730529375,0.688990593,0.8609982729,15.12908885
dish_1561749750,9.221481498,7.267566408,10.68887778,0.6664844354,0.6529215574,0.6829460263,8.974618744
dish_1561665065,16.13674855,12.20127576,20.07222133,0.723982662,0.6554953456,0.7924699783,14.55477177
dish_1562871488,12.95777926,11.70930109,14.61152978,0.7030956546,0.6152053475,0.7935664058,12.79554682
dish_1562086740,14.72880174,13.89864956,15.55895392,0.7584964037,0.7276786566,0.7893141508,14.64993862
dish_1551566592,21.77781476,16.06881312,24.04908516,0.858646512,0.8164804578,0.8800500631,20.71185202
dish_1561578865,10.61114927,9.603765155,11.17144069,0.5237930516,0.4703331888,0.5548733473,10.55047543
dish_1550862190,15.13760633,10.89457532,18.58590332,0.7610428408,0.5779849887,0.8532868028,14.35939995
dish_1550781347,20.06232032,17.78969979,23.47513503,0.7757645249,0.7207539678,0.8311608434,19.55642426
dish_1562007789,14.25657417,12.200943,17.48035327,0.735705932,0.7022809386,0.7901473045,13.72583346
dish_1565897617,14.91866182,10.84260132,22.19759409,0.7558433215,0.7045331001,0.8431478739,12.84675545
dish_1565898659,9.841180541,7.23031055,13.83664585,0.652708292,0.5801174641,0.7428702116,9.051442558
dish_1564000202,13.95486295,11.15618508,19.00794472,0.8132587075,0.7780793309,0.8572300076,12.81790878
dish_1565725188,14.30914877,10.04970576,18.25944241,0.7016115586,0.5998419523,0.8211046457,13.05922212
dish_1566230300,14.54191781,8.642208674,18.07375427,0.7167824705,0.6045556664,0.7782466412,12.3993758
dish_1550771421,20.67503224,16.83921063,25.0488996,0.7723695901,0.6248871088,0.8547152281,19.77216514
dish_1562789268,13.68288323,12.02433477,15.57101867,0.7516480883,0.6389849782,0.8483837843,13.4479371
dish_1563302447,12.31493925,8.5061536,14.4813479,0.659931163,0.5450307131,0.7220632434,11.4087828
dish_1560961059,12.76061392,12.15057561,13.37065222,0.6820760965,0.6712319851,0.692920208,12.7179091
dish_1551305209,20.74459858,15.12447157,23.30790513,0.7945144698,0.7206953764,0.8445973396,19.78287818
dish_1551228438,21.66071201,17.74610666,24.39127022,0.8238961399,0.7870513201,0.8603685498,21.14170474
dish_1561574456,13.28202189,9.751492142,18.44563001,0.6088849306,0.4802691936,0.7448833585,12.01579305
dish_1551373813,23.6668263,21.60763794,25.66009337,0.854612267,0.8316820264,0.8696259856,23.49053286
dish_1550785292,15.77123866,7.828656005,20.97575903,0.7156704068,0.56740731,0.7998695374,13.12853108
dish_1562700524,13.17755562,12.23434822,14.12076303,0.8134502172,0.7889842391,0.8379161954,13.07592721
dish_1562169762,19.35560715,14.00072668,24.71048762,0.8317885995,0.7755350471,0.8880421519,16.65703859
dish_1566588066,10.40230436,9.309042483,11.49556624,0.6764330864,0.6616698503,0.6911963224,10.26612863
dish_1563378690,16.06153843,10.2976912,26.09679822,0.7721689939,0.6645652652,0.9136944413,13.17436806
dish_1566415520,10.90824187,7.309262155,14.50722159,0.7158896029,0.6636121273,0.7681670785,9.561773392
dish_1551564637,19.1144546,12.86391092,23.37514469,0.8025847748,0.7434172034,0.8604934812,17.77261433
dish_1561578800,10.72822807,8.035811517,13.42064463,0.6080728471,0.5408864617,0.6752592325,9.942194051
dish_1565036788,15.40605354,15.31783049,15.49427659,0.754432261,0.7484132051,0.7604513168,15.40515752
dish_1564083480,14.14954587,11.0536221,19.35392389,0.7668655713,0.7237764597,0.8436694145,12.93670171
dish_1563309353,9.122530715,8.965829943,9.279231486,0.6062430441,0.5912508368,0.6212352514,9.119704314
dish_1567024112,17.94321099,12.77996711,26.28325693,0.7701115807,0.6192930341,0.8966286182,15.30438678
dish_1567537352,17.24072136,15.81133713,20.00097619,0.8055064082,0.7848958969,0.820668757,16.85587925
dish_1551564282,22.49781453,19.49817973,24.86723917,0.8326349184,0.7712188363,0.8646931648,22.15788653
dish_1562704564,15.80130901,13.57891835,18.14666519,0.7920496662,0.707465589,0.8662725091,15.41429991
dish_1562183151,13.83883898,12.54770792,15.12997004,0.7583097219,0.733443141,0.7831763029,13.64967852
dish_1551227165,22.10867666,16.6211035,25.20042186,0.8307071328,0.7173677087,0.8866471648,21.1050771
dish_1550795361,22.43871743,14.75941417,28.29478778,0.809026219,0.6910485029,0.8879291415,20.17723979
dish_1558031019,16.594866,12.3612527,25.21428014,0.6294130832,0.5560557842,0.7401979566,14.70845557
dish_1566931674,9.74551703,8.44857904,11.04245502,0.6206803024,0.6202293038,0.6211313009,9.554675774
dish_1551307325,22.24220273,17.46698414,26.94724222,0.8569980115,0.7794704437,0.8919641972,20.97043437
dish_1565728388,18.39839564,13.34106086,24.28156891,0.8620150487,0.7646280527,0.9133015871,16.4747859
dish_1551227628,20.8469916,18.8331805,22.60363167,0.7664183378,0.689930141,0.8002099395,20.68645911
dish_1550707914,21.13142519,15.44384808,28.08591619,0.8066203669,0.7000504136,0.8829747438,19.70867424
dish_1550779388,19.97130748,17.739024,23.47196975,0.7484853864,0.6731284261,0.8003983498,19.55932972
dish_1568233444,9.451839164,9.41437357,9.489304759,0.5989356339,0.5972751379,0.6005961299,9.451677563
dish_1562179966,15.44439563,11.2546746,19.63411667,0.796033293,0.7484906316,0.8435759544,13.67604808
dish_1563389719,11.35400144,9.854256109,12.85374677,0.6402361691,0.590569675,0.6899026632,11.10003739
dish_1559678127,15.6093477,11.60495543,19.61373996,0.6448271573,0.6126824617,0.6769718528,13.97753578
dish_1561579845,13.09517496,11.0139957,14.32381927,0.6596675118,0.4931744933,0.7508724332,12.82827567
dish_1561753589,15.71798622,15.68464914,15.7513233,0.840525806,0.8306906223,0.8503609896,15.71785827
dish_1551316788,23.95137184,16.55335853,28.77212455,0.8711993843,0.8411861062,0.8915369511,22.04901599
dish_1551377874,19.04764508,13.47783242,21.79202525,0.7891196311,0.6943089366,0.8557571173,18.10478792
dish_1562602657,10.17306637,8.240291964,12.10584077,0.6587451994,0.61405617,0.7034342289,9.756476934
dish_1562702853,11.75721011,9.936104872,13.57831534,0.7275488079,0.708288312,0.7468093038,11.38608387
dish_1551233180,22.54596262,17.71610247,27.03180774,0.8504231274,0.8136563301,0.8982853889,21.81108662
dish_1562086595,12.2848062,11.93369813,12.63591426,0.7019858658,0.6980605721,0.7059111595,12.27062885
dish_1551227325,20.79551909,15.86604131,24.13552075,0.7816542313,0.711663425,0.8445594311,19.66879414
dish_1562873002,14.17877318,9.179544024,21.65419887,0.6986391743,0.5989027619,0.8296589851,11.86653076
dish_1550771387,20.78267162,18.33854749,24.49150006,0.7527807802,0.6608461142,0.8183158636,20.38405373
dish_1550861187,20.96622874,17.44158126,22.98733531,0.7715442512,0.7022299767,0.8131959438,20.65782958
dish_1562614980,16.56047765,12.36249401,20.92662928,0.7452645501,0.6671091914,0.8115344048,15.27384945
dish_1550863309,12.88747813,7.239174503,15.9225498,0.6692735683,0.2055128068,0.8091992736,11.93699415
dish_1562687527,14.78685617,9.939658622,18.89639315,0.7701994379,0.7209019065,0.799020946,13.23863003
dish_1567789190,14.80572411,9.600102765,22.64945989,0.6859607299,0.6051354408,0.8189504147,12.32138353
dish_1565799597,14.42712127,11.25928085,17.59496169,0.7690659165,0.7080478072,0.8300840259,13.36169463
dish_1551388984,19.62282897,15.01783748,23.59256781,0.8071185499,0.6507892013,0.8643428087,18.71687438
dish_1559933834,13.57493833,11.86028069,15.28959596,0.5007303059,0.4988632798,0.502597332,13.24489718
dish_1560368764,9.796149776,9.055917579,10.53638197,0.5270121694,0.4785652757,0.5754590631,9.733368528
dish_1550773506,20.19848716,15.59811767,26.03391974,0.7917184383,0.7174940705,0.879114151,19.13267546
dish_1550793582,21.21058542,16.50728078,28.29233341,0.8428684101,0.7724477649,0.9041969776,20.01748448
dish_1550788505,20.71202815,15.81782479,23.35344912,0.7532278432,0.6806753278,0.8122749329,20.10122475
dish_1565031338,10.24321287,8.449593781,12.03683195,0.6630547345,0.6050184369,0.721091032,9.882907649
dish_1568320470,12.56347826,9.229952592,15.54375398,0.5320891837,0.4941203296,0.5676109791,11.79600606
dish_1558115282,16.44620914,12.98050147,19.9119168,0.7384566367,0.6411753297,0.8357379436,15.18922037
dish_1551317508,22.64632769,17.86625966,26.01879039,0.859995842,0.8044390678,0.8910225034,21.73718905
dish_1568132561,10.02585364,7.161199212,12.89050807,0.6024657786,0.5147951841,0.690136373,9.142556839
dish_1550777713,13.5246819,10.86951195,15.54529319,0.7427087352,0.6534447074,0.815566659,13.25332335
dish_1568319769,13.00627215,12.80522971,13.24230178,0.6218747497,0.5865315795,0.6712385416,13.00255159
dish_1551316737,24.03447438,15.14285894,26.81599122,0.8762644678,0.8350002766,0.9005752206,21.83012415
dish_1563566939,11.67547196,8.510985116,13.53164983,0.6511979898,0.6204225421,0.6801635027,11.0504335
dish_1550796058,23.82420992,18.29848461,27.48680975,0.8266686863,0.7536382675,0.8732278347,22.94837624
dish_1563205982,13.07252631,7.858457827,17.10585883,0.7199725509,0.6208503842,0.8011774421,11.33186185
dish_1550862993,13.80232792,12.93303728,15.70932925,0.7603424564,0.6730404496,0.820260942,13.70028977
dish_1566414291,13.33775617,11.93250786,14.86065711,0.7379795512,0.704960227,0.7770704627,13.17614981
dish_1565379377,8.749722752,8.219887836,9.279557669,0.619099766,0.585059762,0.65313977,8.717482944
dish_1551395269,23.60901359,17.60167757,25.99012253,0.8579752222,0.8313980699,0.8909447193,22.65738469
dish_1561739265,10.21324092,10.08240267,10.34407917,0.6403927207,0.6068297029,0.6739557385,10.21127036
dish_1568144803,13.51104835,9.842533961,17.17956275,0.7327931821,0.6431058645,0.8224804997,12.11701468
dish_1551563119,14.95890561,8.378015527,25.86693611,0.7441339029,0.5949630737,0.838606298,12.29198275
dish_1573666680,11.5206526,11.1406269,11.9006783,0.2846620828,0.2298422158,0.3394819498,11.50404686
dish_1561576590,16.47328094,11.38619251,24.48079539,0.7545197805,0.6687620878,0.855199635,13.96616823
dish_1562959024,16.1434607,10.50634309,23.08016588,0.7748262684,0.6493153572,0.857816577,13.74360042
dish_1563389446,9.743395793,7.725229163,10.88193576,0.6471212308,0.5889847279,0.7001540661,9.49364567
dish_1561749016,14.94394514,14.62293056,15.26495971,0.8054307699,0.7947158217,0.8161457181,14.93209181
dish_1561749857,15.94034884,14.57695777,17.30373992,0.7265186906,0.6909589767,0.7620784044,15.729768
dish_1563216717,12.82594821,9.304115987,15.39580879,0.7255355716,0.6323751211,0.789950192,12.02626173
dish_1551237710,20.16260461,10.71092581,25.57734141,0.8020514505,0.7174438834,0.8771408796,16.81317833
dish_1551237607,17.00613792,11.48231418,23.82637659,0.7960759625,0.669528842,0.8578707576,14.77998362
dish_1561747075,9.772090394,7.555182598,12.92625734,0.6468050281,0.6307137012,0.6634663343,9.240489297
dish_1563823390,9.938679893,8.43575788,11.44160191,0.588683635,0.5549061894,0.6224610806,9.683659428
dish_1566588016,10.02971097,6.963545084,13.09587685,0.584985584,0.5554069877,0.6145641804,9.026862501
dish_1550712524,19.8304999,14.56109448,26.01829313,0.783907339,0.6900849938,0.822183311,18.66105683
dish_1562963676,13.60552866,9.10887858,19.45064499,0.7161575754,0.6174535751,0.7931127548,11.90230545
dish_1562959485,18.41136008,16.25057164,22.34866626,0.82655255,0.8222068548,0.8292666078,17.67544037
dish_1559675101,14.89850916,13.84769943,15.94931888,0.7793101072,0.7651013136,0.7935189009,14.77260468
dish_1559933818,11.94052483,9.603472168,14.2775775,0.4873855561,0.4065668285,0.5682042837,11.33990364
dish_1568144774,10.32647312,9.576796495,11.07614974,0.6736573577,0.6380042434,0.709310472,10.26208755
dish_1560445004,9.91492183,9.53662527,10.29321839,0.5535582602,0.5261390209,0.5809774995,9.898466672
dish_1565799565,13.93513137,10.9915056,16.87875713,0.8276686966,0.7949373126,0.8604000807,13.00570619
dish_1564159543,11.30544455,9.798375666,13.62913315,0.6936288476,0.6349774599,0.7397753596,11.01518919
dish_1550712143,22.84924468,19.83125909,24.90042304,0.7743176743,0.6934108138,0.8193910122,22.48449801
dish_1565724050,9.021305965,8.941249338,9.101362593,0.6789926887,0.6689080596,0.6890773177,9.020568136
dish_1551136610,25.04908002,21.90701968,27.53934295,0.8811910748,0.8515636921,0.9135102034,24.6258021
dish_1551139260,21.70126357,15.38452369,25.85632142,0.8247200714,0.7440152168,0.8774625659,20.63242384
dish_1564169878,12.51333876,8.53842888,14.75632754,0.7381224831,0.700967133,0.7570003867,11.52670192
dish_1550790442,22.5651941,15.75546345,24.64319473,0.7932537422,0.7177128792,0.8366690874,21.37151876
dish_1550773949,21.59762406,19.47511895,24.48349563,0.77775646,0.6920799017,0.841712594,21.24188516
dish_1565640427,15.3686318,15.05621851,15.6810451,0.8120154142,0.7807622552,0.8432685733,15.35740463
dish_1563827425,14.03294103,13.44097814,14.62490392,0.799849838,0.7967553735,0.8029443026,13.99272174
dish_1550707236,22.98274169,20.10126328,25.69293008,0.8049153487,0.7035186291,0.903813839,22.49204294
dish_1561663606,17.59369725,17.30331384,18.10793456,0.8014420271,0.7634164095,0.8433377147,17.578698
dish_1551123904,21.74000827,18.60927879,25.45777324,0.8281185776,0.7348878384,0.887721777,21.06286243
dish_1562096608,13.54565492,11.34754544,14.9409713,0.7281477451,0.6799724698,0.7533023357,13.24463722
dish_1568666184,10.86943125,10.18227253,11.55658996,0.6605010629,0.6091031432,0.7118989825,10.81529402
dish_1568405214,12.11162552,5.82014157,21.649913,0.6949958404,0.5313205719,0.8337392807,8.76669281
dish_1550772088,19.86415242,14.0970817,25.79019488,0.8151718751,0.7588455677,0.9150896668,18.35031867
dish_1563480476,14.94057233,13.46395689,17.29400135,0.8045505683,0.7822723985,0.8182570934,14.64630974
dish_1562860045,10.98908864,10.50438889,11.4737884,0.7066694498,0.6446332932,0.7687056065,10.96209685
dish_1551305168,23.11194254,18.59384181,25.69410272,0.8655783907,0.8197494745,0.8997735977,22.4393518
dish_1566849987,13.89749784,9.420103439,20.79256267,0.7027637213,0.6387067437,0.8540809751,12.39647815
dish_1565370004,11.47942424,10.33228814,13.69110991,0.6178118189,0.5559561849,0.7176170945,11.2249662
dish_1551395194,23.3391083,18.09556899,26.71989718,0.8783403262,0.8551698923,0.9145258069,22.44641538
dish_1551378179,22.7698839,20.61291876,25.28439804,0.7937308401,0.7148961425,0.8397279978,22.39908186
dish_1566931140,14.07934112,12.75661257,16.56119933,0.80612125,0.7677859068,0.8569743037,13.76304104
dish_1560441464,16.22527283,14.73379435,17.71675131,0.7272204161,0.7022278905,0.7522129416,15.97404824
dish_1557936555,28.43498171,27.47567654,30.11120981,0.863797307,0.8438198566,0.87567693,28.32685046
dish_1568060542,15.30948811,12.55315604,18.46392301,0.7357444763,0.6645620465,0.8016756773,14.68232111
dish_1556575446,21.48819945,18.77706384,24.55660513,0.7708757056,0.6894401312,0.812054038,21.00954232
dish_1567714839,9.922816879,9.352555869,10.49307789,0.534764722,0.4877118766,0.5818175673,9.885484214
dish_1567628099,9.760241624,6.817399424,11.77096564,0.6652943095,0.5803517699,0.7681903243,9.209750873
dish_1562704528,14.37111698,13.31197117,15.43026278,0.7342596054,0.6654447913,0.8030744195,14.24322643
dish_1561748950,19.87469932,13.38266151,26.36673713,0.8665493131,0.8052190542,0.9278795719,16.1798161
dish_1551307394,21.22609185,18.88695582,23.46673684,0.7923425511,0.6969365478,0.8540258408,21.06205482
dish_1566502315,14.12773889,11.13257508,19.80602533,0.6046422323,0.5274757743,0.7559688091,12.75165665
dish_1559843492,14.4562183,13.30121654,16.19681179,0.7100978295,0.6511489749,0.7623115182,14.28753839
dish_1563378344,19.48718213,14.75316674,24.22119752,0.8729421496,0.8371602297,0.9087240696,17.29839475
dish_1563555510,14.23867123,11.22802865,17.24931381,0.7858558595,0.72423172,0.8474799991,13.26936552
dish_1563563317,17.09513643,14.74679362,19.44347924,0.774217844,0.7051877975,0.8432478905,16.48895424
dish_1568217267,9.585081003,8.023322733,11.14683927,0.6468686461,0.6302182674,0.6635190248,9.310121977
dish_1575997268,11.06192606,9.296732441,12.82711967,0.3191356212,0.3085503578,0.3297208846,10.71265665
dish_1563565805,10.68806755,9.073440156,12.30269494,0.6972874403,0.6531714797,0.7414034009,10.39459288
dish_1550792315,19.45131362,11.4582221,23.77233322,0.7855739527,0.6703295708,0.8735604882,17.12326667
dish_1551122914,19.09068463,13.79092456,22.57494367,0.7474578395,0.7104004622,0.7787720561,18.0315631
dish_1561662458,11.96751311,9.977445592,13.95758064,0.7372429669,0.7363713384,0.7381145954,11.52667517
dish_1563551432,11.53579187,10.74868321,11.96085517,0.6755339901,0.6526587605,0.6922268867,11.49906167
dish_1551492732,21.93766472,18.32403392,25.98904948,0.8096384853,0.7039421797,0.9164507389,21.24756349
dish_1563826272,13.4012714,8.644062418,20.20487156,0.7556001941,0.7002084851,0.8337765336,11.35915562
dish_1562876756,13.72722617,10.97249747,15.56264146,0.705408593,0.6337274909,0.7476947904,13.24766318
dish_1566502573,16.09003127,11.56297696,21.48184865,0.68485262,0.6205644011,0.7994689941,14.48107705
dish_1563900120,16.77672573,13.57047242,21.3549484,0.7855374416,0.770013392,0.8016684055,15.73607889
dish_1563551164,18.31179045,15.00197603,21.10410001,0.8324592511,0.7985552549,0.8835363388,17.57313818
dish_1550874079,22.64060157,19.13193139,26.11474185,0.8468092084,0.8023220897,0.9036662579,22.1087068
dish_1560360055,14.19026413,13.63672398,14.76956677,0.681448559,0.6684384942,0.6891569495,14.16570869
dish_1563897837,14.3118577,14.14909819,14.47461722,0.7835463583,0.7781075239,0.7889851928,14.30880857
dish_1561739160,14.15514391,13.42964271,15.20897235,0.7908685009,0.7683792114,0.821100533,14.09063803
dish_1562963153,11.38233118,8.096631631,13.1881313,0.6859343251,0.5995460749,0.7377722859,10.71041278
dish_1565724509,12.43346111,6.101881892,19.06185331,0.7832614879,0.5687785745,0.9015714526,10.80950904
dish_1567537252,12.98465817,7.406887259,22.17016115,0.6987418334,0.6218791008,0.8234448433,9.954266217
dish_1562789207,17.55447271,13.85507432,24.23151368,0.8071500659,0.7483532429,0.9022238255,15.75144476
dish_1567711402,14.98692336,12.95631447,19.24727542,0.6898174584,0.5877337456,0.8395889401,14.38281917
dish_1562775510,14.01873524,10.32223565,19.64802522,0.7029394507,0.6199222207,0.8526605368,12.58185769
dish_1550797130,19.14366718,12.32360982,25.34961447,0.7556311861,0.6464143395,0.8159342408,17.09632375
dish_1551235669,15.7114265,12.71419621,18.32964449,0.8132303655,0.7528416514,0.8661184311,15.29520254
dish_1566330466,17.33384213,10.35857791,24.2807649,0.8002052108,0.7308338881,0.8900520802,14.19595509
dish_1560456305,15.91388797,15.27079808,16.55697786,0.8070563376,0.7666968107,0.8474158645,15.86644758
dish_1551125436,19.85297292,17.76774644,22.35409642,0.7624205723,0.6816863418,0.8064724803,19.58149611
dish_1559844366,13.98447735,12.75142427,15.21753043,0.6069059968,0.5579845309,0.6558274627,13.81173495
dish_1558375583,18.41632795,16.56499319,20.26766272,0.6818037927,0.6651688814,0.698438704,18.03313138
dish_1566242164,24.33348933,23.80811152,24.85886713,0.8876160085,0.8825244308,0.8927075863,24.30178835
dish_1563479625,13.97573788,12.01478551,17.35010478,0.7355482181,0.6852253079,0.7816522121,13.41284519
dish_1563208094,14.53882832,10.95256835,18.1250883,0.8049863875,0.7647484541,0.8452243209,13.20099638
dish_1566587143,15.23984754,10.97422665,21.54047222,0.7209262053,0.6073494554,0.8909022212,13.47659947
dish_1551234046,21.34271683,14.83363957,24.83199635,0.8233024105,0.7735230923,0.861576736,20.15276012
dish_1567526845,15.50025159,13.19961626,17.80088691,0.7461385131,0.6788986921,0.813378334,14.91741589
dish_1558373687,11.362841,10.58711996,12.13856205,0.5476835072,0.5030861497,0.5922808647,11.29392803
dish_1561654732,14.63907594,10.19606042,21.09150413,0.6452567379,0.4822670221,0.8058866858,12.78619176
dish_1561666897,11.09771234,7.32897359,13.00030518,0.6519442995,0.5652202368,0.7058498859,10.21327587
dish_1551492561,20.76679614,14.2549345,23.95116744,0.7602450475,0.7236697078,0.8105509877,19.59751761
dish_1558380014,14.03957178,8.407525983,19.67161759,0.6072201431,0.5057830215,0.7086572647,11.10476556
dish_1557861697,21.94304606,19.13744987,24.39150175,0.8010390922,0.7722482681,0.833444953,21.63823401
dish_1551226409,11.7478315,8.810751141,14.63589716,0.6999096647,0.5962673426,0.7964912653,11.42956681
dish_1563897395,12.82764516,8.391292161,15.13999287,0.7233202259,0.6542544365,0.7763832808,11.60248499
dish_1550873303,23.12522769,19.26496655,27.90595574,0.8493232056,0.798573792,0.88087672,22.19169137
dish_1562956486,11.56482418,10.06831391,13.53450898,0.7133232752,0.6842033863,0.7413227558,11.33657004
dish_1565987298,17.65520138,14.38746127,23.36105027,0.8212602933,0.7650254369,0.8779075742,16.25216611
dish_1551382115,22.75051759,15.56882465,25.25399137,0.8663279191,0.8066248894,0.887350142,21.29034685
dish_1550771938,22.47862754,15.5403562,26.61910824,0.814500913,0.7427407503,0.8630144596,21.0224762
dish_1561752535,12.87092037,10.18777804,15.5540627,0.7151506543,0.6629683971,0.7673329115,12.08999042
dish_1565036953,17.96306748,14.17973588,22.09042416,0.7759443372,0.6985818148,0.8339752555,16.9360487
dish_1563309285,17.22756608,14.04115456,20.18756764,0.8068228563,0.7970008254,0.8172767758,16.51145016
dish_1551224928,16.41024542,9.770007478,22.0081173,0.7465977073,0.6103736758,0.8604720235,13.84383438
dish_1563826223,12.26523445,9.622761928,14.67139502,0.753003339,0.7072262764,0.8264864087,11.77402437
dish_1566414723,13.86645929,11.76967032,15.17203371,0.6550187866,0.5433420539,0.7689399123,13.59375326
dish_1558032156,14.91666585,14.22918693,15.75920415,0.720841368,0.678278625,0.7425988913,14.87127337
dish_1562172643,14.76181565,12.83432345,16.68930784,0.7260573804,0.6924546957,0.7596600652,14.34743053
dish_1551489812,19.90472878,16.58886977,22.72612024,0.7941239327,0.7067549825,0.8843624592,19.34042401
dish_1562180089,12.74769568,11.31061121,15.5811517,0.6540293892,0.5969561934,0.765576303,12.34400201
dish_1551486217,22.26871677,17.4617342,25.28652104,0.7956706583,0.656378448,0.8606491089,21.54312845
dish_1550777418,23.3108818,14.44679643,28.40346528,0.8441821486,0.7764039636,0.9055159688,20.69645847
dish_1559843690,14.72519275,13.79650551,15.65387999,0.6841176748,0.6340099573,0.7342253923,14.62664601
dish_1561654756,16.68873863,10.94987438,22.42760288,0.7237486839,0.6332195401,0.8142778277,13.66163671
dish_1551323073,21.37446403,14.50485085,24.8713153,0.8114690036,0.7497097254,0.8468025327,20.08034501
dish_1551134208,22.85411536,17.7586832,26.46321122,0.8496663943,0.8018859625,0.8911561966,21.94306924
dish_1550859356,21.03083104,15.92172578,28.24678954,0.8414542302,0.8063294291,0.9014902711,19.51769308
dish_1562173247,15.41159804,12.35639397,21.33542867,0.7993779977,0.7529181838,0.8388030529,13.93769077
dish_1563208439,11.67134604,9.917429927,13.31125082,0.741185983,0.6830727458,0.7847285867,11.44956761
dish_1551491271,23.00929884,19.02345298,27.99877261,0.8639969528,0.8205174804,0.9010192156,21.86953209
dish_1551135415,20.17686979,14.36038358,25.05757876,0.7639313787,0.7085210085,0.8301450014,18.32735889
dish_1562700931,11.52768162,11.49230282,11.56306043,0.7416104376,0.7124039531,0.7708169222,11.52753752
dish_1565207694,15.47638448,9.175898465,19.91040104,0.7157569528,0.4955415726,0.8320539594,13.02358097
dish_1563822597,16.84912816,14.92782133,18.77043498,0.8107309639,0.7928140759,0.8286478519,16.43731751
dish_1566417442,14.69823444,13.00462131,16.39184758,0.6872048974,0.6512354016,0.7231743932,14.37605172
dish_1551322577,23.28163625,19.13481337,26.53258418,0.8595396545,0.7992370725,0.8968547583,22.74416533
dish_1563481030,15.52530014,9.29547331,22.03396613,0.775562048,0.7284579873,0.8370195627,12.90303694
dish_1551375650,23.33889926,18.74175855,26.40407757,0.8642681018,0.8040750027,0.8919157386,22.24051891
dish_1551378684,20.43028371,14.70387139,23.57521946,0.799612835,0.6777225733,0.8662043214,19.48353827
dish_1572035359,16.27863959,10.29409119,22.263188,0.5627060682,0.3626697361,0.7627424002,13.0368271
dish_1551493854,21.20210973,16.17827105,24.25486452,0.8220070079,0.7461722493,0.8549998403,20.187892
dish_1560360148,16.49893183,15.78303548,17.15933758,0.6976110737,0.6127719879,0.7482064962,16.46225427
dish_1551134824,19.90390831,16.16138275,23.15458299,0.7726329789,0.7193635702,0.8761481047,19.1439015
dish_1563378051,15.65847586,13.25730112,18.21260349,0.7815965414,0.7504274249,0.8103672862,15.20590689
dish_1561404505,10.30856332,9.528536143,10.91433175,0.5586731037,0.4862791896,0.6015310287,10.26932841
dish_1563911156,13.25653308,12.6524383,14.38133494,0.7396127184,0.6810929179,0.7934718132,13.18696284
dish_1563555160,16.34986634,8.493764521,24.20596816,0.7317595184,0.5899851322,0.8735339046,11.38903745
dish_1566934455,12.89138718,11.10946369,16.25729757,0.7030092875,0.6709098816,0.7651686072,12.33749593
dish_1562007904,12.63634768,9.856377749,15.67212496,0.6133697232,0.5498882532,0.6772888303,12.02378459
dish_1551374665,14.7460211,13.58095186,15.8944653,0.7735975906,0.6553235054,0.843939364,14.68689148
dish_1566331868,9.794740227,7.804689762,12.34784466,0.66678075,0.6240938902,0.6911936998,9.413573209
dish_1551384115,20.59893167,14.13929322,23.59089851,0.7742280066,0.6856009364,0.8386718631,19.4444497
dish_1551225281,24.26005607,15.66639185,28.31639759,0.8639339275,0.7689336538,0.8963674307,21.52462954
dish_1563824304,10.57748369,8.577025024,12.57794236,0.6821527779,0.6365366578,0.727768898,10.13218154
dish_1562785369,12.93498802,9.292006535,15.27943288,0.6432813207,0.5365611315,0.6996318102,12.09750087
dish_1562872432,11.10519989,8.770625752,14.22841671,0.7324453145,0.672098875,0.8370231986,10.70181753
dish_1551488572,21.75980108,17.87873585,25.03685905,0.843491349,0.7959862947,0.8835332394,20.95318425
dish_1551223195,23.48487325,19.55136873,27.01573447,0.8355493471,0.816666007,0.8604065776,22.94522002
dish_1562184663,15.93737197,15.10611191,17.55069423,0.7395662467,0.715049386,0.7664643526,15.79781196
dish_1551122871,19.36662465,11.86118608,24.81450918,0.7818056477,0.6891500354,0.8655839562,16.86853819
dish_1550709129,19.52046666,14.55731153,22.77191481,0.7671759129,0.7273934484,0.7851840258,18.70252919
dish_1562617470,11.54008129,7.89766564,14.05043513,0.6103900274,0.3887958527,0.7424990535,10.69444837
dish_1551378151,20.0872887,18.06466264,24.62982966,0.8022579327,0.7242028117,0.8699848652,19.68717711
dish_1563568025,11.19945736,9.580703683,12.51119686,0.7092984915,0.6679698229,0.7827499509,11.02529455
dish_1563382911,13.43008344,12.15731135,14.59314801,0.7346768379,0.6968586445,0.7720290422,13.31488094
dish_1551564221,12.73839604,9.186872779,16.11652119,0.719725512,0.5855708718,0.8141469955,12.161594
dish_1566590007,11.52538872,10.29818954,12.2104394,0.6046569943,0.5101861954,0.7058153749,11.43477018
dish_1560456853,16.76069001,15.46223226,18.05914776,0.6847977042,0.658931613,0.7106637955,16.56940769
dish_1551323342,21.19644423,15.1021539,24.14972927,0.824525699,0.784198761,0.8820114732,19.9814144
dish_1551133870,17.38355466,14.08582085,21.00358595,0.8025511106,0.7174948454,0.8570053577,16.77836518
dish_1562945879,10.71127696,6.398675482,15.02387843,0.6373977959,0.5598939061,0.7149016857,8.850455384
dish_1566937992,15.5513802,13.96914528,18.11769233,0.7698001067,0.6957941055,0.8237233758,15.20686368
dish_1561753275,11.68011291,10.75816609,12.46520085,0.6658991774,0.6396266222,0.6807326078,11.62244007
dish_1562872662,12.93316287,11.37059177,16.02103443,0.8215404948,0.7953395247,0.8503594398,12.46044658
dish_1563567722,9.694848646,8.169796142,11.21990115,0.5234120488,0.4809879661,0.5658361316,9.432411363
dish_1550777469,22.23625155,16.93403151,25.81458499,0.8386789113,0.7968613505,0.88039428,21.19999322
dish_1562613918,11.41074214,9.322785688,13.4986986,0.6616490483,0.6249223948,0.6983757019,10.92705036
dish_1551567106,20.68310123,13.40055774,24.2209169,0.832797274,0.7580771446,0.9246054888,18.93501985
dish_1561578898,9.410522369,8.889236682,9.836205467,0.4961393873,0.4703865051,0.5221515894,9.392620397
dish_1550793023,22.58970464,17.4019229,29.32397745,0.8599227866,0.8157526255,0.9061147571,21.25074683
dish_1551304973,23.12522292,19.28709588,26.10507693,0.8446756676,0.8150390387,0.8694080114,22.64826795
dish_1566329049,13.54164958,8.112638391,21.36425823,0.6806686918,0.581728518,0.8122930527,10.99621225
dish_1563986093,12.72244978,11.75987867,14.33121474,0.7242195209,0.6986784935,0.75333637,12.58146128
dish_1565637578,17.13540145,14.26331658,19.01143582,0.7958236138,0.7501437068,0.8245815039,16.61535351
dish_1563393403,14.66357941,9.75916406,22.76346096,0.739097933,0.6533420682,0.8641701341,12.16308883
dish_1568048018,10.91241812,10.30813263,11.51670361,0.6152133942,0.5800775886,0.6503491998,10.87051237
dish_1563564828,9.6294193,6.646147432,11.61514742,0.5734713574,0.4763758481,0.6233638525,9.066211542
dish_1561663855,11.09595166,9.823577008,12.3683263,0.7368540466,0.7363651395,0.7373429537,10.91217154
dish_1562096372,14.72191557,12.18920729,16.0873636,0.8160191178,0.8054685593,0.837038219,14.3261048
dish_1561575951,15.92454475,11.69166792,21.99032654,0.7117885152,0.6561845541,0.8099238873,14.23884296
dish_1551136043,21.91356227,15.26505787,26.50489713,0.8477814727,0.7405692339,0.904263258,19.92912559
dish_1560453412,14.91002182,13.18231316,16.63773048,0.6188176572,0.5710113049,0.6666240096,14.57506313
dish_1550860444,21.9870493,18.83661244,24.1266525,0.7960533765,0.7654712796,0.8256286383,21.67269568
dish_1561663580,18.75318205,14.59428952,22.91207458,0.805537045,0.7744913697,0.8365827203,17.00779547
dish_1551564255,22.15045436,19.20782923,26.1409724,0.8264809772,0.7592917085,0.8866249323,21.65334832
dish_1563898813,14.7992284,11.19588223,20.77854864,0.6860161821,0.6288427114,0.7680633068,13.26287364
dish_1565711083,10.83624436,9.67070415,12.00178457,0.7091943026,0.6932563186,0.7251322865,10.6816853
dish_1558029230,19.5249311,14.92260545,26.00823806,0.7448375225,0.550129056,0.8856543899,17.61941104
dish_1567542843,17.38035231,12.31618361,25.47258557,0.7150891026,0.578576386,0.8587961197,14.84963492
dish_1551307361,21.91130871,17.90815665,24.92719988,0.8269381747,0.7581931353,0.8585410118,21.22324664
dish_1551490767,21.96235751,19.22554823,23.57371798,0.8071167395,0.7482025623,0.8530904651,21.70544462
dish_1562686492,14.98949863,12.8298451,17.14915216,0.8438618779,0.8255646825,0.8621590734,14.47329701
dish_1565987116,9.875870539,9.294922005,10.45681907,0.5820913315,0.566215694,0.597966969,9.837129609
dish_1550792365,20.04910321,15.75208489,23.80678826,0.8114993423,0.7692445517,0.8617269993,19.04698929
dish_1560369421,13.16580598,12.68317147,13.69250979,0.6705758572,0.5805217028,0.7358890176,13.14626679
dish_1561663786,17.90201065,17.84188773,17.96213356,0.8855769932,0.8835065961,0.8876473904,17.90159449
dish_1562183125,14.02011893,9.775410166,18.26482769,0.7950084805,0.7367146611,0.8533023,12.21057673
dish_1551226442,19.36678366,13.76121395,23.24743663,0.7678948268,0.6638870239,0.8019059896,18.26793171
dish_1562097001,10.39293105,9.614111211,11.17175089,0.6272850633,0.6060445309,0.6485255957,10.32346933
dish_1566931620,11.00708584,8.697962867,12.69070954,0.5893422365,0.5648428202,0.6171840429,10.66438949
dish_1562958563,12.92285813,11.32134551,14.10799768,0.7009572585,0.6295759678,0.7479540706,12.75851437
dish_1551490896,16.12960233,11.71170518,25.24132547,0.745828107,0.588691473,0.8574358821,14.23139676
dish_1562010440,16.64010082,15.29715653,17.98304511,0.7700475156,0.7681307793,0.771964252,16.43569229
dish_1567542953,12.50582809,11.87703681,13.18278281,0.6394669016,0.543322444,0.7023060918,12.47322124
dish_1551378490,18.40011488,13.8277282,23.14252995,0.7331183329,0.6781775951,0.7937013507,17.33855337
dish_1561746970,15.67995576,6.08592929,20.67324191,0.7193172574,0.563595891,0.8033776879,10.55179264
dish_1567714875,13.20057894,9.206246084,22.27808474,0.6239568591,0.5004645586,0.8433793187,11.21592071
dish_1551135590,21.51787152,16.41524063,26.02576045,0.8191482557,0.751329124,0.879383862,20.68980855
dish_1561576916,13.14953084,11.48314637,14.81591531,0.6178746819,0.613517642,0.6222317219,12.83738533
dish_1567542876,19.7691696,19.45806964,20.08026956,0.8046551049,0.7774868011,0.8318234086,19.75803654
dish_1562096542,15.97790382,15.30668666,16.64912098,0.8087973595,0.8076660037,0.8099287152,15.92623954
dish_1565194781,12.07930562,12.06337149,12.09523975,0.7304196954,0.7280440331,0.7327953577,12.07927639
dish_1551490469,23.98569215,21.41538407,25.95279754,0.8637028138,0.8072661757,0.8890166879,23.7729007
dish_1561662948,9.112425951,6.602152429,14.10347592,0.6406737089,0.5585725904,0.8225073814,8.447997834
dish_1562614121,11.26917942,8.89712772,13.64123112,0.7446631491,0.7224839926,0.7668423057,10.65124714
dish_1560367333,13.7857398,12.24134455,15.33013505,0.6326926351,0.6099105477,0.6554747224,13.51673813
dish_1550860041,20.92642279,15.52895319,25.34634135,0.8055555373,0.7395162582,0.8497827053,19.46872564
dish_1551235240,21.3750818,17.23881176,26.22453833,0.7999915555,0.7449573278,0.8607270718,20.46997166
dish_1551381829,22.53656594,16.47210719,25.40536484,0.8453482315,0.8203589916,0.871540308,21.54624718
dish_1558459994,14.97418235,14.6366274,15.3117373,0.7451726496,0.7144486904,0.7758966088,14.96107732
dish_1551381990,23.58644329,19.1477942,27.22600622,0.824940227,0.7468932867,0.8742380738,22.6621853
dish_1563565454,11.40736077,7.517353192,15.96643099,0.6335215767,0.5295338035,0.7783632278,10.19543452
dish_1566246513,10.01843667,9.044786313,10.99208702,0.5434527695,0.5282837152,0.5586218238,9.910196916
dish_1559589873,16.83740114,15.84692183,17.82788044,0.7917371988,0.7602849603,0.8231894374,16.72541944
dish_1568318286,14.28170918,9.843092883,18.18869946,0.6846950054,0.5866616368,0.7686709166,12.95661789
dish_1561405864,12.35813419,11.33311922,13.81936443,0.6523495714,0.6064662337,0.6827673316,12.23517444
dish_1561491121,13.45613808,13.45269683,13.45957933,0.7306579649,0.723256886,0.7380590439,13.45613672
dish_1562010418,10.67695406,5.781614492,17.3728923,0.6715301077,0.5195516348,0.8210337758,8.622431743
dish_1550789186,23.2409252,13.40780091,28.45588451,0.8160016239,0.7554308772,0.858322978,20.36561711
dish_1562691466,15.71701609,11.23264024,21.83404268,0.7334634264,0.6235194206,0.8327844739,13.94731085
dish_1561665452,12.04399758,10.99510556,13.09288961,0.7238946855,0.7196269631,0.7281624079,11.91854787
dish_1550796634,23.57221079,20.84980483,25.40799144,0.8522384316,0.802483201,0.8833363652,23.33961012
dish_1563480505,11.28114442,9.736620348,12.1059661,0.6990265052,0.6570076346,0.7296525836,11.13677583
dish_1550785915,20.07693877,15.47514235,23.36816708,0.7525125146,0.6676408648,0.8177416325,19.31175422
dish_1562183065,15.43031579,14.83726753,16.02336406,0.858028084,0.8321669102,0.8838892579,15.38994933
dish_1567106825,17.2380679,16.51859253,17.95754326,0.7977882326,0.7947282195,0.8008482456,17.17874246
dish_1565798591,15.95884682,10.57688898,21.34080465,0.7372942269,0.6524413824,0.8221470714,13.2374156
dish_1565725156,15.50568514,11.73727561,19.27409467,0.7184722722,0.5938745141,0.8430700302,14.042296
dish_1550705535,22.427935,13.83109949,25.51957389,0.8547055185,0.7718505263,0.8972588778,20.616815
dish_1565896039,16.61805629,12.47122226,20.76489032,0.7073695362,0.594753921,0.8199851513,14.88162425
dish_1562170236,15.60339032,14.46355848,16.74322216,0.7990699112,0.7868750095,0.8112648129,15.45549881
dish_1563468776,15.25342656,14.28235718,16.22449594,0.7551796734,0.7089102268,0.80144912,15.14575521
dish_1551379524,18.17159996,8.980376083,27.04496156,0.790605925,0.62056005,0.8904151917,14.49693686
dish_1568141915,11.47433563,10.83994878,12.50997835,0.7032396595,0.6503840089,0.7335157394,11.41408203
dish_1551493680,23.56681802,18.46693871,25.71280982,0.8840839863,0.8607144952,0.9301389456,22.71505301
dish_1551488324,14.41626527,10.66551296,22.02017986,0.7024346888,0.5589689016,0.8291660547,13.2671981
dish_1568060461,16.07841452,13.16319868,18.99363036,0.777463913,0.7369431257,0.8179847002,15.16569286
dish_1568400935,9.827454221,9.686798809,9.968109632,0.6304697692,0.6109042764,0.6500352621,9.825176908
dish_1551390341,20.52401909,15.44476788,22.62654883,0.7865052894,0.7453568578,0.8444913626,19.82288616
dish_1566849923,15.24034731,11.11663535,19.36405927,0.7788403332,0.6966571212,0.8610235453,13.52104336
dish_1564082323,16.91851078,12.58039151,21.85246041,0.7511932055,0.6809201241,0.8351774216,15.47444094
dish_1565640723,10.55555912,10.37026197,10.74085628,0.6537270844,0.6269536018,0.680500567,10.55160736
dish_1551304741,22.29463465,17.59336347,25.62147977,0.8337945864,0.8047187328,0.8779260516,21.70596631
dish_1563811639,13.22283069,9.737774991,17.0300899,0.707608223,0.6235767007,0.8174962997,12.28369518
dish_1550773038,20.34579947,13.77085166,23.58576284,0.7848150507,0.7200611234,0.8316918015,18.48574566
dish_1550795455,19.5139783,13.47387395,23.32744192,0.7745481506,0.7151309252,0.8125115633,17.96140782
dish_1560369122,9.935253985,7.126330656,12.74417732,0.6103228629,0.5090779662,0.7115677595,9.083936326
dish_1550770866,22.65738521,19.7330192,26.27828274,0.8126340061,0.7784028053,0.8740556836,22.11878105
dish_1551374527,20.94575697,17.39560462,24.816126,0.8218376338,0.740159452,0.8710888624,19.97243055
dish_1566936266,15.25513968,12.64521708,17.03980112,0.7892030676,0.6964170337,0.8625859022,14.82304472
dish_1563898107,14.1312918,10.49158329,18.26998474,0.7256300251,0.6768685579,0.7857654095,13.08271198
dish_1561404924,20.95591873,15.68863595,26.22320151,0.8185184002,0.7353499532,0.9016868472,18.33097652
dish_1563568357,12.98445877,7.406873011,18.3741529,0.6325658162,0.5221104026,0.7717653513,10.89034772
dish_1561666821,15.79375021,15.12641818,16.46108224,0.7963883877,0.7794342637,0.8133425117,15.74267996
dish_1550706583,20.74615733,17.14030271,23.58641491,0.8130139336,0.7541648746,0.89306283,20.15780356
dish_1574280343,9.986565032,8.832642013,11.14048805,0.3588481396,0.3440947533,0.373601526,9.835036507
dish_1566416455,14.80214775,11.38841749,19.70023854,0.5971421202,0.4499702454,0.7394340634,13.63398444
dish_1567714745,15.78429471,12.26463201,20.41888796,0.715689674,0.6372622848,0.8147442341,14.85568426
dish_1551378898,23.58872871,19.5530284,26.70450551,0.8665726706,0.8466351628,0.89100492,22.83419597
dish_1551390758,22.2000764,16.33451831,25.20069914,0.8605676368,0.8201510906,0.8863226175,20.90085274
dish_1573159511,8.641593908,7.783817096,9.499370721,0.2238314599,0.1911033094,0.2565596104,8.557429082
dish_1565208611,16.76814851,11.18955383,22.03632106,0.7144423127,0.5371469855,0.8076649904,14.68979637
dish_1550874679,17.92532583,11.38507599,26.48177402,0.7847124487,0.6410742402,0.8544662595,15.90151868
dish_1550796763,24.08300857,21.02305916,27.39079863,0.8491436914,0.776106894,0.9181876183,23.5605738
dish_1565711358,16.10106851,15.72199819,16.48013883,0.7602929771,0.7532287836,0.7673571706,16.08454606
dish_1551233982,21.81325281,15.71720359,26.41135448,0.8515886813,0.8213727474,0.8919793367,20.49052813
dish_1551139606,19.74513391,14.79135147,22.50819252,0.790956974,0.6865354776,0.8630244136,18.57770492
dish_1565726949,14.55983021,9.943314607,21.83640336,0.7179640333,0.6627988219,0.8190280795,12.40497413
dish_1551486411,22.87265037,19.48738609,25.98766278,0.844106473,0.7482717037,0.8756189346,22.3922039
dish_1551225021,23.383155,18.82366714,28.05972088,0.8696458787,0.8517553806,0.8972520828,22.43549603
dish_1564082178,12.1026176,10.79373673,14.70744608,0.6972308755,0.6322509646,0.7897711396,11.7571897
dish_1551375933,22.72157871,16.47992913,26.28637154,0.8535049781,0.7911419868,0.89286834,21.53979349
dish_1551486158,18.38740472,13.68449061,23.3327461,0.7851962362,0.6625771523,0.8285699487,17.3409861
dish_1566328988,12.01539539,10.1800824,15.20265302,0.6906131506,0.6484129429,0.742772162,11.50882829
dish_1563221602,19.72995295,18.85761384,20.60229207,0.7875052094,0.7843541503,0.7906562686,19.64292527
dish_1550706325,21.27574401,14.60966958,23.18950823,0.7812847421,0.6733293533,0.8379418254,20.13570354
dish_1550710402,20.2502772,15.59354347,26.4292343,0.794319436,0.7011536956,0.8806283474,19.18586743
dish_1550711973,22.82031812,21.00529248,24.85389697,0.799714413,0.7607728839,0.8330671191,22.6540981
dish_1560444815,14.09845482,10.8238605,17.37304914,0.5783659369,0.4678030312,0.6889288425,12.96575617
dish_1563308428,15.98965737,12.05086604,22.58676147,0.7951837381,0.7419691682,0.8462677002,14.19035584
dish_1550772960,20.92524925,14.7891982,25.8456114,0.8120392933,0.7110853791,0.8873333931,19.09478396
dish_1567110665,11.56076964,10.47868021,12.82295988,0.5809628566,0.5734313726,0.5877830386,11.4562413
dish_1565118782,12.96786308,12.89263078,13.04309538,0.6308542788,0.5969282389,0.6647803187,12.96721149
dish_1551563591,22.06104895,16.98352466,24.67180937,0.8589344397,0.8412448168,0.8874650598,21.07898754
dish_1550862036,24.76091088,14.29377477,28.48418737,0.8522011439,0.7873123884,0.8938062787,21.89715311
dish_1550779153,21.48699299,17.40069381,24.98718922,0.7968686372,0.7644890547,0.8364005685,20.92449166
dish_1551379922,22.45229938,21.36232415,24.05624109,0.8257166073,0.790111959,0.8894644976,22.38335609
dish_1551488197,21.02121824,13.82784343,25.9006357,0.7983927131,0.7292481065,0.8708468676,18.67343629
dish_1551223311,23.27822653,16.22708019,26.60743596,0.8544148877,0.7816682458,0.9015804529,21.43972914
dish_1573679123,14.54551047,9.768311044,19.3227099,0.471466139,0.2953449786,0.6475872993,12.32223199
dish_1550712913,22.04433426,16.95084931,26.27936315,0.8445585445,0.7924246788,0.9041950107,21.00934518
dish_1550875058,21.88170039,15.10680558,25.69167114,0.8200655133,0.7960417271,0.8509312868,20.63109652
dish_1565033220,11.02451786,9.370715953,13.66388277,0.622646451,0.5223636627,0.7314459085,10.65984261
dish_1561662814,14.40536385,12.95650782,15.85421988,0.811049968,0.7758848667,0.8462150693,14.16804065
dish_1559668314,17.35408308,13.43266798,21.27549818,0.6026478708,0.5545548201,0.6507409215,15.78220688
dish_1560455442,17.07537852,10.18038663,23.97037042,0.6455699056,0.4924875796,0.7986522317,13.01291312
dish_1551323794,21.0251589,15.67183231,25.10524466,0.8368710015,0.6920538545,0.8878516555,19.55563959
dish_1560356355,16.60450587,11.80664136,21.40237038,0.5784379989,0.4951325953,0.6617434025,14.36466746
dish_1566246415,9.151722802,8.216416047,9.994624483,0.6393312017,0.5708270073,0.6801899076,9.090134768
dish_1560445069,12.08953849,11.59217954,12.58689744,0.654843241,0.6377946734,0.6718918085,12.06112147
dish_1562615283,16.06200218,12.20393819,19.4892081,0.7934990128,0.7380499244,0.8813412786,15.04578292
dish_1551381404,11.78265017,8.606455259,15.54502927,0.6832908647,0.5850904584,0.792529583,11.27166335
dish_1566333194,12.70733671,11.53929689,13.76084009,0.7105224133,0.6003185511,0.7679829001,12.61117736
dish_1558115169,21.89060663,17.65896379,26.12224948,0.7376921475,0.6911445856,0.7842397094,20.09088053
dish_1562775574,13.69626218,10.22117163,15.70420053,0.7647258838,0.6685819626,0.8187998533,12.94195672
dish_1563205903,19.59634651,17.91376017,20.83697474,0.8913354278,0.8752313256,0.9083450437,19.41496676
dish_1563393148,14.74921121,12.95290496,17.93412986,0.7754227916,0.7529873252,0.7871468067,14.24497658
dish_1550791644,23.16020414,16.38223735,27.9198758,0.8569561177,0.7594415545,0.9035287499,21.32882911
dish_1550876298,22.45991015,17.24572436,27.66567418,0.8566774428,0.8012446761,0.9097059965,21.15705801
dish_1565896745,14.25826393,9.855887229,22.20572268,0.6985750596,0.5800256729,0.8413439393,11.88765805
dish_1563984771,10.60532983,7.913154469,12.30758476,0.6564256549,0.6055452824,0.6861305833,10.15126385
dish_1568132521,10.41340535,9.269666323,12.06357105,0.6338201563,0.5536661744,0.6832871437,10.25861319
dish_1566414642,15.77499267,12.23805313,19.46339677,0.7389172514,0.6130040288,0.8064368367,14.8395438
dish_1563910708,11.54993829,9.468797877,14.66810581,0.6374238729,0.5579158068,0.7340186238,11.04199
dish_1568144925,10.14348714,9.047476742,11.86480554,0.6352140705,0.5714315772,0.6718731523,9.980533374
dish_1562790295,13.6649056,10.48235887,15.74140963,0.7244599064,0.6692767143,0.764919579,13.02529009
dish_1562181285,12.05473603,8.385330746,15.54818895,0.6804528634,0.5815563798,0.7465133071,11.10254816
dish_1563812535,12.19150755,9.805983324,14.4653517,0.7038879991,0.6264021993,0.7896974087,11.77885567
dish_1551491216,21.00629046,14.1467528,28.83612498,0.8255441114,0.6382754445,0.8954282403,18.76554251
dish_1562615153,16.71667411,11.4629131,21.97043512,0.7078337669,0.6039223075,0.8117452264,14.10305046
dish_1562776497,14.30582407,13.12912697,14.9249662,0.7075336576,0.691909194,0.7234733105,14.22287057
dish_1563476646,18.9623729,11.83767008,28.66678326,0.805219988,0.7106257677,0.9134506583,15.23562743
dish_1566592456,10.95461648,10.02545916,11.47918078,0.5831528207,0.4837329686,0.7194519639,10.90305856
dish_1550707357,23.63617464,21.2576905,25.81656192,0.8390656561,0.7528602481,0.9353075624,23.3150113
dish_1551566130,22.83666283,18.92877074,28.15466682,0.8354141116,0.7726700306,0.8892324567,22.13931111
dish_1550874872,22.83382197,17.87915876,27.67571851,0.8342754973,0.7367726564,0.8845596313,21.70268083
dish_1550785526,19.81609738,17.18185058,21.83415744,0.7333383933,0.6771118045,0.7629960775,19.39358179
dish_1567110631,14.6336564,12.85027584,16.63241018,0.6355904142,0.5430058837,0.7725454569,14.36728826
dish_1551304608,23.41693656,20.2581657,25.30026833,0.8284301625,0.778111577,0.8597441316,23.13338548
dish_1566328745,16.1658411,13.82029858,19.84334241,0.7791026831,0.7184231281,0.8362726569,15.49157696
dish_1551227669,19.57490185,16.36549665,22.56151512,0.7439926267,0.6646711826,0.8150621653,19.17381052
dish_1563823894,10.11046841,5.670621398,15.50311563,0.6472923756,0.5583626628,0.7253746986,8.533056237
dish_1563304369,13.61895829,12.02197397,14.85965342,0.690019091,0.6459648013,0.7256861329,13.45255842
dish_1562872981,14.63693794,11.095653,18.17822288,0.7579289675,0.6993310452,0.8165268898,13.32948154
dish_1551567694,23.00588366,18.26971046,27.73221595,0.8716047481,0.8233262897,0.91089046,21.83974664
dish_1559590130,14.57597213,13.76786118,15.70741498,0.6782284776,0.5437557101,0.7670012712,14.50069811
dish_1550785697,19.6700935,13.93480073,23.77023634,0.7743427924,0.7113639712,0.845308423,18.61279187
dish_1550773394,19.89744179,13.49613287,24.83129624,0.800537616,0.7067465782,0.8715749383,18.47167919
dish_1563464457,13.67507432,11.434312,15.91583664,0.789593339,0.7207395434,0.8584471345,13.12097103
dish_1551227050,21.07197504,19.2712679,23.1621075,0.7886037901,0.7245944142,0.8248775005,20.91156736
dish_1562169818,11.80064787,10.81965438,12.78164136,0.6403973103,0.6354730129,0.6453216076,11.69078298
dish_1560367926,10.82962153,8.917366877,12.74187619,0.6137650907,0.5478613973,0.6796687841,10.42156542
dish_1563824065,14.9602541,13.92449951,15.99600869,0.8379291594,0.8026587367,0.8731995821,14.83789824
dish_1557937574,20.0141406,15.99953164,26.69269525,0.8115946174,0.7945024371,0.8669432402,18.78883175
dish_1565023128,17.63644687,11.88368111,23.38921262,0.7708196044,0.6885045171,0.8531346917,14.59728493
dish_1559668016,19.33868274,17.27458041,23.14489941,0.7274569869,0.7201437354,0.7374466658,18.646623
dish_1561061687,10.47231257,9.647563194,11.29706195,0.4560159594,0.4078640044,0.5041679144,10.39446656
dish_1551234185,16.69712252,9.641603503,23.09354733,0.7548412904,0.5512391925,0.850133419,14.31741554
dish_1550796330,22.77092282,19.44979896,26.144528,0.8049024865,0.7383877635,0.8276732564,22.26696233
dish_1562010369,10.88482794,10.5850728,11.18458308,0.5826856792,0.577196002,0.5881753564,10.87449142
dish_1563551105,16.01887948,13.11922395,20.57213752,0.7947701414,0.730661273,0.8919775486,15.03409279
dish_1561662869,9.154829992,8.794931445,9.514728538,0.660176903,0.6316437125,0.6887100935,9.139934686
dish_1550773200,21.2039051,19.16772483,24.06512153,0.7526612058,0.682297349,0.8008735776,20.88835123
dish_1551395088,23.34476965,19.2685578,25.87407119,0.8711423203,0.8441749811,0.8975854516,22.70720904
dish_1561491154,17.37929604,13.10658712,21.65200497,0.8001526594,0.7788795233,0.8214257956,15.54866059
dish_1558116001,15.0639622,12.83307918,17.29484522,0.6168638766,0.5602656007,0.6734621525,14.51453863
dish_1563996279,12.5083203,9.014803812,14.92770862,0.7187774777,0.6732366085,0.7648642659,11.72962477
dish_1551228876,24.5128802,21.82227384,26.90500079,0.8583753407,0.8236585259,0.8915260434,24.25851344
dish_1551313896,19.30811676,16.00686804,21.94799733,0.7632482722,0.6780935526,0.8522588611,18.74197126
dish_1550873486,24.85522521,21.18452963,29.23151183,0.8774957789,0.8192846179,0.9190291166,24.1362145
dish_1562698100,12.57417139,12.38925696,12.75908582,0.7358494401,0.6908635497,0.7808353305,12.57023592
dish_1550859622,21.32577254,16.92624782,25.35084599,0.8002079204,0.7440155745,0.8759092689,20.54738243
dish_1557937715,17.5634914,11.14716247,22.27047937,0.7538186312,0.6410440207,0.8067073226,15.65719242
dish_1561574428,15.52638925,10.63774863,20.44454964,0.6986970703,0.6076347828,0.8166681528,13.85194894
dish_1563812615,11.30326635,7.654686522,15.84035428,0.6651139061,0.5534428358,0.7701252103,10.16890158
dish_1551224001,11.271926,7.63924177,15.4581201,0.6846507937,0.5909491777,0.7892235518,10.70397787
dish_1551567084,14.76303423,11.64546121,16.52556741,0.7736686543,0.577773273,0.8389111161,14.41180899
dish_1562691737,12.74284513,6.665650738,16.51614735,0.6488935749,0.4614945054,0.752548337,10.47236141
dish_1550796973,19.290209,12.12241508,25.06329643,0.8133952394,0.6005915999,0.8967350721,17.46669308
dish_1551234106,21.40993694,16.97561838,24.81106212,0.81684836,0.7583519816,0.8597971201,20.55824619
dish_1563389786,9.826144879,8.316511383,11.33577837,0.6673073769,0.655431807,0.6791829467,9.568885704
dish_1566936323,13.63927215,10.70200789,17.81146167,0.7242074609,0.6772450209,0.7977977395,12.75415547
dish_1559846334,11.90727571,11.8405121,11.97403932,0.6115886867,0.59242028,0.6307570934,11.90676256
dish_1566414686,14.1114559,10.32414618,22.18388188,0.656161353,0.5145694017,0.796310544,12.46582845
dish_1551395512,23.70784433,19.30848959,26.6572808,0.871106334,0.8109976649,0.8955393434,22.84555803
dish_1551382149,22.65847041,17.94428261,25.00522839,0.8162398711,0.7208528519,0.8625816107,22.05418426
dish_1550711314,21.9721109,17.01169328,25.54419346,0.7812785953,0.7007505894,0.8410234451,20.99285387
dish_1551493916,20.61381115,16.95389857,23.80835455,0.7725501988,0.69445467,0.8367330432,19.95602281
dish_1566936297,17.74884052,12.97285561,23.85414082,0.7934374015,0.7237084508,0.8568257689,15.886277
dish_1562614158,12.58259957,9.296903343,15.86829579,0.6820222139,0.604237318,0.7598071098,11.4428147
dish_1550773430,22.98811922,13.56799309,26.90007067,0.8549338447,0.8018015623,0.9281225204,20.60358693
dish_1551391477,19.35705282,14.68214343,24.26892802,0.8028793111,0.7130178809,0.8682265878,17.99196481
dish_1561576652,10.56835465,9.717709486,11.41899981,0.561334908,0.5484075546,0.5742622614,10.48557473
dish_1551236712,12.43748215,9.773031344,17.20608673,0.7262184024,0.5693168044,0.84010607,11.99548647
dish_1557937157,19.99631168,18.16626673,21.99295071,0.7676756144,0.6999567151,0.8079020977,19.69488447
dish_1568146942,15.45962923,10.4914648,23.4958024,0.7273563345,0.6614601612,0.8559595942,12.96918772
dish_1551493823,22.3816029,16.04988479,24.95348415,0.8190168142,0.7210769057,0.8480408788,21.23608318
dish_1561739954,11.41084604,11.16410188,11.6575902,0.7290742993,0.7133008838,0.7448477149,11.40384043
dish_1563309315,12.24598156,9.311645484,15.18031764,0.7003926933,0.6454129815,0.7553724051,11.3220316
dish_1551303437,20.79492093,13.89590505,24.96729245,0.7917246073,0.6785902381,0.8592588902,19.29073004
dish_1558381665,23.30380802,17.82037285,28.78724319,0.7674031854,0.7105172276,0.8242891431,20.49627004
dish_1550873572,18.04971056,13.44386257,27.17448221,0.8049327003,0.6620916724,0.8774118423,16.36779424
dish_1550795856,16.04812,12.03613431,25.21699701,0.7625865936,0.6709637642,0.8723958731,14.91584899
dish_1561576449,18.35409389,13.72405348,22.9841343,0.811417222,0.709977746,0.912856698,16.24770364
dish_1561578839,9.932654961,9.350579912,11.08967596,0.5259940426,0.4313520789,0.6235999465,9.859309398
dish_1563391647,15.95535413,15.0191636,16.89154466,0.8370209634,0.829616189,0.8444257379,15.85522072
dish_1550705623,21.62737811,16.00543969,26.55145749,0.8143753558,0.7331207395,0.8432195783,20.44818366
dish_1551395800,22.80031686,21.17384062,24.74618149,0.8393848273,0.82007128,0.8647809625,22.62900875
dish_1565727875,12.70211215,10.2973731,15.1068512,0.6699523926,0.5580174923,0.7818872929,12.06782051
dish_1563378435,18.25208649,12.22770225,25.31983898,0.7933003306,0.7201959491,0.8699529171,15.64224724
dish_1551314927,20.74871463,17.78735948,24.29172214,0.817335142,0.7658563256,0.8713476062,20.1733606
dish_1559590202,17.95836727,14.13957942,21.77715512,0.6510848701,0.6153820753,0.6867876649,16.4595547
dish_1561666875,13.94768061,12.54758109,15.34778013,0.7434124053,0.7266158462,0.7602089643,13.72579947
dish_1562774129,12.29292628,7.918200016,17.84269297,0.7466584245,0.6872122884,0.832676053,10.70169142
dish_1551233375,18.62560445,8.718420502,23.9298476,0.7593880892,0.4545459747,0.8518930674,15.71021934
dish_1551236011,22.65193814,20.48247033,24.60299758,0.8036399824,0.7497435212,0.8365974426,22.39900917
dish_1562874049,16.37701286,14.87165542,17.83283952,0.8665831486,0.8617491126,0.8711452484,16.20929121
dish_1551235699,21.7413874,12.78063612,26.45069894,0.8204818591,0.7442952394,0.8678922653,19.3734322
dish_1560369102,10.64380118,8.535254599,12.75234776,0.5854757577,0.4938772023,0.6770743132,10.15086949
dish_1551566277,24.5447653,20.35873509,26.18159473,0.8737414016,0.8318523765,0.8875979781,24.14382046
dish_1567714813,16.54280009,11.25514848,24.89923347,0.6953986684,0.6098693609,0.8442563415,13.86956804
dish_1565119669,14.6624211,9.563524535,22.81165177,0.809086442,0.7640108466,0.8921784163,12.10425307
dish_1568666230,15.74192004,11.84391301,20.54797514,0.7005044023,0.6092031002,0.7590699792,14.47432703
dish_1567538303,13.36098803,10.2959052,16.85864256,0.7096726497,0.6531903744,0.7959097624,12.59695565
dish_1551233150,18.58089359,11.20251222,26.61359666,0.792304188,0.6278030276,0.8749258518,16.28153519
dish_1550862733,22.18748425,17.06248976,28.42202544,0.8230119944,0.765042007,0.8623502254,20.91953064
dish_1563813436,13.1803388,8.401622877,20.01585504,0.6991880735,0.567555964,0.8251581192,11.12272712
dish_1562690144,12.33013646,8.680469535,14.79920434,0.6756056746,0.5987458825,0.7410812378,11.48371644
dish_1562963246,15.6373438,14.52122533,17.74318494,0.8116063078,0.7503361702,0.86574018,15.40515447
dish_1558114609,16.80709234,10.56211069,23.05207399,0.5571836531,0.4437068105,0.6706604958,13.33427373
dish_1550874829,21.38326185,13.61033169,29.42356622,0.8368629143,0.7727102637,0.9061543345,18.39051229
dish_1551228669,22.2380305,19.24801521,25.5134932,0.8199564219,0.7820811272,0.8660066724,21.78698933
dish_1559675146,13.28542415,12.18310738,13.98248171,0.6419288715,0.5410988927,0.7052021027,13.21141907
dish_1550772892,21.06956723,16.33443518,23.79389454,0.7733824551,0.7121960521,0.8101758957,20.40523904
dish_1560454562,17.64115775,14.32353293,20.95878258,0.6538976729,0.6214568019,0.6863385439,16.48089982
dish_1559841163,12.70119796,10.84721985,14.55517606,0.5443901271,0.4777239263,0.6110563278,12.31693752
dish_1561665706,12.55196484,11.72285396,13.38107571,0.7218404412,0.7083659172,0.7353149652,12.47329825
dish_1568141871,16.12671438,13.47014426,20.78843349,0.8278262218,0.7817970514,0.8741202354,15.13200706
dish_1561574848,9.612596846,9.581399152,9.64379454,0.5420970321,0.4987981915,0.5853958726,9.612484792
dish_1565118999,10.92792487,9.267832414,13.24207856,0.6247829199,0.5904944539,0.6699514389,10.6272709
dish_1566245437,9.697963303,7.958566899,11.85990082,0.595808059,0.5108854771,0.667740047,9.483508273
dish_1550785404,21.72352366,17.80106096,24.13990174,0.7825362235,0.72148633,0.8368504643,21.26360627
dish_1551389268,20.45906421,14.97409775,22.42072247,0.7951517627,0.712074399,0.8425070047,19.7342184
dish_1560456326,15.65409935,14.5306982,16.7775005,0.786223352,0.7855897546,0.7868569493,15.51039476
dish_1559845046,15.86047957,13.37785726,17.38824866,0.6486789584,0.6008656621,0.675324142,15.47660918
dish_1550771330,21.58080961,15.28410751,26.74025385,0.853798151,0.8098322153,0.8979904056,19.88809416
dish_1565195436,17.89447614,13.67611239,25.86787006,0.7801875472,0.6769763827,0.9067813158,15.52658636
dish_1565711570,11.77757486,10.06820872,13.40598083,0.650021553,0.5951425433,0.6997575164,11.56409208
dish_1550708875,22.14064431,14.72380463,27.7423422,0.7879084614,0.7007715106,0.8744200468,19.32696055
dish_1550705445,21.79896427,14.5699606,28.18403174,0.8296118975,0.7669537663,0.8747851849,19.5428156
dish_1562861125,11.97852331,10.86654269,13.09050392,0.7946726084,0.7891491652,0.8001960516,11.83769466
dish_1551567396,22.37276561,15.96713569,25.63382554,0.8187520579,0.7770050168,0.8594522476,21.25264405
dish_1568147009,12.92960432,10.45909652,17.5855482,0.6618404984,0.5575670004,0.8003361821,11.94596617
dish_1562958603,15.15919327,14.59839028,15.71424573,0.7652950883,0.7322268486,0.8001012206,15.13531652
dish_1560370804,10.99871362,10.5049068,11.49252045,0.7124394178,0.6816604733,0.7432183623,10.97070019
dish_1566502211,13.82677865,9.451497038,18.7150655,0.757779638,0.695525527,0.8488195539,12.37745967
dish_1560526447,10.13108463,9.431369029,10.83080023,0.5755885839,0.5425893664,0.6085878015,10.07495932
dish_1565119642,13.25194039,9.813051981,16.69082881,0.785367161,0.7130155563,0.8577187657,12.01268415
dish_1551304571,23.29024326,15.10133424,28.59509649,0.8583232827,0.8160092235,0.8933320642,21.39711004
dish_1560799368,21.18995142,19.9848376,22.39506523,0.7048340142,0.6907299757,0.7189380527,21.02485197
dish_1563207332,21.67463149,21.12954879,22.21971418,0.8835883141,0.8753207922,0.8918558359,21.64051428
dish_1562875320,16.31602467,15.47646388,17.75140167,0.7348666191,0.7276924253,0.739807725,16.20331947
dish_1566849208,14.20974278,9.840126207,18.57935936,0.7062488496,0.5970144868,0.8154832125,12.30550923
dish_1559842274,14.82712612,12.68060969,16.97364254,0.7424749732,0.6824300885,0.8025198579,14.31695154
dish_1550770616,22.60019398,13.53162612,25.28336986,0.8502117172,0.7912060022,0.8867191076,20.34634267
dish_1562698209,20.04198331,11.17255701,24.53572168,0.787398994,0.6482414603,0.8767072558,15.55571458
dish_1550711017,21.06763233,15.46374911,25.19383777,0.8194969222,0.7215467691,0.8579807878,19.25195122
dish_1550862272,20.62961946,18.12598958,24.29969208,0.8096928969,0.781065166,0.8521059752,20.26369784
dish_1563389042,12.38177124,12.07520987,12.6883326,0.7412410975,0.7015126348,0.7809695601,12.37096038
dish_1562958721,11.30852664,9.705991033,12.98965064,0.7451084455,0.6626086235,0.8299508095,11.10550484
dish_1558030182,17.58565545,11.35045587,23.82085503,0.6774183214,0.5172746778,0.837561965,14.1215728
dish_1563395449,11.29509179,9.150055389,13.44012819,0.6665017307,0.6022623777,0.7307410836,10.78559425
dish_1561579706,9.000043913,7.764009818,10.94869468,0.5115442077,0.4761013985,0.5569339991,8.793645065
dish_1561576954,9.187771227,8.283698364,10.09184409,0.5657305717,0.5510165691,0.5804445744,9.09434248
dish_1563823292,12.50346246,10.87043428,15.3981512,0.7135639787,0.6068774462,0.8045237064,12.08024123
dish_1551374712,22.5045147,18.09873462,26.90573368,0.8473112956,0.7883117199,0.8979362845,21.61046719
dish_1551314022,13.17988769,9.724155081,19.31779167,0.7406300828,0.6583207846,0.8528677225,12.48610223
dish_1551135363,23.12804659,20.40262219,24.83138329,0.8006320993,0.7727962732,0.8216371536,22.91620841
dish_1562774206,11.83420198,10.6543167,12.73901387,0.7189267278,0.6468421817,0.7579538822,11.74433899
dish_1551492369,20.41170052,15.58355706,23.78596997,0.7743618563,0.7054613233,0.8277717233,19.64799836
dish_1562613010,13.86664673,11.67410796,18.05268658,0.699079593,0.6522337794,0.7797249556,13.04996396
dish_1550772270,19.25685993,15.85414546,24.0213873,0.7766750231,0.7243483663,0.8505085111,18.29561612
dish_1566850099,12.17710507,7.385251549,14.97520251,0.742293934,0.6889204979,0.772723794,10.74571292
dish_1563219035,14.77627145,9.646025157,21.51104033,0.7356094519,0.6681643128,0.8281098008,12.62996171
dish_1551378344,22.83780337,16.93065341,25.18174127,0.872310482,0.8476621509,0.9028839469,21.90515568
dish_1559845290,16.37838669,15.48191007,17.27486331,0.7899110615,0.7873109579,0.7925111651,16.28651043
dish_1565884692,20.71043182,18.02739209,23.18437772,0.9019109209,0.8867930174,0.9276449084,20.20077357
dish_1561393649,13.03915064,12.02105608,14.05724521,0.6318905354,0.5322760344,0.7315050364,12.92089451
dish_1551314163,22.65993005,15.34187008,25.90881808,0.8373546451,0.7698816061,0.8761329651,21.1190611
dish_1551222225,21.52336985,17.34600343,25.55540643,0.8158452362,0.7356546521,0.8700050116,20.7713606
dish_1550861124,20.22118504,15.11109718,24.70459498,0.791688256,0.7204651237,0.865013063,18.63005553
dish_1563897439,13.06895091,12.32669914,14.31955101,0.7397492528,0.7246308327,0.7562772632,12.98245011
dish_1562774980,13.6672481,11.77170711,15.5627891,0.7794159651,0.7531520128,0.8056799173,13.26608316
dish_1561579902,10.08532795,8.499414069,11.91393566,0.5973541935,0.5154918432,0.7058279514,9.867113977
dish_1551233491,18.53502065,14.07928989,25.0312701,0.8152718118,0.7437785268,0.8662499785,17.18843411
dish_1568061234,10.85602855,10.21473792,11.31011723,0.6636181474,0.6397370696,0.6913122535,10.83054453
dish_1563304958,17.04181097,13.66534427,22.37880064,0.7361869812,0.6927601099,0.8084203005,15.75016812
dish_1561060642,11.9603408,11.17053733,12.61220652,0.5798336565,0.4978072345,0.6298350692,11.91883774
dish_1563827110,15.71158642,14.84142333,17.06978956,0.7636762857,0.7208276987,0.8225033879,15.60827586
dish_1561574215,9.113744448,6.636749205,11.0673728,0.4992452761,0.397349745,0.5705114007,8.708929346
dish_1560453294,13.82085738,11.08880358,16.55291118,0.7654743493,0.7335948944,0.7973538041,13.01285397
dish_1550706891,23.14844749,17.92231339,26.26088253,0.8394774795,0.7812923789,0.8711769581,22.31263199
dish_1563567663,10.920145,9.398962752,13.77656204,0.6261112889,0.6076575518,0.6468526721,10.50960224
dish_1551563890,21.33405764,18.39041386,23.93779197,0.8279239668,0.7909471393,0.8635321856,20.87494008
dish_1562871363,18.12855505,13.88697668,22.2409032,0.8482711514,0.7528023124,0.9061205983,16.86378503
dish_1563564760,12.95321166,7.824292116,21.01298375,0.6044902901,0.4272815287,0.8038068414,10.41851892
dish_1551382179,21.74182781,18.64842723,23.85832108,0.7954848707,0.7589332461,0.820330441,21.38541788
dish_1550862349,23.29897462,21.07269848,24.57831602,0.8294215873,0.7593091726,0.8663830757,23.16318528
dish_1562700760,11.63147791,9.2407635,14.02219233,0.745277524,0.7210475206,0.7695075274,11.00422791
dish_1566417516,14.46439646,9.30233912,20.48077342,0.6608990232,0.5789247751,0.7869708538,12.46853849
dish_1561577177,8.708783779,8.477418579,8.940148979,0.615655899,0.6135672927,0.6177445054,8.70262384
dish_1551323662,21.74582421,13.90199135,24.65324544,0.79694736,0.7468808889,0.8452693224,20.08278134
dish_1561491210,11.23683348,11.09113544,11.38253151,0.6538502872,0.6408913732,0.6668092012,11.23438998
dish_1562603536,16.00839201,15.00160138,17.01518264,0.7831600606,0.7701976299,0.7961224914,15.89272436
dish_1566847454,12.03128512,9.185663873,13.93963628,0.692268312,0.6047845483,0.7605764866,11.51862612
dish_1551389506,22.91890577,18.03779587,26.42527763,0.8603318185,0.8444359303,0.8858992457,22.07431332
dish_1559667994,14.00667554,12.97409567,14.97758594,0.6162607869,0.5096805692,0.6880654693,13.92923736
dish_1562872182,14.95156602,9.266707351,22.43336289,0.7997183204,0.7529333234,0.8472621441,12.404079
dish_1563550950,12.28252836,11.60402045,12.98590532,0.7468770146,0.7173058391,0.7769685984,12.24603222
dish_1551137091,22.12071249,15.38437585,26.33006464,0.7996627316,0.6780986786,0.8550367951,20.73527874
dish_1563382953,15.97514592,14.86787108,17.7102668,0.7720294595,0.7164750695,0.8308104277,15.80956744
dish_1565117962,17.82013614,15.2533222,22.5456574,0.7751059135,0.7254769802,0.855266571,16.80886589
dish_1566851155,10.30260556,10.13793275,10.51064064,0.6373269359,0.6263766885,0.6508486271,10.29984543
dish_1557853229,22.26059938,16.75983012,24.58031955,0.8381948206,0.7882815003,0.8917834759,21.33341954
dish_1550797791,20.78257393,13.1480186,24.3129091,0.7600078359,0.6954607964,0.7988927364,19.126361
dish_1551228582,22.11474195,15.20349042,25.89037685,0.8652906567,0.8115853667,0.9134780169,20.70988014
dish_1559850338,12.57574549,8.895069442,16.25642154,0.6157889664,0.5150419474,0.7165359855,11.17333207
dish_1565109606,16.15120413,12.62854826,22.77654842,0.7839152614,0.681828022,0.8966168165,14.37975021
dish_1551313822,17.92153062,10.35843348,23.53623645,0.8017983958,0.5915525556,0.8845252395,15.09904477
dish_1566242195,9.996165623,9.355600713,10.63673053,0.6266154945,0.5996051431,0.6536258459,9.949095693
dish_1550769827,17.05708539,12.02270388,24.49932949,0.7828658149,0.6076013446,0.864199996,15.44445276
dish_1562960437,16.11907804,15.0473719,18.11619037,0.8605320454,0.7934022546,0.8969679475,15.90891161
dish_1551378397,19.86534174,12.65258968,23.55382733,0.7937597707,0.6713883877,0.8666489124,18.35358065
dish_1550860307,22.12300104,17.23136791,27.44854844,0.8490945962,0.7686616778,0.9065539241,20.32934926
dish_1565195493,15.81727011,12.37075274,21.09075586,0.7574597398,0.6656989455,0.8503376842,14.53409809
dish_1551124481,22.41273982,17.36896977,26.60041074,0.8098885864,0.7384784818,0.8554102182,21.555698
dish_1561664977,12.90360503,12.57247068,13.23473938,0.7957029045,0.7944409847,0.7969648242,12.89099332
dish_1551565096,22.35415672,18.33636325,24.63534028,0.8315032944,0.8050511479,0.848308444,21.85382804
dish_1551224283,24.31227508,20.28219442,26.80219663,0.8725380525,0.8387117982,0.9208655357,23.72957674
dish_1551381496,22.72025247,21.09790609,27.5162851,0.80791118,0.7390938997,0.828583777,22.41192946
dish_1551487779,22.77320665,17.45541437,26.10291808,0.8550768495,0.8350108266,0.8764210939,21.96436168
dish_1560454539,13.41848882,11.56946485,15.2675128,0.6662121117,0.6371958256,0.6952283978,13.03622116
dish_1551137277,22.25973367,16.81693662,26.12520015,0.7773675124,0.7261318564,0.8265071511,21.33648976
dish_1557853429,22.44741686,18.6058305,25.5548276,0.7943329513,0.7113575935,0.8283115029,21.93004845
dish_1563827482,13.73616964,10.11113264,18.14025128,0.7371727824,0.6785507202,0.7999522686,12.63776762
dish_1560368019,9.876526743,8.679573199,10.73233787,0.5866400599,0.478197515,0.643587172,9.786367894
dish_1551564857,20.16122696,13.99108723,22.96080486,0.7884057835,0.7548039556,0.8160575032,19.1473368
dish_1550775219,14.65684788,13.20211914,17.66294526,0.7806850448,0.707888782,0.8542167544,14.46870169
dish_1560444948,13.25586653,12.30673244,14.36831227,0.6825507482,0.5766564608,0.7569969893,13.17467573
dish_1566328929,16.2847988,13.17794566,22.37271014,0.7817489703,0.7196337581,0.8511354327,14.74391181
dish_1562963612,19.39916121,15.66699491,24.91659937,0.8455456694,0.8201146126,0.8850110769,17.9890537
dish_1567798511,17.35433111,12.48279811,23.77143381,0.7950292528,0.6998170018,0.8788532615,15.59252224
dish_1565981898,10.57653477,8.187708006,12.96536153,0.6319663823,0.615529716,0.6484030485,9.950229946
dish_1550793192,21.38942178,17.7282677,26.30579341,0.839454025,0.780990541,0.903619349,20.46952333
dish_1565972628,11.11688075,9.576635056,13.20768384,0.7102573713,0.6921693683,0.7278422713,10.86553384
dish_1563551220,11.86467955,7.51327167,14.38070185,0.6395656268,0.5901787877,0.6812244654,10.68182644
dish_1565383097,12.58373846,12.06096622,13.1065107,0.6000359654,0.5874581933,0.6126137376,12.55235038
dish_1558030724,12.32874248,11.02920731,13.62827765,0.5798249543,0.483941853,0.6757080555,12.13714717
dish_1563813360,14.41363601,11.28431673,19.8789205,0.7704416513,0.6959245801,0.8339731693,13.10811744
dish_1567106646,15.16798469,8.432337468,25.89563509,0.7323236863,0.6606875658,0.8691490889,11.30136604
dish_1551490740,24.83057586,22.14646735,26.7695932,0.8721994087,0.8515104055,0.8887931108,24.608406
dish_1561575347,11.29347597,10.84861227,11.73833967,0.5699157715,0.5604482889,0.5793832541,11.2707312
dish_1567023132,13.54015367,13.44253628,13.63777106,0.7492613196,0.7245512009,0.7739714384,13.53905668
dish_1559678629,12.04258907,11.93042454,12.1547536,0.614977181,0.587023437,0.6429309249,12.04114081
dish_1564073860,10.69726921,10.10505602,11.32453867,0.6775913239,0.6682997942,0.6919994354,10.66882443
dish_1558114523,19.02581395,17.07790481,21.40627834,0.7466473579,0.635353446,0.8260062337,18.67985073
dish_1565033110,9.533086304,9.244805741,9.917361352,0.6032319864,0.5296224952,0.6796729565,9.523975125
dish_1562007817,10.10518287,8.402022857,13.01847136,0.5913002888,0.5465009212,0.6739271283,9.674424538
dish_1551566208,15.57343894,7.633912785,23.79778395,0.7342866063,0.56052351,0.9131304622,11.57984041
dish_1560456814,12.17374169,11.28312305,13.06436032,0.6843407452,0.6623158455,0.7063656449,12.08305397
dish_1562688482,15.37116205,14.54129,16.2010341,0.7631423175,0.7294147015,0.7968699336,15.29235182
dish_1561493975,13.68967881,9.869042434,17.51031518,0.7047963142,0.6581443548,0.7514482737,12.18956085
dish_1550711788,22.59261034,16.83824338,25.56082677,0.8035650055,0.6874480247,0.8555448055,21.61441683
dish_1563553735,11.5177286,10.59505293,12.44040427,0.6080693603,0.579025209,0.6371135116,11.42044414
dish_1551123396,17.03003966,12.38968861,23.13154121,0.8033058643,0.73869133,0.8735848665,15.69612364
dish_1551323262,24.1262187,16.2681827,27.35925326,0.8706660204,0.7981452346,0.9043442011,22.43943607
dish_1566502271,16.21937655,10.60562926,19.49069993,0.6902586818,0.5223640203,0.7644992471,14.62741695
dish_1563913627,14.97667561,13.01519121,16.93816001,0.7522149384,0.7031615376,0.8012683392,14.54801263
dish_1562602918,14.18777795,13.098423,15.2771329,0.7375030816,0.7244460583,0.7505601048,14.0525638
dish_1551237463,16.64603583,12.4528617,24.36483506,0.7573976368,0.6991230845,0.8298093081,15.50980108
dish_1562873790,18.19922212,15.59538619,20.80305806,0.826069504,0.7940254211,0.8581135869,17.46137067
dish_1561580431,10.89937493,10.28248258,11.51626729,0.5567434728,0.5555385351,0.5579484105,10.85570833
dish_1560543583,16.04712245,11.79480752,20.29943738,0.6224727333,0.5324314237,0.7125140429,14.23185806
dish_1551394835,24.05728317,17.13620559,27.86192225,0.8744359687,0.8188363314,0.9119048715,22.66207583
dish_1566934085,10.26652547,9.611285608,11.08982692,0.6959119836,0.6871088743,0.7029191256,10.22385657
dish_1551377828,21.7901191,15.98934044,25.48548432,0.7771417424,0.7292174697,0.8600733876,20.64666104
dish_1551124116,21.04030532,12.54331551,26.55840711,0.8040247493,0.7232812643,0.8483581543,18.05238708
dish_1562614921,13.32639245,9.80534593,15.54413206,0.7642198404,0.7022532821,0.8047276735,12.54612106
dish_1563205953,15.34944558,10.47089441,20.13457192,0.8081983527,0.7523017526,0.858098805,13.69991663
dish_1561407249,12.240032,12.08274871,12.3973153,0.5830568969,0.5002574325,0.6658563614,12.23718455
dish_1563996656,18.00981582,11.5838069,22.32886358,0.7961025039,0.6952588558,0.8604640365,15.47571244
dish_1551492287,23.07634297,17.06616303,28.43974703,0.8303556815,0.7627029419,0.8965145946,21.34707423
dish_1551323937,22.34195415,16.19127649,24.7045197,0.802249636,0.6978071332,0.8412616253,21.13088959
dish_1561576026,16.21606464,12.461132,19.97099728,0.7297436297,0.6716656685,0.7878215909,14.76210145
dish_1568665970,13.57665348,11.06949656,16.0838104,0.6696651578,0.5508196354,0.7885106802,12.88992067
dish_1550797031,16.30791833,12.19882647,23.52243394,0.7434452623,0.5761711001,0.8503565192,15.1772966
dish_1565898158,15.94794579,11.89029659,18.48926242,0.823302716,0.783716917,0.852591455,15.10944368
dish_1563207389,15.44596788,10.55747239,20.33446337,0.7570578754,0.6457664967,0.8683492541,13.13309207
dish_1551237854,21.23026101,17.78505784,23.63511132,0.8395375311,0.7962012887,0.8945475817,20.86817019
dish_1551235561,19.82342961,12.71584619,25.70233738,0.7962743267,0.6796060801,0.8818576336,17.78989154
dish_1558461692,14.02911398,11.58408929,16.47413867,0.6983028352,0.6246908903,0.7719147801,13.37440763
dish_1558381860,20.44341806,16.50355905,24.38327707,0.7812796235,0.7787341475,0.7838250995,18.85828524
dish_1551377135,20.18674301,13.94881345,25.69140455,0.8153031319,0.706515491,0.8809425235,18.48979037
dish_1559590031,12.07418971,10.9230382,14.00281923,0.5100390116,0.3927665949,0.5943474174,11.87476426
dish_1550707638,23.25207573,19.99083885,25.55791777,0.8001304045,0.7365475893,0.8278315067,22.81044186
dish_1566416299,12.7354718,10.4363656,15.034578,0.7333072424,0.710930109,0.7556843758,12.1533778
dish_1562945445,12.77496006,7.689965929,16.65757474,0.7180690169,0.6247458458,0.7773045301,11.11959738
dish_1561749908,11.54606725,10.72019932,12.15471162,0.6290609638,0.581392467,0.674149096,11.50300933
dish_1551564352,25.11351392,19.65185145,27.11240308,0.8832510561,0.8527236581,0.9099918604,24.37338648
dish_1563823814,19.78894037,15.68618159,24.12035831,0.8705309033,0.8417173624,0.8931412697,18.54504198
dish_1551373647,22.47679751,17.51800754,26.65444739,0.8641157523,0.8122465611,0.8887596726,21.68797734
dish_1551565752,24.04237255,18.40484711,26.94140436,0.8551304787,0.8026965857,0.8941859007,23.05430638
dish_1563222745,16.14143047,13.51294185,18.76991909,0.8195871115,0.7251440287,0.9140301943,15.3902974
dish_1563381680,13.42879426,12.64509601,14.21249251,0.7159378529,0.6604944468,0.771381259,13.3584643
dish_1562181217,10.78794125,9.894455035,11.68142746,0.7343929112,0.7033859491,0.7653998733,10.69667267
dish_1562958775,12.71378353,9.101319708,17.92622623,0.7158833941,0.659861505,0.787040174,11.41686787
dish_1551490962,11.68146465,9.471129734,17.15423642,0.6707759425,0.529271543,0.8129059076,11.2084359
dish_1563307575,12.52654395,10.47859351,14.57449439,0.6788094342,0.5990457535,0.7585731149,12.06058138
dish_1550874950,21.33049573,15.34975684,25.24740212,0.8041434735,0.731752634,0.8552927375,20.05259444
dish_1562095340,10.09416009,8.636352919,11.75667528,0.6311724782,0.5750542283,0.7031989694,9.911193793
dish_1566244904,12.5554084,8.891281168,18.07049136,0.7338811556,0.6680455208,0.8287041187,11.15952343
dish_1550712315,22.18004712,15.77946613,25.8261731,0.7927251756,0.7226096988,0.8375819325,20.42587912
dish_1562774531,12.31301832,7.069478841,15.10391472,0.6925918063,0.5491127372,0.7669195533,10.61129065
dish_1565724196,13.41252262,10.35031745,19.30560933,0.7756020427,0.6917132735,0.8522096872,12.38271584
dish_1551233523,22.61288287,14.73901512,27.00382,0.8613678589,0.8065723181,0.8945873976,20.89061395
dish_1563998323,16.5651548,12.40554233,19.91324517,0.7979086439,0.7135455012,0.8474518061,15.42787617
dish_1561579673,8.304284943,6.606007124,9.402581986,0.5338700215,0.4549700022,0.6006569862,8.12555083
dish_1565383026,8.22698304,7.493628132,8.960337949,0.5221183598,0.4915111065,0.5527256131,8.165357478
dish_1562613867,11.53545233,10.94409652,12.12680814,0.730375737,0.6922093034,0.7685421705,11.49531524
dish_1562958629,12.40615961,9.78328671,14.45060195,0.7004687587,0.5920326114,0.7589088082,11.95404701
dish_1567024252,15.13169131,8.658991732,23.27908,0.6762527823,0.5247762203,0.8239459395,12.07634425
dish_1562949242,13.75823566,10.99184022,19.15901562,0.765734156,0.7091861963,0.8385630846,12.49444252
dish_1562860073,14.04915913,6.743543642,21.35477462,0.6832600534,0.5367636681,0.8297564387,9.60618546
dish_1565974409,9.886852415,6.412131712,11.91327206,0.6257539988,0.5437049866,0.6814030409,9.132256122
dish_1560453150,9.147043325,8.423399367,9.870687284,0.4745359868,0.4069058597,0.5421661139,9.0870316
dish_1551488776,21.00211857,17.50018009,24.37141349,0.8112400621,0.7806170583,0.8398126364,20.49896921
dish_1550707578,22.29723658,18.31755575,26.61189634,0.8028528243,0.7484051585,0.8339769244,21.46924857
dish_1558029324,14.54677893,12.35016489,18.58791376,0.6394755095,0.546777904,0.7201242447,14.00737298
dish_1563468269,14.30544254,9.27271571,19.33816938,0.7326784432,0.6225543618,0.8428025246,11.87499855
dish_1551135767,21.22681458,16.38213853,24.54423011,0.7873223349,0.7224066257,0.8298820853,20.31135941
dish_1566502537,13.95661341,7.65357003,22.65078371,0.5830683609,0.3591018617,0.7518811822,10.84747435
dish_1563379494,17.67689569,14.01055867,24.4836444,0.8066996733,0.7495113015,0.8883564472,15.82472482
dish_1550773162,21.15601598,18.71256531,26.17550056,0.8274707049,0.7912971973,0.8607115746,20.66568512
dish_1550875293,23.38010098,15.51387902,26.49922277,0.860108301,0.7877822518,0.8957397342,21.56030191
dish_1551379478,23.65505622,20.29307715,27.15208286,0.8600027114,0.7928882241,0.9059330821,23.13922003
dish_1565382762,14.77306782,13.92828455,15.61785108,0.7905151248,0.7628778815,0.8181523681,14.69141779
dish_1568401018,13.99320508,7.770867272,20.21554288,0.6939823627,0.5677340031,0.8202307224,10.54060194
dish_1566244815,10.03643928,9.559907312,10.51297125,0.7424440682,0.7218273878,0.7630607486,10.01034771
dish_1563305083,11.03348467,6.072228917,13.67426835,0.5791064302,0.4481050372,0.6469192505,9.505842192
dish_1551228715,20.83541336,13.52425997,24.49123469,0.8008050578,0.7185543776,0.8831675649,19.08340445
dish_1550706177,13.7478161,9.080803978,23.04528023,0.7146037072,0.5722268224,0.857242167,12.42507954
dish_1550710177,15.47723252,13.42924822,17.7704267,0.762809284,0.6942024827,0.8440086246,15.22762328
dish_1551379045,21.56548845,18.61976462,24.75674608,0.778544046,0.6938635111,0.8461411595,20.99616777
dish_1550875931,23.75637219,17.24271361,27.94888886,0.8402744863,0.7501026392,0.9054062963,21.86305063
dish_1550785975,22.35460061,16.3468943,25.3904763,0.7876516514,0.7397001982,0.8463417888,21.4011919
dish_1551226948,22.7543674,19.23317652,26.96855423,0.8250944316,0.7760545611,0.8634456992,22.25275331
dish_1568313487,9.011666499,8.202515935,9.820817063,0.6057992876,0.5876551867,0.6239433885,8.936720642
dish_1551379852,22.52584718,15.32910647,25.91019994,0.8597139418,0.8153579235,0.8973966241,20.7575003
dish_1563389153,14.77478235,9.077375864,21.56690369,0.7213199536,0.6219514012,0.8268408775,12.37834629
dish_1562603895,9.174920857,9.08170065,9.268141065,0.5752032995,0.5594398379,0.5909667611,9.17392046
dish_1550876055,20.13186289,16.01651858,24.60279797,0.7767323628,0.6860169768,0.8782628179,19.06645081
dish_1560453328,11.80545641,10.09125454,13.00690336,0.674993674,0.5072307587,0.7688134909,11.61995583
dish_1562700957,12.85304179,12.68358172,13.02250187,0.7555021644,0.7438367009,0.7671676278,12.8497365
dish_1550873264,17.24091107,12.86215713,22.13232979,0.7945778029,0.6537880898,0.8489925265,16.26120593
dish_1551566642,24.28194812,17.93688565,26.76159042,0.8732146753,0.7920964956,0.9394962788,23.1102361
dish_1561405411,15.1733865,9.229162156,21.11761085,0.6694221199,0.5837603807,0.755083859,11.96703709
dish_1559675234,13.30659607,11.28592187,14.77995569,0.6180290381,0.494633019,0.6821676493,13.04487172
dish_1566502437,13.46663916,11.56032102,15.37295731,0.7023754716,0.6243610978,0.7803898454,13.06103683
dish_1563221025,13.92296171,9.183883054,16.58853712,0.7192477981,0.5338127017,0.8141680956,12.52463396
dish_1560975628,10.67404015,9.747650879,11.60042943,0.5374506116,0.4966081381,0.5782930851,10.57597687
dish_1550775126,23.34627738,21.61583999,24.87398453,0.8143366799,0.772824347,0.8490806818,23.21680763
dish_1567628157,12.26479284,11.30760666,13.67131611,0.6101733645,0.5660005212,0.6395156384,12.15200757
dish_1576258685,11.12771638,10.8742423,11.38119045,0.3412316889,0.3088847399,0.3735786378,11.12032362
dish_1566587958,14.49459224,13.35272484,16.1212529,0.672100544,0.6168794632,0.7462134957,14.34319985
dish_1565195398,18.79442558,11.22380709,26.36504406,0.8200218081,0.7390836477,0.9009599686,14.10315968
dish_1562687554,15.24121259,14.7063342,16.13381412,0.7435202797,0.6976671815,0.7771161795,15.19636759
dish_1565898331,18.43095512,12.37969541,24.48221484,0.8372963071,0.7809740305,0.8936185837,15.13028915
dish_1550706283,21.18316639,18.30885674,22.80955691,0.7731340528,0.680690527,0.8965588212,20.87965522
dish_1563216739,14.18298815,13.03376603,15.79549574,0.7281061411,0.6936887503,0.761936605,14.03309815
dish_1567542813,16.17378122,15.25340816,17.49678637,0.822336932,0.8040257692,0.8439968824,16.07277498
dish_1561492228,13.6363283,11.96927452,15.30338208,0.6256752908,0.6182618737,0.6330887079,13.32393783
dish_1550710279,22.96385836,16.78437486,28.03865984,0.8302974701,0.7369699478,0.9106249809,21.50129601
dish_1561739238,13.21135061,10.43802957,17.62152425,0.7274846832,0.6844912767,0.7824190259,12.28440473
dish_1550860188,22.26150278,15.36463966,26.46964596,0.8389306813,0.7450675368,0.8967810869,20.6701824
dish_1550785808,23.29629647,18.85418142,28.29215871,0.8474248118,0.7944431901,0.893865943,21.92839876
dish_1551567230,21.88108505,17.70325612,24.53518209,0.8198982328,0.7558009028,0.8594484329,21.14913457
dish_1551232686,22.45441538,17.81329035,25.72239287,0.8540621731,0.822835207,0.8830343485,21.65496816
dish_1563221562,10.8064712,7.466125378,15.51613158,0.7239224116,0.6448270679,0.8360689282,9.704309366
dish_1551566851,24.62674363,19.03688812,28.62191883,0.8674370646,0.7793825865,0.8943347931,23.43076961
dish_1565209922,19.56456949,14.48817317,28.71402308,0.8663697441,0.8290418983,0.9258024096,16.63129023
dish_1551397714,25.66913767,19.61219751,29.41389422,0.8860384226,0.8504713178,0.9182186127,24.73850944
dish_1567022212,9.315662728,8.508705715,10.12261974,0.5914092362,0.5899241567,0.5928943157,9.24112036
dish_1551399031,24.52287655,21.99257632,26.33507243,0.8821066533,0.8553671837,0.8989628553,24.24877607
dish_1563465805,14.5518434,12.43049258,16.01210268,0.8021972577,0.7206517458,0.8456177711,14.26741307
dish_1565811000,13.22079173,12.60204232,13.83954114,0.6560385227,0.6207889318,0.6912881136,13.17686272
dish_1551493723,22.39293528,13.96512652,25.34752933,0.8598496781,0.8088037968,0.8915112019,20.56182306
dish_1563220058,17.85879989,16.29671461,19.88001375,0.8877357642,0.8716652989,0.8974238634,17.61631476
dish_1561751897,15.33721885,8.866798174,24.76239751,0.7579208811,0.684705615,0.8706282377,11.96245809
dish_1551136891,23.85493319,18.9554208,27.26774585,0.8451930351,0.744371295,0.890129447,23.18145096
dish_1568060616,11.52516183,8.268460354,15.20132461,0.6606236299,0.639215827,0.6979453564,10.6769181
dish_1565203094,13.02721895,10.67028591,15.38415199,0.6521162391,0.5873183608,0.7169141173,12.41679073
dish_1562949467,20.29352377,12.8556689,27.73137863,0.8721047938,0.8022503853,0.9419592023,15.72689639
dish_1550774244,23.22514331,17.68368526,27.34152106,0.8543883562,0.7085846663,0.8988941908,21.71371674
dish_1565811287,14.70616687,11.0110902,18.40124354,0.8173684776,0.784018755,0.8507182002,13.29380791
dish_1550705477,18.70369901,13.874864,22.56633115,0.75135649,0.6785635948,0.8077974319,17.65450755
dish_1551566524,22.97672902,17.27608883,25.20028323,0.8595511764,0.8218864799,0.9206094146,22.05787603
dish_1561576295,8.844095333,6.827436038,11.279905,0.5658820669,0.5249965191,0.6026386023,8.479106626
dish_1560357792,19.39216619,13.41049449,25.37383789,0.7126097679,0.6866443157,0.7385752201,16.15288642
dish_1568665052,15.35074104,11.86393568,21.34299779,0.7044199705,0.5764092207,0.7969067097,13.96619209
dish_1557936645,18.46876311,12.52175816,21.21286616,0.7754338086,0.6554389,0.8216246367,17.04701984
dish_1565798531,22.94996586,20.81993859,25.07999313,0.8749820888,0.8704221845,0.8795419931,22.44731171
dish_1561654346,12.72849982,11.00218769,14.45481196,0.6561985314,0.6307028532,0.6816942096,12.39406894
dish_1550861670,22.70746303,15.09771179,25.71044721,0.8407697479,0.8000565171,0.8828615546,21.16580315
dish_1566499633,15.4800251,12.59859607,18.51723222,0.6567925811,0.5193322897,0.746258378,14.84174368
dish_1567525637,13.19309547,8.297858996,18.08833194,0.7183017731,0.6327668428,0.8038367033,10.87476093
dish_1551234252,20.47578751,17.01069498,24.39236961,0.7995135859,0.7239515185,0.862603724,19.88425947
dish_1550778619,18.8655554,12.35848958,24.09265483,0.793296054,0.6770936847,0.8592818379,17.18305573
dish_1566333118,20.03760616,15.2503181,25.74376737,0.8747791052,0.8499019146,0.9164131284,18.2617373
dish_1551396629,21.71145421,15.89722804,25.31002391,0.8538296074,0.8227847815,0.8914447427,20.42413083
dish_1561749818,15.10046365,13.59908265,16.60184465,0.749815166,0.7058854699,0.7937448621,14.84595591
dish_1551303866,21.25028155,18.90526756,22.66930619,0.786675401,0.7394472361,0.8317624331,21.1033455
dish_1561576707,14.13706785,11.44175478,17.9004343,0.6676835815,0.6090502739,0.7413005829,13.39465001
dish_1551489885,23.12598942,17.98176206,26.7247957,0.8617923657,0.7881935239,0.8923408389,22.29107396
dish_1551225764,21.07229228,16.19428624,26.24655877,0.8268397376,0.7665272355,0.8629578352,19.53333325
dish_1551394614,23.3729502,17.11440353,25.97572794,0.8682583272,0.8262987733,0.8910089135,22.31816479
dish_1561580370,14.33501196,13.79299318,14.87703075,0.5942557156,0.5709004998,0.6176109314,14.30127623
dish_1565023182,16.80289187,11.9022996,24.6405332,0.7193091909,0.6514115334,0.8297626972,14.39590789
dish_1550791302,21.64736294,19.65518266,23.53715922,0.8047906533,0.7567669153,0.8744716644,21.43224985
dish_1562959547,10.18728441,7.322101713,13.76512337,0.6267863313,0.5542395115,0.710943222,9.454561416
dish_1563222830,15.61582449,12.61347089,18.61817808,0.7585531473,0.7072386146,0.8098676801,14.65148752
dish_1568401302,16.75214715,11.53299986,21.11494584,0.7509614627,0.6319049001,0.8223177195,14.97852785
dish_1566230258,13.17047077,12.56481891,13.96166452,0.7206652761,0.6899091601,0.7367829084,13.13191896
dish_1557937615,21.20100423,20.67616164,22.22014036,0.8305170238,0.8118752241,0.8389156461,21.15775705
dish_1551379788,12.32984175,10.82441012,13.76548066,0.7177321017,0.657381475,0.7833791375,12.22643538
dish_1551390837,21.80905068,16.05651295,23.19774935,0.8376539946,0.7621051669,0.8708357811,20.99468219
dish_1565640842,7.246880101,6.561073417,7.932686785,0.3528424501,0.2624534369,0.4432314634,7.192954827
dish_1550861458,20.51374701,13.31683048,23.78533558,0.7987901643,0.7417978048,0.858997345,19.01792036
dish_1551394874,21.88239182,16.2401195,24.96832114,0.8450321034,0.8061906695,0.8793346286,20.90313747
dish_1563220767,18.10475665,16.3177963,19.30203485,0.8745065729,0.8561267257,0.8846953511,17.90513496
dish_1551399293,22.12277227,17.29279722,25.39272497,0.8489082919,0.7995977402,0.8848816156,21.31022146
dish_1551399402,22.4263515,19.23758002,24.96954249,0.8282526955,0.7234684229,0.889660418,21.92551488
dish_1560527105,8.548561206,8.277601531,8.819520882,0.5728782415,0.5353133082,0.6104431748,8.540113993
dish_1562086116,16.97627733,16.07729586,18.44390003,0.781218648,0.7533704638,0.8004239798,16.85759022
dish_1550705888,19.22417142,13.97147337,24.16541402,0.7800499052,0.6933644414,0.8636860847,18.06785846
dish_1567801830,12.19374683,10.90753011,13.05596709,0.6010273099,0.5681004524,0.6473469138,12.09130399
dish_1564082212,12.22709075,11.18609692,14.00196128,0.6945698659,0.611667037,0.806270659,12.05746671
dish_1560367698,13.29062424,11.95895582,14.62229267,0.6894719601,0.6197752953,0.7591686249,13.08958211
dish_1558030383,14.90054548,13.70710331,16.14649138,0.679880634,0.5371901989,0.7584034801,14.76584481
dish_1551392654,22.43878654,17.06741546,25.04001798,0.8254712895,0.7834726572,0.8578417301,21.6840215
dish_1560444931,11.65726892,11.33196262,11.98257522,0.645850569,0.595292747,0.696408391,11.64509683
dish_1551232973,20.50018172,17.4122536,23.12343088,0.8068033829,0.7755926847,0.8441701531,20.11888748
dish_1561405356,9.604311521,9.287644136,9.920978907,0.6557672918,0.6328091025,0.678725481,9.592776779
dish_1566331801,11.51489473,11.0102106,12.23177365,0.7068906426,0.6697744131,0.7455466986,11.48440058
dish_1563555100,13.8842146,13.23949218,14.52893701,0.735432446,0.6800494194,0.7908154726,13.83653391
dish_1550863155,14.97348358,13.50389006,17.82635356,0.7358081937,0.6510600448,0.8208859563,14.81652551
dish_1562947020,14.42245027,13.63118696,15.21371359,0.806196183,0.7820689678,0.8303233981,14.35076342
dish_1551493005,21.97655016,17.09922944,25.61550351,0.7857564241,0.6926393509,0.8361132741,20.86425842
dish_1565383159,10.62904475,8.436212934,12.82187656,0.5685729682,0.4682182074,0.6689277291,10.09748228
dish_1551395396,21.49756079,17.55466331,27.37203379,0.8324350417,0.7798399925,0.8709557652,20.58597405
dish_1551377209,20.69649068,17.45892685,24.40828315,0.8083537593,0.7424399257,0.8708402514,20.19774518
dish_1566246946,14.20678694,12.32603682,15.88422108,0.7570737203,0.6879188418,0.8280236125,13.95941951
dish_1566501258,13.42825292,10.577389,16.27911683,0.7293971479,0.6541075706,0.8046867251,12.55291388
dish_1572548822,14.35026204,12.39477317,16.30575091,0.4687069505,0.307654649,0.6297592521,13.92413329
dish_1551123633,21.67483262,16.0569456,24.96121765,0.8156518862,0.7619094849,0.8689352274,20.43340368
dish_1550708366,22.13311285,15.64654522,25.30798618,0.8086398691,0.7394039631,0.8461427093,20.87584151
dish_1567023161,15.1786909,11.61174837,24.58547554,0.7143914253,0.6204636693,0.8804314733,13.19910181
dish_1562085185,12.11515271,11.03966033,13.1906451,0.6953476369,0.6707946658,0.7199006081,11.98332383
dish_1551125384,19.62010407,14.86175916,25.6103807,0.7469358146,0.6450702548,0.8245262504,18.50221481
dish_1560539314,19.09145457,18.40358248,19.77932666,0.7503157854,0.7386820912,0.7619494796,19.03720535
dish_1551223023,21.74955481,17.08144656,24.33030206,0.8345869978,0.8039066792,0.8790714145,21.1580414
dish_1563565289,20.22243992,13.59990944,24.28235869,0.8520578941,0.6920560002,0.9429565668,17.55729989
dish_1565036890,15.46852777,13.41043098,17.02910001,0.8032575051,0.7557075024,0.8396754861,15.19348686
dish_1558031133,16.27111044,12.53596727,22.52473545,0.6191120048,0.4578617513,0.7118442655,14.62155947
dish_1565031376,17.32947879,14.20514293,19.09185506,0.7865166813,0.7195705771,0.8173953891,16.88394952
dish_1560367085,12.92801669,11.99661618,14.65510332,0.7197422187,0.6218088269,0.8013709784,12.76862911
dish_1565369938,18.12462609,17.49032504,18.75892715,0.8575516939,0.834720552,0.8803828359,18.07846899
dish_1564171935,11.58075425,8.539106082,14.62240242,0.697674036,0.653447628,0.741900444,10.59277299
dish_1560368990,11.61999919,10.82176944,12.41822893,0.6155413389,0.6020280123,0.6290546656,11.54705154
dish_1565987142,10.53260331,9.923509174,11.14169745,0.609747231,0.6048921943,0.6146022677,10.49003015
dish_1563480608,12.28145276,11.21667864,13.54659187,0.6599440575,0.6404166818,0.6851856709,12.20132356
dish_1551235868,15.20610737,10.80818665,19.77424785,0.7806349769,0.6108891964,0.8891188502,14.16853237
dish_1561574783,9.372118337,9.01946299,9.724773684,0.6950333118,0.6883060932,0.7017605305,9.357815903
dish_1557853314,22.15614048,15.98705051,25.41341646,0.7961045653,0.7367529869,0.853341341,20.60844217
dish_1563824092,17.31501302,14.49924013,21.42581514,0.8473710815,0.8144803047,0.8716867566,16.46580572
dish_1561578441,12.64770431,11.12961563,14.16579299,0.5833663344,0.522534132,0.6441985369,12.38761168
dish_1563551360,12.75209022,12.21309022,13.28221546,0.7137161493,0.6809668541,0.7663755417,12.73015833
dish_1550778694,21.19823959,17.3417204,24.12483381,0.773377642,0.6980709434,0.8097430468,20.73707436
dish_1550772849,21.67932186,17.89110511,25.3460328,0.780048728,0.7266494036,0.8267883658,21.06376607
dish_1563984140,15.04164152,13.93041727,16.15286576,0.7831875384,0.7191634178,0.847211659,14.90100235
dish_1563221054,10.07610872,8.04007269,13.33621484,0.7112619479,0.6475048661,0.8222779632,9.5379853
dish_1559849537,14.37010338,12.58736034,16.15284642,0.6415207088,0.5996505022,0.6833909154,14.0140393
dish_1550795497,20.15948452,15.34491328,23.56961828,0.7930142805,0.7264698148,0.8953169584,19.01142851
dish_1560799558,18.68177725,11.36736458,25.99618992,0.6755785942,0.5580667853,0.7930904031,14.23059339
dish_1560456348,14.92542238,14.50091907,15.3499257,0.7514283359,0.7299175262,0.7729391456,14.90470869
dish_1562777068,17.18751527,14.73366298,20.54199707,0.7986604373,0.7649473548,0.845680654,16.57822774
dish_1563826306,13.13290912,8.591337847,18.55729393,0.7211994926,0.6036236882,0.8230243325,11.51155975
dish_1562097624,13.9595453,13.52445083,14.39463977,0.8470664322,0.8443718553,0.8497610092,13.93778687
dish_1562099134,12.42555421,9.876247582,16.8336515,0.6920185089,0.6294262409,0.8092978001,11.52041642
dish_1551392958,20.38751027,17.34776657,22.92355781,0.8087961078,0.7634242177,0.8517605662,19.89735533
dish_1558468435,11.22831198,9.929660618,12.52696334,0.6286968887,0.606777668,0.6506161094,11.03697343
dish_1565898590,12.64364361,9.079243886,18.1018733,0.7018529177,0.6460609436,0.7737856507,11.28347539
dish_1562009120,12.03900611,9.728852534,14.34915969,0.7616356909,0.7058886886,0.8173826933,11.45154435
dish_1551374895,22.1056075,16.5034097,27.10496512,0.810860306,0.7783820033,0.8479554057,20.87485821
dish_1550861835,22.84052536,15.79112575,25.93533764,0.8442846537,0.7671883106,0.8906653523,21.28120445
dish_1563464429,9.450387474,8.912308062,9.988466885,0.6734672487,0.6119557023,0.7349787951,9.417139097
dish_1565972715,9.142461228,8.829284864,9.455637592,0.5788500309,0.5598956347,0.5978044271,9.131179189
dish_1551395909,21.33695558,18.2446004,24.07474467,0.8514707536,0.820757091,0.8810610175,20.81487365
dish_1550789860,21.20570983,15.29172391,26.15466831,0.7817926109,0.7100954056,0.880525291,19.8870708
dish_1551395987,21.3904933,14.33475961,26.35322017,0.8482435122,0.7717077136,0.896430552,19.53289692
dish_1562775356,16.40893618,14.91400528,17.89145705,0.8845797578,0.856811285,0.9008319974,16.24022172
dish_1551314254,15.81570224,13.75828122,18.53037324,0.781113632,0.6483056545,0.8734391928,15.44584115
dish_1551233859,22.69123898,19.31642164,25.95337457,0.8416055962,0.7656184435,0.8831369877,22.23656651
dish_1560203424,7.769313155,7.411736057,8.126890253,0.03446851857,0.03302917257,0.03590786457,7.754609172
dish_1558115641,13.27191112,11.33709624,15.20672601,0.5420548171,0.4393460453,0.6447635889,12.85446876
dish_1551395766,23.29446736,20.78713732,25.15697981,0.8413426081,0.8206961751,0.8676777482,23.10133817
dish_1563827086,17.85007763,14.94252861,20.76518505,0.8141321421,0.7668555379,0.8386369348,17.46283383
dish_1563998244,13.76434658,12.55373945,14.5890508,0.7551440199,0.7265497446,0.7709236741,13.67337715
dish_1563305047,11.31667978,5.939908653,16.31863281,0.5787798663,0.4264477789,0.6847162247,9.383325721
dish_1550776767,21.06816606,17.56362687,25.45473466,0.8321772814,0.791580081,0.9015167952,20.4189372
dish_1550775318,20.78945295,13.36515647,27.70049837,0.797148414,0.6790760159,0.8905138373,18.8038339
dish_1550712403,22.50798616,15.98296983,27.04242095,0.8438130286,0.7569794655,0.8892946839,20.75111752
dish_1568401199,14.8984687,8.453769344,21.34316807,0.780497551,0.6956515908,0.8653435111,11.24634214
dish_1562777037,12.80159725,9.096458399,16.50673609,0.7382431328,0.6738926172,0.8025936484,11.38227422
dish_1562950895,16.41972058,10.82666215,20.77563036,0.8576572736,0.7576664686,0.9128898382,14.429595
dish_1563984835,14.39097096,8.290952791,20.67876034,0.6826485793,0.5631731153,0.7899147868,11.87614053
dish_1568666000,17.01375289,13.43948949,20.55821523,0.7761632601,0.7007679343,0.8357902765,16.08815184
dish_1568060501,12.1852475,10.13947985,14.54634925,0.6954895457,0.6246326566,0.7360305786,11.82746894
dish_1551564381,9.580458693,7.788265317,13.24862099,0.6368974447,0.560144186,0.770524919,9.228141011
dish_1562602832,12.98939127,10.33514289,15.16258123,0.6800566018,0.4919769466,0.7987221479,12.51792685
dish_1567526738,12.56759204,11.92436856,13.21081551,0.6981624663,0.6270492077,0.7692757249,12.520132
dish_1567537457,10.69159433,8.864922641,14.02878437,0.6454205712,0.5753430128,0.7272237539,10.14470447
dish_1565194823,15.62897643,13.72602296,17.5319299,0.7596995831,0.7395154834,0.7798836827,15.22476186
dish_1551493698,16.8057624,9.014878088,23.51272998,0.7425761904,0.5702924728,0.8531798124,13.48629693
dish_1562875940,10.57657804,8.825278472,13.82175283,0.6814930042,0.6211440563,0.759740293,10.05745761
dish_1558116146,12.50235561,10.43861444,14.56609678,0.6608223915,0.6144017577,0.7072430253,12.02943055
dish_1551141670,21.69619996,16.47425541,24.80705161,0.8323842064,0.7915183306,0.9213237166,20.6158294
dish_1561736736,16.02793283,12.52889933,19.52696634,0.7820273936,0.7200480103,0.8440067768,14.7487802
dish_1551390528,13.427032,11.45677465,14.46747422,0.7751377448,0.689694941,0.8136354089,13.33839281
dish_1561404956,13.42675815,11.82372714,14.97804099,0.5993253489,0.4782660902,0.7323240042,13.23664894
dish_1551134895,21.06276205,17.69183383,24.85856565,0.7560079172,0.677441597,0.8248849511,20.56412359
dish_1562691645,10.45651635,6.678843244,12.49411931,0.6370580594,0.5070317388,0.70754987,9.566980812
dish_1560455030,12.12419801,10.40814632,13.84024969,0.6989580691,0.657181859,0.7407342792,11.79363319
dish_1560366460,10.71417918,10.14917223,11.03439208,0.6111574968,0.5972734094,0.619319737,10.69532306
dish_1561492687,13.84755885,13.66172736,14.03339034,0.6937871575,0.6884920001,0.699082315,13.84358427
dish_1550707056,20.55763308,15.24174202,26.84839556,0.8034366667,0.7029930949,0.8892799616,19.17303509
dish_1551375189,11.81068727,9.0360589,15.47430597,0.699580498,0.5641079545,0.7601890564,11.47448842
dish_1560456833,11.38478252,10.24531018,11.99975186,0.5783681571,0.4680065811,0.6672603488,11.30699907
dish_1562686577,13.2795325,10.2787416,18.90389533,0.6484220425,0.5592471361,0.7791853547,11.92384695
dish_1562603598,14.45866017,10.02900212,18.63060307,0.6510662238,0.4511833191,0.7514951825,13.10400425
dish_1560441288,12.35977497,11.74996234,12.9695876,0.5955580175,0.5519075394,0.6392084956,12.31710164
dish_1568315040,14.00492904,12.80296172,15.20689637,0.6599938571,0.6534109116,0.6665768027,13.84067991
dish_1561662501,12.74773484,11.85774086,13.63772882,0.7751148045,0.7646291256,0.7856004834,12.65717341
dish_1551324246,21.58802772,15.88173078,24.4240869,0.8343555853,0.756937027,0.877728641,20.50295688
dish_1564000417,15.73355661,14.44148195,17.02563127,0.8344183862,0.784463048,0.8843737245,15.54412351
dish_1568664931,9.038987255,8.682303374,9.395671136,0.5088773966,0.4098865986,0.6078681946,9.024356558
dish_1557936599,21.55730311,8.611377161,28.47480897,0.7557177424,0.4493570924,0.8614810705,15.15531637
dish_1551488861,20.23065653,13.72564219,26.05937382,0.8516111076,0.7695941925,0.8864815235,18.13643157
dish_1562950018,17.83186869,16.64005441,19.02368297,0.9054881334,0.8973631859,0.913613081,17.67034893
dish_1558030832,13.97191795,10.32943702,15.63235036,0.6534095407,0.5719470978,0.7220000625,13.375591
dish_1566246573,11.1458225,10.44229549,11.8493495,0.5656994283,0.5152097344,0.6161891222,11.08908673
dish_1551567508,21.08249155,13.960453,24.80410713,0.8187030852,0.7290482521,0.8743494749,19.62627934
dish_1551392424,18.99244211,13.05481458,22.67976962,0.7864137366,0.7272390127,0.8805852532,17.92196811
dish_1550708280,19.88519554,13.33941758,27.3761103,0.7965747118,0.7262681127,0.8823505044,17.77192587
dish_1562086067,10.17535542,8.703247441,11.15495475,0.6719294786,0.6186550856,0.7113118172,10.04086982
dish_1566835641,17.2976286,11.20474155,23.39051566,0.7834660709,0.6535302401,0.9134019017,13.96012456
dish_1564083508,11.37482173,8.445638041,14.06450897,0.7152643998,0.6345272064,0.7910310626,10.77080672
dish_1561405332,14.9932528,12.32799007,17.65851554,0.7829541266,0.7195806503,0.8463276029,14.22212386
dish_1561393550,12.32383586,12.06439595,12.58327577,0.6366237104,0.5730374455,0.7002099752,12.31609122
dish_1565811390,14.60711443,9.849431117,19.77076885,0.7833150824,0.6942310333,0.8588420749,12.95052831
dish_1562961650,17.43111781,14.67294969,18.85626467,0.7994926771,0.7803803086,0.8318277001,16.96077996
dish_1561753021,14.54570818,10.48923695,21.11918563,0.7584708929,0.7098336816,0.8276380897,12.73667835
dish_1565711498,16.56027632,12.0393354,21.08121724,0.7834205627,0.6862424016,0.8805987239,14.53932898
dish_1550774895,23.04500341,20.77702613,26.61445355,0.8314256337,0.7885891795,0.8581822515,22.72656434
dish_1564083459,12.59699979,11.04453329,14.52454589,0.7229499817,0.6887040138,0.7445973754,12.36930498
dish_1550712729,23.54620815,20.29764113,27.55141952,0.8257670254,0.723954618,0.8871878386,22.85722358
dish_1562099157,12.42505553,9.627063171,15.22304789,0.710742414,0.6431936026,0.7782912254,11.57995373
dish_1551377388,22.28167235,14.70009337,26.592988,0.8529843688,0.7693700194,0.9015814662,19.51170401
dish_1563222850,14.26961825,11.52290535,18.1769194,0.7522735,0.7153170109,0.8207646012,13.48351842
dish_1551563627,24.10627274,18.22983262,28.03704764,0.8673818707,0.8349118233,0.8842455149,22.55538918
dish_1560889032,12.15077993,10.75613876,13.88815123,0.7528727055,0.7346562743,0.7686415911,11.9650422
dish_1550778922,19.02661043,14.46000815,25.37150319,0.8009535372,0.7204568386,0.8826550841,17.67984169
dish_1568313527,9.54431752,9.171411788,9.917223252,0.6065303087,0.5975139737,0.6155466437,9.528327431
dish_1558463690,11.56910429,11.09807979,12.0401288,0.5791638196,0.5514333248,0.6068943143,11.54361117
dish_1566590946,11.96403403,9.43828664,14.48978142,0.7636089921,0.7388334274,0.7883845568,11.26759228
dish_1558549214,14.02343372,10.3326158,17.71425164,0.5497291833,0.4555400312,0.6439183354,12.61401859
dish_1559674866,16.3221955,10.72953669,21.91485432,0.65675053,0.5859848857,0.7275161743,13.42125122
dish_1562184705,13.49249503,10.27306657,16.88337329,0.6683515708,0.6264220476,0.7201439738,12.70432698
dish_1573665025,8.691613386,7.272605658,10.11062112,0.3591906279,0.3125256896,0.4058555663,8.463802152
dish_1566419577,12.32568157,12.04489299,12.56280904,0.5827855865,0.5503109097,0.6216081977,12.32040077
dish_1563827132,18.96452887,15.61993575,25.14611658,0.8155192931,0.7566455603,0.9023562074,17.37819901
dish_1550705995,19.77753789,16.75045851,22.08454689,0.777284272,0.7033256888,0.848703146,19.29995116
dish_1550774296,21.08871867,18.74045154,23.72888807,0.8351976648,0.7868697643,0.8723273277,20.77007371
dish_1562086501,20.75597354,19.37233333,22.13961374,0.8940480351,0.8803412914,0.9077547789,20.53919395
dish_1551306561,21.11340593,17.72142179,22.67346548,0.8124739155,0.7099731565,0.8830661178,20.75400279
dish_1551138110,20.90634745,14.63238274,24.77798731,0.8302894458,0.6771758795,0.8942287564,19.51519906
dish_1550875891,22.23555305,15.99011152,26.05239284,0.8289461864,0.7875724435,0.879406333,20.81335122
dish_1563217774,17.94068917,13.30809789,26.54200488,0.8166622718,0.7580196261,0.8880242705,15.2786744
dish_1550778435,22.4197223,20.46067802,24.15772681,0.7899101824,0.7457925081,0.8452866673,22.26721333
dish_1550770802,22.39682652,17.07939433,26.39837362,0.8081980571,0.7544347644,0.8730269074,21.50344036
dish_1562873544,8.957828159,7.925707292,9.878476277,0.6577671568,0.5710205436,0.7153467536,8.883330176
dish_1551568240,22.61157884,19.21574415,27.33042118,0.8235883936,0.7933639288,0.8473454118,21.95128745
dish_1550777256,20.97837348,18.53840115,23.58533387,0.7886272743,0.7553400993,0.8600795865,20.68003588
dish_1550876012,21.78930229,18.78194711,26.11337394,0.8080882207,0.7178495526,0.8806114793,21.33004843
dish_1558381708,11.37382075,9.272370063,13.47527143,0.6029901803,0.5363458991,0.6696344614,10.88408218
dish_1562169840,15.24885918,9.770864691,23.70919291,0.6819559336,0.5804022551,0.8493934274,12.49197194
dish_1563913675,13.27407454,8.53315909,15.98803217,0.6250017981,0.4146880209,0.7376919985,11.87370423
dish_1573072410,14.52296072,7.180098059,21.86582338,0.5017377436,0.3354378343,0.668037653,10.04520954
dish_1572625898,14.43475896,11.74077631,17.12874162,0.4525068402,0.2978535295,0.607160151,13.64786168
dish_1563389600,12.56074626,11.15211966,13.96937287,0.7101490796,0.6724691987,0.7478289604,12.3362
dish_1562785132,14.54976664,10.08059259,19.59654313,0.7588657339,0.6382251382,0.8428975344,13.03347737
dish_1567019993,20.64502148,14.20961149,27.08043147,0.8581613004,0.7818126678,0.934509933,17.00127399
dish_1551324010,22.06921736,18.18975986,24.28422098,0.81091021,0.7036457062,0.8464676738,21.58025068
dish_1565379320,14.54251502,8.583612938,20.5014171,0.7756641209,0.7221797109,0.829148531,11.32326707
dish_1561576051,8.151005547,7.424721328,8.877289767,0.2625937089,0.2216781527,0.3035092652,8.090557134
dish_1561576257,14.77196224,11.04637374,21.55211157,0.6473605831,0.5350632071,0.8137421012,12.92650946
dish_1557862829,20.70350205,19.63495216,23.25998441,0.8046810627,0.7722421288,0.8286114931,20.57727685
dish_1561739576,15.06067978,12.74598244,17.37537713,0.8090559542,0.7419939041,0.8761180043,14.47100405
dish_1559667948,15.30101883,15.06467941,15.53735825,0.7399446368,0.7355294824,0.7443597913,15.2945913
dish_1566835701,10.95892127,10.84208278,11.0561947,0.6180770993,0.567728281,0.6748931408,10.95801766
dish_1566419546,17.03463769,10.49229319,24.51047649,0.7130428155,0.4736360908,0.8665220141,14.07587816
dish_1551488807,20.43905433,15.05121505,23.08265495,0.8122353852,0.7468304634,0.878767848,19.64185779
dish_1551381321,22.20056926,15.23882969,28.04616619,0.8619028181,0.8377279639,0.9014675617,20.51807221
dish_1568145100,14.34531911,12.52477704,16.28272802,0.7681901256,0.7154206634,0.8276487589,14.08117297
dish_1565207896,13.82019416,11.03133586,15.67309948,0.6960210204,0.6508398056,0.7304097414,13.3287874
dish_1551139367,21.24219137,18.45161435,25.66534302,0.8174837902,0.7656784058,0.874751389,20.63497428
dish_1563566810,9.03594041,7.017455404,10.62267587,0.5542782744,0.5207623839,0.5978458524,8.767927866
dish_1567020091,16.11786825,11.13309127,20.10600006,0.7313803037,0.6269319654,0.7914126515,14.50883196
dish_1558461760,12.93794058,10.39615656,15.4797246,0.6856261492,0.6240386963,0.7472136021,12.23307724
dish_1563909982,8.661627216,7.66757352,9.655680912,0.6530658901,0.6292827725,0.6768490076,8.548842773
dish_1551491297,21.47579071,18.33442817,23.74602398,0.80331444,0.7168072462,0.8606376052,21.01858676
dish_1550710318,21.05023925,17.57192026,22.99322667,0.7838939503,0.6825960875,0.8234155774,20.46902134
dish_1561574623,9.691546367,8.771089976,11.49385298,0.5868703922,0.5714040995,0.5948903561,9.519044838
dish_1551139576,20.22472042,16.85667058,25.28001564,0.8081276193,0.7625234723,0.8700520396,19.56973326
dish_1563478751,11.67304274,10.64017736,12.89405353,0.6050600211,0.5646694899,0.6551647782,11.57615587
dish_1567612954,14.20117455,10.37722653,18.13053481,0.7504491409,0.6650890708,0.8112560511,13.23781257
dish_1559846528,14.97956849,12.68033048,17.05726071,0.6575992505,0.622112751,0.7245117426,14.60798376
dish_1568132601,8.935832123,7.21677654,10.03652384,0.516547747,0.4089226425,0.5790687799,8.794869724
dish_1551303727,10.34290392,8.533728813,13.48075298,0.6435575411,0.5808650255,0.7020753026,10.16341786
dish_1551232713,20.35298155,15.77412096,24.28202341,0.7779010311,0.6476690769,0.8628945947,19.45828942
dish_1551306860,22.26796315,16.74146424,25.60895967,0.8525376692,0.7913289666,0.8934173584,21.29067885
dish_1563305722,13.13890841,11.17722842,15.62517088,0.7044588725,0.6488650441,0.7602940798,12.77331038
dish_1551236827,20.05066526,15.33068407,26.11591132,0.792996347,0.7386339903,0.8762181401,18.43725765
dish_1563207277,12.29066471,9.508609002,15.66501155,0.7467391094,0.6178646684,0.8408589363,11.61683437
dish_1551381249,18.27434371,11.44298611,25.28508669,0.804521963,0.6476778984,0.8893302679,15.67317921
dish_1561577678,11.32322537,10.95097868,11.66789094,0.709000051,0.645407021,0.7442095876,11.31329398
dish_1562702132,10.27376997,7.337251608,13.7635344,0.6123710871,0.4630602002,0.7580659389,9.542813515
dish_1550771191,21.43485196,14.29179717,26.08529366,0.8073032647,0.7140884995,0.9002336264,19.71797099
dish_1572031254,10.45074019,9.085246201,11.6242735,0.4034866889,0.3769157827,0.4357172549,10.32315961
dish_1564169340,12.29711658,7.561916472,18.08620904,0.6672739983,0.5565592647,0.7679044604,10.52313737
dish_1563996596,10.78270221,8.837745496,11.98583673,0.6973851522,0.6644272208,0.7617606521,10.5488825
dish_1568229399,14.31571111,10.15362845,21.92261432,0.7397596041,0.6646946669,0.8725052476,12.10473069
dish_1563378029,11.59901656,10.18374302,13.0142901,0.6171592176,0.5682069063,0.6661115289,11.37238235
dish_1567789230,17.78421266,9.680985303,23.31335246,0.7549721201,0.5690443516,0.8563961983,13.92569306
dish_1567613019,19.21186096,10.45165089,24.51361833,0.7994930347,0.6468542218,0.9030358195,14.81192126
dish_1568316041,14.6440704,12.93372742,16.39110502,0.6881055037,0.6293609142,0.7742351294,14.41852215
dish_1562873187,11.90071653,10.87017294,12.93126012,0.7415067554,0.7342526317,0.748760879,11.77957745
dish_1567024187,15.23353826,9.441804499,18.38113847,0.7117235859,0.5330272317,0.8051277995,13.17149799
dish_1563464651,16.78888323,13.68240615,19.03688715,0.7892304659,0.7448283434,0.8234738111,16.26045307
dish_1558460205,15.87114336,9.725332233,22.01695449,0.7065365016,0.5839914083,0.8290815949,12.48668052
dish_1550785876,20.18455274,15.91985469,23.72272356,0.7992528006,0.6964592934,0.9008428454,19.26740752
dish_1568314951,13.5705848,13.52793875,13.61323086,0.7288707495,0.7201033831,0.7376381159,13.57037542
dish_1551381877,20.99973913,15.62903544,25.02940926,0.8240102927,0.7569354773,0.856451869,19.84390349
dish_1568144855,10.78890594,9.854309301,11.72350257,0.647777915,0.6373711228,0.6581847072,10.68911061
dish_1551221892,23.09255493,18.67306712,26.92308676,0.8409203961,0.8034210205,0.8731018901,22.43494452
dish_1551563001,20.05968378,13.14496592,24.024927,0.8421918675,0.7642388344,0.8979746699,18.53695137
dish_1562790259,13.46330219,9.873595402,15.80423663,0.7550390164,0.6882336736,0.7988315821,12.64878456
dish_1551222587,23.42735397,18.80560461,26.90010187,0.8360550602,0.7939887047,0.8909336925,22.24695379
dish_1551566547,22.49080318,17.32475494,27.96327607,0.8557410571,0.8287575841,0.9027312398,21.48012917
dish_1550790511,21.40220974,16.96672172,24.4518752,0.7787152603,0.6936420798,0.8893247247,20.62760353
dish_1551306691,19.69268039,15.67738993,21.93837354,0.7582832128,0.7183682919,0.7976205945,19.24581802
dish_1551565570,23.42164664,17.69117919,30.46069331,0.8749406868,0.8406732678,0.9206387401,22.14317573
dish_1568665935,18.26680661,13.90582999,26.07429614,0.810846289,0.7614104152,0.8637478948,15.95671544
dish_1550875347,22.238643,15.0988495,26.8565885,0.8333118334,0.6927152276,0.8789141774,20.36387096
dish_1551392884,23.55753095,18.99820046,26.96838116,0.8763422072,0.8566220403,0.9055164456,22.75232189
dish_1562689601,11.68480499,11.40178649,11.9678235,0.7896832228,0.7739395499,0.8054268956,11.67558972
dish_1562950057,12.36250213,11.52794415,13.19706011,0.7957442999,0.7955918312,0.7958967686,12.2828048
dish_1562862493,13.25647045,9.881228097,14.96290829,0.732723256,0.678219378,0.7683240175,12.54825849
dish_1563222800,16.44062396,15.95138773,17.31708132,0.8512618542,0.8429301381,0.8572720885,16.39777374
dish_1560455203,12.6803289,9.44535084,15.91530697,0.6829994917,0.6192425489,0.7467564344,11.57277919
dish_1551232782,17.09450571,12.33733662,21.4994107,0.7511926815,0.6936769485,0.7975162268,15.8008246
dish_1562602888,14.41616931,12.9298858,16.03005917,0.7624322176,0.7551853061,0.7674332857,14.23537599
dish_1561751958,12.02227795,10.0415068,14.1928208,0.7182450891,0.7093635798,0.7285534739,11.7025179
dish_1560367980,9.442536427,9.305435809,9.579637044,0.6504051983,0.5970391631,0.7037712336,9.44037275
dish_1551233708,22.21924416,18.51965578,25.63371824,0.8452941105,0.8293180466,0.863381505,21.51746387
dish_1562872746,7.443261563,6.989174525,8.13227467,0.6586350203,0.6316126585,0.7035386562,7.415703944
dish_1563391375,18.76142666,11.83821255,26.00135041,0.8318611781,0.7316682935,0.8851893544,15.61679186
dish_1559589942,14.52797871,12.37404431,16.97711758,0.6840658983,0.6603381038,0.6998678446,14.13862703
dish_1550708638,23.64166864,20.16003204,26.19232487,0.8257983252,0.7467294931,0.8626577854,23.22085789
dish_1550875168,20.57162641,16.02092408,28.10198923,0.8360077937,0.7858500481,0.9015464187,19.07959834
dish_1562790855,11.57042897,7.761142405,20.81434966,0.6515183687,0.5427584052,0.8454139829,9.905506501
dish_1567629081,14.40608664,12.03811118,15.69125457,0.7487612367,0.7307978868,0.776973784,14.06086355
dish_1550863285,18.12466318,10.72834493,25.93746159,0.8107401133,0.7040859461,0.8674996495,15.90874198
dish_1551390872,22.14385439,18.72122493,23.60294898,0.8464886323,0.8158023357,0.8715729713,21.86889046
dish_1551488691,23.39033647,16.69968618,27.19941655,0.8471716791,0.7907233238,0.8898503184,22.00124796
dish_1566242273,17.06397572,13.19861728,21.5804835,0.7162311673,0.6370813847,0.8359684348,15.86874446
dish_1563827188,14.10810975,11.41145616,16.78683652,0.7288088004,0.6756814122,0.7803550363,13.56938666
dish_1563302391,13.84131858,11.71869709,15.96394007,0.8025905788,0.7706869841,0.8344941735,13.34202593
dish_1561392593,13.4804406,9.38690745,17.57397376,0.5623522699,0.4575670958,0.667137444,11.7834082
dish_1550707110,20.41259644,15.4961353,23.47853282,0.7511534318,0.6614694595,0.7813976407,19.7058419
dish_1566316496,14.98380397,7.984642848,23.89239836,0.6954438761,0.472718209,0.8381395936,11.82537191
dish_1560802562,9.585800136,9.101617538,10.06998273,0.4956684411,0.4870640635,0.5042728186,9.558865791
dish_1551380856,22.96037223,17.01895943,29.00628516,0.8616337909,0.8136606812,0.8982545137,21.42686635
dish_1550706448,20.88878626,14.61244872,24.65522506,0.80739218,0.6842890382,0.8710352182,18.96053505
dish_1551122567,21.87352971,18.90112265,24.20551595,0.8064020723,0.7204912901,0.8447458148,21.57395215
dish_1558379273,18.21103916,16.51898555,19.90309277,0.6488309801,0.5991103649,0.6985515952,17.88943531
dish_1551565168,22.40693063,16.36530117,26.27015114,0.8576910794,0.8338356018,0.8772634864,21.10789721
dish_1565382995,13.91710259,10.91383692,16.86880975,0.704931577,0.5632506609,0.8217137456,13.25787989
dish_1562009006,11.76746404,7.272307282,15.25764278,0.6096226374,0.475011766,0.7089907527,10.45731726
dish_1560453174,10.38964062,9.313257372,11.74828802,0.5745715896,0.4322444797,0.6569836736,10.27565301
dish_1551491326,21.92554974,17.57928339,23.70406072,0.820962511,0.7973604202,0.862034142,21.46511979
dish_1562874282,14.12581766,8.575191278,20.68578845,0.7022443811,0.6201785803,0.7793191075,11.84508699
dish_1563303350,11.8034287,10.64808021,12.40054215,0.7071914077,0.6671685576,0.7307862043,11.72354099
dish_1550876969,22.49028105,15.11117853,25.68842178,0.8392861419,0.7799200416,0.8870376348,20.82258898
dish_1551134757,24.50764084,21.52825956,26.85836629,0.8505216911,0.8166504502,0.8913360238,24.15156345
dish_1563552016,17.41151482,12.38348838,22.65798689,0.8040044705,0.7608031631,0.8623970151,15.61875792
dish_1562010266,15.14434754,14.23582299,16.0528721,0.7857258618,0.7587833405,0.8126683831,15.05000306
dish_1563567372,13.52939361,9.951608801,20.21477744,0.649050951,0.5630092621,0.7886821032,11.73099498
dish_1563555072,12.14872812,11.28667984,12.62769783,0.7055753867,0.6064787507,0.7946081161,12.10449241
dish_1560874751,10.63366028,10.4214113,10.84590926,0.5031797886,0.4890696406,0.5172899365,10.62847581
dish_1563217939,15.98194409,13.16881539,18.79507279,0.8052779436,0.7541520596,0.8564038277,15.12823011
dish_1563908996,15.85020045,13.61532774,17.28722725,0.728497386,0.715573132,0.7402492762,15.53823205
dish_1566501041,12.46442314,9.593890412,17.30030158,0.5490883291,0.3842276633,0.7028601766,11.39530654
dish_1565640601,12.84904991,10.12094621,15.57715362,0.6828111708,0.6247847676,0.740837574,12.04324711
dish_1551227380,21.12062706,18.46507694,23.7030629,0.7791604698,0.7157287598,0.8449679613,20.84300834
dish_1565036922,16.81471324,12.90963029,24.16840902,0.7000701427,0.4923875332,0.8743031621,14.72502457
dish_1551222188,23.77518241,18.09513256,27.1931947,0.8591335937,0.8197743297,0.893137157,22.80917026
dish_1551224534,21.87323664,17.92757178,24.17864275,0.834891114,0.791697681,0.8682646751,21.36112208
dish_1557861605,23.51126887,13.34696813,26.40463782,0.8377856395,0.6636216044,0.8850548267,21.10611561
dish_1560961202,11.54303855,10.9434077,12.1426694,0.4846205264,0.469912976,0.4993280768,11.50177386
dish_1563218987,14.2742557,8.345677539,19.66097465,0.733898441,0.6374257207,0.8066751957,11.97989065
dish_1571931623,11.95929723,11.46482138,12.45377308,0.4376685917,0.3988105357,0.4765266478,11.93120801
dish_1551139192,17.66420773,13.49387102,25.13011765,0.8190304637,0.6377900243,0.9033575058,16.38918488
dish_1560368944,13.33779668,13.26607484,13.40951852,0.6827782691,0.6533821225,0.7121744156,13.33720448
dish_1565895808,15.67628154,13.40630019,17.94626288,0.8408255577,0.8302425146,0.8514086008,15.10823573
dish_1566331914,8.950571899,7.607672888,11.17783525,0.5861876806,0.5304738283,0.6792562604,8.687977381
dish_1561663068,11.299629,9.338975322,15.54177249,0.6678508073,0.5230222344,0.7810274959,10.69885946
dish_1551563170,22.1578538,20.30314098,23.72821187,0.8225340077,0.774687767,0.8469344378,21.95663879
dish_1551233095,17.43665708,11.44631335,25.15984318,0.7714991495,0.5982185602,0.8621814251,15.1536992
dish_1562787983,11.58661466,10.2461573,14.19342411,0.769250373,0.7222452164,0.8402994275,11.2405709
dish_1562700685,10.43671141,9.074454014,11.31018111,0.6605077237,0.4952720404,0.7305483222,10.34397033
dish_1550792595,21.48115218,15.93095864,25.79029806,0.7999051586,0.7019926906,0.8551831841,19.79103549
dish_1559846504,15.31945884,12.45616258,18.65781516,0.6950111588,0.6059675217,0.7691187859,14.63432117
dish_1562875241,17.74906332,13.06830807,22.45416955,0.807591334,0.7240204215,0.8823651671,16.4057155
dish_1564086658,17.0542753,17.01433567,17.09421493,0.7923450172,0.7673013806,0.8173886538,17.05409165
dish_1562096512,15.2557207,12.8695418,17.6418996,0.834307313,0.8215264082,0.8470882177,14.63074067
dish_1551136769,21.76629981,17.11563664,26.58583452,0.8292885092,0.7909328938,0.8827714324,20.73778429
dish_1561578373,12.15350357,10.03190025,14.53111335,0.6196851631,0.485802561,0.7166900635,11.78052484
dish_1562776465,16.19021152,14.28939734,19.08624276,0.8092969259,0.774979949,0.8320842385,15.75007334
dish_1551141710,23.51241112,17.80721481,27.16885072,0.8641152978,0.8289061785,0.8930712342,22.29637089
dish_1566931519,13.84790061,10.90610553,19.57031576,0.7023390333,0.6228643656,0.8214049339,12.45599207
dish_1568401064,9.830674482,9.155683548,10.50566542,0.619025737,0.5676546693,0.6703968048,9.778429956
dish_1550769483,21.67378115,19.21959803,25.85018639,0.8111947328,0.7050136924,0.9041752219,21.0486404
dish_1566851115,13.67136214,13.20125042,13.92340493,0.7650657694,0.7016733885,0.7999860644,13.65839945
dish_1565107066,18.16948102,14.39775936,21.94120269,0.8387756646,0.7535739541,0.923977375,16.70377205
dish_1566316612,10.72112972,9.747190497,11.69506894,0.5641780794,0.5176562667,0.610699892,10.61282626
dish_1551375218,21.38964958,13.94883072,23.56055945,0.787573792,0.7276539207,0.8411676884,19.9509117
dish_1562872945,16.66074458,14.40634744,17.85080047,0.8119093776,0.7649403214,0.843727529,16.34872344
dish_1565724235,14.88350575,11.55528851,21.47425477,0.7927087545,0.7306520939,0.8567069173,13.13154179
dish_1568314907,15.32951831,13.68140641,16.9776302,0.7818121612,0.7444059253,0.8192183971,15.02402569
dish_1551235946,19.84619629,11.41280123,24.67272235,0.7875552326,0.724814713,0.852111876,17.39976705
dish_1562095283,14.74658516,6.313972146,23.17919818,0.6914690435,0.5342375636,0.8487005234,9.23579511
dish_1551391505,21.22671066,17.53612726,23.74779906,0.8249190822,0.755833745,0.8718669415,20.77935876
dish_1568143252,7.520989819,5.918466295,9.123513343,0.6035341918,0.544634223,0.6624341607,7.231803926
dish_1565798617,11.46107746,10.40949798,12.51265693,0.6736929119,0.6377615929,0.7096242309,11.33499023
dish_1566931217,9.616473067,7.653271443,12.9217739,0.6091189384,0.558077693,0.7064812183,9.071889501
dish_1561575033,9.157118283,8.894394604,9.325156494,0.5933527748,0.5408484936,0.6238375306,9.153005757
dish_1562173411,12.62003802,10.16884986,15.03809757,0.7179072301,0.69244349,0.7654926777,12.17482659
dish_1566934401,19.85092024,13.92562792,26.15801471,0.8317588766,0.7632588744,0.8906975985,17.42955908
dish_1562613340,12.5622032,9.428816984,15.69558942,0.7125066519,0.6420802474,0.7829330564,11.51814765
dish_1563303386,9.66420053,9.320522708,10.00787835,0.6701456606,0.6294478774,0.7108434439,9.650616272
dish_1561575908,15.6072759,14.11419438,17.10035742,0.666703254,0.6666740775,0.6667324305,15.35552119
dish_1550792493,21.4615144,16.27050689,25.64832095,0.831477046,0.7967897058,0.8924363852,20.44405981
dish_1551304110,22.68013834,15.84085998,28.38265173,0.8477258484,0.7542644143,0.9070607424,20.47423854
dish_1568143612,14.27205347,11.01357111,19.45166444,0.6806061864,0.6154731512,0.7852424979,13.04726532
dish_1566849233,10.00102494,9.260126819,11.15624969,0.5934297442,0.5345548987,0.6334803104,9.925603749
dish_1562949515,12.0691581,6.375464925,16.75520004,0.7025125623,0.5571140051,0.8109568954,9.989382205
dish_1551488137,22.77407908,20.60416078,25.03061184,0.8201007769,0.7806814313,0.8585330248,22.51397823
dish_1565727921,8.458262387,8.437791097,8.478733677,0.555128634,0.5028474331,0.6074098349,8.458214139
dish_1565035858,14.71278368,8.989330371,22.22008641,0.7370721698,0.6380842328,0.8652501702,12.1432479
dish_1562690047,16.75722054,13.8528671,19.66157399,0.8337597251,0.8024736643,0.8650457859,15.85085318
dish_1562008429,16.13082466,13.46261727,19.3049827,0.8394133647,0.8011456132,0.8689670563,15.51938106
dish_1561665747,8.737679583,8.735577199,8.739781968,0.6313149631,0.6249161959,0.6377137303,8.737679075
dish_1551396096,21.30686726,18.21247833,24.035208,0.80936791,0.7321854234,0.8551773429,20.76827447
dish_1565726887,19.01340998,12.15360665,25.87321332,0.692156598,0.4903191626,0.8939940333,14.98328844
dish_1565641844,14.55914967,13.27095966,15.84733969,0.7194802761,0.662746191,0.7762143612,14.37083778
dish_1551139325,21.43337711,16.86545525,24.99425711,0.8068583086,0.7098718882,0.8672069311,20.66319384
dish_1560356337,16.51511318,10.60736199,22.78398916,0.6167638501,0.5456635356,0.6707080007,14.10943999
dish_1561575506,10.15019423,9.031062696,11.28640309,0.5939518412,0.5213512182,0.6677884459,10.05330744
dish_1551307258,23.25697747,20.76346372,25.53070027,0.8711755361,0.8539113402,0.8968079686,22.9083246
dish_1561577731,8.720275496,7.898092791,9.138933956,0.5554671685,0.4515717626,0.619866848,8.680226133
dish_1559590157,15.63823066,15.12024511,16.15621621,0.6979537308,0.6452233791,0.7506840825,15.6074134
dish_1551567170,21.04626429,16.84403641,24.91751447,0.7926192358,0.7376238108,0.8365033269,20.46504678
dish_1551122493,23.08229162,18.28536928,26.30127011,0.8534756899,0.7644494772,0.9200385809,22.43380974
dish_1562774099,11.23591864,8.389159561,14.70875965,0.7748606602,0.7290210128,0.8498734236,10.52859379
dish_1562008813,13.6117677,11.97175664,16.7438218,0.7384372155,0.703468442,0.7865508795,13.12612347
dish_1561580659,15.33123537,12.98698272,17.67548801,0.6589006484,0.5969521403,0.7208491564,14.72707036
dish_1558378553,17.07929499,9.768077909,24.39051207,0.6499690115,0.5798760056,0.7200620174,12.63109376
dish_1566851584,12.63751826,11.96688441,13.6725193,0.6475943923,0.5785419345,0.6967402697,12.57649512
dish_1550860361,23.08690511,19.30998892,27.23563058,0.824115966,0.7355969548,0.9026083946,22.29898979
dish_1566590566,14.56467704,14.19936701,14.92998707,0.7190149426,0.6507008076,0.7873290777,14.54933096
dish_1568404889,16.37783935,12.78875897,22.17128361,0.7977856398,0.7598102689,0.8652594686,14.90644309
dish_1563393244,13.44700499,7.805386233,18.54261021,0.6428647141,0.4726842344,0.7976023555,11.35458816
dish_1563998210,19.72312088,14.11771129,29.74525019,0.8260010282,0.7339298725,0.9364216924,16.36543361
dish_1563216440,11.43392316,9.088279456,12.67525043,0.7191102107,0.6847812533,0.7368805408,11.0955922
dish_1551225541,21.27941397,18.11184132,24.27850543,0.791159071,0.703823328,0.8431854844,20.89564734
dish_1550710342,22.89034569,19.78600588,26.28487629,0.7916376591,0.7080840468,0.8261138201,22.52912331
dish_1563813806,17.60202659,11.59520636,26.01326471,0.7915018201,0.7287384868,0.9159557819,14.68606767
dish_1551124221,25.66399061,23.12806261,27.98700411,0.8828086033,0.8660618663,0.924240768,25.39804002
dish_1563389199,12.57773168,9.57262918,14.63966022,0.6994664272,0.6350644231,0.7454940677,12.00307147
dish_1561404438,12.36409829,10.12425729,15.43054552,0.645972689,0.5491553545,0.7078081965,11.8485711
dish_1565036821,17.81087316,15.48696245,20.13478386,0.8451134562,0.8402792215,0.849947691,17.21669704
dish_1551565996,21.93796866,19.16627047,25.78114173,0.8414046466,0.7750997543,0.8845793009,21.44910844
dish_1550777791,20.04787704,13.44044864,24.78419098,0.8191203624,0.7713507414,0.9072332382,18.54787939
dish_1551381450,24.87027858,21.59623862,26.49384583,0.8769765894,0.8511154652,0.9097413421,24.47560087
dish_1565379868,14.82672053,11.24826561,18.40517544,0.7643818259,0.6805074215,0.8482562304,13.49417815
dish_1551486108,20.94701503,15.37586199,25.15073,0.8437789679,0.8055847883,0.8818146586,19.71975466
dish_1550711187,22.25091985,18.74956518,26.7122633,0.815720158,0.7385471463,0.8852434754,21.55535285
dish_1550791105,18.74500365,12.69169538,22.96970541,0.7672629688,0.634837389,0.8612232804,17.18555087
dish_1564170542,11.89927318,8.212043551,14.00214342,0.6925500234,0.6192588806,0.7334805727,11.05010362
dish_1574711451,12.52966067,10.76146506,14.29785628,0.3405715823,0.2794670463,0.4016761184,12.17923325
dish_1561405912,12.36869354,11.79533536,13.15840237,0.569079866,0.4194246829,0.6590929627,12.33129264
dish_1551489931,20.12883192,15.09414333,22.51705756,0.7713312358,0.6605440974,0.8421507478,19.47926878
dish_1566414780,11.23853645,10.90641409,11.42841793,0.5642468929,0.5341650248,0.6214587688,11.23206639
dish_1561661479,13.34989828,9.303331507,16.824948,0.6648054719,0.401994884,0.8365904689,12.24970968
dish_1551304155,18.79345952,12.94531992,23.8285657,0.767524951,0.5825315714,0.8624280095,17.52650853
dish_1566415591,14.45565641,10.74034284,20.2973912,0.6799231768,0.6053663492,0.8034145832,12.9483709
dish_1564086624,15.26627837,13.2812338,17.25132293,0.8272013664,0.77393502,0.8804677129,14.82759109
dish_1568144954,11.27564296,10.72779853,11.98331591,0.6146129767,0.5630508065,0.6790452003,11.24452795
dish_1563305948,14.0794549,11.85711754,17.55958964,0.7337489923,0.699676156,0.7957754731,13.46896072
dish_1561405389,14.20775856,12.43502624,15.98049089,0.6803491116,0.673854351,0.6868438721,13.85557776
dish_1566316757,11.81853364,8.910958663,13.78271325,0.6768069863,0.6375376582,0.7213012576,11.28239685
dish_1568044528,20.25949059,14.90562886,25.61335231,0.7735722661,0.6894071102,0.857737422,17.56178125
dish_1551378054,22.87300723,17.83098245,24.57385749,0.830069224,0.7214912176,0.8724035621,22.27988651
dish_1550775393,19.46329788,15.80689634,22.88402548,0.7610078081,0.6919620037,0.7965865731,18.70669777
dish_1551378829,22.32908277,14.96081176,25.09050656,0.8140770112,0.7333574295,0.8628713489,20.64333236
dish_1550772505,21.47124516,16.19020742,25.32359201,0.8419810608,0.7468988299,0.8841689825,20.4374244
dish_1563304301,14.57011421,8.817388642,22.96227348,0.7163102627,0.6208236814,0.8315848708,11.7456254
dish_1562873495,16.14691069,8.92089177,24.20573593,0.8151784341,0.7262198329,0.8878696561,12.69163889
dish_1551394927,23.87276711,19.92310344,27.29815102,0.8719254509,0.8503893614,0.9029977918,23.27803557
dish_1565640894,13.23026174,11.00194397,17.47785473,0.6630990307,0.5850321651,0.784776032,12.39233137
dish_1563827454,13.61878119,9.52028734,17.07886377,0.7416483164,0.6724165082,0.830493629,12.49764105
dish_1550796152,23.49675878,21.41525408,24.83859102,0.8002486428,0.7361216545,0.8302052021,23.32949127
dish_1561576320,12.07348622,6.733588093,17.69165506,0.5767186085,0.4651040435,0.7026281357,10.0684844
dish_1565641885,13.30166051,10.80665012,18.20644612,0.7695705096,0.7223555446,0.8361827135,12.22821344
dish_1560367676,10.7806404,9.617445875,11.94383492,0.6404057443,0.5944865942,0.6863248944,10.62669558
dish_1550777827,21.23019882,17.47500031,24.8689592,0.7690242007,0.6507837772,0.808862865,20.69043655
dish_1557862696,17.23420153,13.69003096,22.08315519,0.8080152646,0.7635718584,0.8480895758,16.50797321
dish_1565204891,16.93015147,9.624775491,20.82284623,0.7895184557,0.6755152345,0.8606792688,13.74896737
dish_1562774180,15.48552828,8.81177686,20.75738016,0.7774141282,0.6635251045,0.8728091717,13.25531968
dish_1551492348,21.10099086,18.55126341,22.53509663,0.7749036625,0.6989320517,0.8184496164,20.85285027
dish_1560976044,11.30369722,7.519456073,16.89127024,0.6461027662,0.5079761744,0.7779188156,9.86202577
dish_1563997327,15.87232783,12.08509599,19.65955967,0.7701646388,0.697717905,0.8426113725,14.39573841
dish_1561739719,17.121587,13.46119765,20.78197636,0.6640608609,0.6275336146,0.7005881071,15.73314174
dish_1550875229,18.21298977,13.82019408,27.69105108,0.8008909523,0.707421124,0.8751104474,16.31120043
dish_1561060613,11.30492602,11.13926931,11.58216095,0.6618898114,0.6215521693,0.6834113598,11.30049194
dish_1563910171,9.863197259,8.461312381,11.26508214,0.6518011987,0.5700933933,0.7335090041,9.64075936
dish_1567022180,12.60416219,11.27146224,13.93686215,0.707850337,0.6891286373,0.7265720367,12.40281321
dish_1558114875,24.33672215,23.94611364,24.72733066,0.7800105214,0.7336723208,0.826348722,24.31917993
dish_1566331828,16.56369197,12.34102813,23.84421889,0.7785104116,0.708509028,0.8774616718,14.47471251
dish_1566931116,17.1387873,11.76892482,22.50864977,0.8164058924,0.7588464022,0.8739653826,14.42757473
dish_1551314560,21.7848578,17.85633635,24.47439407,0.800474152,0.7108655572,0.8446522951,21.31653601
dish_1551381365,21.42169314,15.96640831,26.20783984,0.8501553386,0.7273906469,0.894608736,20.01955181
dish_1562873416,10.30935411,8.313157682,13.49786841,0.7020459771,0.6319095492,0.7761317492,9.792260233
dish_1551563294,15.27435932,9.930615533,26.38856652,0.7457843348,0.5788681507,0.8550115228,13.0994958
dish_1551313782,18.95359454,11.78796216,24.87633342,0.799433291,0.6169108748,0.8828513622,16.8509997
dish_1550710845,23.18744619,16.56483694,29.26401321,0.8464510143,0.7841714621,0.9039665461,21.74133364
dish_1563823359,10.68857897,8.051625022,15.79667598,0.6274070938,0.5029270649,0.7625484467,9.537793685
dish_1560203400,14.57106564,14.41056522,14.8861385,0.6978144844,0.5591135025,0.7808735967,14.56542135
dish_1568060746,10.15093009,7.576128126,11.75810739,0.5900880098,0.5172988176,0.6275776029,9.736827132
dish_1565884766,17.84340492,15.43525286,20.25155698,0.8443792462,0.8016973734,0.8870611191,17.20739453
dish_1562010394,11.21731264,7.707168969,14.7274563,0.7554799616,0.7063276172,0.8046323061,9.93073941
dish_1559844683,12.65879279,11.85701036,13.46057523,0.5799972117,0.5600548387,0.5999395847,12.58519801
dish_1565898723,11.32255297,9.248458463,13.39664748,0.6606176198,0.6145261526,0.7067090869,10.84503782
dish_1551227435,21.53118757,15.01407815,26.77664789,0.7942046821,0.7378976941,0.847630322,20.13692567
dish_1566419635,12.29419677,10.63734766,14.87766042,0.5803940495,0.5308058858,0.6790717244,11.94129584
dish_1565383128,10.58474336,7.089685789,12.4036037,0.5787441929,0.4183135629,0.6703255177,9.824648722
dish_1564170923,8.814079311,5.8679269,12.93594961,0.5849931439,0.5291926265,0.6827768087,7.94020101
dish_1550712486,22.13611251,17.98745379,24.55202865,0.7883855965,0.738930285,0.8319476843,21.57343474
dish_1565209963,19.1667613,19.0942187,19.2393039,0.8662501574,0.85537076,0.8771295547,19.16615547
dish_1562689620,13.54606454,11.39585024,15.69627884,0.8223804832,0.792294085,0.8524668813,13.03419662
dish_1564000459,12.75897057,12.50564985,13.0122913,0.7331500053,0.72072649,0.7455735207,12.75158676
dish_1566246626,11.12137007,10.46936813,11.47106293,0.5996555885,0.5940572023,0.6048827767,11.09628393
dish_1551374440,15.88359498,12.71558224,20.04372938,0.7715243623,0.5982163548,0.8522680998,15.19120306
dish_1551493159,22.60901574,19.26285835,25.79803175,0.8128157407,0.7556375265,0.88305825,22.10698164
dish_1562963006,15.43374263,11.97110758,19.62779751,0.8348566492,0.7909944057,0.8668409586,14.4258097
dish_1568143362,9.714729613,8.636993554,10.64614154,0.6425942481,0.617724061,0.6788025498,9.622917823
dish_1550789321,19.93850353,14.32467623,22.54593761,0.7410762376,0.6923038363,0.7853884101,19.18389432
dish_1574728191,16.91407509,12.10319209,21.72495808,0.5407106131,0.4608728588,0.6205483675,14.66378632
dish_1560357832,11.87861036,9.591597455,14.16562327,0.5563385785,0.4577309489,0.654946208,11.30236768
dish_1567537212,14.61103565,13.82820045,15.40608756,0.7463484804,0.7139933109,0.7957665324,14.56345108
dish_1551141849,22.76432643,16.5801606,26.99455617,0.8608594984,0.8109671474,0.8892538548,21.26912618
dish_1550772199,22.16616291,16.20363615,26.65800584,0.8084077463,0.7614996433,0.8759415746,21.01849588
dish_1551225948,24.50674658,18.35323458,28.19231331,0.8631812856,0.8412584066,0.8916870356,23.48128388
dish_1551399100,21.31735636,15.99720833,24.99935417,0.8387344852,0.7824069262,0.857567668,20.3407132
dish_1561575274,9.446247935,8.169121923,11.61897002,0.4897527198,0.3981786668,0.5695376396,9.196940199
dish_1550862495,16.15935152,10.46393367,23.29436499,0.7730450034,0.6847032309,0.8339369297,14.43886032
dish_1551236657,21.65067804,17.02133651,24.72765469,0.8454244509,0.811999321,0.8841566443,20.79077923
dish_1566933498,11.42514982,8.255734874,13.38803298,0.664573282,0.6004667878,0.762540102,10.88119638
dish_1563378002,22.58853104,15.22659157,29.95047051,0.8838296235,0.8106265664,0.9570326805,18.09295217
dish_1563305513,18.37228018,14.17911244,25.50055166,0.812393864,0.7429423332,0.849920094,16.34419995
dish_1565107143,12.31530591,11.46057399,13.17003783,0.6905103326,0.6458733678,0.7351472974,12.23173375
dish_1551305257,21.65312253,15.91139725,24.02380365,0.809476763,0.7754297256,0.8605515957,20.76208839
dish_1565382969,13.28443089,11.10072055,15.34505453,0.7568367521,0.7281032205,0.7716403008,12.9399636
dish_1557863012,23.86277528,18.53847337,26.40050129,0.8410973996,0.8078214526,0.864202857,22.99140882
dish_1563222775,16.93500502,16.33131876,17.36708549,0.8623067935,0.8319428563,0.8789132237,16.91235898
dish_1551490819,23.30629649,19.99639535,24.70772146,0.8140250312,0.7323652506,0.9061667323,23.06504998
dish_1563566965,9.613489176,6.744720001,11.41220591,0.5615715981,0.5073760748,0.6265189648,9.097616349
dish_1560367193,8.408239683,7.577143015,9.23933635,0.6392965019,0.5937234759,0.6848695278,8.329198093
dish_1567110811,12.73345965,11.28443372,14.30370682,0.6231802106,0.5890119076,0.6896580458,12.56180757
dish_1565809080,11.78975578,11.26668668,12.51663256,0.6563800176,0.6366552114,0.6825037599,11.7581268
dish_1558031351,15.69749682,14.43630606,16.89997509,0.6882114013,0.6281920075,0.7705669999,15.58083569
dish_1551378018,20.75154535,14.59860857,25.75556619,0.8214458227,0.7422822118,0.8769770861,19.37782214
dish_1560367715,11.56475905,10.19053967,12.36921118,0.673192064,0.6298389435,0.7281247973,11.45021958
dish_1551224483,22.32469946,18.00069652,24.58946947,0.8270746544,0.7792247534,0.8938490152,21.82275175
dish_1562617492,17.02605738,15.1532566,20.0077388,0.7351254622,0.6755540371,0.7943016291,16.5684749
dish_1562949205,13.60499408,12.55266183,14.65732633,0.8126223087,0.7923254371,0.8329191804,13.47872799
dish_1565118067,18.69091059,14.77079444,23.74153682,0.7877479941,0.7062018514,0.84958148,17.61835864
dish_1563479655,10.44275759,7.269570018,14.80382263,0.632833302,0.5695718527,0.7448215485,9.465134076
dish_1565894910,19.49976024,19.36450474,19.63501574,0.8252243996,0.819504261,0.8309445381,19.4976544
dish_1565637504,17.02747898,16.30140455,17.7535534,0.8832882643,0.8687829375,0.897793591,16.96706532
dish_1568146905,15.64843427,12.585622,20.30835382,0.7645942966,0.7150588632,0.8423308134,14.60949356
dish_1550791214,18.18496253,11.78822493,23.84920695,0.750488326,0.5947933197,0.8284214735,16.28931364
dish_1561062237,15.32566108,15.14242884,15.50889332,0.7829656005,0.7806384563,0.7852927446,15.32179687
dish_1551494095,23.61448628,16.66478488,26.94355287,0.8591302112,0.8084862828,0.8883112073,22.12264463
dish_1558547124,15.94539476,12.68669633,19.20409318,0.6978458166,0.6413661242,0.7543255091,14.82281294
dish_1551379881,22.47818389,16.92479795,27.60931418,0.8089674488,0.7487280965,0.881634295,21.55972622
dish_1550706705,18.97252828,14.04129405,22.61440272,0.7546832114,0.6987782121,0.793197155,17.67581901
dish_1567711272,16.67651682,12.11176595,24.54488514,0.7565152496,0.6466967463,0.8508494496,14.94025039
dish_1551568156,23.73324775,21.23092208,27.11963396,0.8631191552,0.8156490326,0.8949334025,23.34283564
dish_1562613898,13.60272457,8.857791253,18.34765789,0.7263195813,0.6488112807,0.8038278818,11.40523174
dish_1562691032,14.29973198,10.92470095,20.24104958,0.6904007395,0.6099056005,0.8024266362,12.8019439
dish_1551379379,21.08497616,19.29053511,22.71828891,0.7655559629,0.7082465887,0.8019630909,20.87992623
dish_1559841091,12.20971139,10.00091898,14.4185038,0.6088275909,0.5736582875,0.6439968944,11.67068873
dish_1573579470,14.34488504,11.28786275,17.40190733,0.453227371,0.3246708512,0.5817838907,13.34759135
dish_1551233313,18.50080982,11.28413842,25.68051562,0.8157379106,0.7117418647,0.8535997272,15.92264081
dish_1551224447,23.01055455,16.11518662,28.19817992,0.8540272117,0.8046346307,0.8847703338,21.28516216
dish_1561580406,10.7689445,8.876515757,12.40506125,0.555419604,0.528172493,0.5821802616,10.52284278
dish_1563391413,17.33515228,10.54655052,22.90667014,0.8174410264,0.7210512161,0.8875991106,14.46715316
dish_1562945186,17.27239152,15.64325149,18.35554393,0.8121880889,0.800265789,0.835411787,17.1072137
dish_1551303770,21.26316327,14.44724237,25.36853341,0.8369995505,0.7446498871,0.8852828741,19.49076956
dish_1560800836,13.97547455,13.48782423,14.46312487,0.6201545596,0.5948503613,0.6454587579,13.94815383
dish_1559934679,13.47859512,10.81985525,15.61180654,0.5359298587,0.42208606,0.6104979515,13.00921654
dish_1560455343,17.18937638,9.707198964,24.67155381,0.8064302802,0.7297932506,0.8830673099,12.5811927
dish_1551225666,22.78496329,19.12320204,25.7289871,0.851821281,0.8277366161,0.8896949887,22.09362398
dish_1561999332,18.40604887,15.09896622,21.71313153,0.7534666955,0.7237623334,0.7831710577,17.252566
dish_1561580322,10.53897233,9.090226439,11.98771822,0.5037118942,0.3882597387,0.6191640496,10.30168457
dish_1551322755,24.85895693,22.92778028,27.91798841,0.8691721492,0.8218926787,0.8967704177,24.626745
dish_1551374021,18.58481402,10.95996441,25.85351864,0.7684037089,0.6505708694,0.8690969348,14.99392393
dish_1561753203,16.65908658,12.73218212,22.87491988,0.8177847068,0.7178397179,0.9080261588,14.99291755
dish_1551488737,23.52178872,17.92669545,26.27358476,0.8721787781,0.805091083,0.898727119,22.46660896
dish_1563909507,14.50926004,13.15591352,16.11104592,0.7709554434,0.7017807364,0.833612144,14.34442181
dish_1551139415,21.28662954,15.19033347,28.23171209,0.8621803423,0.7905940413,0.9119601846,19.10143077
dish_1560456794,13.183415,11.72172394,14.64510607,0.7864157259,0.7542347908,0.8185966611,12.94194499
dish_1563908923,19.8014344,16.50661667,25.80687763,0.8085319996,0.7242165208,0.9043162465,18.2857595
dish_1562963704,13.55446238,9.926137624,19.17793407,0.6971835494,0.64847368,0.7830347419,12.13169528
dish_1562963648,17.38391766,10.90987594,26.23611474,0.7629375259,0.6398401856,0.8727331161,14.1620354
dish_1551374982,19.99415853,12.51413828,22.38462617,0.7742212042,0.7145177722,0.8594897985,18.52430405
dish_1551493123,20.46452777,15.5950796,26.84448506,0.800248161,0.6693755388,0.8825867772,19.14121577
dish_1559845745,21.34363028,16.81753097,25.86972959,0.7802309692,0.7659559846,0.7945059538,19.31866708
dish_1565898758,15.3603188,13.32459437,19.27783082,0.723724544,0.6629316211,0.8135151267,14.63407039
dish_1566590987,17.20461209,9.383343361,26.17433882,0.7523819506,0.5987381935,0.8884211183,13.5413795
dish_1551322934,19.7102427,14.20301534,23.31539914,0.8159809198,0.7444452643,0.8777703047,18.08936376
dish_1561748274,11.38955797,11.08524438,11.69387156,0.7091379166,0.680480063,0.7377957702,11.37890494
dish_1551566083,13.76332397,9.653064133,18.75205308,0.7633169227,0.6311746836,0.8526011109,12.85730625
dish_1559751775,10.48763382,9.740231191,11.23503645,0.4558119923,0.4074806273,0.5041433573,10.42363636
dish_1563206601,16.72000858,11.15317828,20.93500246,0.7893472115,0.6886820793,0.8576796055,14.75681913
dish_1550771562,21.56701192,15.89827738,26.63851372,0.8093018904,0.7217256427,0.854686439,19.98528168
dish_1563475953,13.45797264,13.36220523,13.55374006,0.7853215337,0.755094111,0.8155489564,13.45691683
dish_1551317628,21.37070577,16.35381556,24.31758951,0.8272498979,0.7727338076,0.8710440993,20.61869163
dish_1550775273,19.56412303,16.61181561,22.4429242,0.7867470458,0.7224806547,0.8297055364,19.17238048
dish_1563220802,11.73779854,8.753130709,14.17656497,0.6964840889,0.6170731187,0.7412347794,11.14287407
dish_1551134987,22.59106453,18.43547908,27.10976633,0.8429017365,0.7809503078,0.9062204957,21.56749343
dish_1551322804,21.75182351,18.07755115,25.28837615,0.842874743,0.8015297055,0.8709855676,20.88169688
dish_1562617395,14.7593239,11.6311316,16.6266023,0.690612336,0.4715975523,0.8220921755,14.14783577
dish_1550771707,20.83075431,14.40895433,23.92747946,0.7705605701,0.7060951591,0.8113306761,19.75636423
dish_1560889061,7.981609017,6.901058904,9.062159131,0.5651723742,0.5645872951,0.5657574534,7.848549846
dish_1563553756,10.87393489,8.273003535,12.92352244,0.599208951,0.5761258602,0.6298565269,10.42767308
dish_1562788010,14.05387099,11.86692227,18.04730607,0.7700857719,0.7244998813,0.8222416639,13.29944773
dish_1561407208,14.36073451,13.63352148,15.08794753,0.7462261915,0.7428668141,0.7495855689,14.3001321
dish_1563220987,14.48359649,9.43330627,17.54757125,0.7496314446,0.5540716052,0.8731784821,12.89402823
dish_1550861074,16.43589394,10.68990628,26.69518144,0.7738229036,0.618103683,0.867354393,14.21247811
dish_1551567541,21.38521132,15.8882649,25.10915571,0.8370876536,0.744736433,0.8905570507,20.31582005
dish_1566501447,12.78314137,10.06407306,17.75019392,0.6461948554,0.5676107407,0.7425358891,11.68067758
dish_1566847431,13.3493414,12.17237714,15.07566804,0.7544248899,0.7050672174,0.8062819839,13.18161989
dish_1550863078,22.02215432,15.00187418,26.89754856,0.8129671589,0.7224930525,0.8809111118,20.1490639
dish_1550707504,24.40059477,20.5477526,27.2379316,0.8402949373,0.7856776714,0.8958432078,23.84161758
dish_1568061320,12.18931617,8.888639407,15.19124414,0.668801109,0.5562971234,0.7646849155,11.43046198
dish_1563811490,12.06726524,10.60210455,13.53242593,0.6892821789,0.6364541054,0.7421102524,11.8246684
dish_1551565379,23.27789703,18.03403229,27.09356765,0.8715889677,0.8474326134,0.9021928906,22.33620521
dish_1562611522,21.3449914,17.03340614,25.65657666,0.8610111773,0.8441713452,0.8778510094,19.48494072
dish_1568060646,12.09614095,9.451912855,13.45088435,0.68340681,0.5652340651,0.7458820343,11.6645374
dish_1567525681,12.14225242,7.998936925,17.74899133,0.6899898251,0.6024739742,0.7915768623,10.60730765
dish_1551397543,24.1354527,17.97156908,27.07358611,0.884174943,0.8580220342,0.9035046697,23.17633222
dish_1558031566,14.90529434,12.27461957,16.35408319,0.6741492748,0.5360438824,0.7461873889,14.47732114
dish_1560368464,14.80564604,12.25500726,16.93162629,0.7660012643,0.6459021568,0.8391943574,14.36691663
dish_1550712654,22.41892904,16.34074822,24.24953904,0.7898783618,0.7165011168,0.8286091089,21.59898782
dish_1550772454,20.81329601,14.32686428,25.06193847,0.8090280667,0.7546411753,0.8600058556,19.62903247
dish_1574711517,18.08059352,14.70102408,21.46016297,0.5218911022,0.3589763939,0.6848058105,16.88022464
dish_1550873044,16.90660433,11.13915154,23.93514123,0.7924339026,0.5813203454,0.8734348416,15.00665497
dish_1551565845,15.07462709,11.72324706,19.00094039,0.7877220975,0.6450143456,0.8613989353,14.46006002
dish_1560961012,13.06148937,12.80068659,13.32229215,0.7228142619,0.71785146,0.7277770638,13.0536632
dish_1551225836,18.44680873,11.42765999,27.63282104,0.767177783,0.5651099682,0.8723970652,15.27567468
dish_1566242234,16.2277673,11.1763001,25.94292935,0.7446977695,0.6465539932,0.8818601966,13.05173287
dish_1566938088,11.95887608,11.78194199,12.2500103,0.6196529667,0.6144231558,0.6274600625,11.95397479
dish_1564083534,11.60226655,9.387124648,15.75741395,0.7177524169,0.664090097,0.8171753883,10.79519727
dish_1563555543,13.26956338,12.99798078,13.54780457,0.7461480896,0.7049087286,0.7905859351,13.26376649
dish_1561049409,12.55552134,10.89125952,14.21978316,0.5594934225,0.5422567725,0.5767300725,12.2441521
dish_1573665056,8.181551855,7.868304683,8.494799028,0.2758610323,0.2282626778,0.3234593868,8.170264718
dish_1550712805,21.60342779,14.96451002,26.44315258,0.7969892422,0.7081333995,0.8674295545,20.01264048
dish_1551490544,21.22097094,15.69763546,25.61279627,0.8004523218,0.7011907101,0.8533872366,20.13620468
dish_1560444967,12.33484328,11.34465944,14.28687164,0.6367195646,0.5281291604,0.7384224534,12.13404654
dish_1567801468,13.23035295,9.996394223,17.1826687,0.7907241061,0.7050135136,0.8503261805,12.65413444
dish_1562776428,11.43251057,10.20090866,12.66411248,0.6805576682,0.6478822827,0.7132330537,11.26016924
dish_1550773349,22.13470847,15.98522905,26.18317368,0.82897304,0.7545623779,0.884694159,20.84321598
dish_1568320383,14.14140482,11.86925599,15.47333996,0.6519441803,0.6188523769,0.6974912882,13.82246733
dish_1562085163,11.59203055,10.67462187,12.6071129,0.7106953263,0.680901587,0.7347634435,11.5209145
dish_1551491452,23.17303085,14.83197217,26.00351777,0.8217949933,0.771050036,0.9141548872,21.46187003
dish_1550793525,10.25909223,7.150711066,17.25821719,0.6386430338,0.517454803,0.7664853334,9.561547464
dish_1550797094,19.12136395,11.57615455,24.09348755,0.7686896059,0.5785608888,0.8403558135,16.68664267
dish_1565119493,15.86384428,6.967259267,25.47687554,0.6018768152,0.2163127661,0.8576686382,11.07094989
dish_1561405887,11.84867065,11.36600825,12.62658453,0.6279268662,0.5639268756,0.6752868891,11.81420752
dish_1551233610,21.47142874,17.9390407,24.78109624,0.8173942963,0.7034186721,0.880538106,20.52955158
dish_1551314589,21.7016257,19.81906575,24.10693599,0.7839045127,0.680660069,0.8444509506,21.49799647
dish_1562011727,13.95026441,9.360025522,16.28934906,0.7901002765,0.7043514252,0.8482704759,12.63982444
dish_1561494001,15.12080591,13.43236414,16.80924767,0.7162530422,0.6765528321,0.7559532523,14.80054083
dish_1550708221,21.93819552,16.26245003,26.93395934,0.8331109881,0.7713703513,0.9064908028,20.2921286
dish_1562960520,14.18016595,7.457236471,20.57370433,0.7121186058,0.5602455139,0.8126069903,11.27351459
dish_1551226013,11.9622101,8.671941546,19.00274482,0.6733924747,0.5539098382,0.7941379547,11.08942859
dish_1558114086,13.1984155,12.12806608,14.26876492,0.6109007299,0.5338138938,0.687987566,13.06783194
dish_1563568338,11.84103395,10.57620169,12.79848353,0.640735507,0.5873770714,0.7155082822,11.73817334
dish_1568400967,8.608383663,8.515408656,8.70135867,0.5602265,0.537042439,0.5834105611,8.607388521
dish_1562702469,10.71688529,8.839240261,12.59453032,0.6734174192,0.6283757091,0.7184591293,10.3230397
dish_1566844803,9.972089672,8.056933834,12.21467459,0.6157712936,0.5796855092,0.6424199939,9.652326827
dish_1565896662,9.653988585,9.250109412,10.05786776,0.7410029471,0.7007800341,0.7812258601,9.635235894
dish_1562945499,10.41360353,6.397121969,17.34450696,0.6789971391,0.6141260266,0.7655251026,8.481899501
dish_1561664042,15.07164864,14.47686219,15.66643509,0.826826632,0.8231428266,0.8305104375,15.03104595
dish_1550774815,11.4200225,9.835911328,14.07384873,0.6860112718,0.633359313,0.7749946713,11.19416716
dish_1562702007,16.38834419,13.32883929,20.04664912,0.8551606536,0.8460601568,0.8614597917,15.59494
dish_1551492252,21.2046683,12.69306672,25.20323495,0.7740021721,0.7084649205,0.8573268056,19.2230422
dish_1562874203,9.910567619,8.560856214,12.1428321,0.7002482017,0.6566075087,0.7492538691,9.646694526
dish_1565210009,14.58788144,10.63978291,18.53543098,0.760248661,0.6677027941,0.8138207793,13.4653357
dish_1550778535,22.30047911,15.16327442,27.15274212,0.8476926982,0.7845349908,0.890312016,20.51354362
dish_1551492790,20.50983246,18.39483204,23.11921508,0.7911887169,0.6981188059,0.9059299231,20.20697638
dish_1562181247,11.5223918,8.056041136,17.31406038,0.7289521098,0.6444171071,0.8068111539,10.06820338
dish_1551567992,21.45432342,19.56794492,23.48214384,0.7641884089,0.706009388,0.8208824992,21.21650619
dish_1566333291,15.00271483,9.753365746,21.39050824,0.6824630499,0.5967109203,0.7797898054,12.89098606
dish_1551139675,13.21137565,11.28307218,15.5375363,0.7013945431,0.5863106847,0.7941800356,12.96124917
dish_1563555563,9.986487382,9.525584634,10.44739013,0.7283529937,0.724791348,0.7319146395,9.962076092
dish_1557862783,22.58020299,19.69940663,25.3861904,0.814328678,0.7613014579,0.8375080228,22.18785809
dish_1558463113,12.84150732,11.77735207,13.90566257,0.6200829744,0.5879419446,0.6522240043,12.71241602
dish_1558114484,17.31594639,14.38889531,19.27187771,0.6731997132,0.5634309649,0.7409172058,16.77358594
dish_1551391586,20.627241,17.86654029,23.5471784,0.7593279481,0.6833670139,0.8424773812,20.35050237
dish_1560961261,9.670541652,7.780929591,11.56015371,0.471992597,0.4049375355,0.5390476584,9.271808412
dish_1550708556,23.732675,17.36175877,27.68557041,0.8431875035,0.7600347996,0.876675427,22.02362779
dish_1551491090,19.68746969,13.16753693,24.49654706,0.7756235972,0.7247366905,0.8578774929,17.59636012
dish_1550772701,23.43937288,16.44170103,26.87323696,0.8210834265,0.7222309113,0.8754444122,22.07707598
dish_1558116436,17.34051276,14.5965329,18.88700809,0.7155785561,0.5793895721,0.7840995193,16.87365753
dish_1550708945,20.30105242,15.05988691,25.32560364,0.8187426461,0.7603030801,0.9179816842,19.00916534
dish_1551390930,22.94751289,16.37173366,26.46790288,0.8621876571,0.7895254493,0.8985160589,21.28055522
dish_1551318377,22.01324802,20.45220932,24.53010924,0.8107789084,0.7890870571,0.8357381821,21.83027378
dish_1568132484,9.925779591,9.443565352,10.40799383,0.7108709812,0.6578350663,0.7639068961,9.899063347
dish_1562009148,10.3228986,8.676196768,11.96960043,0.6995790303,0.6673389077,0.7318191528,10.0179166
dish_1550707958,21.21667704,18.57287706,24.24603867,0.7745409906,0.6752580404,0.8070723414,20.71256779
dish_1573073741,13.56826568,9.24913401,17.88739735,0.4552716762,0.2691279948,0.6414153576,11.70248793
dish_1550791701,19.99175522,12.19647515,26.40077323,0.7893263474,0.7041310668,0.8429929018,17.3371428
dish_1550776957,20.46587315,15.08736023,23.05333647,0.7877211049,0.722566843,0.824370563,19.49527387
dish_1550776907,21.60732704,17.24942373,23.93182296,0.8114576638,0.7349870205,0.8983282447,21.11779321
dish_1556575273,20.66344576,17.24417412,24.21674394,0.791133368,0.7497407198,0.8476117849,20.09811966
dish_1551236550,21.93360834,18.1559795,24.34576741,0.7914672494,0.7568351626,0.8410874605,21.44787883
dish_1561578775,17.16577076,12.71059127,21.62095025,0.8166561127,0.7791566849,0.8541555405,15.19580616
dish_1558550218,13.63840149,11.72678029,15.55002268,0.650983423,0.6008828878,0.7010839581,13.23060753
dish_1562774504,12.52423108,10.05493981,14.95562297,0.6810431083,0.5627675653,0.7756196856,12.07314529
dish_1567628069,11.75520441,9.88945776,13.63505836,0.7022054195,0.6465278268,0.7805683017,11.49047264
dish_1564170880,15.9238,12.06401419,22.68195579,0.7598541776,0.7028871179,0.8535662889,14.07485252
dish_1560455380,12.17954522,8.196232457,16.16285799,0.6664763093,0.6077534556,0.725199163,10.56303104
dish_1565711326,13.19226489,8.096079299,18.64451195,0.7281648914,0.6186360717,0.8055230975,11.33260459
dish_1550773995,20.74305772,16.94476642,24.2293078,0.7943859845,0.7659172416,0.8391447663,20.09938192
dish_1562690950,14.35417292,10.56962212,18.13820271,0.7819906274,0.7024859786,0.8335235119,13.31773198
dish_1572032356,11.77311708,10.8174134,12.29778976,0.3312600056,0.3080791533,0.3584386706,11.71863813
dish_1563911255,11.35200006,7.857665068,16.86710878,0.6454863747,0.5839836001,0.7599497437,9.985687653
dish_1563910106,15.0675753,9.714716306,20.4204343,0.7818846703,0.7071269155,0.8566424251,12.37071161
dish_1550771487,19.2845112,13.33895861,26.07023702,0.7862800136,0.7024805546,0.8971471786,17.65808129
dish_1551136531,22.66406129,15.64663666,27.81481516,0.8636077378,0.8171431422,0.9050839543,20.50486197
dish_1563565508,12.85961296,12.00420372,13.8476653,0.7001080314,0.6538202167,0.7814500332,12.79462221
dish_1566934366,17.05801269,13.44558592,23.66882948,0.8027128776,0.7245731354,0.9024865031,15.28727996
dish_1558461431,16.47324569,14.80279825,18.14369313,0.714468509,0.6499249935,0.7790120244,16.15961183
dish_1564000536,13.96419272,9.003448285,20.54337932,0.6561017434,0.596901238,0.7646504045,11.91825368
dish_1550711598,18.62975977,13.12041558,26.1473685,0.7876527682,0.6673861742,0.878236711,16.93783919
dish_1550770482,20.39071103,12.27162547,25.09559762,0.7537410036,0.6424063444,0.8012664914,18.34907043
dish_1560442303,14.70787969,10.4384863,20.66936095,0.5281717082,0.4426781237,0.6574580669,13.04212263
dish_1551304349,22.28311133,17.42619337,25.77738875,0.8493680954,0.8044196963,0.8926977515,21.44861889
dish_1562614895,12.08315151,7.21268885,16.95361417,0.6459830552,0.4493482411,0.8426178694,9.784860594
dish_1562009098,12.69014503,8.920589928,16.45970014,0.7742431462,0.6938536763,0.854632616,11.22595367
dish_1563307488,15.64067396,12.33585453,18.9454934,0.7592538893,0.7146696448,0.8038381338,14.48864362
dish_1566332154,10.3566672,8.133385703,12.57994869,0.5907874107,0.549380362,0.6321944594,9.810832515
dish_1563555126,16.67057027,13.69416086,22.04306751,0.7476702929,0.6931228042,0.8036083579,15.4093374
dish_1568401090,9.960426724,9.634610429,10.28624302,0.6345775127,0.604055047,0.6650999784,9.948216481
dish_1551395022,22.66838196,20.1275749,24.96672759,0.8574167937,0.8179920912,0.8901776075,22.33877522
dish_1550771648,21.72286297,16.80055649,24.79843416,0.7842622846,0.7007793188,0.8232762218,20.93055706
dish_1550770447,19.11171966,13.86909791,24.5334296,0.7901520729,0.7144850492,0.8430067897,17.6824285
dish_1563305913,11.94847838,10.22377299,13.67318378,0.6985050142,0.6277063489,0.7693036795,11.61465429
dish_1550862840,16.402022,12.67624835,19.33612497,0.8006912044,0.6995027661,0.8789605498,15.8137664
dish_1563913588,15.27299438,14.13387447,16.91191029,0.8180352052,0.7585452795,0.8894007206,15.1200519
dish_1563217804,15.28605873,10.94577058,20.36657394,0.7387184352,0.6438754201,0.8023784161,13.87514729
dish_1565034330,16.3856264,11.99281919,18.88493164,0.7191498478,0.5824218988,0.8035723567,15.18128757
dish_1550706096,21.36133902,14.93017788,25.92832617,0.8137082756,0.7078838944,0.8776552081,19.54104877
dish_1551222791,19.82508174,16.44076918,23.89229727,0.8081080988,0.7373365164,0.8645963669,19.12733886
dish_1551375848,21.62301293,16.79309322,26.26872526,0.8309831321,0.7656034827,0.8907846808,20.65471273
dish_1568217417,13.25275848,7.823551047,21.8304871,0.6478042404,0.5162399411,0.8284953237,10.46965059
dish_1563207364,10.66045382,8.849849142,12.4710585,0.7066546381,0.6242004633,0.7891088128,10.29347889
dish_1562876732,15.94819435,12.75199956,21.08501112,0.7487029235,0.6766685247,0.83767277,14.74546246
dish_1562873224,12.56887278,9.191708546,17.03106041,0.7246650159,0.6787035465,0.7710651159,11.64600149
dish_1561579576,15.0700035,11.21211005,18.92789694,0.684910804,0.5673971176,0.8024244905,13.54349162
dish_1551567604,21.41830896,18.47266823,22.73565041,0.7877095118,0.7379426956,0.8213981986,21.20867792
dish_1563897870,16.67043614,15.64076215,17.70011012,0.8338758647,0.8279770017,0.8397747278,16.54949954
dish_1551397752,23.00183487,19.16839007,25.54302111,0.8659383804,0.8176125288,0.8923849463,22.28905564
dish_1551567426,20.98653332,14.4675851,24.22010668,0.7953828424,0.7254068255,0.8487983346,19.54506206
dish_1566931650,15.81737986,12.15759505,20.18979552,0.7088756959,0.5991097093,0.8458126187,14.71560012
dish_1550791942,20.38745981,15.29854034,24.31303194,0.7731888956,0.6670511961,0.8241892457,19.13739622
dish_1562775456,17.95610955,12.64295648,24.86503685,0.86047707,0.7997313142,0.9091708064,15.69741251
dish_1563910530,14.19772064,11.97654508,17.29602344,0.7894562284,0.7153705359,0.8572013378,13.67787107
dish_1551317589,20.78875197,15.11844426,24.48134019,0.8180260062,0.7787283063,0.8786014915,19.80528233
dish_1565036865,17.70456551,14.69648132,23.14825208,0.8350720604,0.8028181791,0.8896039724,16.41561886
dish_1565811061,10.99293023,8.797259224,13.18860124,0.676397562,0.6580747366,0.6947203875,10.46004404
dish_1567537185,14.82716223,12.72364479,17.21505648,0.7806668878,0.7369500399,0.8089616299,14.45576437
dish_1551381173,24.52120565,20.70152193,27.84929645,0.8702981174,0.8254019022,0.9036570191,23.94333735
dish_1563913709,13.69988045,11.35042142,17.33459126,0.6527410944,0.5642793179,0.7718287706,13.03646584
dish_1565811335,16.26300505,9.946051586,22.57995851,0.8091057241,0.7491790056,0.8690324426,12.72577569
dish_1562788536,12.20158546,8.803040413,15.33348133,0.7426648339,0.6481363177,0.7984386086,11.39331026
dish_1551125357,21.81757592,17.31131158,25.30905557,0.8208905458,0.7445506454,0.8872243166,20.87534597
dish_1567714934,14.57243425,8.055474918,20.99654418,0.6595613658,0.4997002482,0.8075533509,11.84732198
dish_1565898361,17.90955741,11.58089279,24.23822203,0.8201126754,0.7374079823,0.9028173685,14.36182491
dish_1566835603,12.42684036,11.20297917,13.65070155,0.6657146513,0.549271524,0.7821577787,12.25663081
dish_1560975491,16.04860665,10.91416361,21.18304969,0.751739502,0.6390839219,0.864395082,13.53430449
dish_1563305883,12.01755745,8.568818123,15.46629678,0.7625763714,0.6859830618,0.8391696811,10.77179875
dish_1559589902,13.75009106,11.81035652,15.79335334,0.6649885178,0.5589088202,0.7465520501,13.45371062
dish_1560441339,11.46553998,9.797716841,13.36193891,0.5465230644,0.4635400474,0.6315531731,11.22832346
dish_1550793621,18.84762153,12.45316936,22.71730126,0.7409409434,0.6384783983,0.8082966208,17.02833737
dish_1551374604,24.16973273,14.60368138,28.54037374,0.8741030494,0.8372225165,0.9089227915,21.56244019
dish_1561666794,13.29086039,11.65874869,14.56786939,0.7448088527,0.651689291,0.8257311583,13.14592718
dish_1568664972,14.87079553,9.685832511,22.49294514,0.6872022947,0.5603666902,0.8116708398,13.03270645
dish_1551375443,22.52805923,20.64241001,24.12417983,0.8192433864,0.7910006642,0.8611263633,22.36798863
dish_1562603867,10.72349479,6.594412224,17.12155978,0.609918048,0.4791186154,0.7617425323,8.959675344
dish_1563395510,11.34950474,8.051308104,13.08276278,0.6264555454,0.5358409882,0.6787212491,10.67329351
dish_1550789814,17.04180316,13.60392517,22.30099617,0.7920987308,0.6742043495,0.8664277196,16.36970912
dish_1568061145,15.29188693,12.59991948,16.75682361,0.7637602091,0.63863796,0.8291889429,14.84361368
dish_1550713462,21.81104732,15.93916816,26.67635888,0.8461406976,0.7875247002,0.9104159474,20.12561674
dish_1574197731,15.42576797,11.23100398,19.62053196,0.4915515035,0.3597504795,0.6233525276,13.65365519
dish_1560369294,10.20850344,9.039728705,11.3706663,0.6309880813,0.5390383005,0.6912848949,10.10478752
dish_1551390382,20.88969341,15.42322363,25.11892628,0.8029763326,0.7593944669,0.864027977,19.85096863
dish_1562603842,10.92337741,8.617143304,17.18839399,0.6633561701,0.6167522669,0.7848786116,9.870889263
dish_1563393366,13.26143636,8.713411942,18.92137316,0.7246597807,0.6330151558,0.8686403036,11.58515463
dish_1550863381,23.86762002,20.83218485,27.60225487,0.8551388184,0.814530313,0.8754721284,23.49223916
dish_1551318183,23.12794779,17.83659191,26.77412811,0.8526772857,0.7756217122,0.8955048919,22.17635964
dish_1560356314,12.65973819,10.86422172,14.45525466,0.5934314132,0.5779244304,0.608938396,12.29869072
dish_1550792824,21.00376728,17.81619751,23.73278225,0.7662492245,0.6873037815,0.8105792999,20.629945
dish_1562963325,14.86248107,9.347742684,18.45498423,0.7514647444,0.6272467971,0.8296393156,12.96867999
dish_1551229028,21.10561404,18.73496871,23.51000184,0.8024837822,0.7684388161,0.8498690128,20.91457752
dish_1561737776,16.74192632,12.43082981,22.64598548,0.7547527353,0.6957733631,0.8387482762,15.08027107
dish_1566847043,14.94745948,10.91915358,20.68217216,0.7141648332,0.642337501,0.8416059017,13.40767119
dish_1550788398,22.56165835,16.09992689,26.20724699,0.8179153427,0.7957233191,0.8422099352,21.39187501
dish_1558027057,13.84632566,11.75820246,15.93444886,0.7088450789,0.6715199947,0.7461701632,13.36255937
dish_1551314048,14.6581613,11.94166469,19.37673521,0.7507917881,0.7096414566,0.8132855892,14.15241953
dish_1551237180,12.04341884,10.96820847,16.34832296,0.710082003,0.5999423862,0.7808932066,11.75193692
dish_1551393069,21.84333513,17.83401987,26.00635699,0.8477059454,0.7790879607,0.8973926902,20.72057869
dish_1551391710,21.07412684,16.85286922,25.80642484,0.8293921351,0.7625135183,0.8823180199,20.01402848
dish_1562170331,14.43447983,8.282290676,19.58327442,0.7411512931,0.6440369487,0.795435667,12.02704302
dish_1563395480,12.08209213,8.632292872,14.25310373,0.6666405002,0.5300670266,0.7405653596,11.33328518
dish_1566850031,10.72863273,9.269994249,11.65734992,0.5962279042,0.5644704103,0.6349154115,10.59779628
dish_1565727821,15.4507077,8.771326008,23.72338032,0.6956592798,0.5682813525,0.8437859416,12.26503059
dish_1551487288,22.0600617,13.83621847,27.37212793,0.8407130109,0.7550427318,0.9051375389,19.1635838
dish_1561578417,10.5226746,9.41568321,11.57530155,0.5705746611,0.5248855948,0.633022964,10.43291908
dish_1565034234,14.90012309,13.4362546,16.36399159,0.8390995562,0.8256695867,0.8525295258,14.65794621
dish_1562958809,7.628396716,6.524772276,8.732021156,0.5677734613,0.5382490158,0.5972979069,7.489654516
dish_1551566236,20.41762109,16.03586604,24.20848678,0.8426238,0.7650471926,0.8728942871,19.65206371
dish_1551567896,19.97246392,14.18526393,24.76202607,0.821398899,0.7736287713,0.8623473644,18.69695595
dish_1572464354,8.493798027,7.714858998,9.272737057,0.311343208,0.2545661628,0.3681202531,8.424315154
dish_1563381461,14.48363901,12.94024999,17.21852815,0.8176108003,0.7889695764,0.8640632033,14.10256012
dish_1551322988,23.46174785,20.54477622,26.81603786,0.8577092157,0.8067541718,0.8926202655,23.10526811
dish_1550874464,22.59598518,17.20591413,28.02127011,0.8599796295,0.7820171118,0.9129769206,21.16236881
dish_1566502033,14.45288232,9.784308192,18.16952228,0.701533556,0.6467772126,0.7305490971,13.0352002
dish_1563997386,9.274336793,8.44808783,10.86283771,0.6762190064,0.6355131269,0.7101987004,9.13883329
dish_1550709028,21.15606102,16.06675527,23.49522484,0.7785353139,0.7135426998,0.8225892782,20.48503886
dish_1561060477,13.97526028,13.77475318,14.17566946,0.7291993499,0.6643319726,0.7634373903,13.97217659
dish_1551486571,15.85684636,12.82414515,24.96468389,0.7902044207,0.7156160474,0.8582093716,14.90552433
dish_1566328961,12.8199875,10.12702979,16.81750765,0.7240932385,0.656088829,0.8231056333,12.01879302
dish_1561752035,14.08467651,13.62476117,14.54459185,0.7393586338,0.7218081355,0.756909132,14.06036951
dish_1551377521,21.142965,16.99437305,23.76719476,0.8317455649,0.7794321775,0.8630434871,20.33663158
dish_1551314290,22.69380174,18.0646085,28.37201915,0.8651661798,0.8267309666,0.9083444476,21.80391662
dish_1551568285,21.99755908,19.09901689,24.5679776,0.8177519888,0.7598956227,0.8601680994,21.55046156
dish_1551563773,24.00445809,21.11915737,26.42618564,0.8597849756,0.8280178308,0.8825708032,23.57115662
dish_1550777025,22.53623543,15.7826354,26.02297894,0.8564920947,0.8111154437,0.8972653151,21.01152006
dish_1556575014,13.1938546,9.327404153,21.2395299,0.6649134576,0.5763591528,0.7934163809,12.06473375
dish_1551317998,21.26861356,16.63288554,25.68287024,0.8432349116,0.7946832776,0.8982913494,20.3858728
dish_1562008476,13.84187474,10.23262958,19.18108557,0.7834840218,0.736312747,0.8312947154,12.50907594
dish_1563550584,17.5112324,15.94811043,20.11557182,0.8515280088,0.8451179862,0.8608921766,17.15941714
dish_1558468547,20.08418533,19.75524444,20.41312622,0.8428096175,0.8380789161,0.847540319,20.07173999
dish_1562173200,13.29124732,12.77439779,13.80809684,0.8150809109,0.7903373837,0.8398244381,13.26056477
dish_1566414862,13.06122079,12.72623087,13.39621071,0.7997271121,0.7539349794,0.8455192447,13.04831397
dish_1564169932,15.54460749,10.839873,22.20943075,0.7489398917,0.6843246222,0.8548132181,13.55770853
dish_1562094730,11.41841422,10.17301383,12.6638146,0.5946629941,0.5367022157,0.6526237726,11.24224121
dish_1566413388,15.15547495,9.381318834,21.3983959,0.7477899449,0.6068402529,0.8497436047,13.12604544
dish_1550713065,22.91076272,19.17001687,26.1677665,0.8150885105,0.7749836445,0.8510507345,22.38257605
dish_1561665024,9.425369867,7.408267395,11.44247234,0.6881485283,0.6607072353,0.7155898213,8.972875081
dish_1550708487,23.26807874,18.93079996,25.79827845,0.837951079,0.766682148,0.8779435158,22.69381171
dish_1559593746,11.64948492,10.45861713,14.02789714,0.5329049031,0.4643552899,0.5676987171,11.35797958
dish_1563391453,13.78483962,11.8778385,15.27796897,0.7758887808,0.7484654784,0.7970671058,13.5461658
dish_1558468632,18.07053212,17.54959532,18.59146891,0.7991304398,0.7716186047,0.8266422749,18.03936353
dish_1550711094,21.00629446,15.60763391,25.02449837,0.8034576774,0.7647957802,0.8700485229,19.56230824
dish_1563910137,8.09639099,7.916738891,8.276043088,0.6632552743,0.6402017474,0.6863088012,8.092676266
dish_1550710612,20.39490292,15.21542428,24.2071479,0.789820306,0.6661255956,0.860668242,19.38711017
dish_1561663990,17.50612481,16.4825012,18.52974843,0.8672599196,0.8636711836,0.8708486557,17.38659243
dish_1551319895,23.67106081,18.3907975,27.73357873,0.8691325982,0.8361536264,0.8961473107,22.4241101
dish_1565640365,9.487760435,9.018411813,9.957109057,0.5363446176,0.4610561728,0.6116330624,9.462448042
dish_1563996308,17.98636685,15.52087123,22.71809303,0.7932930191,0.7567601204,0.8658725023,16.97614641
dish_1551564907,20.0272138,16.22150078,23.15219778,0.7735797986,0.7049959302,0.8305771947,19.39357823
dish_1550862399,23.90636508,21.09541606,27.47030274,0.8305594656,0.7620678544,0.8681138754,23.33869039
dish_1551307170,22.4644834,15.04902993,25.55598062,0.8251456618,0.7289223075,0.8792916536,20.94009502
dish_1558460061,14.22609559,10.30538583,18.14680536,0.5258014053,0.3594764173,0.6921263933,12.65472561
dish_1563391959,15.18371599,11.15662173,18.22724089,0.7654852271,0.7072344422,0.80566293,14.13300493
dish_1561663914,13.64169446,9.796264258,18.15939467,0.6617679,0.5463708639,0.742895782,12.45260429
dish_1551392316,21.06963101,12.78064226,23.46506041,0.814406544,0.743322432,0.8636386395,19.19160669
dish_1563207406,16.67183712,10.72827337,22.61540086,0.8143279254,0.7266563177,0.9019995332,13.46606797
dish_1551566464,14.11718051,11.00724276,18.31386446,0.7645501163,0.5844869018,0.8423618078,13.58227603
dish_1565987054,10.58444943,9.543727872,11.62517098,0.6658120751,0.6490063071,0.6826178432,10.46092826
dish_1562871537,10.82483606,10.64161484,11.00805728,0.5972189307,0.5656799078,0.6287579536,10.82097231
dish_1558379391,13.63121391,11.35306469,15.90936312,0.4049397111,0.2887961864,0.5210832357,13.0592435
dish_1551390429,21.34874954,16.16399091,25.59313789,0.8218372038,0.7464424372,0.8905158043,19.94125668
dish_1566501382,12.3828707,8.1455849,16.62015651,0.6396310031,0.5009410977,0.7783209085,10.57890729
dish_1573234760,9.919737277,8.214285229,11.62518932,0.2781680077,0.2510063052,0.3053297102,9.593144471
dish_1568061097,15.71835432,14.36221729,17.18843083,0.8218941291,0.7985264063,0.8405987024,15.56764186
dish_1551393021,24.52964093,18.487083,26.20702279,0.8775689933,0.853928864,0.8972756863,23.6947444
dish_1550706766,20.36123376,15.92493542,24.28641397,0.7578505054,0.6787185073,0.8138568401,19.46831652
dish_1551378635,23.45506182,18.46754148,26.54612235,0.8537100405,0.7897927165,0.896122992,22.54344799
dish_1562613974,13.60193009,11.94890586,14.94797373,0.6130227049,0.5738639235,0.6374059916,13.41985933
dish_1563550614,16.62939796,12.95755237,21.81931786,0.8329295516,0.7987748981,0.9010149837,15.32583919
dish_1566246541,18.99554651,10.33489788,23.79541548,0.742150565,0.5874226093,0.823585391,14.6881045
dish_1562096401,12.08310762,11.80382631,12.36238893,0.7356844246,0.7222905159,0.7490783334,12.07413395
dish_1550777566,22.88448156,20.60497664,26.52319022,0.8077952862,0.7519762516,0.851835072,22.54236253
dish_1559845018,13.6016477,13.11387311,14.08942229,0.6436123848,0.6263576746,0.660867095,13.57431308
dish_1550793673,21.34617186,18.4122883,24.007154,0.7653741837,0.6980823874,0.8038582206,21.05738707
dish_1551137173,20.02407926,13.67436147,22.0903466,0.7924955562,0.7593108416,0.8319200277,18.96508275
dish_1551234017,12.90346672,9.98549923,18.21098503,0.7049704939,0.5539820194,0.848726809,12.36539264
dish_1551392557,22.03111419,18.15960699,26.01242733,0.8479347751,0.8019298315,0.8789435625,20.96320411
dish_1551494035,24.0366285,18.3383861,25.90786031,0.8633793369,0.8135229349,0.8931770921,23.23680297
dish_1565034605,9.384897996,8.519358078,10.25043791,0.7053667903,0.6980339885,0.7126995921,9.299212834
dish_1551375480,24.28365986,20.53511852,26.87899863,0.8271919489,0.7593125701,0.8614952564,23.67011434
dish_1551494147,19.67026476,13.11253983,24.77979666,0.7561402321,0.676132679,0.8290861249,18.26271434
dish_1559844323,14.92814642,13.87648318,15.97980967,0.6595105529,0.6455870271,0.6734340787,14.8020393
dish_1551567805,19.82123603,16.97179247,23.30055808,0.783563666,0.7324954867,0.8232187629,19.46334928
dish_1551380950,23.51446379,16.28451566,26.58445682,0.8699178845,0.8509597182,0.8994168043,22.00369666
dish_1551318504,22.67515226,16.7651891,25.79802714,0.8542115688,0.8193130493,0.8954116106,21.51047538
dish_1551304197,20.84984922,15.35162155,26.32044335,0.7965899035,0.7047291398,0.8787095547,19.3754563
dish_1562602945,13.48445949,11.46079638,15.50812259,0.6909037232,0.6891139746,0.6926934719,13.02911528
dish_1567024066,19.60295558,17.64335733,21.56255382,0.8098288178,0.7632219791,0.8564356565,19.17509058
dish_1562774346,16.4242954,11.4282336,19.21138263,0.8111517032,0.7089779377,0.8729919791,14.87387457
dish_1550711746,23.37760781,17.13515023,29.11947862,0.814953559,0.759711206,0.8811939955,21.76284356
dish_1565972674,14.32122729,6.885526839,19.75044535,0.7162184318,0.5803133845,0.8112825155,10.9919607
dish_1550779219,11.72768786,8.338550584,15.67004732,0.7032979354,0.6261092424,0.7667770982,11.12881896
dish_1565986733,13.21797096,8.653004166,16.84763588,0.7291182677,0.6338217854,0.8040368557,11.86065121
dish_1563477659,13.7117583,13.5416095,13.8819071,0.7854852378,0.7812032104,0.7897672653,13.70842609
dish_1563824406,10.82625007,8.904331088,14.27101927,0.6710161765,0.6069908738,0.7623379827,10.24573338
dish_1563391681,17.76111534,11.33579554,21.91070318,0.7971656322,0.7039647102,0.8668550253,15.23464496
dish_1551141931,23.10609191,18.99262057,27.16893924,0.8647808135,0.8373143077,0.8981301188,22.3218329
dish_1551142046,21.05883176,17.48891867,23.09229991,0.7976973587,0.7257917523,0.8468885422,20.56881779
dish_1562008394,19.98456753,15.19504957,25.22359647,0.8937706153,0.8383316398,0.9296934605,18.30056027
dish_1550705786,20.70604597,15.73748414,25.24852441,0.7988849878,0.7579919696,0.8458184004,19.48688195
dish_1567542914,14.4817213,14.0794749,14.85987485,0.6900409063,0.5843872428,0.7586048841,14.46997738
dish_1559678367,14.6532251,11.39347204,17.91297817,0.6928447783,0.6846582294,0.7010313272,13.52997314
dish_1550778856,19.48358406,13.9444736,25.55638368,0.8000843972,0.7271664739,0.8758553267,17.67608574
dish_1568141951,15.65660268,7.780332135,24.59872238,0.6969749779,0.5304068923,0.825407207,12.13725942
dish_1565724588,11.4831163,10.30524142,12.61975362,0.7201132377,0.6807777882,0.7534903288,11.3803517
dish_1551490399,23.08297745,20.52483044,24.7940983,0.8639445826,0.8128696084,0.9255374074,22.85130012
dish_1551567329,22.69216912,19.41878758,26.24658434,0.8425406549,0.8148322105,0.8948759437,22.13718416
dish_1550771796,17.71736221,14.93314224,21.81199453,0.8060644418,0.7099502087,0.8587197065,17.32185394
dish_1551235270,22.25569521,19.40894388,25.3440733,0.8093160242,0.7519074082,0.8428050876,21.94698449
dish_1559844928,15.3281183,14.16418722,16.49204937,0.7289277017,0.6681717634,0.78968364,15.17398073
dish_1559849497,14.5241781,13.7317503,15.31660589,0.6106155217,0.5759782195,0.6452528238,14.45228125
dish_1551314360,22.01016777,13.79399066,25.93338322,0.8601919338,0.8038617373,0.8927260041,19.66745044
dish_1551565720,22.7763187,17.336518,26.75427421,0.8603133485,0.7931361794,0.9162049294,21.51080585
dish_1565987081,12.10637764,10.72920944,13.67735766,0.7169449925,0.6519404054,0.806425333,11.94265663
dish_1551124591,20.505447,16.22058145,24.38559311,0.8036528304,0.7376566529,0.8668018579,19.61225247
dish_1568318408,10.19666965,9.193329459,11.86150348,0.5269217094,0.4893366098,0.5669310689,10.04586747
dish_1551490670,17.43024066,10.5044136,24.24004482,0.7767670825,0.6231001616,0.854352951,14.99317471
dish_1551232936,12.79709389,10.02357701,16.88377708,0.7316870466,0.6632244587,0.8186687827,12.31217273
dish_1550792194,22.77118957,18.49072397,28.5493595,0.8636572361,0.8263278008,0.8982563019,21.55556246
dish_1565811025,14.7094592,11.6341692,20.78180542,0.6935497324,0.598870635,0.8305137753,13.17527098
dish_1551235211,14.25326959,10.76286689,17.17723685,0.7562537119,0.6238247752,0.8548148274,13.63639948
dish_1551399449,21.36290353,13.71267071,23.5025194,0.8124299116,0.7585373521,0.8500921726,19.95868079
dish_1565984345,16.14550511,12.42821649,19.86279373,0.8210399747,0.7481514215,0.8939285278,14.71775703
dish_1565721828,16.82380208,12.63019092,20.37674798,0.8492724001,0.8124081492,0.887183249,15.88512826
dish_1551566421,21.2711221,15.69927708,25.63733238,0.8683488369,0.8372443318,0.8987609744,19.80639431
dish_1565382833,17.10532851,12.58681673,22.34481141,0.7576980392,0.5994864702,0.8654480577,15.53149771
dish_1551228971,22.92073316,17.54543182,27.04443878,0.8216513038,0.7596669793,0.8615146875,22.0165115
dish_1572376802,9.389075788,8.550939724,10.22721185,0.4079865962,0.3799370527,0.4360361397,9.308697796
dish_1566330399,17.39083256,10.23434296,24.04688783,0.8091562589,0.7025752664,0.8986648917,14.16664723
dish_1550873668,22.80149816,19.9268968,25.50307168,0.8207939598,0.7519624233,0.8707712889,22.32440336
dish_1560455224,14.60433496,14.48790897,14.72076095,0.6943597794,0.6611184478,0.7276011109,14.60277457
dish_1559838279,14.80166011,14.18248186,15.42083835,0.6862620115,0.6834617257,0.6890622973,14.75767038
dish_1558028007,15.31621385,14.60627771,15.74512123,0.6385577321,0.5671904683,0.779512465,15.28607857
dish_1551486372,14.63378586,8.968727825,21.81668927,0.6779800132,0.433395505,0.8076401949,12.15118549
dish_1565884833,11.84167182,10.97301239,12.39097427,0.6867738763,0.6550921798,0.7284327149,11.7959979
dish_1550875400,22.85935449,17.96741002,25.45127247,0.8444498446,0.7987565994,0.8743556142,21.87657761
dish_1556575499,19.5871858,16.99221342,21.40135799,0.7526770234,0.685136199,0.7806352377,19.3510084
dish_1551306339,22.59778665,19.48804068,25.65114293,0.8360447458,0.7845501304,0.9047514796,21.97780234
dish_1551306647,21.38634615,16.09978025,24.43261883,0.756417862,0.6492473483,0.8108664155,20.50948131
dish_1562872223,14.6638284,8.001751314,19.92230599,0.770731325,0.6267980933,0.8914086819,12.85200114
dish_1561578394,13.9824598,10.82877984,19.20406254,0.6330587665,0.5026550293,0.7913841009,12.75756703
dish_1551138180,18.9109311,13.12034257,26.0638701,0.7964297334,0.6530076265,0.8708994985,17.14943263
dish_1551233210,21.53343,14.93842578,25.41851516,0.8141752928,0.7740383148,0.8670942187,20.30587765
dish_1551494058,14.24462065,8.880859789,21.5957801,0.707923457,0.5799362659,0.8165165186,12.3971765
dish_1551228630,23.93408847,18.33611095,27.47598726,0.8678532988,0.8448082209,0.8814069629,22.97979492
dish_1550706945,21.35588314,14.20123144,25.41317239,0.7995679246,0.7284929156,0.8497321606,19.68253284
dish_1572029300,11.76722217,8.924183614,14.61026072,0.4802674949,0.3636404276,0.5968945622,10.89638571
dish_1550876416,22.2759228,17.28069465,24.53674214,0.8362355158,0.7730629444,0.9143773913,21.38358452
dish_1551567293,24.17113601,19.10625343,28.74639511,0.8803415563,0.8254541159,0.9067220092,23.21365367
dish_1562170356,10.76730278,7.677251605,12.5555793,0.6435551246,0.5283843279,0.7167583108,10.17223304
dish_1565721855,15.47536735,12.52807688,19.92114128,0.774903059,0.7349976897,0.8198895454,14.5149522
dish_1563909919,13.77766336,10.87368277,16.68164394,0.7675908506,0.7194186449,0.8157630563,12.87151379
dish_1551564456,21.39990584,15.80002238,25.97383368,0.8020689636,0.7292346358,0.8724538684,20.1584692
dish_1562605315,23.6439048,18.48508987,28.80271973,0.9041393697,0.8734584451,0.9348202944,21.10939741
dish_1562094931,18.73646363,17.46368391,19.7807239,0.8363332947,0.8129930496,0.8541315794,18.62844773
dish_1565117990,15.0283467,12.78766754,17.6365021,0.7428957224,0.6887848377,0.8185795546,14.59863998
dish_1558116399,24.20187447,22.97189942,25.43184952,0.7291841507,0.7060731053,0.7522951961,24.02998223
dish_1560369273,11.85831294,10.7980123,12.85297372,0.6550130049,0.5729034543,0.7142974138,11.77680968
dish_1551304456,23.0258439,19.01393915,26.06578565,0.8453519493,0.8156384826,0.8819049001,22.54913531
dish_1567613057,14.81389288,12.25601349,18.78127404,0.7247792085,0.7033185959,0.7599297762,14.03821091
dish_1564000490,12.77485364,9.696761795,14.52921152,0.6895345251,0.6460120082,0.7193696499,12.18501906
dish_1562777000,13.06602158,11.67694059,14.45510258,0.7981949151,0.7920133471,0.804376483,12.84756187
dish_1566247003,14.22767066,9.831234893,20.7917074,0.6884248654,0.6104121208,0.803573072,12.35263568
dish_1550712839,19.20361525,12.65800577,22.36217166,0.7597398534,0.7009465098,0.7832129002,18.03614319
dish_1550710758,20.75053003,19.5858202,22.5514718,0.7531860098,0.6864429712,0.8587659597,20.63272483
dish_1568401233,12.9061458,6.986393981,15.91190656,0.7433586319,0.5776365399,0.828488946,10.75777766
dish_1551488485,20.33327325,16.33854108,23.12905306,0.7933732495,0.728022635,0.8532750607,19.55606447
dish_1562099102,16.38746245,14.51137623,18.26354867,0.8412084579,0.8000818491,0.8823350668,15.9942515
dish_1551377438,23.75046654,14.9695677,27.34536323,0.8705014437,0.811897099,0.9260849953,21.6169402
dish_1551486277,14.74449851,8.747794825,19.78620109,0.7049118131,0.5767767429,0.8157101274,12.92232035
dish_1566938059,13.79524589,13.29882328,14.282908,0.7164568305,0.6943783164,0.7470654249,13.77666034
dish_1575999037,14.18155027,11.34532144,17.01777911,0.4677227437,0.2985422015,0.636903286,13.31462434
dish_1561576212,20.5167022,11.43850269,25.06876694,0.8094754964,0.6077017784,0.9017327428,16.70147145
dish_1551318422,22.29493111,18.97992681,23.98016288,0.8127278164,0.7665812969,0.8598787189,22.01723018
dish_1562096907,18.72432257,14.95252229,20.89437236,0.8307908575,0.8084054589,0.8715468049,17.83518236
dish_1563811439,12.55955532,12.24555764,12.873553,0.7031686008,0.6623718739,0.7439653277,12.54821408
dish_1551392701,19.9304526,15.92442521,23.15513412,0.8162365928,0.774024725,0.8575956225,19.16281274
dish_1561739649,17.91068309,12.9265944,22.89477178,0.7379276752,0.6629859805,0.81286937,15.52006489
dish_1565638323,18.18845013,15.25904718,21.11785309,0.7805151641,0.7735669613,0.787463367,17.26740241
dish_1562008549,13.21716902,9.388129575,17.40456101,0.7186352611,0.6514005661,0.7851960063,12.31942337
dish_1561999706,15.54447877,10.95406107,21.46428932,0.7492136955,0.6690776348,0.843821466,13.79161436
dish_1551391197,24.02740644,19.57442725,26.68142985,0.8711347779,0.8288360834,0.9488518834,23.42035564
dish_1567714780,13.21303969,9.48480581,19.18799056,0.6317047328,0.5338034034,0.8221092224,12.07112965
dish_1550779058,21.52589832,14.35468114,25.85274575,0.780537453,0.7041406035,0.8217259645,19.36064401
dish_1563378073,12.34385707,10.16033411,13.85524924,0.6813994249,0.5861411095,0.7338346243,12.04189432
dish_1550778981,21.65625896,14.94161434,26.25611408,0.8270880133,0.7798085809,0.8821700215,20.1976304
dish_1563550976,12.72716832,9.533023399,14.57421284,0.7107448578,0.6595991254,0.7370349765,12.09086985
dish_1559585533,15.97599452,13.11283832,18.83915072,0.713568002,0.6573309302,0.7698050737,15.09356368
dish_1550778118,22.99091841,19.8929092,26.09803698,0.8017043695,0.7595736384,0.8535866737,22.43292104
dish_1563551134,15.65261259,14.72865339,16.69049278,0.8069761992,0.7465524077,0.8540603518,15.57928481
dish_1551225501,19.86168425,17.11958228,23.6435821,0.7864947394,0.6859784722,0.8554158211,19.33881937
dish_1565809033,11.71162119,10.43986248,12.9833799,0.6514158547,0.5926209688,0.7102107406,11.52801649
dish_1563550922,13.29455685,12.80064589,13.62827765,0.7605513334,0.7295342684,0.7811999917,13.27971582
dish_1561577198,9.218385207,7.925509407,11.69536391,0.5603944163,0.4952259958,0.6460706592,8.903597494
dish_1566414225,15.07752162,12.11983087,19.99018141,0.7502710968,0.6449728012,0.8499172926,14.20604771
dish_1563996509,13.93431773,9.945740965,17.9228945,0.6969079673,0.626064837,0.7677510977,12.31398792
dish_1551382255,21.83559206,19.1928089,24.75583552,0.8014582694,0.7503801584,0.8580972552,21.35970407
dish_1560973958,10.16183222,9.565906362,10.75775808,0.6713455021,0.6662704349,0.6764205694,10.1210743
dish_1563391922,18.85078652,17.62488488,20.07668817,0.8352140486,0.7771936655,0.8932344317,18.68001627
dish_1551564423,19.58054898,12.44569094,24.93547325,0.820046775,0.6946107149,0.8667330742,17.88888875
dish_1551306452,8.83351225,7.808165031,9.672007016,0.6084924596,0.5311760306,0.7011305094,8.786759562
dish_1550781372,20.71851219,18.09633343,24.54369176,0.7754807398,0.7146784663,0.8230010867,20.27351209
dish_1565728562,15.50685559,14.47853886,16.60707874,0.7723487417,0.7284262776,0.8027299047,15.4207648
dish_1562010293,14.38008304,13.33321244,15.26327996,0.661595126,0.5952826142,0.7169045806,14.3060461
dish_1566501126,11.08589434,9.62091802,12.10380106,0.5846625368,0.5500944257,0.6073763371,10.95129823
dish_1558031394,16.13198001,12.65408168,17.8957682,0.6525289863,0.551440835,0.7424296141,15.58619417
dish_1557861837,21.69592276,13.48401615,25.54836505,0.8096368909,0.6943355799,0.8654082417,19.40521521
dish_1558030910,12.4158729,11.90686596,12.92487984,0.6612751782,0.6531400681,0.6694102883,12.38611233
dish_1550875968,18.50653354,12.39802624,25.35613445,0.8160840869,0.674446404,0.8931823373,16.7614864
dish_1568315132,13.97980486,12.76744135,15.19216838,0.6613152325,0.6507433653,0.6718870997,13.8127382
dish_1560366438,13.16807558,10.78331207,15.55283909,0.7231387198,0.7087132335,0.7375642061,12.54380321
dish_1556575558,21.1179478,18.33305988,24.93403846,0.7594980061,0.6664825678,0.8381817341,20.79085043
dish_1565809120,13.57822958,11.94488296,15.96846645,0.7026230097,0.663030684,0.7480786443,13.26588865
dish_1551377052,21.74681719,16.86841483,26.23226214,0.8502013013,0.8010044098,0.8931257725,20.60783825
dish_1562700906,20.74126024,14.9962103,26.48631019,0.8847202361,0.8275342584,0.9419062138,17.70879339
dish_1558546558,17.90808735,13.5190754,22.29709929,0.6900616288,0.6225473285,0.7575759292,15.98901462
dish_1566333324,11.7989162,9.345058133,13.11046351,0.621342361,0.572974503,0.6523026228,11.42790753
dish_1562790775,10.95866475,8.109043991,15.92553876,0.7180522283,0.6501092911,0.7991672158,9.84797676
dish_1562787956,18.95567573,10.44841968,23.8945035,0.8453841607,0.7854828238,0.8786546588,14.77724574
dish_1562702379,14.39035922,12.57278781,16.20793064,0.7859309018,0.7638368011,0.8080250025,14.02063244
dish_1561753477,13.11504081,11.7853598,14.44472181,0.7068115473,0.6936457157,0.7199773788,12.91458925
dish_1550711488,21.8582027,17.9653335,26.24304725,0.8215407953,0.7391369343,0.868493855,20.76834676
dish_1550874640,21.97414609,15.72321089,25.61851771,0.8323982283,0.7154294252,0.8850765824,20.61228551
dish_1551563824,24.83253142,20.87719168,30.13852568,0.8703095449,0.8423652053,0.9090539813,24.00650802
dish_1551563337,21.23791243,17.17529378,25.05722558,0.8591411039,0.8203518391,0.9149907231,20.40180263
dish_1551233434,20.52073453,15.45427482,24.89709825,0.791323252,0.756500721,0.8438649774,19.79438747
dish_1563913741,11.65855499,8.239849214,14.21216733,0.6017643015,0.4804259539,0.7115722299,10.90060799
dish_1563553780,10.99157527,6.964365966,13.85569657,0.5991110404,0.5537537932,0.6435939074,9.953718682
dish_1568319725,15.44909052,10.74381455,22.76335549,0.7195288142,0.5346482396,0.8553307652,13.26210266
dish_1563898786,15.42519288,14.84003105,16.34794124,0.71555082,0.6960884929,0.7321196795,15.37674397
dish_1550793300,23.40761335,20.71510466,25.37384869,0.8303439617,0.8063161373,0.8644734621,23.1107171
dish_1561999624,20.4485639,16.40414685,26.23178271,0.8909457922,0.8610079288,0.9203368425,18.89101847
dish_1551233938,22.92434034,15.07344431,26.115118,0.8616834357,0.819796443,0.8916476369,21.21995331
dish_1562184628,13.81260454,12.59319003,15.17886543,0.7411952813,0.6884467602,0.7785366774,13.68614474
dish_1551392347,20.93840476,16.3487965,25.9289368,0.8291501924,0.7407919765,0.8946971297,19.93820361
dish_1565797671,13.74264973,12.16038089,16.46769593,0.7885362705,0.6980410814,0.8343895674,13.36241851
dish_1550773917,23.43579746,17.51410101,28.23354632,0.8532567695,0.7624184489,0.8993523121,21.83441573
dish_1550876892,21.00656812,15.16429766,25.07611279,0.841604434,0.7948076725,0.8663097024,19.87986951
dish_1551139487,21.42063229,13.05943887,25.2326319,0.8183991984,0.6900405884,0.8739796281,19.26313415
dish_1563218031,12.88379511,6.299248428,21.94598071,0.6830220222,0.5658756495,0.820348978,9.560827377
dish_1550713566,21.14178834,15.13194312,25.05415611,0.7955990583,0.7288954258,0.86141783,19.90005886
dish_1566922978,13.43216385,12.1257765,15.43437719,0.7538307309,0.711758256,0.7993243337,13.21289675
dish_1559845370,16.58213129,15.52283484,17.64142774,0.7777694166,0.724213779,0.8313250542,16.45420472
dish_1562184604,16.7270885,15.32403561,18.13014139,0.8759951293,0.8642532825,0.8877369761,16.504286
dish_1563998279,14.98104304,12.12453321,17.66560932,0.816806217,0.7469623089,0.865704596,14.39862814
dish_1568666303,13.69796651,9.750449937,15.70995126,0.7161675294,0.6036381721,0.7771542072,12.72733157
dish_1566847483,15.5337392,11.13396755,19.83878642,0.7543029586,0.6807882786,0.8400748968,14.17328818
dish_1562613285,11.88901595,8.84365971,14.93437219,0.7530654967,0.690443933,0.8156870604,10.89879179
dish_1566329234,13.39557499,12.85330764,13.93784235,0.8013614714,0.7934556603,0.8092672825,13.36180839
dish_1550792143,20.4405522,13.81597731,25.48611371,0.803037422,0.7187449336,0.8733771443,18.76192462
dish_1550790554,21.95525527,17.34260387,24.2089257,0.7786804885,0.7262668014,0.8803136349,21.31950277
dish_1551138237,23.44447482,13.82522019,27.01112876,0.8394788702,0.7461389899,0.8961743712,21.02433587
dish_1566246902,17.44596562,12.60068793,23.92233138,0.8391009569,0.7457273006,0.9034532309,15.46625481
dish_1551389387,22.97831584,17.05288369,25.99361257,0.8621907905,0.7479700446,0.8889560103,21.81591478
dish_1566328805,13.35744988,12.97004025,13.72577496,0.6976180474,0.6692632437,0.7226877809,13.34645277
dish_1551392919,19.95810231,16.49146764,22.80026258,0.7787836939,0.6930394173,0.8458570242,19.42430404
dish_1550777860,21.2762039,17.21563121,24.74673468,0.7720358521,0.6980753541,0.8121861219,20.66136053
dish_1559934708,13.94134513,12.62357546,15.25911479,0.5549441576,0.5212925673,0.5885957479,13.74441573
dish_1563307519,15.40055899,7.711804508,23.08931347,0.7713017464,0.6872494221,0.8553540707,10.59799267
dish_1565033139,10.71104993,8.300034725,13.98892817,0.5606798033,0.474508673,0.6720455885,10.12520152
dish_1562613376,11.87344843,7.90343074,15.84346611,0.6890376806,0.5861744285,0.7919009328,10.26655773
dish_1563813308,8.643643648,6.956951816,10.16866114,0.6398093104,0.5391503572,0.6997271776,8.442905288
dish_1562170207,13.28453047,12.423643,14.14541794,0.7879351079,0.7820144892,0.7938557267,13.19975805
dish_1550874756,21.47725429,14.01679403,27.56408198,0.8378608955,0.7763667107,0.8986009359,19.27410325
dish_1550708327,21.38409585,15.98883225,24.11547632,0.8070151433,0.7501106858,0.8853458762,20.55462967
dish_1558549086,14.43154349,12.42748814,16.43559884,0.7261251211,0.6770380735,0.7752121687,13.98469142
dish_1565382886,14.92342299,14.45772897,15.20458567,0.7225524187,0.6641147733,0.762294054,14.91055591
dish_1565728591,11.52845437,8.965850344,14.19397439,0.713008066,0.6647215486,0.7665940523,11.02415167
dish_1565024741,13.9083192,10.42617344,15.82716657,0.7324190736,0.6369728446,0.7857915759,13.1527315
dish_1561739212,17.30016921,10.8940084,23.70633002,0.8080950677,0.7310493588,0.8851407766,13.68278034
dish_1550711129,22.09915863,14.86358529,28.35978273,0.8294572458,0.7106136084,0.882401228,19.29970484
dish_1563908957,17.92444461,14.2311718,21.98646212,0.7765654127,0.754432261,0.815994978,16.87311578
dish_1563218959,16.26899105,13.92535588,20.16289625,0.7835843364,0.7595876455,0.8300780058,15.53507333
dish_1565024707,11.67449258,10.41736532,13.00319709,0.6986929377,0.6684784293,0.7428697944,11.54786873
dish_1562784242,14.78382694,13.34415396,16.43162996,0.8046522339,0.7658415437,0.8577617407,14.60459375
dish_1550708985,19.81718531,14.5545088,24.74452056,0.7906678319,0.7074674964,0.8322618008,18.64268981
dish_1563563378,15.51023377,11.27466796,19.74579957,0.7566775382,0.6672688723,0.8460862041,13.70756224
dish_1562691613,9.595148285,6.148649615,11.5615906,0.6235812406,0.4939596355,0.7023881674,8.85385334
dish_1551375411,22.29196888,18.34490207,25.48816306,0.8596673384,0.8117374778,0.8940235972,21.79821657
dish_1562617370,14.27471968,13.02837057,15.52106879,0.7293986976,0.6577747464,0.8010226488,14.09828174
dish_1550712369,23.76865736,18.52079469,26.68684246,0.8372600377,0.8089729548,0.899068892,23.03199901
dish_1562614952,14.5670249,13.88761856,15.83446526,0.7290238738,0.7099637985,0.7495702505,14.47928795
dish_1559678146,17.18051391,14.03569373,20.3253341,0.6312184036,0.5888496041,0.673587203,16.12938481
dish_1562872365,11.73119881,11.23209618,12.23030145,0.7505431473,0.6928611994,0.8082250953,11.70258263
dish_1550780717,21.6599665,16.62692783,26.76038554,0.8312789732,0.81091398,0.856366992,20.56018946
dish_1551223114,22.76028295,19.94382077,25.63748457,0.821400024,0.793332994,0.8466408253,22.40120862
dish_1565117934,12.21442328,9.686347241,16.20007054,0.7048652569,0.6083719134,0.7842692733,11.43705988
dish_1568047932,11.2236406,11.19722609,11.2500551,0.7422603965,0.7333630323,0.7511577606,11.22356027
dish_1566501594,12.03688872,7.903761809,17.12110909,0.652037998,0.5521525145,0.7998782396,10.63279358
dish_1562180025,14.76904916,12.83092452,16.59688548,0.7652506828,0.718775332,0.8045499921,14.49708943
dish_1558031526,16.24492848,11.04374688,25.48335724,0.6770982146,0.5228585601,0.7833565474,14.02041163
dish_1551488415,25.1479912,21.73489238,28.16645036,0.8898870572,0.871296823,0.9235171676,24.59477976
dish_1550790347,21.25891211,18.82229794,25.70383104,0.816708006,0.6998276114,0.8836826682,20.82164422
dish_1563812570,11.48270759,10.74250331,12.79179211,0.6880855958,0.6586700082,0.7120780349,11.38884806
dish_1551134622,14.7804271,12.91510711,17.73492562,0.7657416993,0.6676498652,0.8723121881,14.49536563
dish_1561405008,11.7211798,11.69092232,11.75143728,0.5930991769,0.5869407654,0.5992575884,11.7210744
dish_1566849955,10.71605969,10.27853218,11.15358719,0.644246757,0.6139070392,0.6745864749,10.69405764
dish_1559844657,12.50450145,10.50119665,14.50780625,0.5838550329,0.5349810123,0.6327290535,12.05797302
dish_1550705504,20.53604495,17.04350069,23.70042168,0.7791064233,0.7620519996,0.8105685711,19.920773
dish_1565035802,18.14166553,16.69623557,19.58709549,0.8471590281,0.8377794027,0.8565386534,17.9054435
dish_1565711453,14.93402731,14.14178994,15.72626468,0.8409588635,0.8334234357,0.8484942913,14.86216482
dish_1551381661,21.32602724,15.33033682,25.05462042,0.8626068085,0.816133976,0.9147797823,19.85584422
dish_1567789256,9.3493818,7.831117457,10.86764614,0.5893132389,0.5789845586,0.5996419191,9.089230144
dish_1562785184,17.56107732,15.17167949,21.15630527,0.7089872162,0.6610202193,0.7849754095,16.90330525
dish_1551399484,21.84033823,18.44629007,22.94421338,0.7976674305,0.7229980826,0.8355119824,21.61095357
dish_1551122614,23.04103857,19.82343681,26.67217863,0.8079999685,0.7814380527,0.8315865993,22.57607906
dish_1550873788,21.73299548,17.39519607,24.47277582,0.8141353812,0.7521371841,0.8702087402,21.00405196
dish_1565208637,15.65032287,11.84700021,21.66873339,0.6891875664,0.5169243813,0.8118678927,14.0705626
dish_1559678457,10.98574442,10.43267206,11.53881679,0.5863828063,0.5815111399,0.5912544727,10.95062243
dish_1566230377,9.704632622,7.520624171,11.14703479,0.5917472442,0.5668279529,0.6295992136,9.405511432
dish_1568145136,13.47528577,8.10948156,23.48145358,0.6979700327,0.5393808484,0.8491200209,11.05752199
dish_1550792864,18.62898159,14.76677353,23.08609488,0.7702106982,0.6960999966,0.8002271652,17.6761749
dish_1563378406,11.91434148,11.510524,12.12733462,0.7220270236,0.7112324834,0.7298203707,11.90480535
dish_1551314121,25.30877292,21.22066135,27.92456055,0.8719182743,0.8458961844,0.8972595334,24.7054447
dish_1551142001,20.34367673,16.5721022,24.61589295,0.8006585389,0.7393758297,0.849072516,19.19406497
dish_1551124687,21.48244362,14.95123356,24.30675662,0.7763590813,0.6991204619,0.8302772641,20.39562144
dish_1551313924,18.60543802,17.11744073,21.93365753,0.7632374465,0.6870903373,0.8177419901,18.25998354
dish_1551381921,23.10916908,21.34134774,25.14221804,0.8270125911,0.795260489,0.8653826118,22.93984949
dish_1561578603,14.49105864,11.01165751,20.84903509,0.7200822234,0.6081549525,0.852334857,12.82804903
dish_1561575327,8.290201458,7.713718903,8.866684014,0.454125315,0.4216566682,0.4865939617,8.252052142
dish_1562959517,13.27553824,8.762143885,16.44737626,0.6976317763,0.5679196715,0.7942976356,11.97962392
dish_1563378372,11.88091242,11.32486176,12.43696307,0.7553619444,0.7512301803,0.7594937086,11.84541217
dish_1566501067,14.09697475,9.543037244,21.86454351,0.6670437753,0.5386573672,0.8002028465,12.15868796
dish_1551489961,19.02834115,15.17930315,24.02652083,0.7909497619,0.7247332335,0.8725904226,18.27728625
dish_1551236159,20.72438862,17.60487234,23.23905345,0.7931485623,0.7543302178,0.8404877186,20.18127678
dish_1565641915,17.52822518,13.44629098,23.90853044,0.7853573362,0.7357298732,0.8639306426,15.77943139
dish_1551389218,22.73492264,17.66920525,24.61227061,0.8320410401,0.7744937539,0.8566437364,21.91247331
dish_1551222558,22.40666489,17.84014142,26.60819208,0.8361667246,0.8032126427,0.8791571856,21.49880262
dish_1550788957,20.83881164,16.09391005,25.80338205,0.8018382639,0.7123028636,0.8796750903,19.97753112
dish_1550779014,21.09217469,16.9648569,23.73810681,0.7641076297,0.6753107309,0.8242645264,20.47714116
dish_1550775363,19.80383039,15.82913623,23.63510525,0.773048155,0.733692646,0.8420589566,18.85468621
dish_1550772367,22.17480462,16.64461446,26.08071242,0.7744866908,0.6719532013,0.8440132141,21.28124597
dish_1551226308,23.58982159,18.79330511,27.04170659,0.8696015179,0.819491744,0.8945968151,22.88840458
dish_1551566159,23.2145948,18.96152114,27.1890229,0.847165443,0.8275224566,0.8957744837,22.61496128
dish_1562096584,14.15653242,12.23408165,16.07898318,0.77240026,0.7580006719,0.7867998481,13.74424619
dish_1563909469,13.67588782,12.88342614,15.07592236,0.7894907991,0.7442647219,0.8176209331,13.56897823
dish_1561654326,13.94481797,9.833136997,18.05649894,0.7003693581,0.619694531,0.7810441852,12.23440417
dish_1567022296,10.62671887,10.12904965,11.12438809,0.620136112,0.5922992229,0.647973001,10.59826646
dish_1551224647,15.78499121,11.07715558,22.51697777,0.7614979744,0.6593616009,0.840837121,14.0412
dish_1565898230,15.114615,7.969367311,22.32419178,0.6678009629,0.5113111734,0.8352890611,11.83260314
dish_1551237016,21.81895426,16.90470113,24.36426325,0.8429276794,0.7967997193,0.876236558,21.11913637
dish_1551303168,22.063306,17.62968439,28.5481042,0.8557883634,0.827247262,0.9037364125,21.02001426
dish_1574359160,11.55018946,8.366648095,14.73373083,0.4266377687,0.2930969,0.5601786375,10.47496831
dish_1566329021,14.8026772,10.99448265,20.86885847,0.7040258249,0.6086515188,0.8213369846,13.20635617
dish_1559668272,14.58360639,12.26489037,16.9023224,0.6168913841,0.5294302702,0.7043524981,13.99196951
dish_1551492056,18.82821522,12.71261966,24.03003044,0.7600709647,0.6771621108,0.8607129455,17.2606114
dish_1562011765,8.289091326,7.709362003,8.86882065,0.6574550271,0.6136991382,0.701210916,8.250512355
dish_1551125258,21.97079252,18.49917267,25.26193098,0.8341984674,0.7890523672,0.9152406454,21.3598505
dish_1563567599,14.79028139,8.982553022,20.59800977,0.7640541196,0.6863598228,0.8417484164,11.70333062
dish_1551565884,12.23907214,8.636531152,15.71894408,0.7562226521,0.7117697597,0.8419023752,11.81743926
dish_1558377105,15.48223812,14.2707286,16.69374765,0.6743275523,0.6503958106,0.698259294,15.31540377
dish_1565035774,12.63134643,12.09917777,13.16351509,0.7457871139,0.7354331613,0.7561410666,12.59882269
dish_1558468401,17.87537073,12.18513572,23.4273536,0.764604489,0.6786919832,0.8083456755,15.69688266
dish_1551237046,20.55580557,17.80244388,22.9597245,0.7701182961,0.746176362,0.7891194224,20.30358867
dish_1561661377,14.7009723,12.79085466,18.19174355,0.8240593473,0.7540313005,0.9184548855,14.10776459
dish_1551236417,22.4383323,16.16267844,26.60009412,0.8508268371,0.7541965246,0.8949840069,20.87573872
dish_1551134442,21.70855755,17.14167807,24.82310458,0.8152517676,0.7706446648,0.8483383656,20.94243264
dish_1568060414,16.20105933,13.36519299,18.44704442,0.8206173182,0.7984737754,0.8383381367,15.66967219
dish_1557863170,21.30525093,17.05976449,23.85237135,0.7803931087,0.7490230799,0.8111001253,20.77332199
dish_1563294547,14.14349249,12.7238953,15.0558648,0.7918244998,0.7467387319,0.8432094455,14.01945846
dish_1563395374,16.57240419,12.41225794,21.70204691,0.7773335377,0.6833255291,0.8662252426,15.14925757
dish_1551390594,21.04551027,15.22623233,24.66138555,0.8192056492,0.6976252198,0.8785175085,20.04328251
dish_1551492023,24.47525221,19.68343606,28.17078844,0.854261972,0.7933100462,0.8785006404,23.60564628
dish_1551379605,22.89428614,18.46707369,26.44810467,0.8479221761,0.7787052989,0.8887072802,22.08365419
dish_1559678104,11.520294,11.48473563,11.55585238,0.5844756663,0.5728747249,0.5960766077,11.52014844
dish_1551567650,20.32105749,15.7712521,23.88790003,0.812748462,0.7325052619,0.8587619066,19.15924183
dish_1565894858,14.29237178,14.15480044,14.42994313,0.7718333304,0.7561903596,0.7874763012,14.29019323
dish_1551224787,19.94651326,14.39570936,22.44832219,0.7940027192,0.7437527776,0.8289111853,19.18367623
dish_1562875211,16.64488746,12.48894758,20.99423946,0.8039872448,0.7573797703,0.840723753,15.37751773
dish_1562872396,17.41082553,10.78284086,23.86048208,0.8341065844,0.7673128247,0.8723331094,14.5577413
dish_1566938026,13.97825135,11.89127178,16.69523842,0.6779115995,0.6015283465,0.7688037157,13.55380276
dish_1551141892,22.35934086,18.84758247,26.22125127,0.8201067713,0.746508956,0.8657615185,21.69096045
dish_1568144688,14.60596188,11.91122457,17.43826485,0.6821450591,0.6503034234,0.7380968928,14.04589661
dish_1558379588,14.45533196,13.96913438,14.94152954,0.6937830448,0.6724662185,0.7150998712,14.42817344
dish_1551565237,17.4854586,12.00610551,24.88802247,0.7721690834,0.6135387421,0.9048596621,15.12329774
dish_1551314337,14.92752849,8.857107757,20.8754536,0.7295707332,0.4063722491,0.8649701476,13.86139903
dish_1562009934,12.55032661,11.21804565,13.88260757,0.6562406719,0.6179902554,0.6944910884,12.3491023
dish_1560887408,13.57980026,13.43522323,13.72437728,0.7420118153,0.7310394645,0.7529841661,13.57739421
dish_1551377316,22.81892377,16.40299687,27.20265016,0.8486922011,0.8078055382,0.8974527717,21.50463862
dish_1562946006,13.86759965,12.51969008,14.7708357,0.7831701835,0.7369968295,0.8174654841,13.75495636
dish_1562945332,12.23871542,8.582809215,14.55288333,0.6920249661,0.6216179729,0.7285526991,11.39689336
dish_1551488103,23.81422964,16.46989867,27.24805515,0.8613957986,0.8222929835,0.8989624381,22.2287575
dish_1563391989,13.89227511,8.105532471,18.85600296,0.6920215885,0.5721991658,0.8091096878,11.72924918
dish_1566414611,12.92800286,9.528248478,16.32775725,0.7066952586,0.5457501411,0.8676403761,11.71445338
dish_1560527070,18.08049516,11.70718405,24.45380627,0.783341676,0.6828056574,0.8838776946,14.49266519
dish_1551306491,22.75201142,18.849598,26.11107301,0.8514559641,0.7901784182,0.8897176385,22.00981435
dish_1563564797,15.23339876,11.04636633,21.17142744,0.6910426319,0.6028274894,0.8064910769,13.85160276
dish_1565207727,15.50084454,13.55374776,17.84126421,0.7006387711,0.561502099,0.8051164746,15.1614006
dish_1561749664,20.56184064,14.79105745,24.50649857,0.8487413526,0.7776789665,0.892347157,18.48787909
dish_1561667430,11.26855291,9.149515054,12.99236306,0.721473515,0.68974334,0.7505738139,10.96885385
dish_1551563853,21.43623886,17.57660276,23.32445158,0.8170901388,0.7360203862,0.8510673642,20.79442876
dish_1551136396,22.26694893,15.19839749,25.60276143,0.8075759932,0.7534150481,0.8649536967,20.89603543
dish_1567020394,9.853731256,7.00698084,12.82482534,0.5931336284,0.5211163759,0.6373610497,9.234606623
dish_1568143527,16.33125819,14.07869229,20.70038023,0.8067987959,0.7546204329,0.8745940924,15.45170642
dish_1563897492,11.88145661,8.658978426,13.80752881,0.6696730852,0.6314961314,0.6949025989,11.23207262
dish_1565897680,12.26407921,6.915472483,20.13447889,0.6521214048,0.561060369,0.7960706949,9.729815606
dish_1550708152,12.84453068,8.804591096,20.26978834,0.6947121844,0.572807014,0.8529033065,11.91527705
dish_1567711356,13.96988256,8.862037407,21.75794005,0.6383975297,0.5453771353,0.8047258258,12.06664558
dish_1566500988,14.44256118,9.378654959,22.44544993,0.6980437835,0.6153744459,0.8270260692,11.94245903
dish_1567526785,14.73998298,14.6597449,14.82022105,0.7679877877,0.7531895638,0.7827860117,14.7392418
dish_1562788032,13.81210142,11.71784447,14.99475933,0.7790596088,0.7473073006,0.829100728,13.54276387
dish_1551564577,22.57302897,18.62470188,25.54190667,0.8627666103,0.8109816313,0.8909606934,21.86632215
dish_1556573514,20.53618526,12.89615087,25.0794196,0.788043046,0.7239199281,0.8842412829,18.39751096
dish_1562086564,13.23368323,12.91812466,13.5492418,0.7797563076,0.7680542469,0.7914583683,13.22222905
dish_1550785599,19.72585359,16.33871933,23.57942498,0.7303959653,0.6497708559,0.7712471485,19.26788595
dish_1571931809,12.37090969,11.53860742,13.20321196,0.4306048304,0.4284978211,0.4327118397,12.29164
dish_1559846034,17.04115486,16.47318943,17.6091203,0.807022959,0.7825486064,0.8314973116,17.00412131
dish_1568315088,11.17029946,10.59272756,11.74787136,0.5880834162,0.5669071078,0.6092597246,11.13200625
dish_1563304925,13.18386415,11.60465951,14.76306879,0.6603167355,0.5973399878,0.7232934833,12.90285757
dish_1558115960,21.27303765,15.55873659,30.86086329,0.7101081212,0.5836591721,0.9079067111,18.06648498
dish_1550772551,19.44602114,13.1183846,22.31799317,0.7574487999,0.6644262671,0.8217289448,18.39749348
dish_1568143572,15.66898191,12.92487254,20.66887919,0.7437370221,0.6985044479,0.8185400367,14.55369756
dish_1551492702,22.97785901,18.66056093,27.31635881,0.8401135504,0.8027694225,0.8863327503,22.10269163
dish_1551321757,22.71779623,18.253102,26.63297282,0.8202076852,0.8007718921,0.8433251381,22.04780404
dish_1566850142,12.02569007,6.673818732,20.87565548,0.6573025584,0.5985989571,0.7505584955,9.164710985
dish_1562702091,14.12356768,11.94202447,15.88464411,0.7787440817,0.7570583224,0.8092342615,13.80690714
dish_1562615388,11.94686926,8.376950125,15.82563399,0.6808938384,0.6039380431,0.7693327069,10.96835674
dish_1565711527,11.60747594,10.94148617,12.27737246,0.675806284,0.6440882087,0.7263459563,11.57331452
dish_1563382987,18.60924374,12.2136682,22.82590064,0.8068041205,0.7119691372,0.8677978516,16.10102865
dish_1566920365,10.83197242,10.0664637,11.79501053,0.6191845934,0.5838800669,0.6505081058,10.77387138
dish_1551566974,23.26650772,21.79222385,24.3333299,0.8256618712,0.7733010054,0.8657663465,23.21057765
dish_1551221801,20.74437625,16.78030089,23.57674957,0.8470010012,0.7912476659,0.8740366697,20.18935811
dish_1550859396,21.67683454,18.01623388,25.82936736,0.8144901329,0.7050644159,0.8799188733,20.8605885
dish_1561060503,16.31681865,14.62424462,18.00939268,0.8584406376,0.8557290435,0.8611522317,15.99502168
dish_1561577146,8.050783676,7.201910974,8.685067777,0.615647614,0.5912731886,0.6533043981,8.005025901
dish_1562008780,9.924710699,8.48224833,11.36717307,0.6692763269,0.638115406,0.7004372478,9.689440518
dish_1550861520,18.91219096,11.82102452,26.33418719,0.7689777464,0.6927012801,0.890547812,17.16615049
dish_1550778058,12.60064302,9.555784499,17.33730839,0.7128423154,0.65309304,0.8363884687,12.08771261
dish_1561575300,11.53556732,7.284263186,15.78687145,0.6320428252,0.5365791321,0.7275065184,9.721063692
dish_1551391733,19.45100981,13.14007067,25.46460331,0.8242958263,0.6486819983,0.8861874342,17.4198314
dish_1550876376,20.51963085,13.94424772,26.28415464,0.839886345,0.7589367032,0.8998166323,18.5679094
dish_1561752996,14.86950741,11.5319854,20.74927012,0.744560202,0.6772387624,0.8344219923,13.3974724
dish_1566931179,13.93011513,7.799432746,20.49367339,0.7249787847,0.6186091304,0.8349627852,11.35483709
dish_1563295044,14.81044008,14.69501216,14.95055621,0.7848862012,0.7533595562,0.8203493357,14.80915557
dish_1558115241,15.27349385,13.68029099,16.86669671,0.6825134158,0.6588093042,0.7062175274,14.98759043
dish_1565118096,17.43467585,14.18819929,22.0196769,0.7834224105,0.7054838538,0.8564424515,16.38446618
dish_1563392128,14.76266658,10.75237091,18.38254819,0.7115824819,0.6164270043,0.7850131989,13.66081524
dish_1562775488,14.63308804,12.62619621,16.920253,0.8148091833,0.7660304308,0.8738408685,14.2926087
dish_1561666923,15.31862988,15.22879699,15.40846278,0.7238571346,0.709764123,0.7379501462,15.31770086
dish_1566923030,12.6318701,9.419679332,18.01620672,0.7249408066,0.6821088195,0.7997924685,11.9617806
dish_1551139535,22.83747884,17.8074272,26.36751557,0.8602358699,0.8210714459,0.8965238333,22.13218179
dish_1551321715,22.37865332,17.08996112,26.64509323,0.8578034788,0.8287540674,0.8999505639,21.22346226
dish_1563393217,17.59060542,12.54059705,21.51256877,0.7563526233,0.6699207425,0.8243617415,15.95156381
dish_1558114209,13.74372704,11.13965589,16.34779819,0.7082851529,0.657117188,0.7594531178,13.00574934
dish_1562698276,14.3442549,13.16822745,15.52028235,0.7612503469,0.737977922,0.7845227718,14.18693521
dish_1573851615,10.88575576,10.0264637,11.97722301,0.3456834555,0.3171842694,0.3607477546,10.81186335
dish_1551567141,23.53385638,15.28643633,28.02211874,0.8528571054,0.7934658527,0.8808956742,21.566425
dish_1563811515,11.02224477,9.941302029,11.65453098,0.6224528352,0.5567501187,0.6622494459,10.95192331
dish_1567625392,8.401852495,7.073475769,10.25796473,0.6271689137,0.5730647445,0.6562445164,8.204840876
dish_1561574600,12.7778022,6.818066234,18.18192542,0.6470489899,0.5264537334,0.8126503229,10.46278888
dish_1565727851,17.17944172,13.99557462,20.36330882,0.7522099614,0.6790136695,0.8254062533,16.104017
dish_1551390979,23.15576016,21.46437461,24.33273754,0.8522299379,0.8230249882,0.8874765038,23.01337905
dish_1551225155,23.19643949,20.9362788,25.60096795,0.8452332914,0.8027612567,0.8770236969,22.9621439
dish_1562963583,15.68157693,14.6635301,16.69962376,0.8161146343,0.77981776,0.8524115086,15.56333178
dish_1562703382,13.600266,9.626355898,16.28707292,0.6649014254,0.4700556695,0.7822722793,12.597684
dish_1561392459,15.08661201,14.15002736,16.02319666,0.60645625,0.5958935022,0.6170189977,14.98639492
dish_1551382060,21.73367686,17.06955143,27.49768513,0.8587934077,0.8203648925,0.8888581991,20.42018103
dish_1550796794,24.03354358,18.3232396,26.24041707,0.8505392522,0.8200169206,0.9250101447,23.18803689
dish_1559842409,15.97539637,15.63464925,16.31614349,0.6740761101,0.6609864235,0.6871657968,15.96204257
dish_1560367296,12.09012124,8.257238389,15.9230041,0.6180140376,0.5155964494,0.7204316258,10.58134512
dish_1560360112,12.31973186,11.79256723,12.8468965,0.5656065345,0.5351812243,0.5960318446,12.28781541
dish_1551318716,22.83800794,18.09851559,25.24145629,0.8344131112,0.8194389343,0.8488737345,22.27929927
dish_1562959059,16.18202998,12.03783647,21.78057709,0.780307432,0.6979017854,0.8474000096,14.64899493
dish_1563395341,16.4131997,15.02278487,17.80361453,0.8221261799,0.7818350792,0.8624172807,16.19432716
dish_1563898019,13.53824367,10.95095813,15.65526121,0.7248640855,0.6440232396,0.7870175242,13.0903143
dish_1551228355,17.85864457,12.61459856,24.90321905,0.7837170362,0.6626001596,0.8812025785,15.55684066
dish_1563564676,12.41447022,10.58837881,14.24056163,0.7407749593,0.7245064378,0.7570434809,12.04136524
dish_1561662926,11.6314984,8.271781876,14.47515444,0.6859510938,0.5648776889,0.7570407391,10.86985067
dish_1565728494,19.35416077,15.8288356,25.38913976,0.8608794212,0.8241787553,0.8953399062,17.80766509
dish_1567106668,18.88306475,11.10157364,26.66455585,0.7622828782,0.6408056021,0.8837601542,13.99288021
dish_1561661552,17.17434795,15.92886623,18.41982967,0.7704691291,0.7465573549,0.7943809032,16.99815224
dish_1551226999,19.7157916,13.67381405,21.70424888,0.7706838474,0.7252882719,0.8438011408,18.79887492
dish_1565109659,17.32520139,12.70657837,25.29346759,0.8030336499,0.7507185936,0.9073598981,14.92085922
dish_1551323487,23.38234012,20.59368438,25.51529844,0.8532573581,0.8027652502,0.8758528233,23.05413503
dish_1551375596,21.59455903,15.18212219,27.61768765,0.8383424348,0.7294490933,0.8978148699,19.47265963
dish_1565640576,15.44658002,11.27288088,20.28841769,0.7437654138,0.6467532516,0.8362945318,14.08079757
dish_1551318543,22.28675096,18.69721441,25.65368499,0.8609209582,0.8111382127,0.8853287101,21.4868212
dish_1550785481,23.69369879,20.68563498,25.9268847,0.825039126,0.7578731179,0.8535468578,23.27899459
dish_1566246478,10.36250142,9.767468749,11.52666045,0.591571033,0.5822038651,0.6013465524,10.28825949
dish_1551222982,21.1702411,16.0495434,24.44577639,0.8230193598,0.7708732486,0.8720303774,20.18581324
dish_1562788568,17.54062379,11.18761342,21.9002794,0.8148392588,0.7172355056,0.8632419109,15.39078904
dish_1562183201,14.25558215,11.36262238,17.98116895,0.7230672439,0.6841441989,0.7676331997,13.48542899
dish_1562011794,16.17767463,11.23353641,21.70402971,0.7712430159,0.6939613819,0.8328492045,14.3731108
dish_1550861432,16.07951652,12.94895063,22.37190661,0.76033099,0.6565353274,0.8353741765,15.21829968
dish_1561739805,11.94625977,10.60445912,13.28806042,0.6213084459,0.6168033481,0.6258135438,11.74219389
dish_1551303822,19.57734573,15.20893558,23.50946232,0.7836107686,0.7401300073,0.8296976686,18.79467439
dish_1550860919,19.60115473,16.62398922,24.01790099,0.7728913799,0.7056778073,0.8212684989,18.81176543
dish_1562096933,14.11308045,11.38956205,16.83659885,0.7565796375,0.7196154594,0.7935438156,13.30982903
dish_1559841127,11.29272055,10.92164292,11.66379818,0.5717696548,0.534950614,0.6085886955,11.27688667
dish_1565203015,12.07560766,11.23166176,12.91955357,0.7315781713,0.7166589499,0.7464973927,11.99411841
dish_1551381555,20.85915749,13.24288242,24.37090915,0.8101974353,0.7375784516,0.8635451198,19.21808663
dish_1562704640,12.58380152,9.976628047,15.27083266,0.7078804274,0.6820137501,0.7451273203,12.17769256
dish_1560368162,12.94863523,11.83889641,14.05837406,0.732927382,0.7276992202,0.7381555438,12.80836782
dish_1561654707,13.5755241,13.23789881,13.91314938,0.6903361976,0.6826115251,0.6980608702,13.56241362
dish_1559674074,13.23181908,11.84094022,14.40119318,0.645116051,0.5654434562,0.6996433139,13.10104475
dish_1565109637,14.28770382,12.67086783,15.79174885,0.7603162924,0.6818806529,0.8002285361,14.09972267
dish_1560454513,20.57775638,11.70737581,29.44813695,0.7701051235,0.669777751,0.8704324961,14.64521878
dish_1560543605,14.88586108,9.787122357,19.9845998,0.526481986,0.4156358242,0.6373281479,12.40108147
dish_1567023335,10.59145091,9.001823418,11.84076719,0.5249098937,0.503993988,0.5377373099,10.42580284
dish_1556575327,19.85318718,18.52364085,22.0633199,0.7419796765,0.644375205,0.8151023984,19.7167667
dish_1550862681,20.8331227,15.25524904,26.40250723,0.8184459358,0.7204338908,0.8890935183,19.18869076
dish_1550775472,23.30349312,16.81016851,27.50500729,0.8457998559,0.7259984016,0.8849825859,21.29902506
dish_1562168427,15.53057828,14.10299691,16.95815964,0.826485455,0.8080887794,0.8448821306,15.30005369
dish_1562946106,13.5324907,12.48956892,14.57541249,0.7349554598,0.7246123552,0.7452985644,13.40845162
dish_1565378770,12.2922138,9.162121471,15.42230613,0.7282170653,0.6896134615,0.7668206692,11.25019254
dish_1561492628,13.66001284,13.65507496,13.66495073,0.7235842645,0.6980620027,0.7491065264,13.66001003
dish_1565638287,10.65943028,9.942808102,11.37605245,0.7103814483,0.7103309631,0.7104319334,10.60057232
dish_1564086748,11.41894279,10.95059967,11.8872859,0.6487522423,0.594997108,0.7025073767,11.39373852
dish_1561999355,11.82275418,11.41891412,12.22659423,0.5543981493,0.5257778168,0.5830184817,11.80400511
dish_1571932398,11.58351776,10.24079246,12.92624306,0.4084920883,0.3174939156,0.4994902611,11.37917486
dish_1565638515,15.62505987,12.69609093,18.6097225,0.7852783402,0.7448655963,0.840698123,14.98202641
dish_1562688426,16.69792971,14.9546052,18.44125423,0.8183333278,0.8020395637,0.8346270919,16.35704292
dish_1561481606,11.02911886,10.01306383,12.60806961,0.5663495859,0.5047102571,0.6583856344,10.89068608
dish_1565034681,14.92215617,11.29112634,20.3664714,0.6052464445,0.3330583572,0.7503986359,13.55392781
dish_1562703408,14.14599421,10.08586798,16.52522721,0.6599309444,0.4433944225,0.7760798335,13.11461172
dish_1562700718,12.85237033,11.67427305,14.87004237,0.7709189256,0.7466928959,0.8047969937,12.63594335
dish_1551236621,19.65798003,14.21589136,24.58370729,0.8019662425,0.7180349231,0.8827958703,18.35044287
dish_1565204855,15.57426816,10.98539199,23.1301955,0.7978753249,0.7339108586,0.8687440753,13.32773904
dish_1562963033,16.7231187,13.89287799,21.13978556,0.8451360464,0.8206242323,0.8866702914,15.78727759
dish_1562790170,15.07878039,12.22677766,20.08163519,0.8048075438,0.7610478997,0.8451821804,13.95569634
dish_1562699612,17.00794715,16.10655964,17.90933466,0.8711210489,0.8691301346,0.8731119633,16.91506869
dish_1566414412,14.49855542,8.775486955,19.94229543,0.6224588553,0.4706363678,0.7757850885,12.31638765
dish_1551224689,21.96208395,18.91049517,24.15018727,0.8468437567,0.834166348,0.8606055975,21.4921078
dish_1558546434,12.79877928,11.90517371,13.69238485,0.6445911229,0.6312724352,0.6579098105,12.70748649
dish_1562602803,15.21802971,10.31483572,17.92337439,0.7244823277,0.4773188531,0.8610560894,13.72399259
dish_1551565495,21.2641104,17.96956305,22.8059247,0.8114617765,0.7449808121,0.8616434336,20.92037094
dish_1565810969,13.2584618,10.67586627,16.3750825,0.7398545345,0.6995068192,0.7951695919,12.81356418
dish_1561578323,13.33001584,13.1437722,13.51625948,0.6651839614,0.6285089254,0.7018589973,13.32602361
dish_1563379132,13.45189808,11.81529257,14.9822604,0.725178808,0.6489152312,0.7790973783,13.27714903
dish_1563216689,14.49024753,10.40581833,19.23741713,0.7950447202,0.7394236326,0.8493637443,13.17487218
dish_1551389551,23.49661465,18.32575118,25.91651753,0.8523109034,0.7631406784,0.8777500987,22.49649061
dish_1562007842,15.0176467,9.052290525,20.7562102,0.6914880276,0.569355011,0.8058914542,12.00548691
dish_1566413321,9.752311779,9.156056531,10.33537988,0.6292402546,0.5623227954,0.7072772384,9.725615332
dish_1565123845,17.24922373,12.5247944,23.18485475,0.7880474528,0.6796455979,0.8634029031,15.44561592
dish_1551565909,13.19780197,8.359140708,20.68245376,0.7035924643,0.5631657243,0.8319205046,11.29243051
dish_1563811611,18.56307217,13.72355506,22.9112249,0.8540051579,0.8387771845,0.871709168,16.99150805
dish_1550874918,20.90640609,15.14770186,24.4184171,0.8399526104,0.7728047967,0.8715615273,19.74541554
dish_1561663541,16.98175311,10.73891029,23.22459593,0.7757280767,0.6546214819,0.8968346715,13.51084498
dish_1564086709,17.43900956,12.17870405,22.69931506,0.7542526424,0.6892126799,0.8192926049,14.81990933
dish_1550791884,22.94905514,19.53493988,25.98318011,0.8161383669,0.7745705247,0.8690152764,22.40649553
dish_1565107092,19.10121404,16.62605136,21.57637672,0.8874701858,0.8724700212,0.9024703503,18.43105439
dish_1566591080,9.724382159,8.132235522,11.06835965,0.5013546745,0.4287664294,0.5918631554,9.552477855
dish_1565808975,16.02043601,13.8042791,18.23659292,0.7547726035,0.7002992034,0.8092460036,15.47795564
dish_1566332116,8.090398625,6.60886712,9.57193013,0.5958095491,0.5643621087,0.6272569895,7.842451681
dish_1563911185,14.70961717,11.44055942,18.68779872,0.6837175091,0.5418844819,0.7851211429,13.79850202
dish_1559846688,10.76173763,10.55202364,10.97145163,0.5639465451,0.5623347759,0.5655583143,10.75667622
dish_1559934477,12.90508743,12.28354007,13.51210748,0.5341437757,0.4748538435,0.5678535104,12.87611302
dish_1551377782,22.12830717,16.51785919,26.80956498,0.8408995643,0.8023364544,0.8833132982,20.92810187
dish_1562959732,14.61140845,14.03165511,15.5437476,0.7959775527,0.7913226485,0.7987610102,14.56219861
dish_1568233478,9.235505,7.382910466,10.58812056,0.5431496004,0.4811605513,0.6079785228,9.015841648
dish_1562698239,15.18611817,9.518117176,20.17084729,0.8191975951,0.7464713454,0.8864808083,13.09110882
dish_1551492975,20.58299227,15.32603462,23.73556273,0.7803550661,0.7300325632,0.8111565113,19.59708669
dish_1551376892,21.37119084,17.46534342,26.12231241,0.8440621719,0.779209733,0.8939802647,20.67580699
dish_1551137348,19.6770042,17.39279885,21.30037,0.7344991267,0.7031559944,0.7630232573,19.49541912
dish_1565118029,13.45468597,13.17530274,13.7340692,0.6889198124,0.6643553376,0.7134842873,13.44570575
dish_1566502000,18.87074251,10.42618843,27.31529658,0.8226007521,0.746244967,0.8989565372,13.34849172
dish_1563567319,9.598214783,7.966256569,10.77500981,0.5854874651,0.5833426118,0.5892158747,9.428915712
dish_1565986761,15.64411714,9.462967416,21.95980142,0.7622932792,0.6772367954,0.8424094319,12.83714347
dish_1563475921,16.80133568,14.7576197,18.84505166,0.8479936421,0.8156852722,0.880302012,16.33723231
dish_1558115764,19.41760669,18.67088703,20.16432634,0.7156495452,0.7031826973,0.7281163931,19.35372556
dish_1551306375,21.05308575,16.22714161,24.0817686,0.8083217368,0.7638087869,0.8741840124,20.20693306
dish_1551563213,22.01469376,16.14365903,24.76590552,0.8119389787,0.7534888387,0.8609176874,21.08457175
dish_1566413445,13.2835729,10.71961957,18.02757392,0.6734561721,0.5855852962,0.819734633,12.26602411
dish_1562603569,15.52744379,15.2383127,15.81657489,0.7970463336,0.7884622812,0.8056303859,15.51782646
dish_1551233633,21.98790377,19.60189645,25.19588651,0.8382361084,0.8074734211,0.8827735782,21.67368745
dish_1550797753,21.0484728,13.34640977,25.28830234,0.8043192029,0.7390922308,0.8658311963,18.94527424
dish_1566501473,12.75320313,8.643116744,20.12444834,0.6327554186,0.5157097578,0.8215827942,10.64157238
dish_1567022383,12.1852065,11.45832577,12.91208724,0.6303613782,0.6155199409,0.6452028155,12.12465921
dish_1551488371,22.28297552,18.06495069,26.63288853,0.8509171754,0.774235785,0.8971819878,21.2869758
dish_1557853154,23.12055075,17.85683857,25.33359838,0.8186080721,0.7597352266,0.8529250026,22.46773653
dish_1550861027,16.93495874,12.0827934,26.22833403,0.8146288022,0.6830282807,0.9415222406,15.29826689
dish_1558027243,19.77394391,12.68944502,26.85844281,0.6202705801,0.536899209,0.7036419511,15.53655279
dish_1550771606,21.19206677,17.43298185,27.02247236,0.8015493974,0.7326949835,0.8908092976,20.11450001
dish_1558115601,16.24004693,13.97654396,18.50354991,0.7181845903,0.6467385888,0.7896305919,15.67510552
dish_1562603626,12.2209108,11.00224067,13.43958094,0.7054541111,0.6980190277,0.7128891945,12.05212371
dish_1560442450,12.99523135,11.52822661,14.46223609,0.5940816998,0.5370098948,0.6511535048,12.75203462
dish_1566933401,18.0241576,12.0778585,23.9704567,0.8216679692,0.7491266131,0.8942093253,14.81598562
dish_1562010315,14.15955115,12.1786923,17.98536767,0.6398973664,0.5684104562,0.7310597301,13.463323
dish_1560802764,14.70433671,9.860238105,21.86071828,0.5633059939,0.5216196179,0.6211094856,12.53274846
dish_1562691538,13.87039183,12.63763455,15.87816835,0.7437921663,0.6702825427,0.8367215395,13.68300742
dish_1562099076,18.86400683,15.80802452,24.02321016,0.8794765472,0.8561870456,0.902243495,17.67033998
dish_1562168648,10.41873244,9.43455175,11.40291312,0.7414955199,0.7228893638,0.760101676,10.30815851
dish_1561576618,10.0004486,8.891568445,11.10932876,0.5456674248,0.4854370654,0.6058977842,9.860395868
dish_1556575700,19.61318336,15.94931347,23.86983092,0.8142517155,0.7181404233,0.8778215647,19.03247974
dish_1561579617,10.06516896,8.7627245,11.69377933,0.5546972354,0.4937133789,0.5887262225,9.901793608
dish_1563309237,14.69908494,12.53791918,16.8602507,0.7972941995,0.7549458146,0.8396425843,14.18218752
dish_1551236495,22.11895677,17.05482611,24.11582194,0.7850723714,0.7019782662,0.820407927,21.50008583
dish_1563393341,9.302014065,8.206743092,10.19373408,0.6940236092,0.6652098298,0.7188596129,9.222487174
dish_1551390304,20.50441422,14.32260353,26.74521937,0.8154863566,0.6688336134,0.8898006678,18.72081843
dish_1551236466,13.20645217,11.57665461,16.41494936,0.7598590478,0.6569136977,0.8195999265,12.93467876
dish_1561575661,9.020692574,6.707229123,11.33415603,0.4610271305,0.3268038332,0.5952504277,8.431618419
dish_1561740321,17.99492081,13.26021447,22.72962715,0.857632339,0.8266345263,0.8886301517,15.8055828
dish_1551567937,24.17506167,18.62759869,27.9703439,0.8859172066,0.8644288778,0.906318903,23.07733158
dish_1551564084,20.43560691,15.75358868,23.77997457,0.7923572138,0.7583588362,0.8450694084,19.64620979
dish_1565032714,12.5001839,11.3751517,14.37927761,0.7157486677,0.6873095632,0.752538085,12.3102952
dish_1551567573,21.09848727,15.35078893,25.14043191,0.8033963218,0.7676038146,0.8546375632,20.15878469
dish_1551566781,21.45547006,14.15633239,24.0103002,0.8270828873,0.7843949199,0.8667389154,19.92257646
dish_1568147044,9.954375441,7.869674707,11.27734018,0.5855168502,0.5415074825,0.6152268052,9.684099333
dish_1563820775,13.47908045,11.22962429,15.4606767,0.7976753314,0.7590208054,0.8199045062,13.12823067
dish_1568056217,15.02881658,11.97225955,19.52056202,0.7191033165,0.6193978786,0.8255285621,14.03832249
dish_1566591022,12.92633399,11.10999344,14.88900612,0.6777427594,0.5993199944,0.7254648209,12.65972299
dish_1562790224,9.654454027,7.652994363,12.87578382,0.6656542222,0.6058593988,0.7618356943,9.12878033
dish_1551391122,22.23507319,19.56768202,23.95260177,0.8337192386,0.7935625315,0.8868539333,22.00123435
dish_1567801748,14.99265544,11.38720109,21.51430784,0.7002753019,0.5577601194,0.8901126385,13.25726162
dish_1551237348,10.52435161,7.195128863,19.90132229,0.6407093816,0.3938434422,0.8221868277,9.593807181
dish_1550713388,22.35103924,13.69641164,28.05277356,0.8287628666,0.759532094,0.8775587082,19.8145749
dish_1562871448,14.10661812,13.22344266,14.68124006,0.6915415923,0.5824522972,0.7554610968,14.05910948
dish_1550796731,19.25996891,14.01050164,24.13193404,0.7998004622,0.6291445494,0.8575808406,18.26164064
dish_1567020417,13.45706042,11.97485657,14.25046127,0.6328524152,0.5451597571,0.6875692606,13.32429812
dish_1562945823,14.74294173,10.50218274,20.37481452,0.7616427938,0.6868134737,0.825737834,13.17337247
dish_1563475874,19.74561469,13.89408467,25.59714471,0.8992038965,0.8587629199,0.9396448731,16.62045894
dish_1566851549,15.15337628,13.32636568,16.95158015,0.793035845,0.6479474306,0.8880209327,14.90392492
dish_1562690886,14.77155555,13.80460582,15.73850528,0.83409518,0.8021963239,0.8659940362,14.66478843
dish_1551390006,24.03405848,17.13649426,26.58438037,0.8771770332,0.8427069783,0.8925859332,22.50995998
dish_1568319838,13.93009333,9.001177036,18.36248462,0.6243136326,0.5094941854,0.7779502869,12.30317059
dish_1551492866,22.78877359,19.77466257,24.60714056,0.8305751383,0.7440631986,0.8825318217,22.42888258
dish_1566332085,17.07006287,12.39715262,25.0274044,0.7842224042,0.733717382,0.8635547161,14.66188953
dish_1565986702,17.06145746,12.98466125,22.14652901,0.8080410957,0.7358850241,0.872992754,15.67514763
dish_1562959190,13.39447591,9.479878046,15.37370553,0.6758265893,0.5738841295,0.7724201679,12.44002354
dish_1551221853,22.86585707,19.0265457,27.33026069,0.8548823446,0.8146083355,0.9043650627,21.86558156
dish_1550772617,20.88098774,17.30078473,24.06201525,0.7876385674,0.7553340793,0.8640455604,20.18617041
dish_1568405466,14.01522025,11.39926257,19.14355913,0.7486821612,0.6627674699,0.8324718475,12.85714615
dish_1561661850,11.53750047,9.816235937,13.73539238,0.6562447945,0.6287016273,0.6827229261,11.25013896
dish_1562702355,13.39250675,11.44391412,15.34109938,0.7703511715,0.7431001663,0.7976021767,12.96928453
dish_1565725123,15.48670237,11.44751707,18.46323159,0.7467162212,0.6263048053,0.8147727251,14.43556842
dish_1561753075,16.73869397,11.76598201,19.58802646,0.7592120767,0.691503942,0.8028065562,15.20091637
dish_1561577701,10.36986827,8.350450102,11.4065323,0.6573751569,0.5195556879,0.7534338236,10.1207244
dish_1562010821,10.65748438,8.599462762,13.64647489,0.7042043606,0.6490061879,0.7840284705,10.18117744
dish_1563898880,20.08624381,18.64398682,21.5285008,0.754573375,0.717577517,0.7915692329,19.85103944
dish_1560369313,11.2877326,9.964139077,13.74256314,0.6576822996,0.5635191798,0.706951797,10.97758117
dish_1568061272,12.09017582,9.093074631,13.8822852,0.7000331084,0.6016454101,0.7544731498,11.52934849
dish_1551565289,22.49727583,14.97693042,26.2127403,0.8118872568,0.7643749714,0.882466197,20.94965158
dish_1562947409,11.566785,9.582242562,13.55132743,0.7942590714,0.7532120943,0.8353060484,11.12831246
dish_1550796686,18.43999003,12.17108603,26.01742973,0.7866045088,0.6670886874,0.8625571132,15.71526168
dish_1551567731,21.14665724,15.16073488,24.56626276,0.8283186555,0.7479385138,0.8769895434,19.77191094
dish_1562950934,14.16757853,8.487212273,17.8742224,0.7908729513,0.6922681332,0.8620548844,12.16335319
dish_1551136683,22.59990275,17.91609152,26.89805792,0.8525700437,0.7940670252,0.9006848335,21.61428134
dish_1561752563,10.8331045,9.65031339,12.0158956,0.6730104685,0.6212997437,0.7247211933,10.67399187
dish_1560802853,14.21799772,11.49409306,16.94190238,0.5779599547,0.5294062495,0.62651366,13.41453151
dish_1560356627,15.3201336,13.48322664,17.15704056,0.6199314594,0.5996189713,0.6402439475,14.94271996
dish_1550712681,21.62915197,18.14991136,25.37449696,0.81233266,0.7558446527,0.8913916349,21.01689718
dish_1561491180,19.28484708,16.26221364,22.30748051,0.768614918,0.7154531479,0.8217766881,18.30833567
dish_1551487472,19.91295915,16.74395749,22.10245102,0.771656245,0.6898121238,0.8058948517,19.57281584
dish_1565023157,15.02183269,12.48998826,17.86804077,0.7430357138,0.6909947991,0.7937714458,14.49657493
dish_1551221935,22.49176755,15.9487676,26.90396465,0.8468702104,0.783829093,0.8865698576,20.94157957
dish_1563479526,13.76682212,13.75518068,13.77846356,0.7540263832,0.7523453236,0.7557074428,13.76680652
dish_1551391302,23.13251622,19.45803786,26.39471695,0.867228955,0.837221086,0.900908947,22.50104525
dish_1551487158,9.640518732,7.306583302,12.58426363,0.6069271043,0.506254375,0.7279579639,9.337689232
dish_1568305225,14.86416299,9.104730184,20.6235958,0.7155699134,0.5744779706,0.8566618562,11.81921326
dish_1551137431,21.78440766,15.48207985,25.86356585,0.8345684782,0.7053913474,0.8671751022,20.44311262
dish_1562774475,14.85768336,11.69774211,19.39081797,0.7702824871,0.6976519823,0.8412500024,13.83778514
dish_1568404850,18.15073253,13.52966626,22.7717988,0.8521996737,0.7993971705,0.9050021768,16.05141029
dish_1562959103,17.67055174,15.97824182,21.20952403,0.8148845285,0.7824540138,0.8380907774,17.26353228
dish_1550797833,20.25171192,15.32938243,24.11391339,0.7824268118,0.6962447166,0.8294396996,19.36887246
dish_1562788794,13.62020819,13.22283777,14.01757862,0.7451834679,0.733682096,0.7566848397,13.60205422
dish_1563984242,14.89818506,11.94821308,16.43244244,0.7131143808,0.6932946444,0.7361727357,14.35893715
dish_1565035746,17.3752484,16.52267985,18.22781694,0.8468488753,0.8311561346,0.862541616,17.29209608
dish_1551563400,20.9712989,18.91635399,23.72278837,0.7988039553,0.7604100108,0.8526758552,20.7119156
dish_1551228551,20.79379604,12.9960588,27.16948065,0.8217194527,0.7777881622,0.8956679702,17.83256419
dish_1568217325,12.3393503,11.31759982,13.36110078,0.7155508995,0.6710656881,0.7600361109,12.22025103
dish_1562963084,13.37402036,7.188607647,20.27425077,0.7207409342,0.5896770954,0.8238320947,10.71186705
dish_1551226840,20.99028919,16.80159865,24.60438631,0.8225488141,0.7297229171,0.8534621596,20.0341974
dish_1565984299,13.81659225,11.2265306,16.40665389,0.804849416,0.7417298555,0.8679689765,13.08611834
dish_1550777646,10.7459163,8.949718743,12.63349324,0.6919187829,0.657327354,0.7551217079,10.56828744
dish_1551565425,22.69896657,18.9823138,24.35350549,0.8179818615,0.7373597026,0.8569797277,22.31700558
dish_1568060697,15.40712695,12.65914656,20.88436171,0.7661332885,0.7098418474,0.8487134576,14.11370303
dish_1567110848,15.91846372,10.113735,21.72319245,0.7302992046,0.6251190901,0.8354793191,12.83412545
dish_1551376575,23.21256926,15.88122123,27.46810643,0.8034267823,0.681943655,0.8446153402,21.64926767
dish_1573159903,10.47855169,10.00310121,11.37994006,0.4010548294,0.3846226931,0.4144699574,10.43345928
dish_1551393113,20.93071035,15.01062055,26.0574256,0.8234408349,0.7497346401,0.891351521,19.26714252
dish_1565117463,16.83939902,14.17906755,21.57608396,0.7514097293,0.721600771,0.8078544736,15.81946217
dish_1561579824,13.06522712,10.75449965,15.37595459,0.6678319871,0.5711149573,0.764549017,12.47748593
dish_1562612974,14.28797309,11.98826032,16.58381744,0.7440559069,0.7042837143,0.7901562452,13.8916532
dish_1568146977,10.34121382,8.610601181,11.46572097,0.5912572543,0.5761569738,0.6055547595,10.15533173
dish_1551221581,23.22591561,17.95865588,27.46130321,0.86476852,0.8306754231,0.8958004713,21.81378418
dish_1560539340,19.98800938,13.71332804,26.26269071,0.7089972496,0.6767094731,0.7412850261,16.48864001
dish_1562872150,17.6542443,17.60622913,17.70225947,0.9018872678,0.8983966112,0.9053779244,17.65397888
dish_1561574974,11.66100324,9.742749163,13.57925733,0.6907587647,0.6408033371,0.7407141924,11.25046052
dish_1550711385,22.74952437,17.33075784,26.3078291,0.7800459994,0.6975739002,0.8107215166,22.02680625
dish_1561746912,8.381649021,7.677043875,9.086254166,0.6990189254,0.681707263,0.7163305879,8.324739991
dish_1551565068,24.00317658,19.39303917,27.40126028,0.860738568,0.8362680674,0.8818551898,23.21971509
dish_1567525744,12.78707596,9.802387913,18.43112478,0.6928934654,0.6120382547,0.8107966781,11.42449323
dish_1566923004,14.67400774,13.45236831,16.16210376,0.7927989364,0.7830586433,0.8015731573,14.53439828
dish_1568405183,13.78827732,8.859936956,22.16964619,0.7794233561,0.7244977951,0.8603851199,11.17935352
dish_1565895966,12.56062499,8.7818175,15.91358354,0.6386991342,0.5551220775,0.739241004,11.58478916
dish_1550873338,21.96476876,16.6075306,25.8823866,0.8277672274,0.7141741514,0.8951162696,20.78640349
dish_1562691064,15.28573781,13.51055214,18.75894386,0.7436636885,0.6958634257,0.8241679668,14.70043988
dish_1551323309,22.44582976,17.7842535,26.28080584,0.851293947,0.8240721226,0.8873800039,21.40615317
dish_1551232905,25.14633219,20.28147539,27.89548168,0.8757494017,0.8349431753,0.897595346,24.52984011
dish_1566413510,12.03464846,10.0798111,15.38117529,0.5665293535,0.4726403356,0.737089932,11.47959936
dish_1550777511,22.15343097,17.11057156,24.82657658,0.7952433079,0.7285863757,0.8523452878,21.04087116
dish_1566415558,15.44127087,10.31781618,18.33505693,0.7049782972,0.4938569963,0.8107452393,13.8121306
dish_1561577598,9.965929415,9.765101936,10.24305757,0.5354588131,0.4854026735,0.5771538615,9.961249675
dish_1565725244,15.00777253,11.10698503,18.90856003,0.7050657868,0.6079277992,0.8022037745,13.45067749
dish_1561404485,9.315033478,8.919874273,9.799283605,0.5430296262,0.3919695616,0.6247409582,9.299900867
dish_1564073677,15.46992974,13.44347751,17.74241332,0.816899995,0.7717574835,0.8407253027,15.128395
dish_1561662160,11.88261715,7.663749735,16.10148457,0.7376624346,0.6897146106,0.7856102586,10.09247231
dish_1564169958,11.87327305,8.009828097,14.3714276,0.6462501486,0.5673279762,0.7056211233,10.93093433
dish_1564170836,15.93291137,11.47419411,23.28881506,0.7978768945,0.7220628262,0.8796272278,13.7808305
dish_1556575124,15.1105435,13.47883684,17.0465395,0.7503071427,0.6221913695,0.8289443851,14.99336348
dish_1565987269,13.71513793,12.7093288,15.26813504,0.7872586449,0.7182124257,0.8232759237,13.58080236
dish_1568217372,8.867441557,6.737266352,10.53622162,0.5626752079,0.4879201353,0.6392034292,8.569158779
dish_1562963109,12.0683725,8.561466292,15.31393662,0.7347726623,0.6619872451,0.7921298742,11.20772107
dish_1562788506,18.38448132,18.23057479,18.53838786,0.9152930379,0.9132686853,0.9173173904,18.3817548
dish_1563555605,10.09743879,9.071590568,11.12328701,0.7195261717,0.7122639418,0.7267884016,9.977391031
dish_1551136814,23.04075712,17.74345484,26.20581122,0.8506901198,0.8256738782,0.8877655864,22.03556824
dish_1551225714,20.64247676,14.11954809,25.35469949,0.8147055358,0.6982034445,0.8801572919,18.91943473
dish_1562958998,14.93134509,13.3153029,16.08488019,0.8120892644,0.7665664554,0.8375957012,14.76588009
dish_1551139764,23.34424083,17.38861222,27.95547607,0.8679591152,0.8184526563,0.9047368765,21.94431753
dish_1551487117,15.80181192,13.50749284,18.86700718,0.7939298617,0.675514102,0.8608576059,15.41066878
dish_1563464543,10.63117251,8.498557535,13.98483276,0.6503782074,0.6020017266,0.7445989251,10.06125125
dish_1563303298,14.68573163,10.45043464,20.87150985,0.7362586459,0.6462888122,0.832621932,12.96425075
dish_1566589933,15.51011545,11.69835062,19.08220675,0.8320151766,0.81783849,0.8399896026,14.49381494
dish_1551232851,21.33107526,16.37221887,24.79773182,0.8303463086,0.7059899569,0.881649971,20.24779234
dish_1562959570,11.94985095,6.966113108,14.90864563,0.6861474514,0.5724086165,0.8036099076,10.40280446
dish_1551228930,21.79717287,17.49664273,25.63190305,0.837753132,0.7925079465,0.8776357174,20.97760659
dish_1551564016,22.45090083,16.30973881,26.49921645,0.8579957187,0.80790627,0.9012141228,21.05262666
dish_1551314390,23.92637337,19.75235442,27.40950121,0.8787929639,0.8485912085,0.9191094637,23.33597519
dish_1550772168,24.63583965,19.25425861,28.63515476,0.8654965311,0.8320253491,0.9099863172,23.68848557
dish_1551135297,22.98703386,16.61108712,26.94274605,0.8259866312,0.7420273423,0.8954548836,21.23125841
dish_1563221157,12.85835124,5.645428649,22.21917106,0.6817000707,0.5381576419,0.8056588769,9.166585413
dish_1565898128,12.65714009,11.82119234,13.56787058,0.7678114971,0.7435507178,0.8061125875,12.59897349
dish_1551237321,19.83753728,13.34617658,23.66086326,0.7860636339,0.7004765272,0.8477179408,18.02204446
dish_1566416388,10.05731137,6.900559916,11.72286166,0.5659219225,0.5204628706,0.6144602299,9.43846311
dish_1550707156,21.55782258,15.66344036,23.90097154,0.7465984225,0.6829295754,0.7950214744,20.61004527
dish_1558115512,16.57974837,12.70437518,20.45512156,0.680973798,0.6352496147,0.7266979814,15.04079871
dish_1551395580,23.43537456,17.22267895,26.84897798,0.8557863608,0.7709943056,0.8962984681,22.05226402
dish_1550776854,21.93033952,16.89536025,24.30727265,0.8418028578,0.7523294091,0.8798474073,21.01283296
dish_1567526814,10.70679626,8.599576203,12.81401632,0.6410479844,0.5620740056,0.7200219631,10.2144622
dish_1562790321,13.08262694,9.148903235,16.21039383,0.6891147494,0.607262373,0.7564088106,12.06615796
dish_1563479596,20.10721019,18.84472429,21.36969609,0.8321194351,0.8041318059,0.8601070642,19.92623674
dish_1561664013,14.5334935,14.21671917,14.85026783,0.8233783245,0.813739121,0.8330175281,14.52195097
dish_1561577119,11.98347117,10.68087657,12.89834603,0.6371918917,0.5120820403,0.715059638,11.87706074
dish_1550712079,21.20733329,18.35404825,24.44333577,0.777687721,0.7012123466,0.8764957786,20.87116337
dish_1560360102,11.3518258,10.9990119,11.70463969,0.5366590619,0.5248605013,0.5484576225,11.33751052
dish_1563205877,16.80406592,15.00640425,18.75117407,0.8547861576,0.8244788051,0.8869777322,16.54221364
dish_1563479568,15.98231984,13.60438631,18.36025338,0.8110964894,0.7799337506,0.8422592282,15.36145744
dish_1550777181,21.00500109,14.66438008,23.5661462,0.8234200627,0.7691376209,0.9192095399,19.72482406
dish_1561749711,12.36282512,11.77511005,12.92622529,0.7488344113,0.7235022187,0.7637776136,12.33733182
dish_1551122795,23.25842498,19.14989283,26.35486321,0.8313902691,0.7509481907,0.9353373051,22.78631342
dish_1550710917,20.45585873,13.96339578,25.06060915,0.8037481755,0.714414537,0.8629119396,18.69235651
dish_1550769948,22.5819996,17.72623819,25.02204871,0.7903264364,0.683360815,0.8546350002,21.96179847
dish_1550773771,21.4773422,16.72428353,25.64600762,0.8273587152,0.7496103644,0.8805671334,20.3597376
dish_1562611620,15.8073541,13.43169949,18.16616438,0.778688093,0.6347228885,0.8540399671,15.38666945
dish_1562875273,18.36877551,14.44706489,23.14912019,0.7646479805,0.6750555634,0.8136534691,17.09961822
dish_1561753623,15.55799905,15.47203193,15.64396617,0.8527704179,0.8420885801,0.8634522557,15.55714826
dish_1550862908,19.66448132,14.7724861,27.70490305,0.7995933145,0.6719772816,0.8638743162,17.71980082
dish_1563217993,13.39575139,9.426782779,16.46840865,0.7385324438,0.6409659386,0.8037683368,12.36867577
dish_1550777218,20.47498153,17.39412115,23.20069087,0.8072996587,0.7684299946,0.8942963481,19.86978329
dish_1568061174,11.98874794,9.364519136,17.01509639,0.7031819622,0.679926157,0.7317852974,10.86845953
dish_1559844506,11.74669155,9.868728168,13.62465494,0.5660569966,0.5130967498,0.6190172434,11.3527163
dish_1550773284,21.24123937,12.98111628,25.50974077,0.7724959403,0.7125954628,0.8102329969,19.09042729
dish_1562871408,15.29331227,13.71734041,18.16854109,0.7479623159,0.6744326353,0.8454002738,14.87676493
dish_1551317350,22.51283099,21.42701696,24.43375512,0.8113330081,0.7740558982,0.8536346555,22.40890666
dish_1551313872,19.03625318,13.12763042,23.93151392,0.8043949902,0.7241948247,0.874919951,17.55386407
dish_1567023262,15.97931259,12.06562605,23.3192713,0.700440069,0.5916755199,0.8702968955,13.89490203
dish_1551135718,19.7591492,15.18392856,24.14307186,0.7817710787,0.6648090482,0.8435717225,18.50846405
dish_1565123783,12.41198153,7.911135331,16.91282772,0.4790171534,0.09149780869,0.8665364981,10.40665507
dish_1567024135,18.06937661,11.54810489,28.8843383,0.7446370125,0.5823832154,0.9245368242,14.23165041
dish_1551384024,19.66803323,12.36107018,23.5136959,0.7907759473,0.7235198617,0.8582736254,18.17455361
dish_1563568118,15.59795015,10.72591383,23.16059821,0.7446466486,0.6741265059,0.8802559376,13.29021888
dish_1563900150,13.13279685,10.9644085,15.96309731,0.7396560113,0.6843493581,0.7870847583,12.67520255
dish_1565032748,13.83164409,11.49776485,18.06252927,0.7387335896,0.6885622144,0.7890923023,12.99567691
dish_1550713423,20.98270872,13.79301333,25.71519785,0.8105615179,0.7078847289,0.8798775673,18.94522012
dish_1551492468,21.23560803,13.87197191,27.14491124,0.7982620001,0.6684795618,0.8707261086,18.68544015
dish_1550778583,21.53149248,16.39016917,23.72219459,0.8148176149,0.7406988144,0.8656760454,20.71329191
dish_1568144643,15.63105846,12.13538991,18.75316052,0.7791392605,0.7258658409,0.8464767337,14.78963389
dish_1565728453,22.2614944,15.48939779,26.44408574,0.8840867877,0.8333883286,0.9257227778,19.48293207
dish_1550770511,21.62461065,18.3486605,23.53729758,0.7613374814,0.6950737834,0.7954265475,21.224147
dish_1566931548,8.974646143,8.961082211,8.988210075,0.6013878286,0.529769659,0.6730059981,8.974624961
dish_1551223394,22.84972769,18.88899409,25.62348033,0.8261052966,0.7612967491,0.8748749495,22.14953132
dish_1567106794,12.27349064,11.95919205,12.58778924,0.6745781004,0.6631996036,0.6859565973,12.26212768
dish_1550778469,21.27491951,17.92262926,24.22313617,0.7681811228,0.7138696313,0.8221651912,20.81783085
dish_1551493278,21.23178997,15.37202695,23.66130492,0.8174433038,0.7659446001,0.8616729379,20.3484383
dish_1572031211,9.896321506,8.266006475,11.52663654,0.3340120167,0.2356567979,0.4323672354,9.59724438
dish_1566316525,12.85542776,8.957327054,19.00082792,0.6638334394,0.5253474116,0.8130893707,11.21754054
dish_1562950091,17.90563293,15.42190947,19.48789077,0.8337905804,0.7810799479,0.8682181835,17.51963454
dish_1551566753,21.837688,16.63193151,24.31423212,0.8391638473,0.7876573205,0.8682587147,20.98390622
dish_1550859977,25.47347385,21.35504979,28.58035871,0.8697573675,0.814381063,0.9206553102,24.81064293
dish_1551232748,21.52618055,18.31358904,23.54933421,0.7808030181,0.7254177928,0.7953616381,21.16538316
dish_1563305005,14.14384078,9.68536419,19.7570076,0.7150026162,0.6706012487,0.7734425068,12.50951505
dish_1551124723,22.42271723,14.89933613,26.44445183,0.7551804483,0.6390746236,0.8227995634,20.77406718
dish_1561580278,15.927814,11.01538377,20.84024423,0.5983592868,0.3832125664,0.8135060072,13.59554001
dish_1567021831,8.847500424,8.069387433,9.625613415,0.6554636657,0.6550771594,0.655850172,8.778164061
dish_1568143288,13.93389603,8.746423329,19.57537604,0.7209024529,0.4920913279,0.8590447903,11.99821937
dish_1564073716,13.25884515,12.91968729,13.49920591,0.729602317,0.7115660906,0.745210886,13.25177081
dish_1563305982,13.55765395,5.924083041,24.21256299,0.7154843807,0.5654559135,0.8501694202,10.4065808
dish_1563551194,12.87268866,9.052490055,17.2971716,0.6759756207,0.6047796607,0.7926918864,11.71066445
dish_1565207631,12.75758584,12.56383401,12.95133767,0.7798948586,0.7752700448,0.7845196724,12.75326535
dish_1558030435,16.13855297,15.696026,16.81524846,0.6889280081,0.6195022464,0.7385318279,16.11885181
dish_1565724269,11.32843647,8.056703403,13.82713846,0.6721760631,0.5170037746,0.7528795004,10.6298492
dish_1562615103,13.63954698,9.341025796,17.4980616,0.7293891112,0.6926676035,0.7887339592,12.38413043
dish_1550710507,20.53870357,14.73123032,26.94228744,0.8090708786,0.7244098186,0.8826267719,18.53516819
dish_1551124362,20.72451868,15.06561969,24.50942847,0.7751800492,0.7247034907,0.8126431108,19.14603951
dish_1560974769,15.75638338,11.96511418,19.54765257,0.7906557322,0.733861804,0.8474496603,14.27695713
dish_1563477701,13.38271715,13.34442513,13.42100918,0.7522032261,0.7281790376,0.7762274146,13.38254834
dish_1551142459,23.79746272,21.87695381,25.99145417,0.8728151851,0.8551220894,0.8948844671,23.54943958
dish_1567629129,19.63246965,12.96500736,23.97199836,0.7864342729,0.6603325009,0.8590211272,16.92515615
dish_1558546918,15.60924303,15.55376309,15.66472297,0.6851140261,0.6333132386,0.7369148135,15.60888867
dish_1551389684,19.03609225,15.10803431,26.97318851,0.7921408564,0.7011412978,0.8527919054,17.99311815
dish_1551563660,22.28265485,15.70099386,27.05994823,0.8585759699,0.8113467097,0.8946067691,20.11815977
dish_1550795690,17.04067246,11.77179616,24.05003881,0.7833388448,0.6303488016,0.8801091313,15.28538505
dish_1572988741,13.1859816,12.65513795,13.71682524,0.4365033656,0.3106322587,0.5623744726,13.15361922
dish_1564082462,13.86859603,13.13330581,14.38248247,0.6856597265,0.6598934531,0.7035162449,13.83515869
dish_1568666089,13.48302599,8.70864036,19.02090768,0.6686722835,0.5524552464,0.7315930128,11.74748778
dish_1566500963,11.2170832,10.99608548,11.43808091,0.6913741529,0.6832857132,0.6994625926,11.21146271
dish_1567023184,11.48844673,7.973732184,17.58816473,0.6356438845,0.5884751081,0.7392098904,10.34401246
dish_1551222638,23.24080742,20.2295035,26.16127304,0.8745222986,0.8403009772,0.9016161561,22.6081457
dish_1565728684,13.90506892,12.17124606,15.63889178,0.741828531,0.7381302714,0.7455267906,13.56779488
dish_1567020366,13.05908628,10.11291331,16.14191877,0.6920405825,0.6274865866,0.7929543257,12.39660813
dish_1551224751,16.87992477,11.82115199,24.03014758,0.7782655582,0.7034324408,0.8552044034,15.57977124
dish_1559593646,10.55300272,10.29923493,10.80677051,0.6012191474,0.5837858319,0.618652463,10.54559283
