dish_id,method_name,psnr,psnr_std,ssim,ssim_std,lpips,lpips_std,num_rays_per_sec,num_rays_per_sec_std,fps,fps_std
dish_1550704750,feature-splatting,12.914203643798828,,0.4058490991592407,,0.707866907119751,,12328.103515625,,0.0238500274717807,
dish_1550704903,feature-splatting,20.31677627563477,3.221529006958008,0.8084734082221985,0.05483890324831,0.3095073699951172,0.0839138403534889,1031114.875,451873.125,1.9948015213012693,0.8741967082023621
dish_1550705288,feature-splatting,23.156444549560547,2.8123059272766118,0.8595367670059204,0.0430909544229507,0.2334786802530288,0.0432930923998355,1041196.0,502436.28125,2.0143043994903564,0.972016453742981
dish_1550705370,feature-splatting,19.542171478271484,3.947266101837158,0.7965037822723389,0.0977208241820335,0.3545355796813965,0.1414985060691833,1076565.0,473578.09375,2.0827295780181885,0.9161872267723083
dish_1550705445,feature-splatting,21.18825912475586,4.628803253173828,0.8156250715255737,0.0866203233599662,0.3226207196712494,0.1712537407875061,1094328.875,523955.5,2.117095470428467,1.0136476755142212
dish_1550705477,feature-splatting,21.76261138916016,2.2839701175689697,0.8125936388969421,0.0374754630029201,0.2678206861019134,0.0479584746062755,1003444.0,437063.90625,1.9412692785263064,0.8455466628074646
dish_1550705504,feature-splatting,22.28062629699707,4.400257110595703,0.8018162250518799,0.0864617675542831,0.2739093005657196,0.1073254644870758,1000717.5625,435796.125,1.9359946250915527,0.843093991279602
dish_1550705535,feature-splatting,25.891935348510746,3.7264091968536377,0.8954173922538757,0.0307829808443784,0.1985673755407333,0.0422655418515205,1120175.5,447371.3125,2.1670985221862797,0.8654873967170715
dish_1550705580,feature-splatting,22.5178337097168,4.2070794105529785,0.8249002695083618,0.0812630578875541,0.2758145034313202,0.1177880987524986,1071915.625,471483.78125,2.073734760284424,0.9121355414390564
dish_1550705623,feature-splatting,20.43364524841309,4.470762252807617,0.7733825445175171,0.1018114984035492,0.354106068611145,0.1706156283617019,1017217.125,444175.71875,1.9679147005081177,0.859305202960968
dish_1550705669,feature-splatting,20.87174224853516,4.052020072937012,0.8069856762886047,0.0876048505306243,0.2751356363296509,0.1103139817714691,1023548.5,448461.78125,1.9801634550094604,0.8675969839096069
dish_1550705724,feature-splatting,20.56661796569824,2.8175177574157715,0.7765092849731445,0.0521881617605686,0.2826325595378876,0.0832786038517952,1013810.5625,442878.40625,1.9613244533538816,0.8567954301834106
dish_1550705786,feature-splatting,22.707107543945312,3.4968478679656982,0.838009238243103,0.0491864681243896,0.2500929236412048,0.0584277175366878,780447.4375,652609.0625,1.5098586082458496,1.2625417709350586
dish_1550705888,feature-splatting,24.17642974853516,1.993619561195373,0.8556420803070068,0.0262246262282133,0.253673642873764,0.0265346895903348,992852.0625,493043.40625,1.920777916908264,0.9538449048995972
dish_1550705939,feature-splatting,22.30395126342773,4.061216354370117,0.831744372844696,0.0698428452014923,0.300808310508728,0.1071883663535118,892314.75,595027.3125,1.7262778282165527,1.1511436700820925
dish_1550705995,feature-splatting,21.81367874145508,2.692991256713867,0.8193467855453491,0.0547014586627483,0.2624856829643249,0.0450796075165271,1012826.8125,443081.09375,1.959421277046204,0.8571875691413879
dish_1550706037,feature-splatting,16.050811767578125,7.0384602546691895,0.6937450170516968,0.1396073698997497,0.498077243566513,0.2673579752445221,1066804.5,471643.8125,2.0638468265533447,0.9124451279640198
dish_1550706096,feature-splatting,20.476985931396484,3.7699694633483887,0.7823389172554016,0.0867056474089622,0.3162721693515777,0.1045129522681236,836093.375,597555.875,1.6175116300582886,1.1560354232788086
dish_1550706177,feature-splatting,16.75618553161621,7.76873254776001,0.6730231046676636,0.1967473626136779,0.511982262134552,0.2785454094409942,1034856.9375,457192.625,2.0020408630371094,0.8844877481460571
dish_1550706237,feature-splatting,21.410926818847656,6.195191860198975,0.791114866733551,0.1304829865694046,0.3179934024810791,0.1967097669839859,1022229.625,493728.21875,1.977612018585205,0.9551697969436646
dish_1550706283,feature-splatting,22.378173828125,1.9397727251052856,0.7680515646934509,0.0373804941773414,0.2800412774085998,0.0664941370487213,959247.375,416761.03125,1.8557661771774288,0.806268572807312
dish_1550706325,feature-splatting,22.807126998901367,1.905373454093933,0.8056018352508545,0.045643426477909,0.2327103912830352,0.0266381409019231,969102.4375,464707.25,1.874831795692444,0.8990256190299988
dish_1550706448,feature-splatting,22.509340286254883,6.512667655944824,0.8028937578201294,0.1349334418773651,0.2988673746585846,0.1448873579502105,827904.75,591116.4375,1.6016699075698853,1.1435776948928833
dish_1550706583,feature-splatting,24.71682357788086,1.6448392868041992,0.8658486604690552,0.0196987185627222,0.2237343043088913,0.0167688280344009,817550.625,586425.625,1.5816386938095093,1.1345027685165403
dish_1550706639,feature-splatting,26.084274291992188,2.3167858123779297,0.887741208076477,0.0412401556968688,0.2024369090795517,0.0618588104844093,1062919.0,467424.65625,2.0563299655914307,0.9042826890945436
dish_1550706705,feature-splatting,21.46647071838379,4.532063007354736,0.783076286315918,0.0885994210839271,0.2733002305030823,0.1239448115229606,780897.75,566909.5625,1.5107297897338867,1.0967469215393066
dish_1550706766,feature-splatting,19.600231170654297,6.224377155303955,0.7434083223342896,0.1613591462373733,0.3506873846054077,0.2214969992637634,782022.5625,554178.9375,1.512905836105347,1.0721181631088257
dish_1550706891,feature-splatting,24.03485107421875,2.706782579421997,0.8736775517463684,0.0202082619071006,0.2103800773620605,0.0242876447737216,1043030.6875,502560.90625,2.0178537368774414,0.9722575545310974
dish_1550706945,feature-splatting,24.517637252807617,3.07567834854126,0.8479490280151367,0.0671572387218475,0.2260423451662063,0.0688022673130035,1013735.0625,464926.0,1.961178421974182,0.899448812007904
dish_1550707056,feature-splatting,22.84511947631836,5.470661640167236,0.8155732750892639,0.122612789273262,0.2849639654159546,0.1416527032852172,1003712.625,440604.4375,1.941788911819458,0.8523961901664734
dish_1550707110,feature-splatting,22.87620735168457,1.8405756950378416,0.7948758602142334,0.040636908262968,0.2545858025550842,0.0331731252372264,955771.5625,451203.03125,1.8490418195724487,0.8729002475738525
dish_1550707156,feature-splatting,23.357650756835938,2.306647300720215,0.8163442015647888,0.0530513152480125,0.2346052527427673,0.0439786836504936,965776.9375,420130.8125,1.8683983087539675,0.8127877712249756
dish_1550707236,feature-splatting,24.357765197753903,0.5915969014167786,0.8607713580131531,0.0244669839739799,0.213063970208168,0.0287974327802658,1018191.9375,445323.84375,1.969800591468811,0.8615263104438782
dish_1550707357,feature-splatting,22.51423454284668,3.2082502841949463,0.8249808549880981,0.0672091394662857,0.2955607175827026,0.1539249122142791,1046681.25,458896.125,2.024916172027588,0.8877833485603333
dish_1550707504,feature-splatting,25.864177703857425,2.7719743251800537,0.8759130835533142,0.0452654659748077,0.1980019658803939,0.0448353327810764,1071530.25,469693.78125,2.072989225387573,0.908672571182251
dish_1550707578,feature-splatting,23.25145721435547,2.949105739593506,0.8103179335594177,0.0660225972533226,0.2212825715541839,0.0469007678329944,1009019.875,439791.09375,1.9520564079284668,0.8508226871490479
dish_1550707638,feature-splatting,23.6405029296875,1.985734462738037,0.8179562091827393,0.04681858420372,0.2147911936044693,0.0321407616138458,779339.125,578930.125,1.5077145099639893,1.1200019121170044
dish_1550707756,feature-splatting,22.713451385498047,5.710450649261475,0.8470584154129028,0.0739380195736885,0.2988640964031219,0.1986077576875686,1103548.375,486645.9375,2.134931802749634,0.941468358039856
dish_1550707850,feature-splatting,17.684764862060547,6.673957824707031,0.7128181457519531,0.1577576994895935,0.4358565211296081,0.2174210101366043,802026.9375,590692.875,1.5516064167022705,1.1427582502365112
dish_1550707914,feature-splatting,23.8564395904541,2.154882431030273,0.8531187176704407,0.034821268171072,0.2433263212442398,0.0394231565296649,850570.0,605118.0625,1.645518183708191,1.170665264129639
dish_1550707958,feature-splatting,21.28873634338379,3.364737033843994,0.7870230674743652,0.0650812610983848,0.2629117965698242,0.0595684312283992,789755.5,574061.9375,1.5278661251068115,1.110583782196045
dish_1550707995,feature-splatting,21.980371475219727,2.8217029571533203,0.8117791414260864,0.0661233812570571,0.2455702424049377,0.0633123070001602,823415.375,577586.1875,1.592984676361084,1.117401957511902
dish_1550708152,feature-splatting,15.105740547180176,5.275627613067627,0.6574302315711975,0.1497800499200821,0.5160844922065735,0.2018694132566452,753286.9375,628102.875,1.4573136568069458,1.215131759643555
dish_1550708221,feature-splatting,26.524658203125,2.434455633163452,0.8952776789665222,0.0216753836721181,0.1918867528438568,0.0505132190883159,1125302.625,498791.15625,2.1770176887512207,0.9649645686149596
dish_1550708280,feature-splatting,24.065937042236328,1.7206082344055176,0.8510986566543579,0.0291290897876024,0.2363800108432769,0.0438603498041629,833272.9375,595749.75,1.6120551824569702,1.1525412797927856
dish_1550708327,feature-splatting,24.51557922363281,0.6694795489311218,0.8633505702018738,0.0160321164876222,0.1985568702220916,0.0185939278453588,777025.5625,592053.8125,1.503238558769226,1.1453911066055298
dish_1550708366,feature-splatting,23.006242752075195,3.099701404571533,0.815183162689209,0.06637504696846,0.2441798746585846,0.0687584578990936,1002915.0,436714.0625,1.9402458667755127,0.8448697924613953
dish_1550708440,feature-splatting,23.459074020385746,3.981355667114258,0.8373695611953735,0.0689106360077858,0.2825112044811249,0.098597802221775,839981.1875,621091.0625,1.625032901763916,1.2015668153762815
dish_1550708487,feature-splatting,23.58551406860352,4.072729587554932,0.8412840366363525,0.0758250057697296,0.2511446177959442,0.1142020225524902,1082633.125,476196.03125,2.0944690704345703,0.921251893043518
dish_1550708556,feature-splatting,24.997074127197266,1.8752058744430544,0.8759573698043823,0.0401556529104709,0.2000538855791092,0.0466993860900402,859694.25,646589.125,1.6631700992584229,1.2508955001831057
dish_1550708638,feature-splatting,25.230722427368164,2.129533529281616,0.8773727416992188,0.0251580346375703,0.1869442462921142,0.0194171201437711,1004875.4375,501658.59375,1.9440385103225708,0.9705119729042052
dish_1550708702,feature-splatting,24.064796447753903,4.028663635253906,0.8514893651008606,0.0532315038144588,0.2138938903808593,0.0779948085546493,845493.0625,594139.6875,1.6356964111328125,1.1494264602661133
dish_1550708875,feature-splatting,22.840784072875977,5.456686496734619,0.8156389594078064,0.1351309567689895,0.2972913682460785,0.1856064200401306,1048068.0625,460179.90625,2.027599334716797,0.890267014503479
dish_1550708945,feature-splatting,23.01820945739746,4.481207847595215,0.8510648012161255,0.0934156477451324,0.2574912011623382,0.1465441435575485,1074257.5,473218.84375,2.078265428543091,0.9154922366142272
dish_1550708985,feature-splatting,22.16203498840332,3.786039113998413,0.8039182424545288,0.0680292248725891,0.2777119874954223,0.0720326453447341,976446.0,486220.625,1.889038681983948,0.9406454563140868
dish_1550709028,feature-splatting,21.94431495666504,1.524437665939331,0.8230122923851013,0.0303284488618373,0.2124298214912414,0.0209464319050312,818453.625,581308.75,1.5833855867385864,1.1246036291122437
dish_1550709129,feature-splatting,21.85501480102539,3.2833011150360107,0.8094865679740906,0.0748640596866607,0.2455561310052871,0.0929196178913116,623225.1875,632021.3125,1.2056955099105835,1.222712516784668
dish_1550710177,feature-splatting,21.951778411865234,1.7285736799240112,0.8279032707214355,0.0414898470044136,0.3375954627990722,0.0584479682147502,1055607.25,465886.34375,2.042184591293335,0.901306688785553
dish_1550710207,feature-splatting,20.90345573425293,2.881129264831543,0.800859272480011,0.0549140907824039,0.3234287798404693,0.0673744529485702,957008.875,474776.875,1.8514355421066284,0.9185064435005188
dish_1550710279,feature-splatting,22.62954330444336,3.649577617645264,0.8369805812835693,0.0739947780966758,0.2673497498035431,0.1208229288458824,1043477.0,456317.96875,2.0187172889709477,0.8827956318855286
dish_1550710318,feature-splatting,23.82340812683105,3.793344259262085,0.8480722308158875,0.05702431127429,0.2145341038703918,0.0444160588085651,976576.6875,484891.6875,1.889291524887085,0.93807452917099
dish_1550710342,feature-splatting,23.765056610107425,2.5956597328186035,0.8372504711151123,0.0527790486812591,0.223173052072525,0.0450490564107894,978133.125,470321.40625,1.892302632331848,0.9098868370056152
dish_1550710402,feature-splatting,24.25571823120117,4.352216720581055,0.8477758169174194,0.0679659321904182,0.2424405962228775,0.0725563615560531,996240.0625,494918.65625,1.9273324012756348,0.957472801208496
dish_1550710448,feature-splatting,25.94024658203125,3.5718178749084477,0.8838632106781006,0.0428805574774742,0.1892463415861129,0.0455479733645916,479563.90625,652391.25,0.9277673959732056,1.2621203660964966
dish_1550710507,feature-splatting,21.407752990722656,3.7657971382141113,0.83879154920578,0.0805563628673553,0.2895300984382629,0.1517024338245391,631911.25,656725.125,1.2224994897842407,1.270504593849182
dish_1550710542,feature-splatting,25.941076278686523,2.1432604789733887,0.8777737021446228,0.032579805701971,0.1779776215553283,0.0248651821166276,1033663.6875,452869.46875,1.9997323751449585,0.8761242032051086
dish_1550710577,feature-splatting,24.19404411315918,2.85306453704834,0.8600234985351562,0.036473374813795,0.2119165956974029,0.0439582504332065,811848.0,582243.0625,1.570606350898743,1.126411199569702
dish_1550710612,feature-splatting,21.970977783203125,3.133399248123169,0.8136904835700989,0.0584175512194633,0.2833530306816101,0.0867145732045173,978983.375,427846.5,1.8939474821090696,0.8277145624160767
dish_1550710664,feature-splatting,25.199478149414062,2.2948403358459477,0.8700371980667114,0.0459929816424846,0.1961339265108108,0.0490240044891834,1060410.375,468610.40625,2.0514767169952397,0.906576693058014
dish_1550710715,feature-splatting,21.98655891418457,2.885509490966797,0.7969812154769897,0.0616354085505008,0.2943657636642456,0.0641765892505645,961735.375,476406.21875,1.8605793714523315,0.9216585159301758
dish_1550710758,feature-splatting,20.895545959472656,5.650164604187012,0.7578486204147339,0.1421591937541961,0.303944319486618,0.2013744711875915,1013394.0,444754.5,1.960518479347229,0.8604248762130737
dish_1550710793,feature-splatting,20.13113784790039,3.952302694320679,0.7435401678085327,0.1016403585672378,0.2825458347797394,0.1304037272930145,976011.25,471118.78125,1.888197660446167,0.9114294648170472
dish_1550710845,feature-splatting,23.76020622253418,3.906190872192383,0.8654248118400574,0.0569274276494979,0.2408603280782699,0.0839252322912216,824166.25,696652.125,1.5944373607635498,1.3477476835250854
dish_1550710917,feature-splatting,23.205659866333008,2.742692470550537,0.841437041759491,0.0441957637667655,0.2648074328899383,0.0566810145974159,850132.0,579082.25,1.644670844078064,1.1202962398529053
dish_1550711017,feature-splatting,23.791683197021484,3.8390414714813232,0.8589487075805664,0.0418443828821182,0.2405378520488739,0.0441910065710544,703674.0625,638981.875,1.3613324165344238,1.2361783981323242
dish_1550711066,feature-splatting,24.026256561279297,2.5841805934906006,0.8612828254699707,0.0355035066604614,0.1993052065372467,0.0371882915496826,824649.5,592046.125,1.5953720808029177,1.145376205444336
dish_1550711094,feature-splatting,21.605484008789062,2.2428879737854004,0.8218914866447449,0.038705438375473,0.2547933161258697,0.0362081155180931,994980.0625,433629.5625,1.92489492893219,0.8389025926589966
dish_1550711129,feature-splatting,25.679866790771484,4.5259785652160645,0.8702318668365479,0.062668353319168,0.2133105844259262,0.0726047828793525,851900.875,621859.625,1.6480928659439087,1.203053593635559
dish_1550711187,feature-splatting,22.32928276062012,3.700661420822144,0.8376895189285278,0.0446878597140312,0.2657341659069061,0.0622037686407566,680521.5,595430.875,1.3165411949157717,1.1519243717193604
dish_1550711244,feature-splatting,22.38951301574707,2.834401607513428,0.8286575078964233,0.0415534824132919,0.2969331741333008,0.0576340854167938,652542.4375,589505.6875,1.2624127864837646,1.1404614448547363
dish_1550711314,feature-splatting,24.54345321655273,2.2952675819396973,0.8524024486541748,0.0367296896874904,0.201060950756073,0.0408903583884239,1007432.25,442675.0625,1.948984980583191,0.8564019799232483
dish_1550711385,feature-splatting,24.04479217529297,2.482025623321533,0.8345968723297119,0.0351249352097511,0.2272509932518005,0.0315456092357635,623392.9375,607819.8125,1.2060199975967407,1.1758921146392822
dish_1550711488,feature-splatting,23.59899139404297,2.8427209854125977,0.8568294644355774,0.0485876947641372,0.2369629740715026,0.0602141730487346,872849.8125,621754.1875,1.688620924949646,1.2028496265411377
dish_1550711598,feature-splatting,21.052345275878903,5.809579372406006,0.7688485383987427,0.1334455609321594,0.3780645728111267,0.1608510315418243,1017398.125,447194.53125,1.9682649374008176,0.8651453852653503
dish_1550711688,feature-splatting,22.97958755493164,6.0461859703063965,0.8334743976593018,0.1056141778826713,0.3088207840919494,0.2120768874883651,1053752.75,461532.4375,2.038596868515014,0.8928835988044739
dish_1550711746,feature-splatting,24.033382415771484,2.535350799560547,0.8420612215995789,0.0424819514155387,0.2149628847837448,0.0341168977320194,1002480.75,437231.6875,1.9394057989120483,0.8458712100982666
dish_1550711788,feature-splatting,26.20050621032715,2.9790427684783936,0.8740524649620056,0.0485198386013507,0.1765726953744888,0.047699324786663,837836.25,596447.625,1.6208833456039429,1.1538914442062378
dish_1550711845,feature-splatting,18.03076171875,3.304551839828491,0.7281923294067383,0.1188914850354194,0.4207172393798828,0.1254489123821258,588458.0,607825.3125,1.138434648513794,1.1759027242660522
dish_1550711973,feature-splatting,21.903942108154297,4.637879371643066,0.7959058284759521,0.1132032722234726,0.252206951379776,0.1262879073619842,978134.3125,428579.28125,1.8923048973083496,0.8291322588920593
dish_1550712024,feature-splatting,12.756254196166992,2.518960237503052,0.6131986975669861,0.0909910351037979,0.6525007486343384,0.107180967926979,984989.4375,430731.75,1.905566930770874,0.8332964181900024
dish_1550712079,feature-splatting,21.077238082885746,2.594398498535156,0.7940446138381958,0.0504915304481983,0.2529008686542511,0.0648127347230911,772343.6875,546575.9375,1.4941810369491575,1.0574092864990234
dish_1550712143,feature-splatting,22.31846046447754,1.9049584865570068,0.8086530566215515,0.0442528389394283,0.2310228645801544,0.0338392332196235,977340.9375,425506.28125,1.8907699584960935,0.8231872320175171
dish_1550712315,feature-splatting,22.642942428588867,2.974367380142212,0.8321567177772522,0.0353865288197994,0.261877030134201,0.0409354381263256,969970.375,480776.15625,1.8765108585357664,0.9301126599311828
dish_1550712369,feature-splatting,25.25844955444336,3.8446855545043945,0.8758013248443604,0.0394714139401912,0.2169806510210037,0.0473300851881504,863899.125,597629.5,1.6713048219680786,1.1561778783798218
dish_1550712403,feature-splatting,23.567821502685547,3.935701608657837,0.8466440439224243,0.0614666379988193,0.228770911693573,0.0742096677422523,867128.0,625442.0,1.6775513887405396,1.2099840641021729
dish_1550712459,feature-splatting,22.41401672363281,1.354794144630432,0.817986011505127,0.0233411509543657,0.2524826526641845,0.0267665591090917,931545.3125,408465.65625,1.802173614501953,0.7902202606201172
dish_1550712486,feature-splatting,22.258567810058597,3.800069093704224,0.8074097633361816,0.0697415694594383,0.2555236518383026,0.0922090411186218,794003.0,596472.5,1.5360833406448364,1.1539396047592163
dish_1550712524,feature-splatting,21.57637405395508,5.571612358093262,0.7919660210609436,0.1297749280929565,0.327475905418396,0.1860958933830261,1051875.75,461122.5625,2.0349655151367188,0.8920906186103821
dish_1550712556,feature-splatting,25.10955238342285,3.06226134300232,0.870603084564209,0.0341593772172927,0.2269614338874817,0.0423215962946414,1127215.0,542019.9375,2.1807174682617188,1.048595309257507
dish_1550712585,feature-splatting,20.974292755126957,5.663285255432129,0.7977703809738159,0.0871355012059211,0.3515809774398803,0.1941414624452591,813537.375,579803.125,1.573874592781067,1.12169086933136
dish_1550712622,feature-splatting,22.56376838684082,1.7713743448257446,0.8094594478607178,0.0219273380935192,0.2467716038227081,0.0319979824125766,727258.6875,624851.0625,1.4069592952728271,1.2088408470153809
dish_1550712654,feature-splatting,21.99347686767578,2.550133228302002,0.8035440444946289,0.0481278337538242,0.2365946471691131,0.0418007634580135,1015517.9375,401039.03125,1.9646276235580444,0.7758526802062988
dish_1550712681,feature-splatting,22.38535499572754,3.820441007614136,0.8184303641319275,0.062534712255001,0.2590187191963196,0.0859875008463859,790656.875,569630.4375,1.5296099185943604,1.102010726928711
dish_1550712729,feature-splatting,21.648500442504883,5.211541175842285,0.8103220462799072,0.1175060868263244,0.3210208415985107,0.175336018204689,773775.125,588442.125,1.496950387954712,1.1384038925170898
dish_1550712805,feature-splatting,24.70116806030273,3.5362768173217773,0.8817691802978516,0.0407251454889774,0.2167469561100006,0.0556196793913841,662458.6875,644794.8125,1.2815967798233032,1.2474242448806765
dish_1550712839,feature-splatting,19.863601684570312,2.5334959030151367,0.765528678894043,0.0604991242289543,0.2931219637393951,0.0453393645584583,969515.1875,420664.6875,1.875630259513855,0.8138206005096436
dish_1550712877,feature-splatting,23.30070304870605,2.174614429473877,0.8263827562332153,0.0275639779865741,0.2132966518402099,0.0535644441843032,1022901.75,461784.0625,1.9789122343063357,0.8933703899383545
dish_1550712913,feature-splatting,22.37297821044922,7.1858110427856445,0.824158251285553,0.1254875659942627,0.3017216324806213,0.1861697882413864,1033052.875,515408.65625,1.9985507726669312,0.9971128702163696
dish_1550712961,feature-splatting,15.706409454345703,4.319963455200195,0.7020652890205383,0.0706437677145004,0.4978299438953399,0.0849247947335243,720984.125,631496.875,1.3948204517364502,1.2216978073120115
dish_1550713065,feature-splatting,22.128456115722656,2.504570484161377,0.8210614323616028,0.0380898676812648,0.2781996130943298,0.0587676689028739,1015381.0,505418.9375,1.9643625020980835,0.9777867197990416
dish_1550713114,feature-splatting,21.98747444152832,2.3200719356536865,0.7955042123794556,0.0526218228042125,0.269513726234436,0.044070191681385,941672.6875,516052.96875,1.821766018867493,0.9983593821525574
dish_1550713174,feature-splatting,20.53749656677246,3.709281444549561,0.7949568033218384,0.0670365616679191,0.2938225865364074,0.0786990895867347,982610.875,486308.28125,1.9009653329849243,0.9408151507377625
dish_1550713388,feature-splatting,26.50881004333496,2.238185167312622,0.8869620561599731,0.0303520262241363,0.1943973153829574,0.0390540994703769,1128011.375,504072.5625,2.182258129119873,0.9751819968223572
dish_1550713423,feature-splatting,23.669490814208984,4.287389755249023,0.8366500735282898,0.0849558487534523,0.2449874132871627,0.0928985103964805,1031153.1875,451749.15625,1.9948755502700808,0.8739567995071411
dish_1550713462,feature-splatting,25.505773544311523,3.1460516452789307,0.8906125426292419,0.0286993868649005,0.2012634575366974,0.0450858771800994,1084517.625,478590.34375,2.0981147289276123,0.9258840084075928
dish_1550713503,feature-splatting,21.070724487304688,2.885737657546997,0.7661380767822266,0.0601643994450569,0.3138967752456665,0.0651272013783454,993357.0625,432428.71875,1.9217549562454224,0.8365793824195862
dish_1550713566,feature-splatting,22.83777236938477,4.455683708190918,0.8024140000343323,0.0941855981945991,0.2679062187671661,0.1117690503597259,1012422.75,442645.0625,1.9586395025253296,0.8563439846038818
dish_1550769483,feature-splatting,22.526235580444336,5.464850902557373,0.8237578868865967,0.1269610375165939,0.3057169020175934,0.1997055858373642,1056661.0,464476.9375,2.0442230701446533,0.8985800743103027
dish_1550769725,feature-splatting,18.955793380737305,5.275177955627441,0.7872596383094788,0.094461940228939,0.3716955184936523,0.1376009881496429,1065723.125,469194.375,2.0617547035217285,0.9077064394950868
dish_1550769827,feature-splatting,18.557497024536133,5.0216450691223145,0.7627875208854675,0.1117104515433311,0.4375587701797485,0.1860261559486389,1010855.6875,440335.1875,1.955607891082764,0.8518752455711365
dish_1550769882,feature-splatting,22.386869430541992,1.5598515272140503,0.841741144657135,0.0310716684907674,0.2373942583799362,0.016488229855895,986519.625,431347.8125,1.908527135848999,0.8344882130622864
dish_1550769948,feature-splatting,22.371265411376957,2.25272536277771,0.8220695853233337,0.0563771538436412,0.2509092688560486,0.0573008842766284,978302.3125,425225.5,1.8926299810409544,0.8226439952850342
dish_1550770222,feature-splatting,16.297582626342773,5.193618297576904,0.694606363773346,0.1117711067199707,0.4336808919906616,0.1642566174268722,1036688.6875,542632.3125,2.005584716796875,1.049780011177063
dish_1550770265,feature-splatting,20.295419692993164,3.6396100521087646,0.7948658466339111,0.0674377903342247,0.3556134700775146,0.1013033762574195,1047308.375,460585.96875,2.026129484176636,0.8910525441169739
dish_1550770447,feature-splatting,19.43023109436035,5.217032432556152,0.7624577879905701,0.1320558786392212,0.4100045561790466,0.1772030442953109,1051711.5,460392.875,2.0346477031707764,0.8906790018081665
dish_1550770482,feature-splatting,21.101205825805664,3.088446617126465,0.8009883165359497,0.0484339408576488,0.2495843321084976,0.043032843619585,1058179.0,553750.5,2.0471599102020264,1.071289300918579
dish_1550770511,feature-splatting,20.817527770996094,4.235197067260742,0.7803583145141602,0.083246149122715,0.2529693245887756,0.0940083116292953,1026517.375,448895.1875,1.9859070777893064,0.8684355020523071
dish_1550770616,feature-splatting,24.03959274291992,2.862429618835449,0.8595873713493347,0.0685674250125885,0.2266678810119629,0.0954691991209983,1038244.875,504629.5,2.0085952281951904,0.976259469985962
dish_1550770699,feature-splatting,22.370405197143555,4.279257297515869,0.8317723274230957,0.0952130481600761,0.2956497967243194,0.1630688905715942,1064376.75,469380.03125,2.059149980545044,0.9080655574798584
dish_1550770751,feature-splatting,23.10481071472168,3.750574111938477,0.8463412523269653,0.0564738027751445,0.2795165181159973,0.0986165776848793,989667.0625,475286.34375,1.9146162271499636,0.91949200630188
dish_1550770802,feature-splatting,20.674619674682617,5.374532222747803,0.7629809975624084,0.1149269044399261,0.3392238616943359,0.1933554112911224,793733.4375,573157.875,1.5355618000030518,1.1088348627090454
dish_1550770866,feature-splatting,22.844615936279297,2.0040900707244877,0.8184901475906372,0.0426359586417675,0.2427337169647216,0.0355638414621353,778963.375,557788.8125,1.506987452507019,1.079101800918579
dish_1550771191,feature-splatting,19.095439910888672,5.021596431732178,0.7654221653938293,0.119964025914669,0.407725989818573,0.2135157138109207,806720.5625,597291.75,1.5606868267059326,1.155524492263794
dish_1550771267,feature-splatting,20.242414474487305,3.75734806060791,0.7836015224456787,0.0754482895135879,0.3439076840877533,0.0913547053933143,843790.8125,601262.75,1.6324031352996826,1.1632068157196045
dish_1550771330,feature-splatting,23.853939056396484,5.273496150970459,0.8490084409713745,0.0845737978816032,0.2525296509265899,0.123066708445549,1061941.875,466091.40625,2.0544395446777344,0.901703417301178
dish_1550771387,feature-splatting,20.461196899414062,2.705018758773804,0.7646241188049316,0.0699536204338073,0.2973511815071106,0.0886717587709426,794077.25,586912.625,1.5362269878387451,1.13544499874115
dish_1550771421,feature-splatting,23.118804931640625,1.6320420503616333,0.8318709135055542,0.0305769089609384,0.231905460357666,0.019535593688488,609172.3125,615990.8125,1.178508758544922,1.191699743270874
dish_1550771487,feature-splatting,20.67557716369629,6.393481254577637,0.7932941913604736,0.1300931423902511,0.3254963755607605,0.1877159029245376,1016763.625,508398.5,1.9670374393463133,0.9835510849952698
dish_1550771562,feature-splatting,21.45176696777344,4.048646450042725,0.7911874651908875,0.1266340166330337,0.3440812230110168,0.1671737432479858,995994.125,434117.75,1.9268566370010376,0.8398469686508179
dish_1550771606,feature-splatting,22.67996025085449,3.754694938659668,0.8409231901168823,0.0825660228729248,0.2663410007953644,0.0945394858717918,1035707.0625,519170.71875,2.003685474395752,1.004391074180603
dish_1550771648,feature-splatting,22.60989570617676,1.992414951324463,0.816489040851593,0.0329011790454387,0.2437682747840881,0.037101611495018,997502.5,509063.96875,1.9297747611999512,0.9848384261131288
dish_1550771707,feature-splatting,21.82242202758789,6.178578853607178,0.7977052927017212,0.1315336525440216,0.2912450432777405,0.2119732946157455,775309.1875,562355.0625,1.4999181032180786,1.0879356861114502
dish_1550771796,feature-splatting,21.05806541442871,4.627986907958984,0.820548951625824,0.092266634106636,0.3306205868721008,0.1512332707643509,1040788.3125,456839.09375,2.0135157108306885,0.8838038444519043
dish_1550771869,feature-splatting,18.998369216918945,4.159163951873779,0.778974711894989,0.0906432494521141,0.3666508793830871,0.1824582517147064,1056606.5,462722.59375,2.044117927551269,0.8951860666275024
dish_1550771938,feature-splatting,19.88648223876953,5.170735359191895,0.7851666808128357,0.0888555794954299,0.372616559267044,0.1541802287101745,1009515.875,440278.375,1.953015923500061,0.8517653346061707
dish_1550771984,feature-splatting,22.16572570800781,2.9132351875305176,0.7976400852203369,0.064041256904602,0.2449087649583816,0.0541661083698272,799309.875,589511.1875,1.5463500022888184,1.1404720544815063
dish_1550772027,feature-splatting,23.600414276123047,2.7614762783050537,0.8477850556373596,0.0465626083314418,0.2119065523147583,0.0299355946481227,735763.5,633827.0625,1.4234126806259155,1.2262059450149536
dish_1550772088,feature-splatting,19.212953567504883,3.5403239727020264,0.7709981799125671,0.0852199420332908,0.3773876130580902,0.1466339826583862,1042201.9375,455782.96875,2.0162506103515625,0.8817606568336487
dish_1550772168,feature-splatting,23.33163452148437,4.860973834991455,0.8418638706207275,0.0947686433792114,0.2696956396102905,0.1531390249729156,1073480.25,471835.3125,2.0767617225646973,0.9128156304359436
dish_1550772199,feature-splatting,19.946107864379883,4.121418952941895,0.7685219049453735,0.0912398695945739,0.3586696088314056,0.1298192590475082,1022847.25,447564.03125,1.9788068532943728,0.8658602237701416
dish_1550772270,feature-splatting,21.783832550048828,2.163721799850464,0.79313063621521,0.0407625399529933,0.2522453367710113,0.0495346561074256,995752.125,432514.59375,1.926388502120972,0.8367455005645752
dish_1550772314,feature-splatting,20.43296241760254,5.57253360748291,0.7744747400283813,0.116380289196968,0.3052429258823395,0.1573088616132736,997211.6875,434289.53125,1.929212212562561,0.8401793241500854
dish_1550772367,feature-splatting,21.88063240051269,2.276316404342652,0.8149737119674683,0.0551544725894928,0.2944776117801666,0.06345184892416,991296.25,431735.46875,1.917768120765686,0.8352382183074951
dish_1550772454,feature-splatting,17.177330017089844,4.491181373596191,0.7368282675743103,0.0958006680011749,0.4510242938995361,0.2053956538438797,1010125.875,502815.9375,1.954195976257324,0.972750961780548
dish_1550772505,feature-splatting,23.35540008544922,5.224922180175781,0.8526507616043091,0.0836884453892707,0.2836202979087829,0.1663853079080581,999687.875,480506.15625,1.9340025186538696,0.9295902848243712
dish_1550772551,feature-splatting,21.319698333740234,3.494831085205078,0.7985373139381409,0.0694180205464363,0.2741755247116089,0.0714860707521438,933618.0,403092.40625,1.8061834573745728,0.7798251509666443
dish_1550772617,feature-splatting,20.663543701171875,7.265964508056641,0.7695413827896118,0.1619377434253692,0.349170446395874,0.2312518656253814,954971.0,473395.03125,1.8474929332733157,0.915833055973053
dish_1550772701,feature-splatting,24.09232521057129,2.860849380493164,0.861455500125885,0.0391923114657402,0.2231753915548324,0.0491965748369693,1007882.9375,483620.15625,1.949856877326965,0.9356146454811096
dish_1550772753,feature-splatting,18.352542877197266,4.492509365081787,0.7503511309623718,0.1157188042998313,0.4603698253631592,0.1871166825294494,1019767.75,448271.40625,1.9728491306304927,0.8672287464141846
dish_1550772809,feature-splatting,23.081693649291992,3.338096141815185,0.8326980471611023,0.0612740106880664,0.2695781886577606,0.1126417443156242,1000097.6875,499365.0,1.934795379638672,0.9660747051239014
dish_1550772849,feature-splatting,22.589317321777344,1.7642372846603394,0.814595639705658,0.0249378439038991,0.2411800920963287,0.0411214493215084,956504.125,471942.65625,1.8504589796066284,0.9130232930183412
dish_1550772892,feature-splatting,22.948949813842773,2.08052134513855,0.8203940391540527,0.0478374473750591,0.2273231297731399,0.051337968558073,975986.8125,425067.09375,1.8881503343582156,0.8223375082015991
dish_1550772960,feature-splatting,21.29667854309082,3.1977908611297607,0.7972900867462158,0.0533633716404438,0.3502658307552337,0.0762513503432273,828215.3125,732558.3125,1.6022706031799316,1.4172120094299316
dish_1550773038,feature-splatting,19.326810836791992,5.454081058502197,0.7660713195800781,0.1056452021002769,0.355166345834732,0.1608526408672332,636996.8125,623456.3125,1.2323381900787354,1.206142544746399
dish_1550773162,feature-splatting,19.288991928100582,3.4465537071228027,0.7758380174636841,0.0582650303840637,0.4025355279445648,0.1326428949832916,717462.875,637973.6875,1.3880082368850708,1.234228014945984
dish_1550773200,feature-splatting,20.60023498535156,3.2079102993011475,0.7817665338516235,0.0642535015940666,0.3001189231872558,0.0769945904612541,969232.5625,479759.6875,1.875083565711975,0.9281461834907532
dish_1550773284,feature-splatting,21.81589698791504,4.9569525718688965,0.8010484576225281,0.096844382584095,0.2796717286109924,0.1582152098417282,935847.0625,465221.15625,1.8104958534240725,0.9000198245048523
dish_1550773349,feature-splatting,18.169904708862305,5.4545722007751465,0.7591922283172607,0.1018168032169342,0.4223077297210693,0.1669627428054809,1017587.0,445948.4375,1.968630313873291,0.8627346754074097
dish_1550773394,feature-splatting,19.34494400024414,6.027947902679443,0.7660835385322571,0.1152038499712944,0.3939278125762939,0.2107347100973129,1031957.9375,452288.6875,1.9964324235916135,0.8750005960464478
dish_1550773430,feature-splatting,24.3137264251709,2.5215580463409424,0.8666446805000305,0.0429878123104572,0.2388703823089599,0.0579899176955223,855173.0,607662.25,1.6544232368469238,1.1755872964859009
dish_1550773506,feature-splatting,23.513124465942383,1.7625476121902466,0.8337193727493286,0.0346112363040447,0.2079023271799087,0.0375480726361274,989780.5625,434057.5,1.9148359298706052,0.839730441570282
dish_1550773591,feature-splatting,20.736278533935547,2.3157315254211426,0.8035933375358582,0.0315444618463516,0.2731740474700928,0.0386775583028793,699042.0625,623668.6875,1.352371335029602,1.2065534591674805
dish_1550773771,feature-splatting,20.379262924194336,4.415923595428467,0.822483241558075,0.0614574551582336,0.3437927365303039,0.195308119058609,857659.25,606801.8125,1.6592330932617188,1.1739226579666138
dish_1550773839,feature-splatting,19.839784622192383,5.735123157501221,0.7664496898651123,0.1259058564901352,0.382638156414032,0.2046012282371521,983679.8125,447985.71875,1.9030332565307615,0.8666760325431824
dish_1550773917,feature-splatting,24.919771194458008,3.3147284984588623,0.8697457313537598,0.0540777817368507,0.2302367985248565,0.0801233649253845,880793.0,635001.75,1.7039878368377686,1.2284784317016602
dish_1550773949,feature-splatting,23.27376937866211,1.733901023864746,0.8418624401092529,0.022646190598607,0.2124160230159759,0.0098040467128157,620819.5625,620916.5,1.2010414600372314,1.2012290954589844
dish_1550773995,feature-splatting,20.734920501708984,2.2871689796447754,0.7934730648994446,0.0550034642219543,0.2854326665401459,0.0734605267643928,1001364.9375,437966.1875,1.9372471570968628,0.8472921848297119
dish_1550774244,feature-splatting,23.799028396606445,4.012148380279541,0.8806774616241455,0.0559653043746948,0.2501596510410309,0.1597053557634353,1102145.75,488013.59375,2.132218360900879,0.9441142082214355
dish_1550774296,feature-splatting,24.11954498291016,5.048942565917969,0.8519929647445679,0.0992438271641731,0.2493123710155487,0.1587036997079849,1010893.625,442687.1875,1.955681324005127,0.8564254641532898
dish_1550774815,feature-splatting,14.87546443939209,3.9411041736602783,0.6918553113937378,0.102994255721569,0.5455306172370911,0.0931355133652687,754338.6875,624026.0,1.459348440170288,1.207244634628296
dish_1550774895,feature-splatting,24.119293212890625,2.009163379669189,0.8423117399215698,0.0367012582719326,0.2206244766712188,0.0566754974424839,807242.75,569764.75,1.561697006225586,1.1022706031799316
dish_1550775126,feature-splatting,23.05348777770996,0.7833223938941956,0.8435717821121216,0.0243503358215093,0.2235967516899109,0.0237852539867162,976406.375,467748.4375,1.888962149620056,0.9049091339111328
dish_1550775219,feature-splatting,22.230823516845703,3.1941399574279785,0.8482187390327454,0.0437333360314369,0.3232016265392303,0.099235326051712,895057.5,609288.75,1.7315839529037476,1.1787339448928833
dish_1550775273,feature-splatting,20.921476364135746,1.713494062423706,0.8181345462799072,0.0388094894587993,0.2900525629520416,0.0411760136485099,1044551.4375,484169.09375,2.0207958221435547,0.9366766810417176
dish_1550775318,feature-splatting,20.76527214050293,5.49316930770874,0.809502124786377,0.0939081013202667,0.3339107632637024,0.1347473263740539,997721.5,535307.8125,1.930198311805725,1.0356098413467407
dish_1550775363,feature-splatting,19.597915649414062,4.423095703125,0.7789693474769592,0.0707679092884063,0.3056313097476959,0.1143973469734191,741438.625,647629.9375,1.434391975402832,1.2529090642929075
dish_1550775393,feature-splatting,21.536529541015625,3.2369096279144287,0.8051410913467407,0.0582556389272213,0.2499580085277557,0.0507485680282115,1022312.4375,448055.03125,1.977772116661072,0.866810142993927
dish_1550775472,feature-splatting,24.13170051574707,5.432382583618164,0.8568857312202454,0.1085961684584617,0.2782461047172546,0.1946425884962082,887190.0625,616254.0625,1.716363549232483,1.192209005355835
dish_1550776767,feature-splatting,21.84336853027344,5.114115715026856,0.814460813999176,0.1063383445143699,0.3139937818050384,0.155980572104454,1066426.5,468552.40625,2.06311559677124,0.906464457511902
dish_1550776854,feature-splatting,25.367507934570312,1.291148662567139,0.8861170411109924,0.0324322246015071,0.2008685171604156,0.0405028685927391,857278.0625,613247.5,1.6584956645965576,1.1863926649093628
dish_1550776907,feature-splatting,22.9896240234375,1.6495963335037231,0.8269630670547485,0.0484636910259723,0.2304042279720306,0.0371896103024482,806600.125,548026.4375,1.5604537725448608,1.0602154731750488
dish_1550776957,feature-splatting,19.044612884521484,5.99020528793335,0.7556159496307373,0.1172281429171562,0.3510296940803528,0.1849709302186966,997298.125,514774.75,1.9293793439865112,0.9958865642547609
dish_1550777025,feature-splatting,22.302595138549805,6.036149978637695,0.8389244079589844,0.109637901186943,0.3002351522445678,0.1861008703708648,838889.625,591481.9375,1.6229212284088137,1.144284725189209
dish_1550777124,feature-splatting,15.383317947387695,3.672638177871704,0.7138543128967285,0.0910811051726341,0.520603597164154,0.1520228087902069,1019904.25,492048.28125,1.9731134176254272,0.9519197344779968
dish_1550777181,feature-splatting,21.312108993530277,4.909878253936768,0.7861271500587463,0.121026337146759,0.3249770402908325,0.1746970415115356,1014918.25,444452.03125,1.963467359542847,0.8598397374153137
dish_1550777218,feature-splatting,20.12820816040039,2.7901253700256348,0.7726524472236633,0.0686281993985176,0.2869116067886352,0.0637141093611717,999809.5625,436581.5,1.9342379570007324,0.8446133732795715
dish_1550777256,feature-splatting,20.41456413269043,4.144359588623047,0.771217942237854,0.064408428966999,0.3019663989543915,0.1130112707614898,907158.625,447165.90625,1.7549948692321775,0.865090012550354
dish_1550777319,feature-splatting,24.091371536254883,2.0908052921295166,0.8646969199180603,0.0375816412270069,0.2431085109710693,0.0634131655097007,836878.3125,590575.375,1.6190301179885864,1.1425307989120483
dish_1550777418,feature-splatting,20.857086181640625,3.3096511363983154,0.8276426792144775,0.0511929504573345,0.3287277817726135,0.0992782935500145,1013016.4375,504647.375,1.9597880840301516,0.9762940406799316
dish_1550777469,feature-splatting,23.730175018310547,2.6433064937591557,0.8485544323921204,0.0364158190786838,0.260505348443985,0.0479845143854618,972766.4375,481868.5625,1.8819202184677124,0.9322260022163392
dish_1550777511,feature-splatting,22.912221908569336,3.081129789352417,0.835425615310669,0.0522811338305473,0.2497134804725647,0.0592848248779773,985445.6875,430180.71875,1.906449556350708,0.8322303891181946
dish_1550777566,feature-splatting,24.051177978515625,2.619398355484009,0.8544772863388062,0.0381500646471977,0.2184770405292511,0.0531110726296901,775800.625,568207.5,1.500868797302246,1.0992579460144043
dish_1550777646,feature-splatting,12.714933395385742,3.0584065914154053,0.6192395687103271,0.1052198261022567,0.5531331896781921,0.1495099365711212,1034529.0,452875.1875,2.00140643119812,0.8761352896690369
dish_1550777713,feature-splatting,19.860265731811523,3.108168125152588,0.8053061962127686,0.0653299912810325,0.415440022945404,0.114829234778881,1028436.4375,449021.28125,1.989619731903076,0.8686794638633728
dish_1550777791,feature-splatting,19.59669303894043,5.7926926612854,0.7659789323806763,0.1301079392433166,0.4168166220188141,0.2234553098678589,1025979.1875,450744.5625,1.98486590385437,0.87201327085495
dish_1550777827,feature-splatting,22.01084518432617,5.304211616516113,0.8105201721191406,0.0825266912579536,0.2627899944782257,0.1165811866521835,1003279.0,438667.125,1.9409499168396,0.8486482501029968
dish_1550777860,feature-splatting,23.98777198791504,3.1442813873291016,0.8387175798416138,0.053123589605093,0.2149056047201156,0.0395832061767578,972579.8125,483987.5625,1.8815592527389529,0.9363254308700562
dish_1550777919,feature-splatting,25.632905960083008,0.2676129341125488,0.8907749652862549,0.0192366819828748,0.1872090101242065,0.0343235582113266,853435.375,637671.6875,1.6510615348815918,1.233643651008606
dish_1550778007,feature-splatting,18.4910888671875,5.051226139068604,0.7315896153450012,0.1010724678635597,0.4335543811321258,0.1674631685018539,970122.9375,479422.375,1.8768060207366943,0.9274936318397522
dish_1550778058,feature-splatting,13.25723648071289,3.683105945587158,0.6528993844985962,0.0926041379570961,0.6277441382408142,0.1534839123487472,1083305.5,491471.40625,2.0957698822021484,0.9508037567138672
dish_1550778118,feature-splatting,22.15060043334961,3.30515456199646,0.817462682723999,0.0493775196373462,0.2464631795883178,0.0566764138638973,791652.5625,578182.375,1.5315362215042114,1.1185553073883057
dish_1550778172,feature-splatting,22.019487380981445,3.2356088161468506,0.8305278420448303,0.04529694840312,0.2540880441665649,0.055227980017662,1002531.875,437714.15625,1.939504623413086,0.8468046188354492
dish_1550778312,feature-splatting,19.764572143554688,4.732183456420898,0.8037260174751282,0.0836302191019058,0.3419435620307922,0.1294200867414474,1041296.75,455624.46875,2.014499425888061,0.8814540505409241
dish_1550778355,feature-splatting,22.293045043945312,3.692547082901001,0.8322228193283081,0.0684366077184677,0.2593376934528351,0.0866902619600296,1024188.25,451753.28125,1.9814010858535769,0.873964786529541
dish_1550778401,feature-splatting,23.438766479492188,5.48378324508667,0.8510963916778564,0.083832211792469,0.290656566619873,0.2214770913124084,1086597.375,479535.75,2.1021382808685303,0.9277129173278807
dish_1550778435,feature-splatting,17.545894622802734,5.036436557769775,0.7168362736701965,0.1346344649791717,0.3755056858062744,0.1720397323369979,979719.375,428191.3125,1.895371437072754,0.8283816576004028
dish_1550778469,feature-splatting,22.84012794494629,2.293164014816284,0.8378025889396667,0.0360014662146568,0.2173908501863479,0.0371684767305851,817403.25,582858.9375,1.5813535451889038,1.1276026964187622
dish_1550778535,feature-splatting,22.9373836517334,4.614097595214844,0.852332592010498,0.0565986298024654,0.2838740050792694,0.1274229735136032,1069978.25,472496.875,2.0699868202209477,0.9140954613685608
dish_1550778583,feature-splatting,23.55684471130371,4.612964630126953,0.8473383188247681,0.0596600957214832,0.2518036961555481,0.0898152440786361,845557.125,606856.9375,1.6358202695846558,1.1740293502807615
dish_1550778619,feature-splatting,18.07169914245605,5.032986164093018,0.749553918838501,0.1147441267967224,0.3895094394683838,0.1788463443517685,1068822.625,470008.5625,2.067750930786133,0.909281611442566
dish_1550778646,feature-splatting,21.7802677154541,2.281014442443848,0.8114787936210632,0.0482888557016849,0.2450969368219375,0.0491038225591182,1005062.4375,439582.90625,1.944400191307068,0.8504198789596558
dish_1550778694,feature-splatting,22.2683219909668,3.137566089630127,0.801507830619812,0.0734268650412559,0.2428344935178756,0.0806674212217331,1001756.5,439910.34375,1.9380046129226685,0.8510533571243286
dish_1550778856,feature-splatting,20.92901611328125,5.115253448486328,0.8237382173538208,0.0806922018527984,0.3125154376029968,0.1402467191219329,1093307.625,483146.53125,2.1151199340820312,0.9346984028816224
dish_1550778922,feature-splatting,21.965251922607425,6.2098069190979,0.8373615145683289,0.1083172336220741,0.3157787621021271,0.1958364248275756,1050036.25,525162.375,2.031406879425049,1.0159823894500732
dish_1550778981,feature-splatting,20.808483123779297,6.631557941436768,0.7964473366737366,0.1382635682821273,0.3476679921150207,0.225935474038124,1042733.6875,461690.09375,2.0172793865203857,0.8931885957717896
dish_1550779014,feature-splatting,21.081403732299805,3.15242075920105,0.8175770044326782,0.0657407715916633,0.2685884833335876,0.09939856082201,1002884.875,439572.65625,1.9401875734329224,0.8504000902175903
dish_1550779058,feature-splatting,22.09436798095703,4.965461730957031,0.805782675743103,0.1300701051950454,0.2802636325359344,0.1527952402830124,1003670.0625,437988.375,1.9417065382003784,0.8473351001739502
dish_1550779153,feature-splatting,21.4215087890625,3.2263834476470947,0.8141952157020569,0.0562319867312908,0.2701584100723266,0.0865591019392013,1040881.0625,502059.09375,2.013695240020752,0.9712867736816406
dish_1550779219,feature-splatting,13.794279098510742,3.950833797454834,0.6756888031959534,0.087524190545082,0.5384835004806519,0.1599276959896087,833075.8125,633587.1875,1.6116738319396973,1.2257418632507324
dish_1550779282,feature-splatting,22.963754653930664,2.497140407562256,0.8529837131500244,0.0437963865697383,0.2753730416297912,0.0577685385942459,1028921.1875,449253.6875,1.990557551383972,0.8691291213035583
dish_1550779336,feature-splatting,22.337371826171875,2.570187330245972,0.818160891532898,0.0550657548010349,0.2132961899042129,0.0670018568634986,1048269.4375,460091.3125,2.0279886722564697,0.890095591545105
dish_1550779388,feature-splatting,23.024036407470703,1.9781135320663448,0.8298293352127075,0.0310131721198558,0.2150367796421051,0.0367900766432285,973619.1875,483328.15625,1.883569836616516,0.9350497722625732
dish_1550780717,feature-splatting,23.489795684814453,2.7036635875701904,0.8601130843162537,0.0430098287761211,0.2317427098751068,0.0442635640501976,1055229.125,462432.53125,2.041453123092652,0.8946249485015869
dish_1550781280,feature-splatting,15.743724822998049,5.720390796661377,0.6755968928337097,0.1417554765939712,0.4905763864517212,0.1907652765512466,811221.25,599058.6875,1.5693938732147217,1.1589428186416626
dish_1550781317,feature-splatting,21.679372787475582,4.69273853302002,0.8108019828796387,0.0967935696244239,0.3336239755153656,0.1558697074651718,1034982.0625,453801.40625,2.002282857894897,0.8779270648956299
dish_1550781347,feature-splatting,21.88860321044922,1.6660135984420776,0.7938768863677979,0.0346089452505111,0.2578727602958679,0.0260602608323097,946512.625,521379.34375,1.8311294317245483,1.008663773536682
dish_1550781372,feature-splatting,23.030147552490234,3.26953125,0.8234621286392212,0.0554012395441532,0.210257813334465,0.0378883406519889,1015361.125,444416.34375,1.964324116706848,0.8597707152366638
dish_1550785292,feature-splatting,18.149065017700195,3.4859774112701416,0.6740721464157104,0.1314272582530975,0.3806642293930053,0.0783510506153106,903842.1875,587119.875,1.7485789060592651,1.1358458995819092
dish_1550785404,feature-splatting,21.694116592407227,3.711324214935303,0.8034669756889343,0.1040861532092094,0.3031436502933502,0.1051150560379028,1005129.875,445001.90625,1.9445306062698364,0.8609035015106201
dish_1550785481,feature-splatting,20.985071182250977,5.544669628143311,0.786770224571228,0.1023972257971763,0.3415766954421997,0.1349740177392959,829689.875,571236.8125,1.6051232814788818,1.1051183938980105
dish_1550785526,feature-splatting,24.024974822998047,2.723317623138428,0.8269897699356079,0.0494156293570995,0.2004340142011642,0.0587945058941841,1029908.375,451907.34375,1.9924674034118648,0.8742628693580627
dish_1550785599,feature-splatting,22.10911750793457,3.714558124542236,0.7924560308456421,0.0802734643220901,0.233582317829132,0.0684890076518058,993242.125,547759.1875,1.9215326309204104,1.0596983432769775
dish_1550785697,feature-splatting,20.019115447998047,4.249006748199463,0.7551936507225037,0.1342977583408355,0.351736456155777,0.1627852618694305,962467.25,475909.0625,1.8619952201843264,0.9206966757774352
dish_1550785808,feature-splatting,23.64579391479492,4.175992965698242,0.849475085735321,0.0741014927625656,0.2638330161571502,0.1421277970075607,1052465.125,466761.75,2.036105871200561,0.9030002951622008
dish_1550785876,feature-splatting,19.706493377685547,5.14825963973999,0.7530903816223145,0.1250124722719192,0.3969543874263763,0.178547665476799,971130.9375,423433.21875,1.878756046295166,0.8191766142845154
dish_1550785915,feature-splatting,20.04448509216309,3.8870420455932617,0.7693591117858887,0.0775096118450164,0.2886017560958862,0.0903378501534462,801701.375,574643.375,1.5509765148162842,1.1117087602615356
dish_1550785975,feature-splatting,19.320941925048828,4.943192958831787,0.732042670249939,0.1128428056836128,0.3123432099819183,0.158400297164917,1042842.9375,479997.34375,2.0174906253814697,0.9286059737205504
dish_1550788191,feature-splatting,22.70467567443848,5.232731819152832,0.8269249796867371,0.0964099019765853,0.2993020415306091,0.1562585085630417,1031251.6875,451446.25,1.9950661659240725,0.8733708262443542
dish_1550788264,feature-splatting,23.937610626220703,2.029857873916626,0.851998507976532,0.0386618077754974,0.2720209062099457,0.059339489787817,815640.5625,608972.3125,1.5779434442520142,1.1781216859817505
dish_1550788398,feature-splatting,20.369140625,3.727828502655029,0.7919865250587463,0.0898493528366088,0.3554174900054931,0.1764156222343444,801735.6875,581732.9375,1.5510430335998535,1.1254242658615112
dish_1550788505,feature-splatting,22.77257537841797,5.929481506347656,0.8134697675704956,0.1125144436955452,0.3022503852844238,0.1770011484622955,795928.25,534686.125,1.5398077964782717,1.0344072580337524
dish_1550788591,feature-splatting,24.018230438232425,2.2464711666107178,0.8511272072792053,0.0358094573020935,0.2317356020212173,0.0445232726633548,973944.625,424940.78125,1.8841995000839236,0.82209312915802
dish_1550788827,feature-splatting,20.947093963623047,4.791014194488525,0.7818430662155151,0.1164871230721473,0.3383866548538208,0.1651710420846939,1035763.0,554536.625,2.003793716430664,1.072810173034668
dish_1550788957,feature-splatting,20.309301376342773,3.1688990592956543,0.7727081179618835,0.0583043992519378,0.3485936522483825,0.0690257027745246,903087.375,446148.75,1.7471187114715576,0.863122284412384
dish_1550789186,feature-splatting,19.50453186035156,4.1563720703125,0.7675517201423645,0.0760869681835174,0.3553573191165924,0.1219920590519905,723314.3125,630560.0,1.3993284702301023,1.2198854684829712
dish_1550789255,feature-splatting,19.981542587280277,4.616382122039795,0.7736806273460388,0.0912063419818878,0.2968758046627044,0.1320288181304931,981678.1875,470342.03125,1.899160861968994,0.90992671251297
dish_1550789321,feature-splatting,23.141807556152344,2.378181219100952,0.8128783702850342,0.0558187440037727,0.2249935865402221,0.0419059991836547,1001248.125,436270.09375,1.9370211362838743,0.8440108895301819
dish_1550789705,feature-splatting,20.189355850219727,3.668602705001831,0.7967442274093628,0.08395616710186,0.3246867060661316,0.1280653178691864,1015500.75,443632.25,1.9645942449569704,0.8582537770271301
dish_1550789814,feature-splatting,20.34045791625977,4.854096412658691,0.7926090955734253,0.0960836485028266,0.3600291311740875,0.1353202760219574,1054696.75,465144.28125,2.0404231548309326,0.8998711109161377
dish_1550789860,feature-splatting,20.529991149902344,3.688079833984375,0.7870166301727295,0.0769932344555854,0.2934828400611877,0.0984087288379669,989946.625,431906.875,1.9151570796966555,0.8355698585510254
dish_1550790042,feature-splatting,23.514488220214844,3.2206647396087646,0.8334478735923767,0.0664432868361473,0.2056262791156768,0.0559077411890029,628522.75,621831.0,1.2159441709518433,1.2029982805252075
dish_1550790252,feature-splatting,23.45380973815918,5.772127151489258,0.8449742794036865,0.0912327915430069,0.2904821932315826,0.1423922181129455,1050288.0,464063.5,2.031893730163574,0.8977802395820618
dish_1550790347,feature-splatting,20.700010299682617,5.666932106018066,0.8006898760795593,0.0945413783192634,0.3732908070087433,0.1984808146953582,1037624.375,455574.46875,2.007394790649414,0.8813572525978088
dish_1550790442,feature-splatting,19.52864646911621,5.898674964904785,0.7551355957984924,0.1265471130609512,0.3664088547229767,0.2013459503650665,1047906.0,462009.4375,2.027285575866699,0.8938063979148865
dish_1550790511,feature-splatting,21.580028533935547,4.386032581329346,0.7983129024505615,0.0748042911291122,0.2712446451187134,0.0828327238559722,797914.375,600063.5,1.5436502695083618,1.1608866453170776
dish_1550790554,feature-splatting,19.05341911315918,3.638209581375122,0.7421464920043945,0.0884119421243667,0.316729187965393,0.0827758237719535,1023787.75,446473.5625,1.980626344680786,0.8637506365776062
dish_1550790874,feature-splatting,21.73497772216797,4.31178092956543,0.8249437808990479,0.0703251734375953,0.3382612466812134,0.1676381081342697,1016565.125,450667.46875,1.9666534662246704,0.8718641996383667
dish_1550791105,feature-splatting,18.2917594909668,7.193094730377197,0.7389446496963501,0.1638652384281158,0.40684574842453,0.24091337621212,1062214.75,469932.40625,2.0549676418304443,0.9091342687606812
dish_1550791160,feature-splatting,14.518503189086914,3.1766698360443115,0.6555536389350891,0.1269019991159439,0.5779261589050293,0.1837427467107772,1044723.0625,505162.21875,2.021127939224243,0.9772900938987732
dish_1550791214,feature-splatting,20.37911796569824,2.585520505905152,0.7886812090873718,0.0580476932227611,0.2830193340778351,0.0629134103655815,1005058.875,439503.875,1.9443933963775637,0.8502670526504517
dish_1550791302,feature-splatting,22.981491088867188,3.243693590164185,0.8298422694206238,0.0618799515068531,0.2244898527860641,0.0849569588899612,834064.125,600170.3125,1.6135857105255127,1.1610932350158691
dish_1550791644,feature-splatting,25.541757583618164,3.065175771713257,0.8822435736656189,0.0431727282702922,0.221160814166069,0.0578145571053028,1062400.75,424534.71875,2.0553274154663086,0.8213075995445251
dish_1550791701,feature-splatting,19.15024948120117,4.579747676849365,0.7615859508514404,0.1027401909232139,0.3443613946437835,0.1341917961835861,851412.375,625386.5625,1.64714777469635,1.2098768949508667
dish_1550791822,feature-splatting,26.79253387451172,3.3097493648529053,0.884406566619873,0.0573214404284954,0.1944905519485473,0.0641022846102714,1100246.75,440367.875,2.128544569015503,0.8519385457038879
dish_1550791884,feature-splatting,23.864931106567383,3.239583969116211,0.844730794429779,0.0491896197199821,0.2204822450876236,0.0563401468098163,1022666.25,448223.84375,1.978456735610962,0.8671367168426514
dish_1550791942,feature-splatting,24.304458618164062,1.962674856185913,0.8514137864112854,0.0317511484026908,0.2170433402061462,0.0366595350205898,997581.25,435294.28125,1.929927110671997,0.8421231508255005
dish_1550792023,feature-splatting,24.215526580810547,3.3008601665496826,0.8675640821456909,0.0446351841092109,0.2475342005491256,0.0618722327053546,1068294.75,474075.15625,2.066729784011841,0.9171488285064696
dish_1550792143,feature-splatting,20.431007385253903,5.662791728973389,0.7873513102531433,0.1110356524586677,0.3537542819976806,0.1729729175567627,988931.5625,491130.46875,1.9131933450698853,0.9501441717147828
dish_1550792194,feature-splatting,22.965473175048828,5.481671333312988,0.8451183438301086,0.0906535387039184,0.2790127098560333,0.1290065199136734,1049439.125,459460.0,2.0302515029907227,0.8888742327690125
dish_1550792315,feature-splatting,20.897327423095703,3.781233072280884,0.7954056859016418,0.1015375107526779,0.2916009724140167,0.1423273384571075,978269.1875,425274.375,1.8925658464431765,0.822738528251648
dish_1550792365,feature-splatting,20.508567810058597,2.9002199172973637,0.8042896389961243,0.038301758468151,0.288045734167099,0.0375022776424884,972000.75,467225.9375,1.8804389238357544,0.903898298740387
dish_1550792493,feature-splatting,20.69110870361328,5.019715309143066,0.817421019077301,0.0908430814743042,0.3716803193092346,0.2042618542909622,1122082.75,602757.875,2.170788526535034,1.166099190711975
dish_1550792595,feature-splatting,21.208660125732425,5.558198928833008,0.808810830116272,0.1015353798866272,0.3456379771232605,0.2130269408226013,1065352.625,488246.59375,2.061038017272949,0.9445649981498718
dish_1550792734,feature-splatting,20.235502243041992,4.941677093505859,0.791647732257843,0.1013797298073768,0.3583186268806457,0.1747310757637024,1108474.0,609207.1875,2.144460916519165,1.1785762310028076
dish_1550792824,feature-splatting,23.538063049316406,1.3711193799972534,0.8284937143325806,0.0433840565383434,0.235153466463089,0.0435821451246738,1010612.125,440649.8125,1.9551366567611692,0.8524839878082275
dish_1550792864,feature-splatting,21.366029739379883,2.877804517745972,0.7993700504302979,0.0723264440894126,0.274033635854721,0.0765400007367134,996728.5625,435016.59375,1.9282774925231931,0.8415858745574951
dish_1550793023,feature-splatting,26.17145538330078,2.529040813446045,0.889188289642334,0.0396306626498699,0.2003977745771408,0.0592637211084365,1083161.5,480422.0625,2.0954911708831787,0.9294276237487792
dish_1550793093,feature-splatting,23.62773704528809,4.8706793785095215,0.8512822389602661,0.0828253999352455,0.2769507169723511,0.1368067562580108,864941.8125,619688.5,1.6733219623565674,1.1988533735275269
dish_1550793192,feature-splatting,21.464475631713867,5.710175037384033,0.8207283020019531,0.1009268313646316,0.3434253931045532,0.1809209138154983,1048487.875,464799.4375,2.028411388397217,0.8992039561271667
dish_1550793245,feature-splatting,23.90616607666016,3.5647242069244385,0.8543888926506042,0.0514524169266223,0.2183587104082107,0.0569930784404277,997735.4375,484697.625,1.930225372314453,0.9376991391181946
dish_1550793300,feature-splatting,22.82193374633789,4.084219455718994,0.8412712216377258,0.0582246743142604,0.238512635231018,0.0872523039579391,1003459.5,441402.8125,1.9412992000579836,0.8539406657218933
dish_1550793485,feature-splatting,20.390907287597656,5.057607650756836,0.8044285774230957,0.0905089899897575,0.3140729665756225,0.1132108941674232,1023703.625,492910.8125,1.980463624000549,0.953588366508484
dish_1550793525,feature-splatting,14.206949234008787,3.6711654663085938,0.6393533945083618,0.0752181783318519,0.521551787853241,0.1332192867994308,1021765.375,446833.5,1.9767138957977293,0.8644469380378723
dish_1550793582,feature-splatting,24.374492645263672,3.1261143684387207,0.8671140074729919,0.0606037527322769,0.2451955676078796,0.1033022254705429,1095675.625,487676.03125,2.1197009086608887,0.9434611797332764
dish_1550793621,feature-splatting,22.443756103515625,1.5887738466262815,0.8172122836112976,0.0242536272853612,0.2377425134181976,0.0317650474607944,1016321.9375,445409.0,1.9661829471588133,0.8616911172866821
dish_1550793673,feature-splatting,22.13911247253418,2.881636381149292,0.8095394968986511,0.0625176057219505,0.2172771692276001,0.0483158007264137,800556.125,581815.0,1.548761010169983,1.1255830526351929
dish_1550795331,feature-splatting,18.16046714782715,5.349256038665772,0.7465264797210693,0.1360861659049987,0.429229736328125,0.212245836853981,988089.625,489695.1875,1.911564588546753,0.9473674893379213
dish_1550795361,feature-splatting,20.34137344360352,4.393656253814697,0.7792201638221741,0.1049652174115181,0.3279989957809448,0.1757960021495819,1069141.625,621243.875,2.0683681964874268,1.201862335205078
dish_1550795423,feature-splatting,20.678516387939453,4.4971466064453125,0.8066918253898621,0.0961734503507614,0.3280921280384063,0.1714786142110824,1031716.25,453287.375,1.995964884757996,0.8769326210021973
dish_1550795455,feature-splatting,22.06546211242676,2.824411153793335,0.8186054229736328,0.0633165463805198,0.2591851949691772,0.0641231015324592,983640.9375,429158.375,1.9029581546783447,0.8302525281906128
dish_1550795497,feature-splatting,21.237520217895508,3.133251905441284,0.8198093175888062,0.05790601298213,0.2776414155960083,0.0876990631222724,597029.0,616492.8125,1.1550161838531494,1.1926709413528442
dish_1550795690,feature-splatting,17.60943031311035,5.059635639190674,0.7256323099136353,0.0913199186325073,0.473303884267807,0.1484749466180801,855255.5,546323.5625,1.6545827388763428,1.0569210052490234
dish_1550795856,feature-splatting,16.921367645263672,4.3932294845581055,0.7297080159187317,0.1301929205656051,0.4980086982250213,0.1519261747598648,804794.0625,592488.8125,1.5569597482681274,1.1462327241897583
dish_1550796058,feature-splatting,21.70779800415039,4.862633228302002,0.8141752481460571,0.0868198126554489,0.3299320638179779,0.1489730179309845,829770.3125,588166.625,1.6052789688110352,1.1378709077835083
dish_1550796152,feature-splatting,22.205455780029297,4.656735897064209,0.8122742772102356,0.0811552330851554,0.265977680683136,0.1010382696986198,826862.5,585764.8125,1.5996536016464231,1.133224368095398
dish_1550796330,feature-splatting,21.55524444580078,5.683598041534424,0.7924518585205078,0.1224471554160118,0.2955098748207092,0.1863070726394653,973390.5,424877.625,1.8831274509429927,0.8219709396362305
dish_1550796634,feature-splatting,23.896299362182617,3.397256851196289,0.8574206829071045,0.0517641715705394,0.2671196758747101,0.071614533662796,1081403.625,481076.84375,2.092090368270874,0.930694341659546
dish_1550796686,feature-splatting,20.99809455871582,4.368361949920654,0.8142085075378418,0.0877087116241455,0.333190768957138,0.1412779688835144,1023054.6875,502671.78125,1.9792081117630005,0.972472071647644
dish_1550796731,feature-splatting,24.374155044555664,3.787825107574463,0.860657811164856,0.0840957835316658,0.2478380650281906,0.1027811095118522,1060107.125,470428.6875,2.0508902072906494,0.9100943803787231
dish_1550796763,feature-splatting,24.648380279541016,7.492706775665283,0.8414299488067627,0.1409228146076202,0.2825170457363128,0.2497392296791076,1037962.25,460666.3125,2.0080482959747314,0.8912080526351929
dish_1550796794,feature-splatting,25.504226684570312,1.7832320928573608,0.8703279495239258,0.0345534458756446,0.2073110491037368,0.043889719992876,991320.25,433360.3125,1.9178144931793213,0.8383816480636597
dish_1550796973,feature-splatting,22.233766555786133,5.654511451721191,0.8203846216201782,0.1053438559174537,0.3201117217540741,0.1459827274084091,1052681.125,461549.15625,2.0365235805511475,0.8929159045219421
dish_1550797031,feature-splatting,15.989008903503418,5.976014137268066,0.6846216917037964,0.1422417163848877,0.5248586535453796,0.1801782846450805,1077358.25,505424.28125,2.084264278411865,0.9777970910072328
dish_1550797094,feature-splatting,21.121715545654297,4.974725246429443,0.7972779870033264,0.1193103119730949,0.3213074207305908,0.1409522294998169,1058558.375,467559.78125,2.047893762588501,0.9045441150665284
dish_1550797130,feature-splatting,20.74349975585937,5.610560894012451,0.773418664932251,0.116835169494152,0.3236525356769562,0.1500451564788818,978098.0,427970.9375,1.892234683036804,0.8279553055763245
dish_1550797169,feature-splatting,20.341556549072266,3.166511058807373,0.7666940689086914,0.083741694688797,0.3013299405574798,0.092555321753025,789720.0,566275.75,1.5277974605560305,1.0955207347869873
dish_1550797474,feature-splatting,24.85158348083496,2.474984645843506,0.8777297735214233,0.0392810031771659,0.2125529646873474,0.0608854182064533,1104466.75,499085.65625,2.136708498001098,0.9655342698097228
dish_1550797692,feature-splatting,19.582904815673828,6.028023719787598,0.7448086142539978,0.1401272267103195,0.4271112382411957,0.2232769131660461,1052647.125,465688.6875,2.0364577770233154,0.9009243249893188
dish_1550797753,feature-splatting,23.171316146850582,3.61576509475708,0.8276981711387634,0.0881110280752182,0.2526432275772095,0.0850380063056945,820532.25,583797.25,1.5874069929122925,1.129417896270752
dish_1550797791,feature-splatting,25.000377655029297,1.1931947469711304,0.8532742857933044,0.0260750539600849,0.2074373066425323,0.0252172108739614,984360.0,428299.0,1.9043492078781128,0.8285899758338928
dish_1550797833,feature-splatting,21.119474411010746,4.748908996582031,0.7820379734039307,0.1093594208359718,0.33821901679039,0.2466631978750229,1054922.0,482036.71875,2.040858745574951,0.9325513243675232
dish_1550859356,feature-splatting,19.059202194213867,5.614116191864014,0.7768943905830383,0.0950094163417816,0.4202662110328674,0.1971940249204635,1039265.5,518660.25,2.0105698108673096,1.0034034252166748
dish_1550859396,feature-splatting,22.40058898925781,1.5414228439331057,0.8469998836517334,0.0252891853451728,0.2993951439857483,0.0446394830942153,1023053.4375,446459.90625,1.9792057275772093,0.8637242317199707
dish_1550859544,feature-splatting,17.688316345214844,6.244929313659668,0.7362135052680969,0.1146285310387611,0.4983376562595367,0.2221712321043014,1040016.625,459364.59375,2.0120227336883545,0.8886896967887878
dish_1550859578,feature-splatting,21.781248092651367,3.132596731185913,0.8205331563949585,0.0589309334754943,0.263213574886322,0.0702621415257453,810087.6875,579726.75,1.567200779914856,1.121543049812317
dish_1550859622,feature-splatting,22.7414665222168,1.7032252550125122,0.8444172739982605,0.0308865010738372,0.2338162660598755,0.0289729535579681,1034263.125,452138.5625,2.000892162322998,0.8747101426124573
dish_1550859694,feature-splatting,19.90150451660156,6.724101543426514,0.7457369565963745,0.1622282713651657,0.4138320386409759,0.2437689304351806,817271.6875,599125.5625,1.581099033355713,1.1590720415115356
dish_1550859927,feature-splatting,25.02080726623535,2.545984506607056,0.8772739768028259,0.0511382780969142,0.2021250426769256,0.0647565871477127,1079086.75,478715.40625,2.0876080989837646,0.926125943660736
dish_1550859977,feature-splatting,20.652751922607425,4.566250801086426,0.8138630390167236,0.0709793120622634,0.3555631339550018,0.1223544925451278,1068965.875,496428.46875,2.068028211593628,0.9603936672210692
dish_1550860041,feature-splatting,21.090940475463867,5.063128471374512,0.7814033031463623,0.1033682748675346,0.3068585693836212,0.1627262383699417,960373.4375,416243.125,1.85794460773468,0.8052666783332825
dish_1550860107,feature-splatting,22.128028869628903,2.50592303276062,0.8226076364517212,0.0530603528022766,0.2602903842926025,0.0426052324473857,977978.625,485251.71875,1.8920037746429443,0.9387710094451904
dish_1550860188,feature-splatting,24.22998046875,3.895136594772339,0.8593034148216248,0.0531722493469715,0.2326292544603347,0.0562853924930095,1011512.5,449998.84375,1.9568785429000852,0.8705706596374512
dish_1550860307,feature-splatting,24.280153274536133,3.819237947463989,0.876916766166687,0.0446448884904384,0.2169067859649658,0.0603098012506961,1183210.5,528214.75,2.2890465259552,1.0218876600265503
dish_1550860361,feature-splatting,19.63772201538086,6.174909114837647,0.7581354379653931,0.1068343445658683,0.3738251328468323,0.1919856518507003,1019277.0625,507015.25,1.9718998670578003,0.9808749556541444
dish_1550860444,feature-splatting,22.462865829467773,4.440548419952393,0.8342589139938354,0.0801954343914985,0.2452907860279083,0.1128216683864593,1034768.9375,452404.78125,2.001870632171631,0.8752251863479614
dish_1550860513,feature-splatting,20.84798812866211,6.568351268768311,0.7807492017745972,0.1483717262744903,0.322060227394104,0.216603472828865,841113.625,601690.6875,1.6272238492965698,1.1640346050262451
dish_1550860631,feature-splatting,18.706090927124023,6.427938938140869,0.729817271232605,0.1581013053655624,0.4749911725521087,0.2818744480609894,943867.8125,561292.875,1.82601261138916,1.0858807563781738
dish_1550860747,feature-splatting,22.967742919921875,3.1076176166534424,0.8569928407669067,0.049812726676464,0.2759862542152405,0.0676893815398216,856414.8125,624931.375,1.6568255424499512,1.2089961767196655
dish_1550860787,feature-splatting,24.204347610473636,4.601840496063232,0.8550118207931519,0.0746265798807144,0.2621887624263763,0.1199871301651001,1076101.625,472320.34375,2.0818331241607666,0.9137539267539978
dish_1550860820,feature-splatting,23.190757751464844,2.868567943572998,0.8467755913734436,0.0494391173124313,0.2420693188905716,0.0749134793877601,781176.6875,574712.125,1.5112693309783936,1.1118416786193848
dish_1550860858,feature-splatting,24.145477294921875,3.1210238933563232,0.8484504818916321,0.0548907965421676,0.2173620015382766,0.0510414950549602,996473.375,433428.78125,1.927783846855164,0.8385140895843506
dish_1550860919,feature-splatting,19.280841827392575,3.0145134925842285,0.7534220218658447,0.0761723071336746,0.3333996832370758,0.1362747699022293,989908.6875,538602.375,1.915083646774292,1.0419836044311523
dish_1550861027,feature-splatting,21.30367088317871,3.978782176971436,0.8401057124137878,0.0750304907560348,0.3252188563346863,0.1198262944817543,1057042.5,463535.0625,2.0449609756469727,0.8967579007148743
dish_1550861074,feature-splatting,19.11181640625,6.592308044433594,0.7862933874130249,0.1045739278197288,0.402225136756897,0.1807878613471985,1017444.6875,493366.21875,1.9683549404144287,0.9544694423675536
dish_1550861124,feature-splatting,19.89174461364746,4.730862140655518,0.7586702108383179,0.0846997871994972,0.3166591227054596,0.1307080388069152,1002229.25,435499.59375,1.9389190673828125,0.8425202965736389
dish_1550861187,feature-splatting,21.391876220703125,3.5294322967529297,0.8001500368118286,0.0612244606018066,0.248160183429718,0.0806771665811538,982372.625,427662.65625,1.9005043506622317,0.8273589611053467
dish_1550861324,feature-splatting,18.21579933166504,5.637182712554932,0.7532662153244019,0.1157556772232055,0.4591811299324035,0.1724366694688797,1060642.125,508534.46875,2.05192494392395,0.983814001083374
dish_1550861388,feature-splatting,21.70807838439941,2.8507773876190186,0.8284395337104797,0.0497550703585147,0.3060936331748962,0.0799965560436248,1022986.5,508511.5,1.979076266288757,0.9837695956230164
dish_1550861432,feature-splatting,20.15802764892578,4.491117477416992,0.794777512550354,0.0898855924606323,0.3440149128437042,0.1423359215259552,1039543.125,456093.6875,2.0111067295074463,0.8823617696762085
dish_1550861458,feature-splatting,20.152240753173828,4.614079475402832,0.7738930583000183,0.1286627352237701,0.3562685251235962,0.1639861464500427,984213.9375,487699.4375,1.9040666818618772,0.9435064792633056
dish_1550861520,feature-splatting,21.993741989135746,2.265416383743286,0.823753297328949,0.0542011633515358,0.2865833044052124,0.0519796311855316,749370.9375,622836.0,1.449737787246704,1.2049425840377808
dish_1550861584,feature-splatting,18.861289978027344,1.5984601974487305,0.8079161047935486,0.0352378077805042,0.3761425316333771,0.0878934189677238,907073.5,672791.125,1.7548301219940186,1.301586031913757
dish_1550861605,feature-splatting,19.02963638305664,3.5733306407928467,0.7770897746086121,0.0616021193563938,0.4140892624855041,0.0806542560458183,965416.0625,526048.9375,1.8677000999450684,1.01769757270813
dish_1550861670,feature-splatting,22.99667739868164,2.6298532485961914,0.8482426404953003,0.040128655731678,0.2583248913288116,0.0861117616295814,1058389.875,464079.625,2.047567844390869,0.8978114128112793
dish_1550861703,feature-splatting,24.887435913085938,3.4239981174468994,0.8610190749168396,0.0586872287094593,0.2072216868400573,0.0651467218995094,1019074.0625,446141.9375,1.97150719165802,0.8631090521812439
dish_1550861835,feature-splatting,23.85210227966309,2.9152331352233887,0.8620915412902832,0.0434102676808834,0.2015456557273864,0.0462258122861385,988699.4375,429293.8125,1.9127442836761477,0.8305145502090454
dish_1550861903,feature-splatting,24.71239852905273,2.715070962905884,0.8832216858863831,0.0279042571783065,0.2339778840541839,0.0393337309360504,889473.9375,645441.8125,1.7207820415496826,1.24867582321167
dish_1550861950,feature-splatting,22.133405685424805,4.213809967041016,0.8327283263206482,0.0865315794944763,0.2952111363410949,0.1131092831492424,1082811.5,482657.15625,2.0948140621185303,0.93375164270401
dish_1550861994,feature-splatting,21.027551651000977,6.168788433074951,0.8275871276855469,0.1021892502903938,0.3536852896213531,0.1871649026870727,897163.6875,644528.0625,1.7356585264205933,1.2469080686569214
dish_1550862036,feature-splatting,24.02867317199707,4.174360752105713,0.8664515018463135,0.0577748455107212,0.2225085645914077,0.0859307646751403,923819.0625,481911.28125,1.787226319313049,0.9323086738586426
dish_1550862106,feature-splatting,27.602540969848636,2.018584012985229,0.9073053598403932,0.0263385996222496,0.1587834656238556,0.0276389848440885,1149229.625,456041.125,2.223306894302368,0.8822600841522217
dish_1550862190,feature-splatting,19.36749839782715,2.514700412750244,0.7836988568305969,0.0793130695819854,0.4358112215995788,0.0906906947493553,1015860.25,444921.21875,1.965289831161499,0.8607474565505981
dish_1550862217,feature-splatting,20.631986618041992,1.7946114540100098,0.8161479830741882,0.0454318821430206,0.3217352926731109,0.0425418689846992,1014420.375,494056.8125,1.9625041484832764,0.955805480480194
dish_1550862272,feature-splatting,22.738494873046875,1.1606802940368652,0.8481764793395996,0.0334854908287525,0.2586029767990112,0.0406217128038406,901240.5,644658.6875,1.743545651435852,1.247160792350769
dish_1550862349,feature-splatting,22.727680206298828,1.978725790977478,0.8371344208717346,0.03029016405344,0.242702379822731,0.0494582988321781,976176.0,468534.8125,1.888516306877136,0.90643048286438
dish_1550862399,feature-splatting,22.185304641723636,3.038115739822388,0.8202176094055176,0.0625365003943443,0.2614230215549469,0.0772995054721832,1022187.0625,446677.0,1.9775296449661253,0.8641442060470581
dish_1550862495,feature-splatting,14.739808082580566,3.986072301864624,0.6405546069145203,0.1054257750511169,0.5872913599014282,0.175737053155899,835711.1875,613116.375,1.616772174835205,1.1861388683319092
dish_1550862580,feature-splatting,20.18001747131348,4.056597232818604,0.804338812828064,0.0830348804593086,0.361099362373352,0.1669598817825317,1093865.0,486019.78125,2.1161980628967285,0.9402569532394408
dish_1550862648,feature-splatting,17.229511260986328,3.203096389770508,0.7566351294517517,0.0949038043618202,0.4968883693218231,0.1387113034725189,670994.6875,667099.0625,1.2981106042861938,1.290574073791504
dish_1550862681,feature-splatting,21.804553985595703,5.796457290649414,0.820358157157898,0.1058719083666801,0.3044911324977875,0.1915048211812973,1041351.625,454737.53125,2.0146055221557617,0.8797381520271301
dish_1550862733,feature-splatting,21.80024719238281,3.7322707176208496,0.8344827890396118,0.0547569878399372,0.290038526058197,0.1071166694164276,1044225.75,457389.59375,2.0201659202575684,0.884868860244751
dish_1550862840,feature-splatting,20.035850524902344,4.1057634353637695,0.8317204713821411,0.0568953417241573,0.4043550789356231,0.1631741821765899,1131418.0,591264.5625,2.1888484954833984,1.1438642740249634
dish_1550862908,feature-splatting,19.64936065673828,5.014153003692627,0.7699230909347534,0.0949281901121139,0.3736780285835266,0.1681157648563385,1033123.375,515925.21875,1.9986871480941768,0.9981122612953186
dish_1550862993,feature-splatting,14.060796737670898,0.9790863394737244,0.6688823103904724,0.042141143232584,0.6036659479141235,0.0702913030982017,739791.0625,624753.25,1.4312045574188232,1.2086516618728638
dish_1550863037,feature-splatting,22.63095092773437,6.476172924041748,0.8472309112548828,0.0949418768286705,0.2819691300392151,0.2434000521898269,854966.0,638244.6875,1.6540228128433228,1.2347522974014282
dish_1550863078,feature-splatting,22.23890495300293,4.751309394836426,0.8301242589950562,0.0988323092460632,0.2781434059143066,0.1548548191785812,1042688.5,492738.4375,2.0171918869018555,0.9532549381256104
dish_1550863155,feature-splatting,20.83084487915039,4.032769680023193,0.7911810874938965,0.0809750035405159,0.3866769671440124,0.1505367308855056,1070406.0,519554.0625,2.070814371109009,1.0051325559616089
dish_1550863247,feature-splatting,17.01348304748535,4.098191261291504,0.7528395652770996,0.1146134287118911,0.4851642251014709,0.1795265227556228,1097112.625,483516.90625,2.122481107711792,0.9354149103164672
dish_1550863285,feature-splatting,20.73466682434082,5.331642150878906,0.8042384386062622,0.1283402293920517,0.3359985649585724,0.1742932200431823,1028708.875,451479.5625,1.9901468753814695,0.8734352588653564
dish_1550863309,feature-splatting,17.216686248779297,4.314304828643799,0.7154320478439331,0.1315691322088241,0.4766733050346374,0.1519857794046402,995365.6875,434924.125,1.9256408214569087,0.8414070010185242
dish_1550863381,feature-splatting,24.67720413208008,1.77239191532135,0.8830406665802002,0.0242201872169971,0.1972140967845916,0.033325582742691,1032098.9375,451614.03125,1.996705174446106,0.873695433139801
dish_1550873044,feature-splatting,21.16439437866211,8.522216796875,0.7683266401290894,0.1791776269674301,0.4149758517742157,0.2744393348693847,1052758.75,463738.28125,2.0366740226745605,0.8971510529518127
dish_1550873218,feature-splatting,21.44768524169922,5.842244625091553,0.8252719044685364,0.0800190940499305,0.3548140227794647,0.1671065837144851,873524.9375,633808.4375,1.6899268627166748,1.2261699438095093
dish_1550873264,feature-splatting,19.82659149169922,4.266321182250977,0.7719424366950989,0.0823868587613105,0.3998086452484131,0.125385507941246,745359.0,668058.6875,1.4419763088226318,1.2924306392669678
dish_1550873303,feature-splatting,25.41048812866211,2.175556182861328,0.8755626678466797,0.0340920984745025,0.2200659662485122,0.0586688518524169,1019255.0,444078.125,1.971857190132141,0.8591163754463196
dish_1550873338,feature-splatting,23.5842227935791,3.153793811798096,0.8587481379508972,0.0387539900839328,0.23910553753376,0.0391918458044528,980877.75,485928.25,1.897612452507019,0.940079927444458
dish_1550873434,feature-splatting,22.80256462097168,3.054806470870972,0.8435420393943787,0.0517166554927825,0.2879131734371185,0.0843812897801399,823327.125,611766.4375,1.5928139686584473,1.1835273504257202
dish_1550873486,feature-splatting,27.66610717773437,2.008824586868286,0.9155795574188232,0.0285993572324514,0.1688022464513778,0.0424207113683223,1205473.375,482596.5,2.3321166038513184,0.9336342811584472
dish_1550873572,feature-splatting,20.638336181640625,4.799779891967773,0.8315003514289856,0.0638346001505851,0.3510211110115051,0.1286853402853012,716290.25,703957.3125,1.3857396841049194,1.3618803024291992
dish_1550873668,feature-splatting,23.34720230102539,2.0699312686920166,0.8454264402389526,0.0465849339962005,0.223558709025383,0.0466416254639625,1017594.9375,444017.5625,1.968645691871643,0.8589992523193359
dish_1550873788,feature-splatting,21.32438087463379,4.388007164001465,0.8071560263633728,0.0800492316484451,0.2866513729095459,0.0959077849984169,741299.125,645974.375,1.434122085571289,1.249706149101257
dish_1550873952,feature-splatting,21.020797729492188,3.5220835208892822,0.7991682291030884,0.0635456517338752,0.3796867430210113,0.0922083780169487,1020896.3125,511325.09375,1.975032448768616,0.9892127513885498
dish_1550874079,feature-splatting,20.70388603210449,4.477141380310059,0.8229513168334961,0.0625602900981903,0.3373580873012543,0.1299407333135604,872155.3125,618993.375,1.6872773170471191,1.1975085735321045
dish_1550874153,feature-splatting,18.373640060424805,2.938863754272461,0.7907168865203857,0.0560546368360519,0.4362971782684326,0.12676802277565,1120562.375,497657.3125,2.167847156524658,0.9627709984779358
dish_1550874191,feature-splatting,20.955209732055664,2.672022819519043,0.8148901462554932,0.0311040822416543,0.2787302434444427,0.0756982341408729,1041013.6875,532955.1875,2.013951778411865,1.0310585498809814
dish_1550874267,feature-splatting,23.41056632995605,3.828906536102295,0.8478682637214661,0.0644860714673996,0.2606202960014343,0.0952236056327819,826594.875,612072.1875,1.5991357564926147,1.1841188669204712
dish_1550874464,feature-splatting,24.738948822021484,3.820039987564087,0.8785586357116699,0.0319940708577632,0.2396495044231414,0.0697774663567543,1135378.625,503056.6875,2.1965107917785645,0.973216712474823
dish_1550874640,feature-splatting,23.05622291564941,2.910256147384644,0.8619593381881714,0.0403975471854209,0.2587972283363342,0.0674205049872398,1063660.5,515544.625,2.0577645301818848,0.9973759651184082
dish_1550874679,feature-splatting,20.28105354309082,3.958500623703003,0.803105354309082,0.0503104925155639,0.3523845076560974,0.1140419095754623,1050992.125,460920.28125,2.03325629234314,0.8916993141174316
dish_1550874729,feature-splatting,23.805667877197266,3.84773063659668,0.8444961905479431,0.0647638738155365,0.2430939078330993,0.0896041020750999,1012359.9375,492372.9375,1.958518147468567,0.95254784822464
dish_1550874756,feature-splatting,18.93243789672852,6.096936702728272,0.7665213942527771,0.087585225701332,0.4333791136741638,0.1948055475950241,1061294.875,420475.875,2.053187847137451,0.81345534324646
dish_1550874829,feature-splatting,22.91926383972168,5.0461530685424805,0.8465885519981384,0.087991215288639,0.2894273698329925,0.1516548246145248,832358.0,698769.75,1.6102851629257202,1.3518445491790771
dish_1550874872,feature-splatting,24.674087524414062,3.561419486999512,0.8638308048248291,0.0735018104314804,0.2479496747255325,0.1033068820834159,1075049.25,471265.78125,2.0797972679138184,0.9117137789726256
dish_1550874918,feature-splatting,24.945945739746094,2.119097948074341,0.8809002041816711,0.0320473164319992,0.2269995510578155,0.0529776327311992,916190.6875,659630.8125,1.772468328475952,1.2761259078979492
dish_1550874950,feature-splatting,24.057973861694336,1.0508451461791992,0.8634421229362488,0.0196341723203659,0.2074788361787796,0.0278418119996786,747392.0,634576.125,1.4459092617034912,1.227655053138733
dish_1550875058,feature-splatting,22.7334098815918,3.5073862075805664,0.8310487270355225,0.0690523013472557,0.2644911706447601,0.0798237919807434,1020160.3125,491746.375,1.9736087322235107,0.9513357281684875
dish_1550875168,feature-splatting,24.311687469482425,4.54757022857666,0.8664235472679138,0.073011040687561,0.252052903175354,0.1176052168011665,1039633.1875,465992.84375,2.011281013488769,0.9015127420425416
dish_1550875229,feature-splatting,21.187557220458984,6.041133403778076,0.8031028509140015,0.1195845529437065,0.3489122986793518,0.1902631223201751,1087698.25,484751.90625,2.1042680740356445,0.9378041625022888
dish_1550875293,feature-splatting,24.55348777770996,3.0281763076782227,0.8677622675895691,0.0461515448987484,0.2261731922626495,0.0582366697490215,1130688.25,506925.53125,2.187436819076538,0.9807013869285583
dish_1550875347,feature-splatting,25.511938095092773,2.621084690093994,0.8714202642440796,0.041564330458641,0.2109430283308029,0.0613604597747325,863820.625,618714.1875,1.671152949333191,1.1969685554504397
dish_1550875400,feature-splatting,26.528154373168945,3.279071807861328,0.8766343593597412,0.0514588765799999,0.1795019656419754,0.0632189810276031,1088344.75,478059.09375,2.105518579483032,0.924856185913086
dish_1550875891,feature-splatting,24.94162368774414,3.944981098175049,0.8731876611709595,0.0659480318427085,0.2148413211107254,0.0714081153273582,1101575.875,487403.25,2.1311159133911133,0.9429334402084352
dish_1550875931,feature-splatting,21.706932067871094,3.369939088821411,0.8189875483512878,0.0648429989814758,0.3096529543399811,0.0964551270008087,1053019.5,466609.40625,2.0371782779693604,0.9027055501937866
dish_1550875968,feature-splatting,22.36945152282715,4.317292213439941,0.8478765487670898,0.0823853239417076,0.3285910189151764,0.1465820074081421,1166672.625,466766.90625,2.257052183151245,0.9030102491378784
dish_1550876012,feature-splatting,21.51070022583008,5.6989850997924805,0.8042051196098328,0.1128223836421966,0.3375425338745117,0.2324129343032837,999970.3125,434607.84375,1.9345489740371704,0.84079509973526
dish_1550876055,feature-splatting,20.962379455566406,5.888723373413086,0.7741308808326721,0.1491237580776214,0.3355245888233185,0.1949827820062637,969569.625,480051.53125,1.8757356405258176,0.9287107586860656
dish_1550876249,feature-splatting,22.82904052734375,2.652799367904663,0.8642878532409668,0.0381997376680374,0.2611797153949737,0.0695601925253868,1146047.0,508180.34375,2.2171499729156494,0.9831289052963256
dish_1550876298,feature-splatting,24.725515365600582,3.17360520362854,0.8779639005661011,0.0427276380360126,0.2338961809873581,0.0740728452801704,914425.375,683907.9375,1.7690532207489014,1.323092699050903
dish_1550876376,feature-splatting,21.61778450012207,5.998321056365967,0.8079025149345398,0.1248119696974754,0.3470773994922638,0.2261067777872085,1130889.375,508323.09375,2.187825918197632,0.98340505361557
dish_1550876416,feature-splatting,22.8076286315918,3.953433513641357,0.8589861392974854,0.0502533987164497,0.2326048761606216,0.0639092773199081,1043480.9375,456338.8125,2.0187249183654785,0.8828359842300415
dish_1550876467,feature-splatting,23.67679977416992,3.187078952789306,0.8698798418045044,0.0312975160777568,0.2303231954574585,0.0467360764741897,1052146.875,460853.21875,2.035490036010742,0.8915696144104004
dish_1550876619,feature-splatting,23.834617614746094,2.0298140048980717,0.8636327981948853,0.0531393475830554,0.2651069760322571,0.0884451791644096,904869.0625,671527.8125,1.7505654096603394,1.2991420030593872
dish_1550876748,feature-splatting,26.279022216796875,2.2692575454711914,0.9031757116317748,0.0333829447627067,0.2012129426002502,0.0562604926526546,1325257.25,611209.375,2.563851118087769,1.1824496984481812
dish_1550876819,feature-splatting,25.86490821838379,3.9740703105926514,0.8976377844810486,0.0459867790341377,0.2039509713649749,0.071057915687561,1202438.0,586537.375,2.326244354248047,1.1347190141677856
dish_1550876892,feature-splatting,23.91854476928711,2.9944355487823486,0.862757682800293,0.0483252257108688,0.224227488040924,0.0777062177658081,1079570.75,510834.71875,2.0885443687438965,0.9882640838623048
dish_1550876969,feature-splatting,24.85757827758789,2.6472980976104736,0.8849517107009888,0.0327228046953678,0.2047751992940902,0.0450624078512191,1132817.5,500471.53125,2.191555976867676,0.9682154059410096
dish_1551122493,feature-splatting,24.64130210876465,5.002997875213623,0.8727917671203613,0.0635848045349121,0.2349368780851364,0.0849151685833931,1096131.0,486104.125,2.120582103729248,0.940420150756836
dish_1551122567,feature-splatting,22.094425201416016,3.3268868923187256,0.8268489241600037,0.0734069719910621,0.2657901644706726,0.0925255641341209,841633.6875,634122.4375,1.6282299757003784,1.22677743434906
dish_1551122614,feature-splatting,20.410017013549805,4.13271951675415,0.777965784072876,0.0857254415750503,0.3385310471057892,0.1411454230546951,1040059.6875,457501.21875,2.01210618019104,0.8850848078727722
dish_1551122662,feature-splatting,21.23265838623047,2.503765344619751,0.7989935874938965,0.0483850911259651,0.2756935358047485,0.0411094091832637,1021733.75,447066.78125,1.97665274143219,0.8648982644081116
dish_1551122713,feature-splatting,22.94239997863769,1.1506787538528442,0.8232924938201904,0.032311700284481,0.2132580727338791,0.0040808212943375,1010649.625,501779.15625,1.9552092552185056,0.9707452058792114
dish_1551122795,feature-splatting,22.363746643066406,2.203422784805298,0.8207675814628601,0.0662856325507164,0.2876209318637848,0.0607995949685573,835309.75,596486.5625,1.6159956455230713,1.153966784477234
dish_1551122844,feature-splatting,22.12542533874512,2.005784511566162,0.8151185512542725,0.0560718365013599,0.298608660697937,0.0558104068040847,773625.8125,641760.9375,1.4966614246368408,1.2415547370910645
dish_1551122871,feature-splatting,22.67209815979004,2.747535228729248,0.831741988658905,0.0393754281103611,0.2581604719161987,0.0353851504623889,1054259.125,462329.78125,2.039576292037964,0.894426167011261
dish_1551122914,feature-splatting,22.09259605407715,3.102830648422241,0.8076562881469727,0.063580222427845,0.2536631822586059,0.0657673850655555,794503.0,558343.375,1.5370506048202517,1.080174684524536
dish_1551122952,feature-splatting,23.96619415283203,2.413764953613281,0.8375834226608276,0.0371182411909103,0.2062601149082183,0.037919383496046,1006641.9375,439790.65625,1.9474560022354128,0.850821852684021
dish_1551123023,feature-splatting,23.60840606689453,4.406238079071045,0.8465844392776489,0.0698108747601509,0.2711504399776459,0.1214829832315445,831605.875,625303.625,1.6088300943374634,1.2097164392471311
dish_1551123072,feature-splatting,23.464920043945312,4.097718715667725,0.8635655045509338,0.0663219019770622,0.2720663547515869,0.1066519767045974,1014654.1875,481988.46875,1.962956428527832,0.9324579834938048
dish_1551123396,feature-splatting,16.887649536132812,5.171483993530273,0.6945998072624207,0.1336613744497299,0.533210813999176,0.1756741106510162,1057588.5,511761.71875,2.046017408370972,0.9900575280189514
dish_1551123455,feature-splatting,22.799774169921875,4.262089252471924,0.8540528416633606,0.0538546070456504,0.2416133880615234,0.0775761753320694,795453.5625,594721.25,1.5388896465301514,1.1505515575408936
dish_1551123633,feature-splatting,21.69576644897461,4.888719081878662,0.8039805889129639,0.0899095609784126,0.2958362698554992,0.1453040540218353,937451.25,464611.8125,1.813599228858948,0.8988410234451294
dish_1551123904,feature-splatting,20.93578720092773,6.773706912994385,0.7985981106758118,0.1390647292137146,0.3764376044273376,0.2244127243757248,776634.25,642129.875,1.5024816989898682,1.2422685623168943
dish_1551123986,feature-splatting,17.837894439697266,6.628570079803467,0.7636223435401917,0.0956712812185287,0.4430219531059265,0.2360909283161163,1149617.875,616393.5,2.224058151245117,1.1924787759780884
dish_1551124062,feature-splatting,24.76215171813965,3.8443329334259033,0.8706304430961609,0.063501089811325,0.2257207483053207,0.0662370547652244,846906.125,642696.4375,1.6384299993515017,1.2433645725250244
dish_1551124116,feature-splatting,23.599925994873047,2.1409988403320312,0.8486840128898621,0.0481226183474063,0.2269552499055862,0.0423009283840656,804031.0625,614940.0,1.5554836988449097,1.189666986465454
dish_1551124157,feature-splatting,22.01167297363281,4.83407735824585,0.8132179379463196,0.0989233702421188,0.2967928051948547,0.1952025741338729,845189.8125,601768.75,1.6351096630096436,1.164185643196106
dish_1551124221,feature-splatting,25.840259552001957,1.84449565410614,0.8831186294555664,0.0362595543265342,0.2020613104104995,0.0493312366306781,1077620.875,478365.21875,2.0847723484039307,0.9254484176635742
dish_1551124267,feature-splatting,21.77867889404297,5.923119068145752,0.8184593319892883,0.1048862263560295,0.2727140486240387,0.1486216187477111,880525.875,643672.8125,1.703471064567566,1.245253562927246
dish_1551124322,feature-splatting,20.85025405883789,3.329535722732544,0.788505494594574,0.0879318192601203,0.3177619874477386,0.1427777558565139,1055326.0,463538.96875,2.041640520095825,0.896765410900116
dish_1551124362,feature-splatting,21.159334182739254,2.425500869750977,0.7767549157142639,0.0542758144438266,0.2843434512615204,0.0852441042661666,720314.1875,623690.0625,1.393524408340454,1.206594705581665
dish_1551124407,feature-splatting,21.172344207763672,4.101630210876465,0.7823604345321655,0.0981867089867591,0.2655351459980011,0.0994719788432121,815463.6875,598898.9375,1.5776013135910034,1.1586337089538574
dish_1551124481,feature-splatting,23.33189392089844,2.194925546646118,0.8621425628662109,0.0378861166536808,0.2283710837364196,0.0354779623448848,1072680.625,471162.09375,2.0752148628234863,0.9115131497383118
dish_1551124591,feature-splatting,17.33831024169922,4.686758995056152,0.7202224731445312,0.1468275189399719,0.4671980440616607,0.1843965202569961,974011.25,481807.25,1.8843284845352173,0.9321074485778807
dish_1551124637,feature-splatting,21.602519989013672,6.895945072174072,0.7985453605651855,0.1318321675062179,0.3289520144462585,0.2112893462181091,1034039.6875,451800.125,2.000459671020508,0.8740554451942444
dish_1551124687,feature-splatting,22.42959976196289,2.930346727371216,0.833511233329773,0.0406906828284263,0.2438655644655227,0.0687780529260635,822106.625,584156.75,1.5904526710510254,1.1301134824752808
dish_1551124723,feature-splatting,20.4765739440918,4.999263763427734,0.7593741416931152,0.1254385262727737,0.3016059100627899,0.1821796000003814,961721.75,475991.09375,1.8605530261993408,0.9208554029464722
dish_1551125258,feature-splatting,19.623485565185547,4.692448139190674,0.7635538578033447,0.1082105711102485,0.3867976665496826,0.1694593876600265,1046017.75,458915.53125,2.023632764816284,0.8878209590911865
dish_1551125305,feature-splatting,19.07798767089844,5.1600871086120605,0.7620564699172974,0.1298000365495681,0.3543020486831665,0.1893926113843917,1068209.25,468671.21875,2.0665645599365234,0.9066943526268004
dish_1551125357,feature-splatting,17.294143676757812,4.340359210968018,0.7322149276733398,0.1031919047236442,0.4447595775127411,0.2157341688871383,680285.5625,615728.6875,1.3160847425460815,1.191192626953125
dish_1551125384,feature-splatting,21.7949161529541,2.6149959564208984,0.8146595358848572,0.0468379966914653,0.239072248339653,0.0473012216389179,734766.75,612435.1875,1.4214844703674316,1.1848210096359253
dish_1551125436,feature-splatting,21.222904205322266,3.40028977394104,0.7992352247238159,0.067246563732624,0.2523832023143768,0.0690902397036552,996923.25,439211.78125,1.9286540746688845,0.8497018814086914
dish_1551133789,feature-splatting,21.486507415771484,3.0606517791748047,0.8442339301109314,0.0419715866446495,0.3520343601703644,0.0772997289896011,1048321.75,419302.34375,2.028090000152588,0.8111850619316101
dish_1551133870,feature-splatting,15.185601234436035,3.829821586608887,0.6777846217155457,0.1008978337049484,0.5976313352584839,0.1327763199806213,1090054.25,482800.90625,2.108825922012329,0.934029757976532
dish_1551134053,feature-splatting,23.71682357788086,6.627227783203125,0.8300650715827942,0.13238325715065,0.3042589724063873,0.2060626447200775,1048508.0,459180.1875,2.0284502506256104,0.8883329033851624
dish_1551134138,feature-splatting,24.6355094909668,3.5226402282714844,0.8584319949150085,0.0579777918756008,0.2187756896018982,0.0490703769028186,815716.8125,580942.1875,1.5780909061431885,1.123894453048706
dish_1551134208,feature-splatting,24.82247543334961,4.17442512512207,0.8624649047851562,0.0555736422538757,0.2211139649152755,0.0660068914294242,1013419.3125,443569.28125,1.960567593574524,0.858132004737854
dish_1551134442,feature-splatting,19.5280876159668,6.85446310043335,0.7589483261108398,0.1551695466041565,0.3631375730037689,0.2177937030792236,1044728.375,460708.8125,2.0211381912231445,0.8912901878356934
dish_1551134622,feature-splatting,20.00119972229004,4.833427906036377,0.7867653369903564,0.0849837735295295,0.4249226152896881,0.1450836062431335,1027430.875,449841.09375,1.987674355506897,0.8702654838562012
dish_1551134757,feature-splatting,21.10740089416504,4.542407989501953,0.8137797713279724,0.1031570509076118,0.3259223401546478,0.179257646203041,1030216.3125,456874.0625,1.9930630922317505,0.8838714957237244
dish_1551134824,feature-splatting,18.57304573059082,4.883513450622559,0.7460048198699951,0.1330334693193435,0.3570197820663452,0.1790691316127777,807584.625,606390.1875,1.5623583793640137,1.1731263399124146
dish_1551134895,feature-splatting,18.88872718811035,6.256353855133057,0.7529341578483582,0.1291930675506591,0.4172920286655426,0.2950234115123749,1136266.5,541784.4375,2.198228597640991,1.0481396913528442
dish_1551134987,feature-splatting,24.45030975341797,3.0819995403289795,0.8829426169395447,0.0432512238621711,0.216837927699089,0.0745022073388099,1091617.5,481747.28125,2.1118500232696533,0.9319913387298584
dish_1551135179,feature-splatting,25.844127655029297,3.1038849353790283,0.8690844774246216,0.0643154755234718,0.2058453559875488,0.0477379895746707,1021354.3125,447950.0,1.975918531417847,0.8666069507598877
dish_1551135297,feature-splatting,21.52680206298828,5.905597686767578,0.8047125935554504,0.1456253826618194,0.3318378627300262,0.2009725719690323,1011444.6875,443046.8125,1.95674741268158,0.8571211695671082
dish_1551135363,feature-splatting,22.222312927246094,6.3666582107543945,0.784299910068512,0.1483460068702697,0.2917933166027069,0.1977061033248901,968327.75,467744.875,1.8733330965042116,0.9049022197723388
dish_1551135415,feature-splatting,21.03843116760254,6.196482658386231,0.7787017822265625,0.1147140562534332,0.3404383957386017,0.1563716381788253,990851.5625,431717.6875,1.916907787322998,0.8352038264274597
dish_1551135536,feature-splatting,21.199756622314453,5.263356685638428,0.8276405334472656,0.0878273621201515,0.3142307996749878,0.1453595906496048,1067256.125,469055.28125,2.064720630645752,0.9074373841285706
dish_1551135590,feature-splatting,21.8455753326416,5.834780693054199,0.8159956932067871,0.1004725024104118,0.325294554233551,0.1818841844797134,1051193.125,460872.375,2.033644914627075,0.8916066288948059
dish_1551135656,feature-splatting,23.735389709472656,3.717371225357056,0.8625501394271851,0.0555918850004673,0.2743038535118103,0.0872701257467269,1042911.25,460247.59375,2.017622709274292,0.8903979063034058
dish_1551135718,feature-splatting,22.30595016479492,5.648397445678711,0.8198798894882202,0.0868176072835922,0.2771094739437103,0.1234644129872322,999156.375,435767.9375,1.9329742193222048,0.8430393934249878
dish_1551135767,feature-splatting,21.333860397338867,3.298341989517212,0.8086540699005127,0.0736783444881439,0.28985595703125,0.0776520669460296,1017155.0,443829.6875,1.9677945375442505,0.8586357235908508
dish_1551135896,feature-splatting,20.905298233032227,3.834043025970459,0.8175692558288574,0.0767242461442947,0.3366464376449585,0.1441809087991714,1045821.4375,505845.15625,2.0232529640197754,0.9786112904548644
dish_1551136043,feature-splatting,24.552154541015625,3.3965818881988525,0.886978268623352,0.0410062707960605,0.2306333631277084,0.0523291192948818,883213.5,633038.1875,1.7086704969406128,1.224679708480835
dish_1551136264,feature-splatting,23.4401798248291,3.756009340286255,0.8510831594467163,0.0574212186038494,0.2607412040233612,0.0819754227995872,864425.25,613654.0,1.6723226308822632,1.1871789693832395
dish_1551136315,feature-splatting,24.55767059326172,2.776830673217773,0.8589038848876953,0.036978717893362,0.2157613933086395,0.0453659668564796,1012405.625,443419.03125,1.9586063623428345,0.8578413128852844
dish_1551136396,feature-splatting,20.403682708740234,3.747868776321411,0.7740070819854736,0.0907822325825691,0.3479759097099304,0.1284293830394745,934514.5625,501913.28125,1.807917833328247,0.9710046648979188
dish_1551136531,feature-splatting,24.75240135192871,5.930778503417969,0.8643392324447632,0.0929576233029365,0.2751636207103729,0.1822327077388763,932719.0,486777.75,1.8044440746307373,0.9417233467102052
dish_1551136610,feature-splatting,23.242280960083008,3.4726688861846924,0.8523616194725037,0.0535367727279663,0.2489493489265442,0.0712524503469467,1039292.5625,460925.90625,2.010622024536133,0.8917102217674255
dish_1551136683,feature-splatting,23.66156768798828,5.175429344177246,0.85922771692276,0.083307459950447,0.2603776752948761,0.1557561159133911,628524.0625,652471.5,1.2159466743469238,1.2622755765914917
dish_1551136769,feature-splatting,21.231882095336918,6.41470193862915,0.7964963912963867,0.1269533187150955,0.3373590111732483,0.2271124571561813,994812.4375,436271.8125,1.9245705604553225,0.8440142273902893
dish_1551136814,feature-splatting,22.16020774841309,5.691526889801025,0.8014686107635498,0.1278278529644012,0.3082137405872345,0.1968241482973098,1019834.5,446110.59375,1.9729783535003664,0.8630483746528625
dish_1551136891,feature-splatting,23.242450714111328,3.8526418209075928,0.8599521517753601,0.0508416146039962,0.2584249675273895,0.0800906047224998,999666.0625,482010.9375,1.9339603185653689,0.9325014352798462
dish_1551137091,feature-splatting,24.32410430908203,2.675057888031006,0.8466814756393433,0.0606874749064445,0.2116341143846511,0.069048173725605,649543.6875,636366.5625,1.2566113471984863,1.2311187982559204
dish_1551137173,feature-splatting,21.7796630859375,5.1313090324401855,0.804566502571106,0.1014414504170417,0.2990033030509949,0.1278947740793228,847899.375,593694.625,1.6403515338897705,1.148565411567688
dish_1551137277,feature-splatting,22.70471572875977,5.236504554748535,0.7938605546951294,0.1207497492432594,0.2465069890022277,0.1153189167380333,1036823.625,410859.09375,2.005845546722412,0.7948506474494934
dish_1551137348,feature-splatting,20.147829055786133,3.5764644145965576,0.7757667303085327,0.0775980055332183,0.2965085506439209,0.0700471252202987,983643.5625,467109.6875,1.9029631614685056,0.9036734104156494
dish_1551137431,feature-splatting,23.239782333374023,2.9328088760375977,0.8493592739105225,0.0587643645703792,0.2504746615886688,0.0691036209464073,1031899.5,458186.375,1.99631941318512,0.8864103555679321
dish_1551138110,feature-splatting,23.68192672729492,3.3770394325256348,0.8733482360839844,0.0617155395448207,0.2799574136734009,0.136686310172081,814791.375,601392.0625,1.5763006210327148,1.163456916809082
dish_1551138180,feature-splatting,20.114717483520508,4.413358211517334,0.798109233379364,0.1089079678058624,0.3771771788597107,0.1872679889202118,1035762.0,453621.65625,2.0037918090820312,0.877579391002655
dish_1551138237,feature-splatting,22.10946273803711,6.412688255310059,0.7915202379226685,0.1575197577476501,0.3278897404670715,0.2107934206724167,1009729.3125,441934.65625,1.953428864479065,0.8549696207046509
dish_1551138312,feature-splatting,20.770702362060547,3.680895090103149,0.7869078516960144,0.0731018111109733,0.3417867422103882,0.1117369979619979,792065.875,533358.1875,1.5323357582092283,1.0318381786346436
dish_1551139066,feature-splatting,25.578514099121094,2.453346014022827,0.901833474636078,0.025789150968194,0.2003619074821472,0.021838204935193,889001.4375,627234.75,1.7198678255081177,1.2134523391723633
dish_1551139192,feature-splatting,19.881637573242188,3.8599307537078857,0.8090951442718506,0.0736409127712249,0.4249346554279327,0.1793186515569687,1064365.5,469570.0,2.0591282844543457,0.9084331393241882
dish_1551139260,feature-splatting,18.325122833251957,4.740204811096191,0.7863388657569885,0.0978791490197181,0.3609525263309479,0.1875656396150589,1069983.5,514350.6875,2.069996833801269,0.9950661659240724
dish_1551139325,feature-splatting,21.840282440185547,3.9119482040405273,0.833000659942627,0.0765891671180725,0.2480220049619674,0.1005452871322631,1005722.1875,441357.3125,1.9456766843795776,0.8538527488708496
dish_1551139367,feature-splatting,19.14361000061035,2.17812180519104,0.7815535068511963,0.0438716150820255,0.3207001686096191,0.0680180341005325,807507.75,567517.4375,1.5622097253799438,1.0979228019714355
dish_1551139415,feature-splatting,24.357690811157227,4.845095157623291,0.870370626449585,0.067923255264759,0.2471657842397689,0.1071378663182258,653183.375,668642.375,1.2636526823043823,1.2935597896575928
dish_1551139487,feature-splatting,18.70679473876953,8.177083969116211,0.7431483864784241,0.2146347314119339,0.4052505195140838,0.2784771621227264,1128683.375,511381.53125,2.1835579872131348,0.9893219470977784
dish_1551139535,feature-splatting,19.973989486694336,6.357478618621826,0.7945705652236938,0.1418343335390091,0.370834469795227,0.2483378201723098,880541.875,633342.5625,1.7035019397735596,1.2252686023712158
dish_1551139576,feature-splatting,23.03526306152344,2.37731671333313,0.8380464911460876,0.0348184630274772,0.2289856076240539,0.0426054596900939,843699.625,591333.3125,1.6322267055511477,1.1439971923828125
dish_1551139606,feature-splatting,21.16125869750977,4.001511096954346,0.7899929881095886,0.0988843366503715,0.2988844513893127,0.117741048336029,1023580.75,448577.6875,1.980225920677185,0.8678212761878967
dish_1551139675,feature-splatting,18.758989334106445,2.598691940307617,0.7991098165512085,0.0275830309838056,0.4570781886577606,0.1181673258543014,1108877.625,488643.59375,2.1452417373657227,0.9453330039978028
dish_1551139764,feature-splatting,25.40994453430176,3.897090196609497,0.8875254392623901,0.0539049766957759,0.2130647599697113,0.0663539916276931,1107374.125,490018.6875,2.142333030700684,0.947993278503418
dish_1551139831,feature-splatting,20.953466415405277,3.8249804973602295,0.8116622567176819,0.0641644522547721,0.3009165227413177,0.0894173681735992,1005187.375,499701.6875,1.9446419477462769,0.9667261242866516
dish_1551139874,feature-splatting,19.116065979003903,6.048203945159912,0.7528603076934814,0.172111228108406,0.3511597216129303,0.221139907836914,1006967.625,440782.3125,1.9480860233306885,0.8527402877807617
dish_1551139956,feature-splatting,22.757789611816406,2.6808199882507324,0.8522502779960632,0.0384085476398468,0.2055152803659439,0.0626897811889648,1031349.0625,453634.40625,1.9952545166015625,0.8776040077209473
dish_1551141628,feature-splatting,24.894874572753903,3.35798978805542,0.8781816363334656,0.0508843287825584,0.2014092206954956,0.0452464744448661,995327.0,493652.5625,1.9255659580230715,0.9550234079360962
dish_1551141670,feature-splatting,19.87336540222168,4.190386772155762,0.7982178926467896,0.0929155200719833,0.3508993685245514,0.1844869405031204,1036781.625,455687.9375,2.0057644844055176,0.8815767765045166
dish_1551141710,feature-splatting,24.428741455078125,4.38441276550293,0.8640746474266052,0.052638441324234,0.2276313006877899,0.0652386099100112,667597.4375,675353.0,1.2915382385253906,1.306542158126831
dish_1551141747,feature-splatting,22.48559188842773,3.972791910171509,0.8303456902503967,0.0564985089004039,0.2320034354925155,0.0654155313968658,816261.3125,579474.5625,1.5791443586349487,1.1210551261901855
dish_1551141779,feature-splatting,19.249256134033203,4.4325270652771,0.7666172385215759,0.100709818303585,0.3171244859695434,0.1544615775346756,1021235.0625,447827.78125,1.9756879806518557,0.8663704991340637
dish_1551141849,feature-splatting,26.317256927490234,3.300220012664795,0.8804011344909668,0.0516846626996994,0.1913519203662872,0.0592911578714847,924593.875,538509.5625,1.7887252569198608,1.041803956031799
dish_1551141892,feature-splatting,21.33471298217773,3.327563524246216,0.8146340250968933,0.0666870176792144,0.2556284070014953,0.0785749852657318,661526.5625,647720.375,1.2797935009002686,1.2530839443206787
dish_1551141931,feature-splatting,22.40265274047852,3.990170478820801,0.8447232842445374,0.0669120550155639,0.2704906463623047,0.091579683125019,1027865.8125,455756.8125,1.988515853881836,0.8817100524902344
dish_1551142001,feature-splatting,22.449756622314453,5.667181491851807,0.8200169801712036,0.1452375501394271,0.2382963001728058,0.1702580600976944,1032957.375,457180.21875,1.998365879058838,0.8844637870788574
dish_1551142046,feature-splatting,22.66988945007324,2.047082662582397,0.8463973999023438,0.0456321276724338,0.2069885730743408,0.0421719811856746,1011817.5,443381.625,1.9574686288833616,0.8577689528465271
dish_1551142128,feature-splatting,18.531784057617188,4.769415855407715,0.7584856152534485,0.094943530857563,0.4363258481025696,0.1723694950342178,905864.6875,529963.625,1.7524917125701904,1.0252710580825806
dish_1551142459,feature-splatting,23.59457397460937,2.949280261993408,0.8860687017440796,0.0202259663492441,0.2091301381587982,0.0374957025051116,1056847.5,465540.40625,2.044584035873413,0.9006373882293701
dish_1551142509,feature-splatting,23.49442672729492,4.299331188201904,0.8494171500205994,0.0909816548228263,0.2454056441783905,0.1641089767217636,1040284.3125,457443.5625,2.012540578842163,0.8849732279777527
dish_1551142547,feature-splatting,22.60873413085937,4.86991548538208,0.8506243228912354,0.0872817933559417,0.2551943659782409,0.2086172848939895,820022.9375,581285.375,1.5864217281341553,1.124558448791504
dish_1551142589,feature-splatting,22.99961853027344,2.834658145904541,0.8530676364898682,0.0405245497822761,0.2162855714559555,0.0451250299811363,1017049.9375,444710.90625,1.9675912857055664,0.8603405356407166
dish_1551221581,feature-splatting,26.17218780517578,3.567202091217041,0.8920842409133911,0.0407831668853759,0.1818850189447403,0.0446342676877975,798245.6875,671777.0625,1.5442912578582764,1.29962420463562
dish_1551221801,feature-splatting,22.09994506835937,4.527567863464356,0.8472945690155029,0.0807750672101974,0.2872838377952575,0.1416532844305038,734168.9375,751958.75,1.42032790184021,1.4547442197799685
dish_1551221853,feature-splatting,23.5402889251709,2.5594656467437744,0.8763618469238281,0.0294861570000648,0.2177223116159439,0.0311516188085079,1040542.875,521128.96875,2.013040781021118,1.0081794261932373
dish_1551221892,feature-splatting,24.021589279174805,3.8423688411712646,0.8556020259857178,0.0689536184072494,0.1997421532869339,0.0861765891313552,1037525.6875,462127.125,2.007204055786133,0.8940341472625732
dish_1551221935,feature-splatting,24.391902923583984,6.371554851531982,0.8703441023826599,0.0765376389026641,0.2206229567527771,0.151438757777214,1145555.125,528964.25,2.216198205947876,1.0233376026153564
dish_1551222036,feature-splatting,26.26030158996582,2.822359323501587,0.9005879163742065,0.0264782607555389,0.1743547469377517,0.0389283560216426,1102428.875,491781.125,2.132765769958496,0.9514029026031494
dish_1551222068,feature-splatting,24.13611221313477,5.042769908905029,0.8487347364425659,0.0996717140078544,0.2612483501434326,0.1509762704372406,1073835.0,474490.28125,2.0774481296539307,0.9179519414901732
dish_1551222188,feature-splatting,23.84231758117676,5.029696941375732,0.8691258430480957,0.0602601841092109,0.2027336359024047,0.0764113739132881,1107423.0,493002.15625,2.142427682876587,0.9537651538848876
dish_1551222225,feature-splatting,21.91353416442871,4.950930118560791,0.8139756917953491,0.1405258327722549,0.2466472536325454,0.1913234889507293,1024253.9375,450396.8125,1.9815282821655276,0.8713405728340149
dish_1551222311,feature-splatting,22.83797836303711,2.2527668476104736,0.8253735303878784,0.0666129663586616,0.2305694222450256,0.0727687552571296,809469.5625,580348.5625,1.566004991531372,1.1227459907531738
dish_1551222363,feature-splatting,25.380434036254883,2.6984546184539795,0.884096086025238,0.0423421189188957,0.2054142653942108,0.0580474697053432,1092528.75,489649.875,2.1136131286621094,0.9472797513008118
dish_1551222472,feature-splatting,22.70196914672852,4.346985816955566,0.8600638508796692,0.0643800497055053,0.2866625189781189,0.1439995467662811,1094471.0,535980.8125,2.11737060546875,1.0369118452072144
dish_1551222527,feature-splatting,23.389822006225582,5.28999662399292,0.8585915565490723,0.1008656248450279,0.2646182775497436,0.1580579131841659,1147614.75,513535.375,2.2201826572418213,0.9934888482093812
dish_1551222558,feature-splatting,24.95596694946289,2.3897433280944824,0.8694021701812744,0.0507974252104759,0.169943630695343,0.0307940393686294,1037494.0,454598.53125,2.0071425437927246,0.8794692158699036
dish_1551222587,feature-splatting,24.58027648925781,4.164844036102295,0.8648347854614258,0.0779045224189758,0.2099848836660385,0.1244014650583267,1047921.75,461088.875,2.027316093444824,0.8920254707336426
dish_1551222638,feature-splatting,25.87457847595215,2.4647035598754883,0.8992178440093994,0.0369893535971641,0.2036413103342056,0.0704259425401687,1182368.5,534830.0625,2.2874176502227783,1.034685730934143
dish_1551222712,feature-splatting,11.554061889648438,2.668442726135254,0.5735946893692017,0.1310854703187942,0.6777306795120239,0.0757991448044776,1099041.75,489003.78125,2.1262130737304688,0.9460299015045166
dish_1551222759,feature-splatting,20.27758407592773,5.718630313873291,0.7909048795700073,0.0967993661761283,0.4026775956153869,0.2409920990467071,867060.0,647750.8125,1.677419900894165,1.2531428337097168
dish_1551222791,feature-splatting,23.257177352905277,1.505989909172058,0.8363496661186218,0.0290457289665937,0.2068077325820922,0.0267424117773771,994981.0,436504.3125,1.9248967170715328,0.8444640040397644
dish_1551222833,feature-splatting,21.65185165405273,4.06364107131958,0.8010385036468506,0.0862839221954345,0.2643995285034179,0.1196044981479644,1026731.875,512525.4375,1.986322045326233,0.9915350079536438
dish_1551222877,feature-splatting,24.151264190673828,3.438406467437744,0.8733565211296082,0.0514931492507457,0.2369038015604019,0.0940977856516838,1081034.125,483855.40625,2.0913755893707275,0.9360697269439696
dish_1551222935,feature-splatting,26.275375366210938,3.4712138175964355,0.898024320602417,0.0650221034884452,0.1786462515592575,0.0893886163830757,876281.625,656231.6875,1.6952600479125977,1.2695499658584597
dish_1551222982,feature-splatting,23.95258903503418,1.4275400638580322,0.8536478281021118,0.036438412964344,0.2317212074995041,0.0389505103230476,1048530.0625,524076.5625,2.028492927551269,1.0138819217681885
dish_1551223023,feature-splatting,24.419170379638672,1.86441969871521,0.8612568974494934,0.0313017331063747,0.1739771217107772,0.0426634810864925,1043918.875,458653.96875,2.0195720195770264,0.8873148560523987
dish_1551223114,feature-splatting,19.41154670715332,4.460218906402588,0.7838901281356812,0.0810296311974525,0.3446602821350097,0.2152675241231918,1168201.5,609712.875,2.260010004043579,1.179554462432861
dish_1551223195,feature-splatting,23.001718521118164,4.734585762023926,0.8372805118560791,0.1021359637379646,0.2451538443565368,0.1431477814912796,1075661.25,476421.96875,2.0809810161590576,0.9216890335083008
dish_1551223249,feature-splatting,23.420215606689453,2.280547380447388,0.8660146594047546,0.0252479147166013,0.2424962073564529,0.038732498884201,855532.4375,615468.5,1.6551185846328735,1.1906893253326416
dish_1551223311,feature-splatting,24.115522384643555,1.972105622291565,0.8709976673126221,0.036990825086832,0.1950153261423111,0.0520920567214489,1056616.75,528403.0,2.044137716293335,1.022251844406128
dish_1551223346,feature-splatting,21.577674865722656,4.2473344802856445,0.7913200259208679,0.1037453263998031,0.3059541881084442,0.2279006242752075,1022631.625,499539.15625,1.9783897399902344,0.9664117097854614
dish_1551223394,feature-splatting,21.81222343444824,4.079209327697754,0.8093913793563843,0.0796339735388755,0.2253929078578949,0.0766687467694282,1034354.4375,456305.3125,2.0010688304901123,0.8827711343765259
dish_1551224001,feature-splatting,13.90147876739502,2.2462170124053955,0.6542254090309143,0.1050947234034538,0.5139945149421692,0.1240536719560623,989208.1875,540823.9375,1.9137284755706787,1.0462814569473269
dish_1551224089,feature-splatting,16.053390502929688,2.430610179901123,0.7340964078903198,0.0561376176774501,0.471604585647583,0.0763207972049713,1086722.375,487017.53125,2.1023800373077397,0.942187249660492
dish_1551224138,feature-splatting,21.3107967376709,5.210988521575928,0.8058645129203796,0.1124448329210281,0.3193964064121246,0.2145089209079742,864149.75,626926.1875,1.671789526939392,1.2128554582595823
dish_1551224175,feature-splatting,23.0734920501709,2.6330342292785645,0.8389411568641663,0.0593960247933864,0.1892241835594177,0.0502764768898487,1058854.375,465002.6875,2.048466444015503,0.89959716796875
dish_1551224208,feature-splatting,20.086084365844727,3.4963297843933105,0.8047330379486084,0.0651887282729148,0.2382412552833557,0.0738805085420608,1085541.0,482260.5625,2.100094795227051,0.9329843521118164
dish_1551224283,feature-splatting,23.502765655517575,3.350659132003784,0.8744356036186218,0.0408222004771232,0.2123269289731979,0.0618078149855136,1099217.0,487553.125,2.126552104949951,0.9432234168052672
dish_1551224380,feature-splatting,21.631574630737305,3.638707160949707,0.8387550115585327,0.0521344654262065,0.3292846381664276,0.0988624691963195,1081284.5,527130.625,2.091860055923462,1.0197902917861938
dish_1551224447,feature-splatting,24.87940788269043,2.489989280700684,0.8780984878540039,0.0338448919355869,0.1918776333332061,0.0604966878890991,1093200.125,487667.78125,2.1149120330810547,0.9434452056884766
dish_1551224483,feature-splatting,24.300369262695312,3.256233930587769,0.8498634696006775,0.0537831969559192,0.1968783140182495,0.0494873002171516,1017648.8125,447590.375,1.9687498807907104,0.8659112453460693
dish_1551224534,feature-splatting,25.124813079833984,1.8493503332138064,0.8788800239562988,0.0311394240707159,0.1771071404218673,0.0349699519574642,1038494.75,454260.40625,2.0090785026550293,0.8788151144981384
dish_1551224647,feature-splatting,18.03887939453125,5.185916900634766,0.7507716417312622,0.1238209381699562,0.4149357676506042,0.2017818391323089,1018289.6875,446176.78125,1.969989776611328,0.8631764650344849
dish_1551224689,feature-splatting,24.48249053955078,2.186808586120605,0.8702569007873535,0.0337671600282192,0.1966262459754943,0.0431415885686874,1079625.875,476185.96875,2.088651180267334,0.9212324619293212
dish_1551224751,feature-splatting,18.167875289916992,3.7650434970855713,0.7725495100021362,0.0633092001080513,0.4070391356945038,0.0934283956885337,959879.9375,710079.1875,1.8569899797439573,1.3737237453460691
dish_1551224787,feature-splatting,23.973052978515625,2.6012001037597656,0.8596993088722229,0.0442919209599494,0.1969559043645858,0.0444646179676055,1029620.5,450488.03125,1.991910457611084,0.8715170621871948
dish_1551224833,feature-splatting,22.721071243286133,4.1636247634887695,0.8311434984207153,0.0567228533327579,0.2213431000709533,0.0530602522194385,724168.3125,632548.0625,1.4009807109832764,1.223731517791748
dish_1551224928,feature-splatting,16.535184860229492,4.320714473724365,0.7017672657966614,0.09907828271389,0.5104474425315857,0.1435241997241974,759102.5625,657346.0,1.4685646295547483,1.2717057466506958
dish_1551225021,feature-splatting,23.324129104614254,3.924495220184326,0.8800379037857056,0.0376954674720764,0.2126543372869491,0.046492513269186,1070977.375,540377.25,2.071919679641724,1.045417308807373
dish_1551225067,feature-splatting,18.51445960998535,3.723785638809204,0.733747661113739,0.0952404215931892,0.4611117839813232,0.1483478993177414,1023135.0625,493634.96875,1.9793636798858645,0.9549893736839294
dish_1551225106,feature-splatting,20.689350128173828,3.192734718322754,0.7935170531272888,0.0656816065311431,0.2771892547607422,0.1192794889211654,1007247.9375,509796.03125,1.9486284255981443,0.986254632472992
dish_1551225155,feature-splatting,24.13957405090332,3.946019411087036,0.8567302823066711,0.0474711880087852,0.1983454078435897,0.050425287336111,965737.5625,479237.9375,1.8683221340179443,0.9271368384361268
dish_1551225281,feature-splatting,26.045753479003903,2.5860185623168945,0.8955214619636536,0.0320073217153549,0.1869511604309082,0.0518383532762527,1087351.625,484007.0,2.103597402572632,0.9363629817962646
dish_1551225381,feature-splatting,18.11218643188477,2.408876180648804,0.7780417799949646,0.0596533268690109,0.477379560470581,0.0801131203770637,1054509.875,467624.5,2.0400614738464355,0.9046693444252014
dish_1551225467,feature-splatting,22.187538146972656,6.768660068511963,0.8382859230041504,0.1253813803195953,0.2789294421672821,0.1703005880117416,1080142.125,543227.625,2.0896499156951904,1.0509315729141235
dish_1551225501,feature-splatting,24.71582794189453,1.6722424030303955,0.8601957559585571,0.0235165432095527,0.1969586759805679,0.0175603069365024,965984.4375,478175.46875,1.8687996864318848,0.9250813722610474
dish_1551225541,feature-splatting,25.35057830810547,2.2193291187286377,0.8603729605674744,0.0517016910016536,0.1745397746562957,0.0449991971254348,805399.9375,571593.6875,1.5581319332122805,1.1058088541030884
dish_1551225609,feature-splatting,21.78946304321289,2.388617753982544,0.8584222793579102,0.0194086842238903,0.2983707785606384,0.0653819218277931,1059500.5,466591.15625,2.0497164726257324,0.9026702642440796
dish_1551225666,feature-splatting,25.2941951751709,2.3873910903930664,0.8919914960861206,0.0310543663799762,0.1901532709598541,0.0440811961889267,869284.5,626277.5,1.6817234754562378,1.211600422859192
dish_1551225714,feature-splatting,24.826875686645508,3.289780378341675,0.889392077922821,0.0420733429491519,0.1935182809829712,0.0566556341946125,1124379.375,505568.40625,2.175231456756592,0.9780758619308472
dish_1551225764,feature-splatting,23.70632553100586,4.986936569213867,0.849981427192688,0.1006197482347488,0.2320455461740493,0.1229184716939926,1011273.4375,457165.6875,1.9564160108566284,0.8844357132911682
dish_1551225793,feature-splatting,23.605674743652344,5.512232780456543,0.8390302658081055,0.065113216638565,0.2281577736139297,0.072013258934021,980271.5625,486221.28125,1.8964396715164185,0.9406468272209167
dish_1551225836,feature-splatting,19.8228702545166,3.3318800926208496,0.7864786386489868,0.0821203663945198,0.3335309624671936,0.1144957616925239,1028214.9375,454555.53125,1.989191174507141,0.8793860077857971
dish_1551225948,feature-splatting,24.365148544311523,1.6658185720443726,0.8719391226768494,0.0356541574001312,0.2066091001033783,0.0502913855016231,1133522.375,503655.09375,2.1929197311401367,0.9743743538856506
dish_1551226013,feature-splatting,16.925745010375977,2.808433055877685,0.7450447678565979,0.0679273530840873,0.38816699385643,0.0956835970282554,1057472.25,464597.125,2.045792579650879,0.8988125920295715
dish_1551226049,feature-splatting,20.82655906677246,6.046728610992432,0.7820929884910583,0.1702861934900283,0.2907141149044037,0.2009300142526626,1026673.0625,454417.3125,1.986208200454712,0.8791186809539795
dish_1551226101,feature-splatting,21.833282470703125,3.5169270038604736,0.8082680702209473,0.0877692624926567,0.2371584475040435,0.0982269942760467,1021594.75,447272.15625,1.9763836860656736,0.8652955889701843
dish_1551226308,feature-splatting,25.734798431396484,4.573040962219238,0.8956831097602844,0.0623591281473636,0.2108684927225113,0.1430148184299469,1184972.375,536744.3125,2.2924551963806152,1.0383890867233276
dish_1551226363,feature-splatting,19.98779296875,5.494560241699219,0.7609675526618958,0.1124465316534042,0.3590888381004333,0.1487292349338531,1024811.625,511179.84375,1.982607126235962,0.9889318346977234
dish_1551226409,feature-splatting,14.60788345336914,2.706277847290039,0.6746509671211243,0.0905087515711784,0.4984949827194214,0.0953302755951881,978906.6875,486355.90625,1.8937991857528689,0.9409072995185852
dish_1551226442,feature-splatting,22.65105438232422,4.31473445892334,0.8253452777862549,0.0810627117753028,0.2347216010093689,0.0931296050548553,1050636.25,461805.15625,2.0325677394866943,0.8934112191200256
dish_1551226475,feature-splatting,21.05683135986328,3.5454490184783936,0.8115723729133606,0.0640171989798545,0.2305667400360107,0.0817358121275901,1071652.75,474115.0625,2.0732262134552,0.917226016521454
dish_1551226840,feature-splatting,22.55089569091797,2.713860034942627,0.836360514163971,0.0564743652939796,0.2447882294654846,0.0664440914988517,1038465.4375,463164.75,2.0090219974517822,0.8960414528846741
dish_1551226892,feature-splatting,26.161191940307617,4.203798770904541,0.8903182744979858,0.044275913387537,0.188494935631752,0.0478719994425773,1172589.25,475733.71875,2.268498659133911,0.9203574657440186
dish_1551226948,feature-splatting,22.10888290405273,4.934154510498047,0.8371386528015137,0.0712010487914085,0.2508392930030823,0.1142913103103637,1066893.75,471689.40625,2.0640196800231934,0.912533402442932
dish_1551226999,feature-splatting,19.9873104095459,6.272397994995117,0.7493356466293335,0.1662165373563766,0.3152785003185272,0.2130295485258102,1015205.5,444533.84375,1.9640229940414429,0.8599979877471924
dish_1551227050,feature-splatting,24.387168884277344,1.878018856048584,0.8644773364067078,0.0315453000366687,0.1709845960140228,0.0261518005281686,1032027.25,452111.25,1.9965665340423584,0.8746573328971863
dish_1551227165,feature-splatting,26.575090408325195,3.038973093032837,0.8896951675415039,0.047301173210144,0.181531623005867,0.0605949461460113,929263.9375,673739.375,1.797760009765625,1.3034205436706543
dish_1551227216,feature-splatting,26.013599395751957,5.714113235473633,0.8930208086967468,0.0739092230796814,0.2186596542596817,0.1387220621109008,1135898.375,503376.625,2.197516441345215,0.9738357067108154
dish_1551227280,feature-splatting,23.747299194335938,4.688033580780029,0.8730727434158325,0.0508733838796615,0.2031835317611694,0.0580423027276992,1037816.5625,519017.875,2.0077664852142334,1.0040953159332275
dish_1551227325,feature-splatting,23.12559509277344,1.3739049434661863,0.8430888652801514,0.0426767095923423,0.1995556205511093,0.0219895839691162,1047454.1875,460008.0625,2.026411533355713,0.8899345397949219
dish_1551227380,feature-splatting,23.99758529663086,1.790389895439148,0.8452417254447937,0.0497771315276622,0.1829707324504852,0.0292849764227867,1040308.625,458008.25,2.012587785720825,0.8860657215118408
dish_1551227435,feature-splatting,21.809309005737305,3.781047821044922,0.8311809301376343,0.042181234806776,0.2458098828792572,0.0516597516834735,792125.8125,691732.75,1.5324517488479614,1.3382306098937988
dish_1551227539,feature-splatting,22.290447235107425,2.1738593578338623,0.850765585899353,0.044256966561079,0.2507762014865875,0.0312765836715698,1004688.875,500280.03125,1.943677544593811,0.9678449630737304
dish_1551227581,feature-splatting,15.705716133117676,1.809720754623413,0.7231789231300354,0.0489985719323158,0.4616216719150543,0.0499441251158714,983598.375,543686.125,1.902875661849976,1.051818609237671
dish_1551227628,feature-splatting,22.712631225585938,2.898205280303955,0.8149385452270508,0.0657597854733467,0.2149242460727691,0.0523994378745555,818856.3125,617898.1875,1.5841646194458008,1.195389747619629
dish_1551227669,feature-splatting,20.82686996459961,3.121042490005493,0.7958641648292542,0.0515002645552158,0.2329280078411102,0.0600306540727615,1036812.9375,455953.21875,2.0058248043060303,0.8820900321006775
dish_1551228296,feature-splatting,24.948060989379883,2.667396783828736,0.8873147964477539,0.0295190047472715,0.2016099244356155,0.0343170650303363,1063278.0,467983.5625,2.057024478912353,0.9053639769554138
dish_1551228355,feature-splatting,24.14770126342773,6.051694869995117,0.8465859293937683,0.1084128245711326,0.2974409162998199,0.1709463447332382,1080875.125,519541.1875,2.0910677909851074,1.0051077604293823
dish_1551228396,feature-splatting,21.88175773620605,6.063902378082275,0.8444885015487671,0.091090440750122,0.2892169654369354,0.1664771735668182,698019.6875,705504.0625,1.350393295288086,1.3648725748062134
dish_1551228438,feature-splatting,22.040433883666992,2.005894660949707,0.832188606262207,0.0250254310667514,0.2164160460233688,0.0409118644893169,811610.0625,587856.0,1.570146083831787,1.1372699737548828
dish_1551228478,feature-splatting,20.886850357055664,5.122603893280029,0.7954792380332947,0.1038399934768676,0.2835938334465027,0.1502501517534256,837974.625,598755.0625,1.621151089668274,1.1583553552627563
dish_1551228551,feature-splatting,19.42562294006348,5.376834869384766,0.75809645652771,0.119264580309391,0.3969392776489258,0.2023594379425048,1047257.125,523540.34375,2.026030302047729,1.0128445625305176
dish_1551228582,feature-splatting,24.727436065673828,3.382134199142456,0.8815611600875854,0.0395452789962291,0.233141615986824,0.095512568950653,1194155.875,534985.0625,2.310221672058105,1.0349855422973633
dish_1551228630,feature-splatting,26.369403839111328,2.224353313446045,0.9049612283706664,0.0254727900028228,0.15301513671875,0.0227847285568714,804292.375,621779.6875,1.555989146232605,1.2028989791870115
dish_1551228669,feature-splatting,25.453245162963867,3.279027223587036,0.8815991282463074,0.0569603964686393,0.1630606353282928,0.0589354448020458,871023.875,634997.5,1.685088276863098,1.2284702062606812
dish_1551228715,feature-splatting,22.88249969482422,4.027740001678467,0.8448575735092163,0.0507344268262386,0.220797061920166,0.0678522959351539,1025450.375,510789.21875,1.983842849731445,0.9881761074066162
dish_1551228830,feature-splatting,19.94144058227539,5.393209934234619,0.7571393251419067,0.1443146765232086,0.4003943800926208,0.2396693676710128,1069271.5,520890.96875,2.0686194896698,1.0077190399169922
dish_1551228876,feature-splatting,24.126541137695312,2.8251895904541016,0.8737807273864746,0.0265331864356994,0.1929216980934143,0.0276508275419473,822952.4375,623885.8125,1.592089056968689,1.206973433494568
dish_1551228930,feature-splatting,24.2687931060791,2.4563581943511963,0.8788064122200012,0.0359666310250759,0.1942056715488433,0.0597151145339012,868737.375,616105.375,1.6806648969650269,1.191921353340149
dish_1551228971,feature-splatting,25.068483352661133,2.5296902656555176,0.8703299760818481,0.0405962727963924,0.1698185205459594,0.0399629846215248,1041036.5,411195.90625,2.013995885848999,0.795502245426178
dish_1551229028,feature-splatting,20.58989906311035,3.6950297355651855,0.7991437315940857,0.065879501402378,0.2576431334018707,0.0915925055742263,794553.9375,576175.0625,1.5371490716934204,1.1146719455718994
dish_1551232627,feature-splatting,23.812732696533203,3.7248919010162354,0.8720575571060181,0.0481442101299762,0.2218331098556518,0.0579384081065654,1126329.25,545413.0625,2.179003953933716,1.0551596879959106
dish_1551232686,feature-splatting,24.749216079711918,0.9621502757072448,0.8854831457138062,0.0239033326506614,0.1843582987785339,0.0382939912378788,1099767.75,531810.875,2.127617597579956,1.028844714164734
dish_1551232713,feature-splatting,20.61594581604004,3.0427021980285645,0.7725756168365479,0.0771525576710701,0.3216596841812134,0.066982552409172,994478.1875,537003.3125,1.9239238500595093,1.0388901233673096
dish_1551232748,feature-splatting,22.17921638488769,6.43109655380249,0.8084959983825684,0.1316574364900589,0.2646288871765136,0.2016655355691909,1036997.875,492662.28125,2.0061826705932617,0.9531075954437256
dish_1551232782,feature-splatting,20.00946044921875,5.052082538604736,0.7637731432914734,0.1273910850286483,0.3148345351219177,0.1643819659948349,994552.75,543683.875,1.9240682125091555,1.051814317703247
dish_1551232851,feature-splatting,25.331876754760746,1.0575575828552246,0.8823397159576416,0.0131772765889763,0.2038739770650863,0.0292954798787832,1057440.375,465626.28125,2.0457310676574707,0.900803565979004
dish_1551232905,feature-splatting,24.66817092895508,4.631950378417969,0.87480628490448,0.0602407157421112,0.2044674009084701,0.0787515938282013,1146615.625,512231.71875,2.218250036239624,0.9909667372703552
dish_1551232936,feature-splatting,17.724925994873047,4.703834533691406,0.7367001175880432,0.0974620655179023,0.4253654181957245,0.15752013027668,1032446.25,452664.46875,1.9973770380020144,0.8757275342941284
dish_1551232973,feature-splatting,24.69715690612793,2.201582908630371,0.8680823445320129,0.0247117988765239,0.1746731698513031,0.0374100841581821,1034443.625,453453.8125,2.0012412071228027,0.8772546648979187
dish_1551233007,feature-splatting,24.88692092895508,1.0242573022842407,0.8711207509040833,0.0259167905896902,0.1707711815834045,0.011058204807341,1044585.6875,459179.96875,2.020862102508545,0.8883324861526489
dish_1551233095,feature-splatting,19.282039642333984,4.752284049987793,0.7886694669723511,0.0976404026150703,0.3892042636871338,0.1558137536048889,866999.0,654984.4375,1.6773018836975098,1.267137050628662
dish_1551233150,feature-splatting,20.1352653503418,3.2821204662323,0.7903323173522949,0.0767195671796798,0.3465127348899841,0.1105662137269973,1041844.75,459149.09375,2.015559434890747,0.8882728219032288
dish_1551233180,feature-splatting,21.080591201782227,5.42438268661499,0.823253870010376,0.0896213352680206,0.3495366871356964,0.2306812703609466,976651.0625,498585.125,1.8894354104995728,0.9645659923553468
dish_1551233210,feature-splatting,23.52743911743164,1.0650277137756348,0.8539850115776062,0.0180721078068017,0.2099260240793228,0.0124805262312293,1024857.75,447833.78125,1.9826964139938357,0.8663821220397949
dish_1551233248,feature-splatting,21.829702377319336,3.570731401443481,0.8367028832435608,0.0609401203691959,0.2416979074478149,0.0888242721557617,1068593.75,485041.34375,2.0673084259033203,0.9383641481399536
dish_1551233313,feature-splatting,19.324939727783203,5.430140495300293,0.7716027498245239,0.1126267611980438,0.4444635510444641,0.184453472495079,1071204.125,476231.1875,2.0723583698272705,0.9213199019432068
dish_1551233345,feature-splatting,25.296361923217773,5.2294697761535645,0.8955031633377075,0.047994315624237,0.2148279249668121,0.1026079058647155,1172953.375,525264.4375,2.269203186035156,1.0161799192428589
dish_1551233375,feature-splatting,19.31880187988281,4.779619216918945,0.7713168263435364,0.1130222752690315,0.3702422082424164,0.1983056664466858,1054596.0,464086.21875,2.040228366851806,0.8978241682052612
dish_1551233403,feature-splatting,20.392202377319336,4.691661357879639,0.7507601976394653,0.1680069714784622,0.284020721912384,0.1713068783283233,1027392.4375,513606.53125,1.9875999689102173,0.9936264753341676
dish_1551233434,feature-splatting,18.52175521850586,3.7166807651519775,0.75193190574646,0.1039382591843605,0.3529730141162872,0.1203018799424171,1077228.625,609157.5625,2.0840134620666504,1.1784801483154297
dish_1551233491,feature-splatting,20.779109954833984,5.819687366485596,0.7851102948188782,0.1183569058775901,0.3748287558555603,0.172935277223587,1013956.5,506544.34375,1.961606740951538,0.9799639582633972
dish_1551233523,feature-splatting,24.19465065002441,3.8834033012390137,0.8711862564086914,0.0528573393821716,0.218860387802124,0.0625804215669632,794847.3125,678520.0,1.5377167463302612,1.3126691579818726
dish_1551233573,feature-splatting,16.30074691772461,3.765720844268799,0.7358359098434448,0.0856022611260414,0.4822306632995605,0.1222744062542915,1050183.375,463117.53125,2.031691551208496,0.895950198173523
dish_1551233610,feature-splatting,24.65447998046875,2.3639495372772217,0.884836733341217,0.0391809269785881,0.1828891783952713,0.0453101471066474,1025005.5625,449654.3125,1.9829822778701784,0.869904100894928
dish_1551233633,feature-splatting,24.75445556640625,2.048715591430664,0.8733066916465759,0.0341405160725116,0.1825191080570221,0.039202369749546,1023600.0625,450114.375,1.9802632331848145,0.8707941770553589
dish_1551233708,feature-splatting,25.43821907043457,2.7575430870056152,0.8829747438430786,0.0362736582756042,0.2015924006700515,0.0441202037036418,1065248.75,468058.3125,2.0608370304107666,0.9055086374282836
dish_1551233745,feature-splatting,25.610431671142575,3.249428987503052,0.8948191404342651,0.0390551909804344,0.2092336863279342,0.0655221492052078,1102322.125,486935.59375,2.132559537887573,0.9420287013053894
dish_1551233802,feature-splatting,22.293376922607425,3.775672912597656,0.8472216129302979,0.0680901408195495,0.3169152736663818,0.0909283086657524,1061873.875,546360.125,2.0543081760406494,1.0569918155670166
dish_1551233827,feature-splatting,20.2733097076416,5.856431484222412,0.7998339533805847,0.1102409064769744,0.3111554980278015,0.1720635443925857,965935.9375,423296.9375,1.8687058687210083,0.8189129829406738
dish_1551233859,feature-splatting,24.50506401062012,3.0000922679901123,0.8736032843589783,0.0624153539538383,0.1824144423007965,0.057216040790081,1056130.75,463975.4375,2.0431971549987797,0.8976098299026489
dish_1551233938,feature-splatting,24.462921142578125,4.938347816467285,0.8751180768013,0.0600504577159881,0.217517465353012,0.0814222767949104,1063328.625,533479.625,2.0571224689483643,1.032073140144348
dish_1551233982,feature-splatting,25.133989334106445,2.3219592571258545,0.8934803009033203,0.0335745923221111,0.1658068746328354,0.0434377156198024,1083760.125,484453.59375,2.096649169921875,0.9372270107269288
dish_1551234017,feature-splatting,14.29885959625244,1.675622582435608,0.6651299595832825,0.0449772998690605,0.5513840317726135,0.0809430330991745,766261.5625,663839.3125,1.4824146032333374,1.284267783164978
dish_1551234046,feature-splatting,24.26835250854492,2.908482789993286,0.8654451966285706,0.0479429028928279,0.1807802766561508,0.0389560535550117,1035060.0625,456179.5625,2.002434015274048,0.8825279474258423
dish_1551234106,feature-splatting,23.600122451782227,2.005779266357422,0.8468658924102783,0.0448784977197647,0.2008951753377914,0.0373598039150238,991633.125,492519.1875,1.91841983795166,0.9528307914733888
dish_1551234185,feature-splatting,19.051273345947266,4.949239253997803,0.7886568903923035,0.1094612702727317,0.3681861758232116,0.1448397636413574,1114206.125,491584.75,2.155550241470337,0.9510229825973512
dish_1551234214,feature-splatting,21.60831451416016,3.70512580871582,0.8428311347961426,0.0581746511161327,0.2537040412425995,0.0766617581248283,1133735.25,505191.75,2.193331241607666,0.977347195148468
dish_1551234252,feature-splatting,22.04119682312012,2.060864925384521,0.8508154153823853,0.0324616692960262,0.2593391239643097,0.0421102903783321,1086748.75,527710.9375,2.102431058883667,1.020913004875183
dish_1551234288,feature-splatting,22.02533531188965,2.253835916519165,0.8270283341407776,0.039824292063713,0.2090038806200027,0.0456574000418186,1075795.75,555507.75,2.0812413692474365,1.0746887922286987
dish_1551234316,feature-splatting,19.932287216186523,5.436094760894775,0.7626461982727051,0.1436575949192047,0.3378435969352722,0.1923986077308654,1057656.5,507327.6875,2.046149015426636,0.9814794063568116
dish_1551235109,feature-splatting,23.611719131469727,3.205475091934204,0.8353748321533203,0.0861924514174461,0.1992558389902115,0.0711327642202377,1068542.625,470907.65625,2.067209482192993,0.9110209941864014
dish_1551235171,feature-splatting,24.573535919189453,2.100955009460449,0.8736931681632996,0.0311562046408653,0.1822879016399383,0.0429360307753086,1074786.125,474008.6875,2.0792880058288574,0.9170202612876892
dish_1551235211,feature-splatting,15.93828582763672,2.6629281044006348,0.7393436431884766,0.0618927292525768,0.5166735649108887,0.1393474638462066,1107386.25,498242.78125,2.142356634140014,0.9639037251472472
dish_1551235240,feature-splatting,23.40998649597168,3.4616947174072266,0.8290340900421143,0.0605410598218441,0.2103445082902908,0.0734430029988288,793526.9375,575629.0,1.535162329673767,1.1136155128479004
dish_1551235270,feature-splatting,22.97030067443848,3.7755298614501953,0.8474846482276917,0.0430515147745609,0.206935778260231,0.0436109527945518,796269.3125,586131.5,1.5404677391052246,1.1339337825775146
dish_1551235561,feature-splatting,22.98778533935547,1.6638888120651243,0.8477731347084045,0.0220556743443012,0.2668095827102661,0.0488872379064559,1025063.5,563598.0625,1.9830944538116453,1.090340495109558
dish_1551235600,feature-splatting,15.58949089050293,1.427981734275818,0.7154716849327087,0.0778772830963134,0.506654679775238,0.1262374818325042,621437.375,637287.375,1.2022367715835571,1.2329002618789673
dish_1551235669,feature-splatting,20.184309005737305,4.321058750152588,0.8121676445007324,0.0868542268872261,0.3717103600502014,0.146157681941986,1124517.25,500235.625,2.1754982471466064,0.9677590727806092
dish_1551235699,feature-splatting,22.141395568847656,2.729386806488037,0.8447555303573608,0.0206380225718021,0.2171833515167236,0.0386873930692672,816685.0625,702869.75,1.5799641609191897,1.3597763776779177
dish_1551235759,feature-splatting,20.817262649536133,2.959810733795166,0.7823444604873657,0.0489490255713462,0.3434550166130066,0.09075927734375,978750.5,531201.4375,1.8934969902038572,1.0276657342910769
dish_1551235868,feature-splatting,17.9541015625,4.149222373962402,0.7815272808074951,0.1055098176002502,0.4232688248157501,0.1922976076602935,1111762.25,489935.9375,2.150822401046753,0.947833240032196
dish_1551235946,feature-splatting,20.202926635742188,4.926562786102295,0.7697034478187561,0.1237201318144798,0.3035182058811188,0.1781672239303589,1008414.3125,502866.28125,1.9508848190307615,0.9728482961654664
dish_1551235983,feature-splatting,22.839317321777344,1.880029797554016,0.8635583519935608,0.0330342873930931,0.2507268190383911,0.0392757318913936,1101141.75,489281.84375,2.13027572631836,0.9465677738189696
dish_1551236011,feature-splatting,19.01576042175293,4.366006851196289,0.7443222403526306,0.113124243915081,0.3288034796714782,0.1414724737405777,745804.6875,651704.3125,1.4428385496139526,1.2607914209365845
dish_1551236159,feature-splatting,22.065847396850582,4.0991692543029785,0.8185606002807617,0.0880324020981788,0.242221400141716,0.1081466078758239,647960.25,643536.8125,1.2535481452941897,1.244990348815918
dish_1551236417,feature-splatting,24.364429473876957,2.2251105308532715,0.8854642510414124,0.0138320503756403,0.2258072644472122,0.0526031702756881,1122738.5,496691.53125,2.1720569133758545,0.9609026312828064
dish_1551236466,feature-splatting,17.530691146850586,2.88665771484375,0.7732810974121094,0.0491631850600242,0.4564313888549804,0.0749947056174278,1091545.75,530130.0,2.111711263656616,1.0255929231643677
dish_1551236495,feature-splatting,24.82137680053711,3.244383811950684,0.8573074340820312,0.0460963137447834,0.1788453608751297,0.0411329865455627,845442.0,581729.9375,1.6355974674224854,1.1254184246063232
dish_1551236521,feature-splatting,23.425512313842773,2.3702809810638428,0.8249885439872742,0.0539373122155666,0.2064776271581649,0.032998040318489,1001855.25,436822.84375,1.9381955862045288,0.8450802564620972
dish_1551236550,feature-splatting,24.006704330444336,1.8816672563552856,0.8328657150268555,0.0632370710372924,0.1940602958202362,0.02779539860785,796504.8125,582087.9375,1.5409233570098877,1.1261111497879028
dish_1551236621,feature-splatting,20.808609008789062,3.2153027057647705,0.825101375579834,0.0737072825431823,0.289259135723114,0.1014029830694198,1090548.875,480655.28125,2.109782695770264,0.929878830909729
dish_1551236657,feature-splatting,23.473796844482425,2.358874082565308,0.8568557500839233,0.0347846448421478,0.2789904177188873,0.0940358787775039,1091784.25,480556.59375,2.112172842025757,0.9296878576278688
dish_1551236712,feature-splatting,17.278308868408203,3.5986156463623047,0.7443708181381226,0.1043758690357208,0.471932977437973,0.1015642955899238,1030572.8125,517189.21875,1.9937527179718015,1.0005576610565186
dish_1551236775,feature-splatting,19.09186744689941,4.242575168609619,0.7269142866134644,0.1268589794635772,0.3388280868530273,0.1521571278572082,740411.0625,636545.375,1.4324040412902832,1.2314647436141968
dish_1551236827,feature-splatting,22.337963104248047,2.942697525024414,0.8425886631011963,0.0392868220806121,0.2229608297348022,0.0364132598042488,986449.25,489753.59375,1.9083911180496216,0.9474804401397704
dish_1551236949,feature-splatting,17.054157257080078,5.352543830871582,0.7271443009376526,0.1409404724836349,0.4103197157382965,0.2192920297384262,1086960.375,485071.5,2.1028404235839844,0.938422441482544
dish_1551236981,feature-splatting,23.66120147705078,3.3727502822875977,0.8614316582679749,0.0443587452173233,0.22327820956707,0.0482480935752391,1155031.625,616514.8125,2.2345316410064697,1.192713499069214
dish_1551237016,feature-splatting,22.925506591796875,2.5348424911499023,0.8496347069740295,0.0295634269714355,0.2569223642349243,0.0528345629572868,1103669.5,489466.71875,2.13516616821289,0.9469254612922668
dish_1551237046,feature-splatting,21.226362228393555,3.087244987487793,0.8132562637329102,0.0536015778779983,0.2292272895574569,0.0595142170786857,1048879.0,532896.75,2.029168128967285,1.0309454202651978
dish_1551237079,feature-splatting,23.078800201416016,2.7754056453704834,0.8459435105323792,0.0732036828994751,0.1899274587631225,0.0734059810638427,1007588.375,553243.9375,1.9492868185043333,1.070309281349182
dish_1551237180,feature-splatting,12.884309768676758,3.1410512924194336,0.682732105255127,0.035769447684288,0.5823630094528198,0.101633034646511,1089898.125,674832.1875,2.1085238456726074,1.3055347204208374
dish_1551237231,feature-splatting,25.54501724243164,4.400867462158203,0.8876630663871765,0.0544822551310062,0.2090808451175689,0.0838618054986,929212.0,650568.5,1.7976595163345337,1.258594036102295
dish_1551237274,feature-splatting,16.13047218322754,0.5210077166557312,0.7138347029685974,0.0368158444762229,0.6077660918235779,0.0417530164122581,928842.1875,546729.625,1.79694402217865,1.0577067136764526
dish_1551237321,feature-splatting,21.633056640625,5.024060249328613,0.822135329246521,0.1017378866672515,0.2529407441616058,0.1375909298658371,980893.75,472399.625,1.8976433277130127,0.9139073491096495
dish_1551237348,feature-splatting,16.347644805908203,2.8869118690490723,0.7282967567443848,0.0667068883776664,0.4570208489894867,0.1007471084594726,951477.75,473622.28125,1.8407349586486816,0.9162726998329164
dish_1551237436,feature-splatting,24.13127326965332,3.834252119064331,0.8775973320007324,0.0498916171491146,0.2288683205842971,0.0760699734091758,1139015.625,505006.0625,2.2035470008850098,0.9769880175590516
dish_1551237463,feature-splatting,18.505613327026367,6.171098709106445,0.7491337656974792,0.1435199528932571,0.4165021777153015,0.2595843970775604,1052999.5,528268.1875,2.037139415740967,1.0219910144805908
dish_1551237498,feature-splatting,18.36803436279297,3.992711544036865,0.7443821430206299,0.0768970996141433,0.4204961359500885,0.1216681599617004,981985.25,488646.71875,1.8997550010681152,0.9453390836715698
dish_1551237527,feature-splatting,21.628232955932617,2.1934597492218018,0.8094806671142578,0.0294808391481637,0.2462233453989029,0.0347625613212585,937989.375,515649.125,1.8146401643753047,0.9975781440734864
dish_1551237558,feature-splatting,22.67606544494629,3.1022114753723145,0.8415578603744507,0.0711852982640266,0.2119035273790359,0.0605271719396114,815705.375,611439.0625,1.5780688524246216,1.1828938722610474
dish_1551237607,feature-splatting,18.7262020111084,5.477115154266357,0.7541201114654541,0.1189392060041427,0.3836471438407898,0.174999862909317,1084991.75,572238.625,2.099031925201416,1.1070564985275269
dish_1551237710,feature-splatting,19.337913513183597,4.898801803588867,0.743341863155365,0.1256416290998459,0.3899360299110412,0.2142571657896042,969749.75,483432.90625,1.8760842084884644,0.9352524280548096
dish_1551237778,feature-splatting,22.207355499267575,5.424464225769043,0.8302726149559021,0.1047102361917495,0.3075084686279297,0.1928466260433197,1103951.25,495957.1875,2.1357109546661377,0.959481954574585
dish_1551237814,feature-splatting,17.955984115600586,4.2072272300720215,0.738778293132782,0.1055161878466606,0.3615784049034118,0.1377579122781753,935311.1875,464722.46875,1.809459090232849,0.8990550637245178
dish_1551237854,feature-splatting,24.31354141235352,2.2397565841674805,0.862058162689209,0.0511580668389797,0.1839489787817001,0.0658835768699646,1020961.0625,447938.6875,1.9751578569412231,0.8665850162506104
dish_1551303168,feature-splatting,24.10155296325684,3.534477472305298,0.870818018913269,0.0773122161626815,0.2442334294319152,0.1217593997716903,1138335.0,505253.8125,2.202230215072632,0.9774672985076904
dish_1551303285,feature-splatting,20.685754776000977,2.546149492263794,0.7968198657035828,0.0561761371791362,0.3897975981235504,0.080515019595623,673202.0,684190.5,1.302380919456482,1.3236393928527832
dish_1551303338,feature-splatting,14.562326431274414,2.995173454284668,0.6917641162872314,0.0605244860053062,0.4489075839519501,0.0810758918523788,1080640.375,555096.1875,2.090613842010498,1.073892593383789
dish_1551303437,feature-splatting,21.66374015808105,6.906495571136475,0.7989588975906372,0.1176783964037895,0.3118778467178345,0.2008304446935653,1091280.875,488148.71875,2.111198902130127,0.9443756937980652
dish_1551303476,feature-splatting,21.033180236816406,3.2765815258026123,0.800143301486969,0.1010844111442565,0.2294156104326248,0.0657935887575149,1060992.5,464984.125,2.052603006362915,0.8995612859725952
dish_1551303644,feature-splatting,24.106645584106445,6.239743709564209,0.846799373626709,0.102626621723175,0.2531338334083557,0.173851191997528,654208.75,670637.25,1.2656364440917969,1.297419190406799
dish_1551303727,feature-splatting,13.925350189208984,2.376456022262573,0.6597908735275269,0.0780822932720184,0.516692042350769,0.0838061422109603,842668.75,606719.4375,1.6302324533462524,1.173763394355774
dish_1551303770,feature-splatting,23.38949203491211,3.5975534915924072,0.8607186079025269,0.0468024276196956,0.2576485872268677,0.0739636495709419,681722.25,681954.125,1.3188642263412476,1.3193128108978271
dish_1551303822,feature-splatting,22.216148376464844,1.6573593616485596,0.835127055644989,0.038957267999649,0.2162401229143142,0.0316256508231163,1010183.0625,443035.5625,1.9543066024780276,0.8570994138717651
dish_1551303866,feature-splatting,22.832744598388672,1.6024550199508667,0.8462385535240173,0.0268620736896991,0.1909353584051132,0.0107963113114237,824501.875,582543.25,1.595086693763733,1.126991868019104
dish_1551303912,feature-splatting,17.06768035888672,5.030612945556641,0.7145963311195374,0.1234950795769691,0.4432346224784851,0.2143353968858719,1218591.25,672338.0,2.357494592666626,1.3007094860076904
dish_1551303984,feature-splatting,22.31533432006836,5.956803798675537,0.8068907260894775,0.1694584041833877,0.3252044320106506,0.2283457219600677,1110020.375,491969.3125,2.1474523544311523,0.9517669677734376
dish_1551304110,feature-splatting,24.093618392944336,5.359840393066406,0.8727656602859497,0.0741098746657371,0.2786294519901275,0.22099269926548,1180399.25,528154.4375,2.2836079597473145,1.02177095413208
dish_1551304155,feature-splatting,22.91404151916504,2.5333092212677,0.8505105376243591,0.0499310344457626,0.2137835174798965,0.0527209937572479,649493.4375,648629.0625,1.256514072418213,1.254841923713684
dish_1551304197,feature-splatting,21.67555427551269,3.540208101272583,0.8065772652626038,0.074118822813034,0.2530773878097534,0.0844134464859962,818695.875,600126.875,1.5838543176651,1.1610093116760254
dish_1551304349,feature-splatting,26.96245574951172,1.765080451965332,0.9003081321716309,0.0316299572587013,0.1705511808395385,0.04193826764822,1069670.5,472603.53125,2.069391250610352,0.914301872253418
dish_1551304456,feature-splatting,23.3652458190918,4.440093994140625,0.8313952684402466,0.0798298045992851,0.2434184998273849,0.0799857601523399,1019381.375,445800.5625,1.9721018075942995,0.8624486327171326
dish_1551304571,feature-splatting,26.482519149780277,2.1270196437835693,0.8889227509498596,0.0459906160831451,0.1816953271627426,0.043107084929943,1088238.0,483875.1875,2.1053121089935303,0.9361079931259156
dish_1551304608,feature-splatting,25.034862518310547,1.7152132987976074,0.8748472332954407,0.0289119258522987,0.1498421281576156,0.0128910262137651,1007796.6875,443011.8125,1.9496899843215945,0.8570535182952881
dish_1551304741,feature-splatting,24.26116180419922,2.753629207611084,0.861761212348938,0.0312677510082721,0.1849104464054107,0.0462910868227481,983370.6875,430739.875,1.902435302734375,0.8333120942115784
dish_1551304854,feature-splatting,22.45445251464844,4.65295934677124,0.8205546140670776,0.0872265920042991,0.2846910655498504,0.1693777441978454,996004.875,497153.5,1.9268773794174197,0.9617963433265686
dish_1551304973,feature-splatting,22.492679595947266,3.323557138442993,0.837675929069519,0.0639508217573165,0.2724116444587707,0.0891318768262863,1078566.625,476037.40625,2.086601734161377,0.9209449887275696
dish_1551305168,feature-splatting,26.432191848754883,5.2907562255859375,0.8963744640350342,0.0572032891213893,0.2053728550672531,0.1015344336628913,1144645.25,510199.03125,2.214437961578369,0.9870343208312988
dish_1551305209,feature-splatting,22.647605895996094,2.6483054161071777,0.8450223803520203,0.0386227816343307,0.2171539068222046,0.0664883181452751,990995.4375,492700.25,1.917186260223389,0.9531810879707336
dish_1551305257,feature-splatting,22.238815307617188,3.499123334884644,0.8192561864852905,0.0748878195881843,0.2204412817955017,0.0921010226011276,1038380.0625,457781.65625,2.008856773376465,0.885627269744873
dish_1551305410,feature-splatting,26.199068069458008,1.78256356716156,0.9001132249832153,0.0238660294562578,0.2183062732219696,0.0467755049467086,1119639.75,496373.0,2.166062116622925,0.9602863788604736
dish_1551306241,feature-splatting,20.919851303100582,4.220104217529297,0.8151916265487671,0.0937353298068046,0.2890119850635528,0.1847025454044342,1069039.5,564582.75,2.068170547485352,1.0922454595565796
dish_1551306290,feature-splatting,25.79795455932617,2.745356798171997,0.8943344354629517,0.0324813872575759,0.2083792686462402,0.0566022992134094,1154466.125,515149.6875,2.2334375381469727,0.9966118931770324
dish_1551306339,feature-splatting,22.683794021606445,1.0006319284439087,0.8352607488632202,0.0183664374053478,0.2257618159055709,0.015423921868205,963769.8125,478655.375,1.86451518535614,0.926009714603424
dish_1551306375,feature-splatting,20.657581329345703,5.7212233543396,0.7752275466918945,0.150225892663002,0.3134692907333374,0.1971628069877624,1006481.9375,440337.09375,1.9471464157104488,0.8518790006637573
dish_1551306452,feature-splatting,13.965208053588867,2.554975271224976,0.6641038656234741,0.0819580852985382,0.4385811686515808,0.0953972190618515,1095052.0,551960.875,2.118494749069214,1.0678269863128662
dish_1551306491,feature-splatting,25.97358512878418,2.99649977684021,0.902085781097412,0.0380791053175926,0.1708137243986129,0.0369913764297962,1047063.25,524578.0,2.0256552696228027,1.0148519277572632
dish_1551306561,feature-splatting,20.72161293029785,3.701537609100342,0.8086094260215759,0.0767393186688423,0.2909277677536011,0.1165782362222671,1036355.4375,498483.8125,2.0049400329589844,0.9643700122833252
dish_1551306647,feature-splatting,21.19723320007324,0.8007540702819824,0.7914358973503113,0.0277435760945081,0.2537726759910583,0.0401935130357742,770800.6875,649331.375,1.4911959171295166,1.256200671195984
dish_1551306691,feature-splatting,21.67533493041992,1.6982879638671875,0.8216270208358765,0.0375193729996681,0.215759739279747,0.0264965612441301,1059009.75,466255.65625,2.04876708984375,0.9020211696624756
dish_1551306798,feature-splatting,22.43644523620605,2.161025285720825,0.854286789894104,0.0271431095898151,0.2416493445634842,0.0463845394551754,903840.0625,490809.65625,1.7485748529434204,0.9495235681533812
dish_1551306860,feature-splatting,26.24361228942871,3.3172829151153564,0.8943920731544495,0.0329774841666221,0.1829306483268737,0.0450246520340442,1114810.375,493316.65625,2.156719446182251,0.9543735980987548
dish_1551306958,feature-splatting,22.58822631835937,5.514863014221191,0.8419982194900513,0.1113764196634292,0.2978149354457855,0.148136630654335,1079949.125,519659.75,2.0892765522003174,1.005337119102478
dish_1551307013,feature-splatting,19.297197341918945,4.46343469619751,0.7566337585449219,0.0803974568843841,0.3107961416244507,0.1440232098102569,969322.4375,480438.71875,1.8752574920654297,0.9294598698616028
dish_1551307090,feature-splatting,23.94942283630371,1.718881607055664,0.854271650314331,0.042246650904417,0.1803948581218719,0.0356740467250347,1010243.1875,442409.65625,1.9544228315353396,0.8558885455131531
dish_1551307170,feature-splatting,22.390363693237305,3.92611575126648,0.8325145244598389,0.0529910139739513,0.302415519952774,0.1011183857917785,1008809.3125,502810.4375,1.9516489505767824,0.9727402925491332
dish_1551307258,feature-splatting,25.94035530090332,2.6286303997039795,0.8916174173355103,0.0290831979364156,0.1816424876451492,0.0517364591360092,998716.125,497129.03125,1.9321225881576536,0.9617490172386168
dish_1551307325,feature-splatting,27.14679336547852,2.5130786895751958,0.9112787842750548,0.0195740237832069,0.1747402548789978,0.0338432006537914,1111352.25,495180.90625,2.150029182434082,0.9579801559448242
dish_1551307361,feature-splatting,22.686561584472656,2.2499234676361084,0.8497554659843445,0.0447821356356143,0.2050396203994751,0.0266789086163043,1012271.0625,489017.09375,1.958346128463745,0.9460556507110596
dish_1551307394,feature-splatting,24.678598403930664,1.687419295310974,0.872562825679779,0.028811627998948,0.168105736374855,0.0208947733044624,1030344.75,453954.0,1.9933115243911743,0.8782223463058472
dish_1551313782,feature-splatting,24.565244674682617,3.516865968704224,0.889245331287384,0.0423004068434238,0.2185112982988357,0.0820055827498436,811920.9375,650532.5,1.5707474946975708,1.2585244178771973
dish_1551313822,feature-splatting,19.682722091674805,3.377406358718872,0.8175784349441528,0.0478074848651886,0.3653963506221771,0.0719267129898071,1025189.3125,511992.46875,1.983337879180908,0.9905039668083192
dish_1551313872,feature-splatting,16.697296142578125,4.7320051193237305,0.7512078285217285,0.0897917971014976,0.4129768311977386,0.1067556589841842,1047393.125,458984.875,2.0262935161590576,0.8879550695419312
dish_1551313896,feature-splatting,19.57148742675781,1.782776117324829,0.8021213412284851,0.0415389277040958,0.2666322588920593,0.0676042735576629,1029022.0625,515018.4375,1.9907528162002563,0.9963579773902892
dish_1551313924,feature-splatting,23.09208106994629,1.998204231262207,0.8384408354759216,0.0425970517098903,0.2104914933443069,0.0375047363340854,1038186.0,500471.0625,2.00848126411438,0.968214511871338
dish_1551314022,feature-splatting,15.359058380126951,3.582831621170044,0.7226709127426147,0.0977629870176315,0.5197500586509705,0.0957654938101768,846542.5625,633481.25,1.637726664543152,1.2255369424819946
dish_1551314048,feature-splatting,17.635507583618164,1.463890552520752,0.7937846779823303,0.0428318120539188,0.4175046384334564,0.1126368418335914,1110528.75,493272.6875,2.1484360694885254,0.9542885422706604
dish_1551314095,feature-splatting,22.395740509033203,4.388821125030518,0.8556845188140869,0.0870394930243492,0.3046831786632538,0.1530198156833648,1177888.875,536951.875,2.278751373291016,1.038790583610535
dish_1551314121,feature-splatting,24.88143539428711,2.7141876220703125,0.8819485306739807,0.0234496649354696,0.1848467141389846,0.0318638682365417,1103761.125,492425.40625,2.135343551635742,0.9526493549346924
dish_1551314163,feature-splatting,22.68165397644043,3.094503879547119,0.8402540683746338,0.0389660522341728,0.239680603146553,0.0504258908331394,1009455.625,504552.09375,1.95289945602417,0.976109743118286
dish_1551314254,feature-splatting,18.29279518127441,2.8955647945404053,0.7857444882392883,0.0656217783689498,0.4572925269603729,0.0705794841051101,866656.0,617263.625,1.6766382455825806,1.194162130355835
dish_1551314290,feature-splatting,25.359695434570312,4.158560276031494,0.879987359046936,0.0595986507833004,0.2387622147798538,0.0820967108011245,1166142.875,531604.875,2.2560274600982666,1.0284461975097656
dish_1551314337,feature-splatting,23.65511131286621,4.60948371887207,0.8624036312103271,0.0485248602926731,0.2861896157264709,0.0902936607599258,890006.0,655755.8125,1.721811294555664,1.2686294317245483
dish_1551314360,feature-splatting,25.21292304992676,2.068904399871826,0.8868526816368103,0.0357742384076118,0.1647854447364807,0.0404315888881683,1037108.625,466346.40625,2.006397008895874,0.9021967053413392
dish_1551314390,feature-splatting,25.560060501098636,3.779716968536377,0.9050369262695312,0.0318677350878715,0.1603134572505951,0.0420383289456367,1057476.125,468352.21875,2.04580020904541,0.906077206134796
dish_1551314442,feature-splatting,21.96382141113281,4.757540702819824,0.8323121666908264,0.0702270939946174,0.3049065470695495,0.1483962386846542,1096258.0,485722.59375,2.1208279132843018,0.9396820664405824
dish_1551314496,feature-splatting,17.394214630126953,4.814073085784912,0.7258866429328918,0.1356979310512542,0.4762920141220093,0.1667896956205368,669347.375,672590.9375,1.2949236631393433,1.3011987209320068
dish_1551314531,feature-splatting,23.929441452026367,4.08698034286499,0.8663311004638672,0.0498868636786937,0.2244171649217605,0.0923027172684669,1046226.6875,463570.40625,2.0240368843078613,0.8968263268470764
dish_1551314560,feature-splatting,22.41095924377441,2.2556185722351074,0.8441915512084961,0.0311888493597507,0.1951763480901718,0.0238513480871915,991009.1875,434391.46875,1.917212724685669,0.8403765559196472
dish_1551314589,feature-splatting,22.505905151367188,5.234323501586914,0.8211035132408142,0.1229180470108985,0.2409893274307251,0.171893686056137,996111.375,434611.1875,1.9270834922790527,0.8408015966415405
dish_1551314669,feature-splatting,26.04363822937012,5.8597493171691895,0.8628418445587158,0.093038372695446,0.2186523675918579,0.1016409769654274,1085990.75,480593.4375,2.1009645462036133,0.92975914478302
dish_1551314810,feature-splatting,24.99883079528809,0.4308750033378601,0.8799720406532288,0.0132734542712569,0.1973896324634552,0.0318059064447879,1066114.875,473057.78125,2.0625128746032715,0.9151806235313416
dish_1551314855,feature-splatting,26.489166259765625,1.8593051433563232,0.8923729658126831,0.0329919308423996,0.1975472718477249,0.0411827266216278,1070252.5,537727.625,2.070517301559448,1.0402913093566897
dish_1551314927,feature-splatting,24.25027847290039,3.3661372661590576,0.8629059791564941,0.0462998822331428,0.1894178241491317,0.0489108152687549,1051729.75,468052.375,2.0346832275390625,0.905497133731842
dish_1551314967,feature-splatting,24.52852249145508,2.283990859985352,0.8719327449798584,0.0245389863848686,0.1851426512002945,0.019120829179883,976407.1875,485766.09375,1.8889635801315308,0.9397661685943604
dish_1551316737,feature-splatting,24.87248992919922,6.624615669250488,0.8616381883621216,0.1101962253451347,0.2899618744850158,0.2253984808921814,1146057.5,510217.21875,2.217170238494873,0.9870695471763612
dish_1551316788,feature-splatting,24.256067276000977,3.5180411338806152,0.8579289317131042,0.0738569572567939,0.2372313290834427,0.0948902294039726,1124027.125,507088.90625,2.1745500564575195,0.9810174703598022
dish_1551316838,feature-splatting,16.05044937133789,5.747020244598389,0.7056686282157898,0.1129394918680191,0.4474423229694366,0.1252379268407821,1011151.0625,560944.0,1.9561792612075808,1.0852059125900269
dish_1551316878,feature-splatting,21.32454490661621,5.8888840675354,0.798653781414032,0.1398617476224899,0.2799206972122192,0.1931718289852142,1037312.875,460939.8125,2.0067920684814453,0.8917371034622192
dish_1551317350,feature-splatting,22.48052215576172,2.7258224487304688,0.8360896706581116,0.0638682842254638,0.2275436520576477,0.0736933276057243,803248.25,584672.125,1.5539692640304563,1.1311105489730835
dish_1551317449,feature-splatting,23.386117935180664,4.917255401611328,0.8661800622940063,0.0633992701768875,0.2641473710536957,0.1102866381406784,869522.5625,627972.25,1.682183861732483,1.214879035949707
dish_1551317508,feature-splatting,25.44213485717773,2.8101515769958496,0.8954869508743286,0.0307826250791549,0.1936796009540558,0.0437060967087745,1085287.625,478765.1875,2.099604368209839,0.9262222051620485
dish_1551317589,feature-splatting,17.476531982421875,5.453420639038086,0.7501094937324524,0.1308021247386932,0.4425137042999267,0.1977284401655197,1142580.875,505820.6875,2.210444450378418,0.9785639643669128
dish_1551317628,feature-splatting,22.391254425048828,4.439463138580322,0.8299037218093872,0.1006216034293174,0.2410427629947662,0.1114009618759155,667478.3125,661150.9375,1.291307806968689,1.279066801071167
dish_1551317743,feature-splatting,24.2353630065918,2.9256129264831543,0.8623179197311401,0.0539463236927986,0.1851467788219452,0.0478816963732242,1050783.375,464900.1875,2.0328524112701416,0.8993988633155823
dish_1551317998,feature-splatting,20.058269500732425,3.952368021011353,0.8091350793838501,0.0979067012667656,0.3775892257690429,0.1815489828586578,891143.5,634255.875,1.724012017250061,1.227035403251648
dish_1551318068,feature-splatting,23.54795837402344,4.645987510681152,0.8740559220314026,0.0567658729851245,0.2416088134050369,0.0995819419622421,1134636.25,511125.09375,2.1950745582580566,0.9888258576393129
dish_1551318183,feature-splatting,25.413084030151367,2.6569037437438965,0.8768656253814697,0.0370936244726181,0.1840996742248535,0.0412517786026001,1055194.125,487214.625,2.0413851737976074,0.94256854057312
dish_1551318377,feature-splatting,24.421579360961918,2.4010772705078125,0.8621890544891357,0.0421237871050834,0.1698294878005981,0.0404521338641643,825704.5625,584052.75,1.597413420677185,1.129912257194519
dish_1551318422,feature-splatting,24.205480575561523,3.2488694190979004,0.8551115393638611,0.0594800040125846,0.1699074506759643,0.0584020540118217,952027.0,466557.0625,1.841797471046448,0.9026042819023132
dish_1551318504,feature-splatting,23.62857437133789,5.308722019195557,0.862400233745575,0.0732200220227241,0.2313990145921707,0.0950367450714111,1079086.125,483240.875,2.087606906890869,0.9348809123039246
dish_1551318543,feature-splatting,26.004409790039062,3.346608161926269,0.903019368648529,0.0371520817279815,0.2215654551982879,0.109803207218647,896929.625,654573.5,1.7352057695388794,1.266342043876648
dish_1551318603,feature-splatting,22.8958797454834,5.460963249206543,0.8466280698776245,0.0967889204621315,0.2817505598068237,0.1645784974098205,1083119.625,481195.875,2.095410108566284,0.9309245944023132
dish_1551318673,feature-splatting,22.66028594970703,6.592009544372559,0.7975415587425232,0.1597654521465301,0.2739695012569427,0.2038393914699554,985581.9375,436744.65625,1.9067131280899048,0.844929039478302
dish_1551318716,feature-splatting,23.85781478881836,3.6024837493896484,0.8749591112136841,0.0481244064867496,0.1934868097305297,0.0852479115128517,1039850.125,459268.09375,2.0117006301879883,0.8885030150413513
dish_1551319895,feature-splatting,23.82667350769043,2.606830596923828,0.8882117867469788,0.017777744680643,0.1933512687683105,0.0287674944847822,1126711.25,500818.4375,2.179742813110352,0.9688865542411804
dish_1551320684,feature-splatting,18.481889724731445,4.331904888153076,0.75081467628479,0.1095480620861053,0.3694645166397095,0.1679264158010482,1062358.75,522308.65625,2.055246114730835,1.010461688041687
dish_1551321715,feature-splatting,22.571836471557617,4.871597290039063,0.8711346387863159,0.0596089623868465,0.2745463848114013,0.106359101831913,1172295.25,520101.625,2.267929792404175,1.006191968917847
dish_1551321757,feature-splatting,22.32720184326172,1.98824679851532,0.8255640864372253,0.0568404756486415,0.2215445339679718,0.0519051365554332,1068509.75,475264.25,2.067145824432373,0.9194493293762208
dish_1551321793,feature-splatting,22.643037796020508,2.1354191303253174,0.8447334170341492,0.0167127922177314,0.1953420341014862,0.0399054177105426,1014472.5,505024.875,1.9626049995422363,0.9770243763923644
dish_1551322577,feature-splatting,26.5262393951416,4.464479446411133,0.906774878501892,0.0385975390672683,0.1957724690437317,0.0471054948866367,1129085.375,499594.59375,2.184335708618164,0.9665188789367676
dish_1551322652,feature-splatting,25.59832763671875,3.0986385345458984,0.8990365266799927,0.0275582559406757,0.1921254843473434,0.0391432419419288,1091542.25,492704.34375,2.1117045879364014,0.9531890153884888
dish_1551322714,feature-splatting,25.441131591796875,3.367433547973633,0.8874154686927795,0.0387480705976486,0.2018538117408752,0.0575109608471393,1119733.75,500196.3125,2.1662442684173584,0.9676830172538756
dish_1551322755,feature-splatting,25.873443603515625,3.7453248500823975,0.8918241262435913,0.0385346002876758,0.1518883854150772,0.0357558466494083,1038017.75,457283.9375,2.0081558227539062,0.8846644759178162
dish_1551322804,feature-splatting,24.26072120666504,4.250289916992188,0.8652999997138977,0.0825652033090591,0.2050661146640777,0.1324996203184127,830833.0625,596068.875,1.6073349714279177,1.1531586647033691
dish_1551322890,feature-splatting,25.44879150390625,2.5704874992370605,0.889923632144928,0.0181574393063783,0.1903166770935058,0.016972092911601,1068270.5,471499.75,2.066682815551758,0.91216641664505
dish_1551322934,feature-splatting,21.0738582611084,5.157267093658447,0.8135823607444763,0.092443510890007,0.3132637441158294,0.162830501794815,1020293.9375,511146.71875,1.9738671779632568,0.9888677597045898
dish_1551322988,feature-splatting,26.58346939086914,3.283846855163574,0.9058563709259032,0.0277127753943204,0.1854450404644012,0.0428847447037696,1118355.625,495218.875,2.1635780334472656,0.9580535888671876
dish_1551323035,feature-splatting,22.47007179260254,2.7493906021118164,0.8382070064544678,0.0428550019860267,0.2149549126625061,0.0838209316134452,1028938.0,454608.8125,1.9905900955200195,0.8794891238212585
dish_1551323073,feature-splatting,23.630035400390625,1.8663148880004885,0.8480501770973206,0.0216244552284479,0.1983730047941208,0.0205961782485246,739485.5625,661541.8125,1.4306135177612305,1.2798230648040771
dish_1551323219,feature-splatting,14.250548362731934,3.452993869781494,0.680105447769165,0.0734638795256614,0.5652697086334229,0.1506751626729965,1062873.0,468484.28125,2.0562407970428467,0.9063326716423036
dish_1551323262,feature-splatting,24.922748565673828,5.641636371612549,0.885692834854126,0.0791150256991386,0.2531377375125885,0.1986013799905777,1122677.375,545352.375,2.171938896179199,1.0550421476364136
dish_1551323309,feature-splatting,23.38997459411621,3.9313442707061768,0.8511207103729248,0.0474626906216144,0.2264710068702697,0.0739125683903694,992457.75,493426.53125,1.9200150966644287,0.954586148262024
dish_1551323342,feature-splatting,24.82707023620605,2.857720375061035,0.8711674213409424,0.0419220104813575,0.1841823905706405,0.047779630869627,1020431.75,449082.78125,1.974133849143982,0.8687984347343445
dish_1551323381,feature-splatting,22.50726318359375,6.143008708953857,0.8427224159240723,0.0699573829770088,0.2015993297100067,0.0571788549423217,952619.1875,523996.15625,1.8429431915283203,1.0137263536453247
dish_1551323433,feature-splatting,23.280010223388672,4.449296474456787,0.8448390960693359,0.0585965290665626,0.2717227637767792,0.1010656803846359,1064429.125,537532.375,2.059251546859741,1.0399136543273926
dish_1551323487,feature-splatting,26.05086326599121,2.825031280517578,0.8958285450935364,0.0337428376078605,0.1844706833362579,0.0387325845658779,1075523.25,474883.71875,2.080714225769043,0.9187130928039552
dish_1551323574,feature-splatting,24.82873916625977,3.423694133758545,0.881123423576355,0.0357896499335765,0.2129383385181427,0.0394598990678787,1103329.125,487772.625,2.134507656097412,0.943648099899292
dish_1551323662,feature-splatting,22.066871643066406,1.4641910791397097,0.8196510672569275,0.0208930913358926,0.2358243763446808,0.0241062436252832,991589.25,492011.6875,1.9183348417282104,0.9518489837646484
dish_1551323794,feature-splatting,22.358030319213867,5.349854469299316,0.8498119115829468,0.0930399447679519,0.3167692720890045,0.171799436211586,1109117.875,498015.0625,2.1457066535949707,0.9634631276130676
dish_1551323866,feature-splatting,25.87530899047852,4.849481105804443,0.88383948802948,0.0823905989527702,0.2301686108112335,0.145190343260765,875261.5,647970.1875,1.6932865381240845,1.2535673379898071
dish_1551323937,feature-splatting,17.479084014892578,6.390443325042725,0.7117363214492798,0.1417837888002395,0.4035674929618835,0.2351059764623642,778112.0,652224.6875,1.5053404569625854,1.2617980241775513
dish_1551323969,feature-splatting,21.28421401977539,4.778784275054932,0.7992547154426575,0.0856684148311615,0.2726988196372986,0.0956936255097389,989615.5,442373.53125,1.914516568183899,0.8558186888694763
dish_1551324010,feature-splatting,20.557880401611328,4.666619300842285,0.784205973148346,0.1120895147323608,0.2641767859458923,0.139177992939949,1004679.3125,438743.6875,1.9436590671539309,0.8487963080406189
dish_1551324079,feature-splatting,22.333162307739254,1.510300874710083,0.8469764590263367,0.0332208834588527,0.2407551109790802,0.0361347906291484,1087781.375,566463.75,2.104428768157959,1.0958844423294067
dish_1551324180,feature-splatting,23.41057586669922,2.617495059967041,0.8581604957580566,0.0401186347007751,0.254275918006897,0.0663223788142204,1025108.3125,448287.84375,1.983181118965149,0.8672605156898499
dish_1551324246,feature-splatting,24.43881225585937,2.5054073333740234,0.8662181496620178,0.0325763188302516,0.2211941033601761,0.0564602427184581,763699.8125,663109.75,1.4774585962295532,1.2828563451766968
dish_1551324284,feature-splatting,22.89413833618164,2.032062292098999,0.8332630395889282,0.0387354791164398,0.2235756814479828,0.0291783586144447,774390.9375,590293.3125,1.4981416463851929,1.1419851779937744
dish_1551324331,feature-splatting,20.893461227416992,3.608873605728149,0.8116008043289185,0.0751171335577964,0.2646700739860534,0.1278634369373321,1003704.25,440284.75,1.941772699356079,0.8517777323722839
dish_1551373181,feature-splatting,20.135406494140625,6.817429542541504,0.7873432040214539,0.1071744784712791,0.3886367082595825,0.1991757005453109,955560.875,722126.3125,1.848634123802185,1.397030234336853
dish_1551373253,feature-splatting,23.84515190124512,3.507103681564331,0.8404695987701416,0.0707873329520225,0.2274038791656494,0.0894172042608261,1057446.375,510910.59375,2.045742511749268,0.9884109497070312
dish_1551373647,feature-splatting,24.083755493164062,5.243438720703125,0.8751002550125122,0.0797097310423851,0.2192546427249908,0.1148222163319587,1172273.0,529994.75,2.2678868770599365,1.0253312587738037
dish_1551373738,feature-splatting,24.87544059753418,2.465232610702514,0.8752061724662781,0.0362530685961246,0.1627354919910431,0.0465644523501396,845258.125,602444.5,1.6352417469024658,1.1654930114746094
dish_1551373813,feature-splatting,25.553199768066406,3.554148435592652,0.8833946585655212,0.0447201021015644,0.1505211889743805,0.0535029955208301,1080326.5,427463.0,2.0900065898895264,0.8269726634025574
dish_1551374021,feature-splatting,20.30282974243164,4.253611087799072,0.7980496287345886,0.0851080045104026,0.3161733746528625,0.109811432659626,1054201.625,489266.625,2.0394651889801025,0.9465383887290956
dish_1551374155,feature-splatting,21.95663833618164,1.8727407455444336,0.8454018235206604,0.0435744300484657,0.2591952085494995,0.0454663857817649,1082651.125,475949.9375,2.094503879547119,0.920775830745697
dish_1551374189,feature-splatting,25.222909927368164,1.922895431518555,0.8839549422264099,0.0389588885009288,0.2012624740600586,0.0498501993715763,1111625.625,494033.1875,2.1505582332611084,0.9557597637176514
dish_1551374222,feature-splatting,21.084959030151367,3.629233121871948,0.8003337383270264,0.0647199228405952,0.2589408755302429,0.107059471309185,1018758.375,446140.75,1.9708964824676516,0.8631067276000977
dish_1551374332,feature-splatting,23.75948905944824,2.354519844055176,0.8554295897483826,0.0444321110844612,0.1860599219799041,0.035184770822525,996657.875,499647.34375,1.928140640258789,0.966620922088623
dish_1551374440,feature-splatting,18.422670364379883,2.363760232925415,0.7988118529319763,0.0330080427229404,0.4251488745212555,0.0685029104351997,1131597.0,507572.5625,2.189194917678833,0.9819530844688416
dish_1551374463,feature-splatting,23.681419372558597,3.164229393005371,0.8646330237388611,0.0350940153002738,0.2350863963365554,0.070824883878231,1110121.625,536852.25,2.147648572921753,1.038597822189331
dish_1551374502,feature-splatting,18.85878562927246,3.946915864944458,0.7746865749359131,0.0819941088557243,0.4032930731773376,0.1213867887854576,1031102.875,451747.3125,1.9947782754898071,0.8739532232284546
dish_1551374527,feature-splatting,23.99930191040039,2.2395565509796143,0.8758316040039062,0.0273758061230182,0.1830458343029022,0.0433716289699077,1034978.5625,457428.46875,2.0022761821746826,0.8849440217018127
dish_1551374560,feature-splatting,24.616687774658203,1.7123981714248655,0.8659114241600037,0.036774642765522,0.1850814521312713,0.0223116669803857,898597.75,492249.75,1.7384328842163086,0.9523094892501832
dish_1551374604,feature-splatting,24.811670303344727,1.7474714517593384,0.8867955207824707,0.024629758670926,0.1945514678955078,0.033725906163454,1072341.125,473977.21875,2.074558019638061,0.9169594049453736
dish_1551374665,feature-splatting,16.01046371459961,2.0730600357055664,0.7314819693565369,0.0789756774902343,0.5443723201751709,0.1298063248395919,1061388.375,512289.40625,2.05336856842041,0.9910783767700196
dish_1551374712,feature-splatting,24.188766479492188,4.468570709228516,0.8668988347053528,0.0596089363098144,0.2357592135667801,0.0951971113681793,1113691.625,491403.625,2.154555082321167,0.9506726264953612
dish_1551374746,feature-splatting,25.04747772216797,2.667567491531372,0.8749691843986511,0.0318301990628242,0.1825432479381561,0.0317530147731304,777716.9375,594428.1875,1.5045762062072754,1.14998459815979
dish_1551374783,feature-splatting,25.8017692565918,2.0924108028411865,0.8923794627189636,0.0192612819373607,0.1791802495718002,0.033539529889822,1007331.25,441197.71875,1.948789477348328,0.8535439968109131
dish_1551374831,feature-splatting,21.089941024780277,4.036475658416748,0.8149557709693909,0.0999169275164604,0.3053376078605652,0.1393497735261917,1073403.875,475904.75,2.0766141414642334,0.9206883907318116
dish_1551374895,feature-splatting,21.738431930541992,5.08193826675415,0.809500515460968,0.1063658073544502,0.2914976477622986,0.1670342683792114,1127389.75,585715.0625,2.1810555458068848,1.1331281661987305
dish_1551374946,feature-splatting,19.73717498779297,5.403424739837647,0.7569656372070312,0.1362229436635971,0.4083422124385834,0.218782290816307,814887.6875,728869.3125,1.5764869451522827,1.4100751876831057
dish_1551374982,feature-splatting,22.612106323242188,2.8271026611328125,0.8311427235603333,0.0822942852973938,0.2034442275762558,0.0647279694676399,1064856.875,470693.78125,2.0600790977478027,0.9106072187423706
dish_1551375027,feature-splatting,20.7280216217041,2.453547954559326,0.7925527095794678,0.0792504251003265,0.2373300790786743,0.0655707344412803,1058686.5,469735.75,2.0481414794921875,0.9087538123130798
dish_1551375086,feature-splatting,22.41901969909668,5.383823394775391,0.8273448944091797,0.1028188094496727,0.2975046038627624,0.1690890491008758,998406.5625,498661.5625,1.931523680686951,0.9647138118743896
dish_1551375142,feature-splatting,18.88340187072754,6.020264625549316,0.7495578527450562,0.1266786307096481,0.4203126430511474,0.2093067914247512,1035862.125,516984.34375,2.003985643386841,1.0001611709594729
dish_1551375189,feature-splatting,15.142781257629396,1.5619430541992188,0.7084367275238037,0.0595050603151321,0.4456693530082702,0.0616184920072555,821772.375,619320.8125,1.589806079864502,1.1981420516967771
dish_1551375218,feature-splatting,19.69489479064941,4.20905876159668,0.7289607524871826,0.1372255831956863,0.3211830854415893,0.1869510263204574,1054244.0,541924.5625,2.039547204971313,1.0484107732772827
dish_1551375252,feature-splatting,22.45060157775879,1.1368852853775024,0.8207456469535828,0.0307618603110313,0.1986055672168731,0.0262116715312004,1034219.8125,456788.34375,2.0008082389831543,0.8837056756019592
dish_1551375297,feature-splatting,22.994447708129883,2.878114461898804,0.8461313247680664,0.0313596352934837,0.2541751265525818,0.0609573647379875,1089187.375,479607.21875,2.1071488857269287,0.9278512001037598
dish_1551375366,feature-splatting,26.521469116210938,6.139000415802002,0.8862792253494263,0.0814955532550811,0.2345731854438781,0.1701907813549041,933274.25,600095.5,1.805518388748169,1.160948634147644
dish_1551375411,feature-splatting,22.43724250793457,4.971150875091553,0.8474583029747009,0.0734046846628189,0.2769267559051513,0.1225927099585533,837992.0,618030.5,1.6211847066879272,1.195645809173584
dish_1551375443,feature-splatting,21.85088157653809,4.112895488739014,0.816484272480011,0.0819779336452484,0.2603679597377777,0.1292527914047241,994443.25,433253.40625,1.9238563776016235,0.8381748795509338
dish_1551375480,feature-splatting,22.806570053100582,1.538571834564209,0.8306984901428223,0.0366633981466293,0.2287506461143493,0.0425086989998817,958459.75,473842.375,1.8542424440383911,0.9166985154151917
dish_1551375596,feature-splatting,25.31393814086914,3.165960788726806,0.8943763971328735,0.0419646687805652,0.2112129032611847,0.0674242004752159,1139190.0,507979.34375,2.2038843631744385,0.9827401041984558
dish_1551375650,feature-splatting,25.384048461914062,2.17082142829895,0.8823152780532837,0.0434958636760711,0.1913560032844543,0.0514342784881591,1113046.875,494764.4375,2.153307676315308,0.9571744203567504
dish_1551375715,feature-splatting,23.670679092407227,2.6666736602783203,0.8662890195846558,0.0411677733063697,0.2470312118530273,0.0388189554214477,760664.5,663381.875,1.4715863466262815,1.283382773399353
dish_1551375747,feature-splatting,24.937036514282227,4.233651161193848,0.8646456599235535,0.071705974638462,0.2070293873548507,0.0989040806889534,989244.625,431946.125,1.9137989282608032,0.8356456756591797
dish_1551375783,feature-splatting,23.86133575439453,4.460464000701904,0.8603944778442383,0.0649562403559684,0.1886137723922729,0.0690434277057647,1039974.1875,456222.5,2.011940717697144,0.8826109766960144
dish_1551375848,feature-splatting,19.562395095825195,5.853528022766113,0.7687516808509827,0.1220504716038703,0.4356038272380829,0.2219760417938232,1079095.5,475023.75,2.087625026702881,0.9189839959144592
dish_1551375933,feature-splatting,24.98819923400879,3.4324018955230717,0.8807127475738525,0.0367512591183185,0.2210757732391357,0.0624282211065292,1130027.5,502458.40625,2.1861586570739746,0.9720593094825744
dish_1551375981,feature-splatting,23.00692176818848,2.675819158554077,0.8363972902297974,0.0494237877428531,0.2307773977518081,0.0360321402549743,1043064.6875,508549.46875,2.017919540405273,0.9838430285453796
dish_1551376575,feature-splatting,22.8707275390625,2.5912210941314697,0.8193234205245972,0.0497940629720687,0.2026488035917282,0.0546180047094821,1097010.125,435073.75,2.1222827434539795,0.8416965007781982
dish_1551376623,feature-splatting,22.29057884216309,1.950974464416504,0.8137474060058594,0.0606957077980041,0.2129732966423034,0.0492513850331306,1065070.125,469563.75,2.0604915618896484,0.9084210395812988
dish_1551376692,feature-splatting,24.016077041625977,3.722203254699707,0.8703811168670654,0.0426090024411678,0.2147049158811569,0.0694972202181816,1072443.875,506130.125,2.074756860733032,0.979162573814392
dish_1551376892,feature-splatting,20.5407657623291,3.936634063720703,0.8226738572120667,0.1115076467394828,0.3153840899467468,0.1658154278993606,1087173.625,484982.03125,2.103253126144409,0.9382493495941162
dish_1551376933,feature-splatting,20.102561950683597,3.840202808380127,0.8064395785331726,0.0476435981690883,0.2477798908948898,0.0804721787571907,976843.375,485637.03125,1.8898074626922607,0.9395164847373962
dish_1551376970,feature-splatting,21.60208511352539,4.476386070251465,0.8073335289955139,0.0930676683783531,0.2719734907150268,0.1200087666511535,1012276.4375,443170.46875,1.958356499671936,0.8573604226112366
dish_1551377052,feature-splatting,25.03326416015625,3.66449785232544,0.8860039710998535,0.0383441634476184,0.2086195647716522,0.0539609268307685,1084255.75,476900.0,2.097608089447021,0.922613799571991
dish_1551377094,feature-splatting,23.86372184753418,4.222655773162842,0.8772956728935242,0.0535487793385982,0.2324510067701339,0.1066327467560768,1148223.375,510806.15625,2.221360206604004,0.988208830356598
dish_1551377135,feature-splatting,20.811908721923828,5.486844539642334,0.7979922890663147,0.1108455583453178,0.3691073656082153,0.2305309176445007,773211.4375,672147.625,1.4958597421646118,1.3003411293029783
dish_1551377177,feature-splatting,22.50534439086914,5.124533653259277,0.8265142440795898,0.1136026754975318,0.2488691210746765,0.1690074652433395,1035427.6875,454548.5625,2.0031449794769287,0.8793725371360779
dish_1551377209,feature-splatting,21.474681854248047,5.946475505828857,0.7979806065559387,0.1367783844470977,0.2889446318149566,0.1985898613929748,966997.3125,478947.21875,1.8707592487335205,0.9265743494033812
dish_1551377316,feature-splatting,22.287540435791016,3.8499035835266113,0.8683445453643799,0.0379147492349147,0.2277105748653412,0.0757599249482154,1096438.0,484773.34375,2.12117600440979,0.9378455877304076
dish_1551377388,feature-splatting,23.69489860534668,4.721220970153809,0.8508700132369995,0.0927633345127105,0.2657617330551147,0.1624573469161987,1153926.5,518589.15625,2.232393741607666,1.0032659769058228
dish_1551377438,feature-splatting,24.41128921508789,5.60640811920166,0.8670927286148071,0.0886953175067901,0.2378665506839752,0.1750652641057968,1102340.5,490831.5625,2.1325948238372803,0.949565887451172
dish_1551377473,feature-splatting,24.991533279418945,2.1934924125671387,0.8812820315361023,0.0288517940789461,0.1874919086694717,0.0635826960206031,640566.0625,636414.25,1.2392431497573853,1.2312110662460327
dish_1551377521,feature-splatting,25.031147003173828,1.8175561428070068,0.8647885918617249,0.0459932163357734,0.1710762828588485,0.0420627035200595,993653.875,474189.9375,1.9223291873931885,0.917370855808258
dish_1551377674,feature-splatting,20.450668334960938,3.010658025741577,0.8133018016815186,0.0789885446429252,0.2676138281822204,0.0735283568501472,1054849.125,464085.96875,2.040717840194702,0.897823691368103
dish_1551377737,feature-splatting,22.11958122253418,3.888629913330078,0.8457876443862915,0.0525737628340721,0.2616675496101379,0.0732383206486702,1022678.5,447952.53125,1.9784804582595823,0.866611897945404
dish_1551377782,feature-splatting,24.49081802368164,3.227818489074707,0.8736026287078857,0.0478968955576419,0.1976986676454544,0.0477604307234287,1011148.8125,552120.25,1.9561749696731567,1.068135380744934
dish_1551377828,feature-splatting,19.148822784423828,4.494862079620361,0.7377833724021912,0.1358503997325897,0.3203017711639404,0.2016276717185974,953791.875,527927.25,1.8452118635177608,1.0213314294815063
dish_1551377874,feature-splatting,22.39608383178711,2.1284210681915283,0.8069254755973816,0.0554071217775344,0.2172494232654571,0.0245449114590883,998464.875,437881.6875,1.9316365718841555,0.8471287488937378
dish_1551378018,feature-splatting,23.49601936340332,5.371316432952881,0.8607175350189209,0.0770868808031082,0.2272742539644241,0.1077692806720733,1103814.875,535733.1875,2.1354475021362305,1.036432862281799
dish_1551378054,feature-splatting,19.405675888061523,4.510732173919678,0.7826095223426819,0.098103143274784,0.353181928396225,0.1994132250547409,684482.875,667673.3125,1.324204921722412,1.2916851043701172
dish_1551378099,feature-splatting,23.96681022644043,3.0874924659729004,0.8790282607078552,0.0182915367186069,0.2291506230831146,0.0265576932579278,878415.875,548222.3125,1.6993889808654783,1.0605944395065308
dish_1551378151,feature-splatting,21.773681640625,2.1744699478149414,0.8406410217285156,0.024008609354496,0.2163508832454681,0.0267532430589199,1034747.0,496162.6875,2.001828193664551,0.9598795175552368
dish_1551378179,feature-splatting,23.467832565307617,1.892016887664795,0.8493294715881348,0.0408877283334732,0.1739605367183685,0.0173907298594713,1048045.625,509612.46875,2.0275557041168213,0.9858995676040648
dish_1551378291,feature-splatting,20.805606842041016,3.55318021774292,0.801289975643158,0.0861310586333274,0.2684740424156189,0.1104504168033599,985318.0625,477929.40625,1.9062026739120483,0.9246053099632264
dish_1551378344,feature-splatting,26.24536895751953,3.043208122253418,0.9001553654670715,0.0456301309168338,0.1822030544281005,0.0537779927253723,1098209.875,488015.15625,2.124603748321533,0.9441172480583192
dish_1551378397,feature-splatting,21.352895736694336,2.3040714263916016,0.8049485087394714,0.0606189332902431,0.3047222197055816,0.0530881062150001,1080122.25,477892.0,2.089611291885376,0.924532949924469
dish_1551378449,feature-splatting,18.176374435424805,5.887908458709717,0.7158971428871155,0.1484165638685226,0.3659342527389526,0.2297718375921249,763681.5625,659398.875,1.4774231910705566,1.2756773233413696
dish_1551378490,feature-splatting,22.754125595092773,1.82135021686554,0.8443083763122559,0.0215829871594905,0.196888267993927,0.0301156286150217,1056684.625,466082.75,2.044268846511841,0.901686668395996
dish_1551378584,feature-splatting,20.738649368286133,4.766475200653076,0.80045086145401,0.1186093538999557,0.3248067200183868,0.189317986369133,1089283.5,479827.53125,2.107335090637207,0.9282774329185486
dish_1551378635,feature-splatting,19.54794692993164,4.195454120635986,0.7923683524131775,0.102220669388771,0.3843221068382263,0.1961183995008468,1005327.1875,500219.78125,1.944912433624268,0.9677284359931946
dish_1551378684,feature-splatting,21.407611846923828,5.355889320373535,0.8242329955101013,0.095392920076847,0.3385483920574188,0.2439210265874862,880391.6875,615586.4375,1.7032114267349243,1.1909174919128418
dish_1551378719,feature-splatting,23.23307228088379,1.3062914609909058,0.8430134057998657,0.0407989211380481,0.1975797414779663,0.0308482069522142,651523.125,645982.5,1.2604408264160156,1.249721884727478
dish_1551378762,feature-splatting,22.160200119018555,1.628315806388855,0.8313758969306946,0.0241930019110441,0.2308982014656067,0.0320770628750324,968923.1875,481401.75,1.8744851350784304,0.9313229322433472
dish_1551378829,feature-splatting,23.33183479309082,0.691588282585144,0.8415234684944153,0.035148300230503,0.236016571521759,0.0503980703651905,1012264.3125,503936.125,1.9583330154418943,0.9749181270599364
dish_1551378898,feature-splatting,23.809402465820312,3.155214786529541,0.8814200162887573,0.0333484970033168,0.2088019251823425,0.0525243803858757,1051690.25,464197.0,2.034606695175171,0.8980384469032288
dish_1551378955,feature-splatting,23.584381103515625,3.001537799835205,0.857591450214386,0.0543764717876911,0.2248873114585876,0.0569769330322742,1078030.125,477449.875,2.085563898086548,0.923677623271942
dish_1551378996,feature-splatting,23.75914192199707,2.6626226902008057,0.8379669189453125,0.0469473898410797,0.1964094042778015,0.0410631969571113,1024330.6875,449225.28125,1.981676697731018,0.8690741062164307
dish_1551379045,feature-splatting,23.02566909790039,3.465301036834717,0.8357775807380676,0.0542303547263145,0.2196816504001617,0.0820368379354476,997860.375,436183.875,1.9304670095443728,0.8438441157341003
dish_1551379162,feature-splatting,15.372940063476562,6.751211643218994,0.6810116171836853,0.1754912137985229,0.4639047682285309,0.2475424706935882,1119035.75,600995.375,2.164893627166748,1.1626895666122437
dish_1551379252,feature-splatting,19.68304443359375,5.282751083374023,0.7667034268379211,0.1326103955507278,0.335179328918457,0.1582466214895248,1041970.0625,519957.125,2.0158019065856934,1.00591242313385
dish_1551379331,feature-splatting,25.90830421447754,4.320586681365967,0.8898434638977051,0.0506561771035194,0.1948954164981842,0.0650838389992713,1127507.875,506116.5,2.181283950805664,0.9791362285614014
dish_1551379379,feature-splatting,23.05205535888672,1.9258918762207031,0.8546992540359497,0.028775468468666,0.1842204928398132,0.0386526696383953,1093516.0,484174.03125,2.115523099899292,0.9366861581802368
dish_1551379408,feature-splatting,20.81182289123535,2.82251501083374,0.7952008247375488,0.0731951594352722,0.2226520776748657,0.0511060357093811,1094430.75,482262.6875,2.117292881011963,0.9329885244369508
dish_1551379478,feature-splatting,25.757686614990234,2.4136264324188232,0.9016078114509584,0.0262148454785347,0.2010382413864135,0.0477705225348472,1106838.5,489711.875,2.1412971019744877,0.9473997354507446
dish_1551379524,feature-splatting,21.59274101257324,3.8542752265930176,0.8302735090255737,0.0447085760533809,0.3185830414295196,0.1024383455514907,967631.9375,479057.125,1.871986985206604,0.9267869591712952
dish_1551379566,feature-splatting,25.501895904541016,2.904739618301392,0.8730040788650513,0.0763578191399574,0.1897967159748077,0.078969120979309,1073535.0,476567.53125,2.076867818832397,0.9219706058502196
dish_1551379605,feature-splatting,25.305803298950195,1.8948537111282349,0.8812582492828369,0.038994338363409,0.1696835160255432,0.0345199480652809,1021059.9375,448052.75,1.9753490686416624,0.8668057322502136
dish_1551379654,feature-splatting,24.828527450561523,2.89715838432312,0.874950110912323,0.0278875883668661,0.1765480935573578,0.0392183288931846,1007271.0,442211.25,1.9486730098724363,0.8555047512054443
dish_1551379741,feature-splatting,21.96146011352539,4.606545925140381,0.8354954123497009,0.0920687541365623,0.2946729660034179,0.1500579267740249,1046273.3125,462744.6875,2.0241270065307617,0.8952288627624512
dish_1551379788,feature-splatting,15.782842636108398,2.4028849601745605,0.7265470623970032,0.0830717906355857,0.4603321254253387,0.073972463607788,920802.4375,524604.9375,1.7813903093338013,1.0149041414260864
dish_1551379852,feature-splatting,24.03804016113281,2.607417106628418,0.880352258682251,0.037427894771099,0.1931035816669464,0.0450106523931026,1105136.75,492851.5625,2.1380045413970947,0.9534738063812256
dish_1551379881,feature-splatting,23.22414207458496,3.045730829238892,0.839646577835083,0.0536936745047569,0.2031566053628921,0.04967837408185,974840.5,482372.59375,1.885932683944702,0.9332010746002196
dish_1551379922,feature-splatting,25.15830421447754,2.018863677978516,0.8770356178283691,0.036501444876194,0.161769688129425,0.0399436093866825,1023561.75,450177.71875,1.9801890850067136,0.8709167242050171
dish_1551380856,feature-splatting,25.050518035888672,4.005787372589111,0.890070378780365,0.0493499524891376,0.2026744335889816,0.0942889302968978,1106788.25,496582.28125,2.141199827194214,0.9606913328170776
dish_1551380950,feature-splatting,26.287656784057617,1.6637308597564695,0.8981197476387024,0.0217542462050914,0.1606241017580032,0.0223903954029083,1071848.75,541630.125,2.073605298995972,1.047841191291809
dish_1551381050,feature-splatting,23.039743423461918,3.422340154647827,0.8676602244377136,0.032028142362833,0.2058424651622772,0.048223040997982,653944.6875,638330.875,1.2651256322860718,1.2349190711975098
dish_1551381103,feature-splatting,23.07699203491211,2.8989288806915283,0.8319800496101379,0.0289415344595909,0.2340490072965622,0.0551725029945373,939235.0625,463549.625,1.817050218582153,0.896786093711853
dish_1551381173,feature-splatting,25.59670639038086,2.9154608249664307,0.8990767598152161,0.0197665113955736,0.1988328546285629,0.0261941272765398,1125205.0,499522.875,2.1768288612365723,0.9663801789283752
dish_1551381208,feature-splatting,25.597347259521484,5.136022567749023,0.8698368072509766,0.107903204858303,0.2161976993083953,0.1392547488212585,931952.0,654935.3125,1.8029603958129885,1.2670421600341797
dish_1551381249,feature-splatting,21.84721565246582,5.104197502136231,0.8274604678153992,0.1118362098932266,0.3577646017074585,0.1622174829244613,1122161.875,497945.0,2.1709415912628174,0.9633275866508484
dish_1551381285,feature-splatting,26.257179260253903,2.439300775527954,0.9082194566726683,0.0176663566380739,0.1663177609443664,0.0201030150055885,626373.0625,628939.6875,1.2117853164672852,1.2167507410049438
dish_1551381321,feature-splatting,26.045942306518555,2.166433572769165,0.903038203716278,0.0191946886479854,0.1734429597854614,0.0125957550480961,998050.1875,436227.1875,1.9308342933654783,0.8439279198646545
dish_1551381365,feature-splatting,27.198421478271484,2.111525297164917,0.9120249152183532,0.027188703417778,0.1907913088798523,0.0436250194907188,1143194.5,509257.21875,2.211631298065185,0.98521226644516
dish_1551381404,feature-splatting,12.615660667419434,3.5501351356506348,0.6038967967033386,0.1075353547930717,0.5772354006767273,0.1491056382656097,1044188.5,524266.65625,2.0200936794281006,1.0142496824264526
dish_1551381450,feature-splatting,26.23762321472168,2.3261172771453857,0.8921532034873962,0.0372732877731323,0.1573229730129242,0.0397984385490417,1117980.0,495410.0,2.162851333618164,0.9584234356880188
dish_1551381496,feature-splatting,22.58911895751953,2.984684467315674,0.8269082903862,0.0376768931746482,0.2345746904611587,0.0763638690114021,1026525.9375,451133.46875,1.9859236478805544,0.8727657198905945
dish_1551381555,feature-splatting,21.38530731201172,5.342315196990967,0.7861911058425903,0.1317038089036941,0.279348075389862,0.1890394389629364,827957.25,624443.8125,1.601771354675293,1.2080529928207395
dish_1551381661,feature-splatting,24.890914916992188,3.9255754947662354,0.880793571472168,0.0380950160324573,0.2041663080453872,0.0609871596097946,1085087.5,479500.125,2.099217176437378,0.9276440143585204
dish_1551381730,feature-splatting,24.54809188842773,2.8987605571746826,0.8716169595718384,0.0457163006067276,0.223267450928688,0.0714710131287574,1126058.75,498339.96875,2.178480625152588,0.964091658592224
dish_1551381829,feature-splatting,26.95298194885254,1.8807746171951292,0.9095287322998048,0.0245557781308889,0.1704656332731247,0.0373018383979797,913686.8125,655914.1875,1.7676243782043457,1.2689357995986938
dish_1551381877,feature-splatting,24.001558303833008,2.5915329456329346,0.8689318895339966,0.0413441099226474,0.1971836686134338,0.0476412922143936,1029516.5625,496490.3125,1.991709351539612,0.9605132937431335
dish_1551381921,feature-splatting,23.709720611572266,2.5213491916656494,0.8478602170944214,0.0423524267971515,0.2192347943782806,0.0447741746902465,1011141.375,441647.875,1.956160545349121,0.8544148206710815
dish_1551381990,feature-splatting,20.578752517700195,5.6511664390563965,0.787268877029419,0.1348799169063568,0.3290961384773254,0.2275683432817459,1023887.9375,511966.125,1.980820178985596,0.9904529452323914
dish_1551382060,feature-splatting,24.50667762756348,5.636471271514893,0.873264729976654,0.0809622406959533,0.2642248570919037,0.1518924534320831,1142219.25,511376.21875,2.209744691848755,0.9893117547035216
dish_1551382115,feature-splatting,26.264080047607425,1.8064534664154053,0.8932647705078125,0.0360065586864948,0.1931531280279159,0.0585089810192585,1160497.625,517954.5,2.2451062202453613,1.0020381212234497
dish_1551382149,feature-splatting,23.53043937683105,3.1712725162506104,0.8339725136756897,0.0567321814596653,0.2374579161405563,0.0420672111213207,970271.1875,537833.625,1.8770928382873533,1.0404964685440063
dish_1551382179,feature-splatting,22.20261001586914,3.436225175857544,0.8320424556732178,0.0509819202125072,0.2279313057661056,0.063084453344345,1039695.0,456831.625,2.0114006996154785,0.8837894201278687
dish_1551382255,feature-splatting,21.94102096557617,5.950599670410156,0.8094439506530762,0.1200058236718177,0.2618340253829956,0.2082281410694122,1005146.875,488264.5,1.944563627243042,0.9445996284484864
dish_1551384024,feature-splatting,19.75749969482422,4.9931817054748535,0.7696182131767273,0.1088597923517227,0.364321619272232,0.1571616679430008,1078824.375,474316.1875,2.0871007442474365,0.9176151752471924
dish_1551384080,feature-splatting,26.083927154541016,3.227806568145752,0.893363356590271,0.0476524569094181,0.1930021792650222,0.0692890062928199,846593.6875,614071.8125,1.637825608253479,1.187987208366394
dish_1551384115,feature-splatting,21.290054321289062,4.554250240325928,0.7691713571548462,0.1337711811065673,0.2893043160438537,0.1725968569517135,953165.8125,471414.125,1.8440008163452148,0.912000834941864
dish_1551384167,feature-splatting,19.16890335083008,1.5012588500976562,0.783653736114502,0.0463949106633663,0.2652953267097473,0.0688696801662445,1009975.75,443074.59375,1.953905463218689,0.8571749329566956
dish_1551388984,feature-splatting,21.92517852783203,5.459493160247803,0.8260765075683594,0.1183802932500839,0.260625809431076,0.153613731265068,716694.375,705605.1875,1.386521577835083,1.3650683164596558
dish_1551389118,feature-splatting,20.6514892578125,5.2423415184021,0.8445428013801575,0.0655353665351867,0.3292946219444275,0.1155660673975944,1122644.5,498967.875,2.171875238418579,0.9653064608573914
dish_1551389176,feature-splatting,24.880765914916992,3.484127759933472,0.8895835876464844,0.0329422913491725,0.1906245350837707,0.0431495495140552,1067313.875,515916.375,2.0648324489593506,0.998095154762268
dish_1551389218,feature-splatting,24.679784774780277,1.684378981590271,0.866125762462616,0.0364703498780727,0.1727409064769745,0.0385374203324317,1014746.5625,489953.125,1.9631351232528689,0.9478664994239808
dish_1551389268,feature-splatting,22.73174285888672,1.8374950885772705,0.8549532890319824,0.0292834211140871,0.2027285397052765,0.0254671685397624,1032375.8125,451119.8125,1.9972409009933472,0.872739315032959
dish_1551389387,feature-splatting,27.17609977722168,2.592862606048584,0.919947862625122,0.0208378974348306,0.1869777888059616,0.0524431131780147,1113629.5,493823.3125,2.1544346809387207,0.9553537964820862
dish_1551389458,feature-splatting,24.86469841003418,4.291890621185303,0.8840606212615967,0.0478993095457553,0.2180517762899398,0.0960735008120536,1083303.375,525930.125,2.0957655906677246,1.0174678564071655
dish_1551389506,feature-splatting,24.963890075683597,2.5013439655303955,0.8815127611160278,0.0432193093001842,0.1826274096965789,0.0498706474900245,1063398.25,468392.875,2.0572571754455566,0.9061558246612548
dish_1551389551,feature-splatting,25.20886611938477,2.0461056232452397,0.883924126625061,0.0400524474680423,0.1514918953180313,0.0216582752764225,1022388.4375,448706.46875,1.9779192209243772,0.8680704236030579
dish_1551389588,feature-splatting,25.594955444335938,3.1194465160369877,0.8857445120811462,0.0445501394569873,0.157226100564003,0.0524733401834964,1006756.5,441197.09375,1.9476776123046875,0.8535427451133728
dish_1551389684,feature-splatting,20.93643569946289,3.640432119369507,0.8342003226280212,0.039182886481285,0.261758804321289,0.0791810154914856,1070635.125,470805.25,2.0712575912475586,0.910822868347168
dish_1551389749,feature-splatting,25.111841201782227,4.403382301330566,0.8801683783531189,0.0563346222043037,0.2198649644851684,0.0633159652352333,1136576.75,512174.09375,2.19882869720459,0.99085533618927
dish_1551390006,feature-splatting,25.04820251464844,3.547645807266236,0.8840228915214539,0.0568190142512321,0.193713903427124,0.0604783780872821,1090159.125,492351.5625,2.1090288162231445,0.9525064826011658
dish_1551390051,feature-splatting,20.99333953857422,5.849027633666992,0.7980952858924866,0.1196743100881576,0.2873364984989166,0.2080682516098022,967714.0,523371.4375,1.8721457719802856,1.0125176906585691
dish_1551390215,feature-splatting,14.733145713806152,5.454725742340088,0.6748344898223877,0.1155795231461525,0.5287513136863708,0.1935722082853317,1119538.125,590108.5625,2.165865659713745,1.1416277885437012
dish_1551390265,feature-splatting,21.96439743041992,2.470766544342041,0.8576659560203552,0.0456923134624958,0.2685611546039581,0.0736338570713996,880787.625,646521.3125,1.703977346420288,1.25076425075531
dish_1551390304,feature-splatting,20.914180755615234,6.064795017242432,0.8115248084068298,0.1265889853239059,0.3471335172653198,0.2055534869432449,1072734.25,509937.25,2.0753185749053955,0.9865279197692872
dish_1551390341,feature-splatting,22.14895820617676,3.1615614891052246,0.8180067539215088,0.0686102285981178,0.2299605011940002,0.064207375049591,842484.9375,611973.8125,1.6298768520355225,1.1839284896850586
dish_1551390382,feature-splatting,23.79354858398437,2.8303444385528564,0.8489152193069458,0.0387376919388771,0.1781134456396103,0.0391658022999763,1023814.3125,449207.59375,1.980677843093872,0.8690398931503296
dish_1551390429,feature-splatting,21.181974411010746,5.24046516418457,0.8337467908859253,0.0808001905679702,0.2613756060600281,0.1060600727796554,1006513.875,500675.84375,1.9472081661224363,0.96861070394516
dish_1551390474,feature-splatting,23.72159576416016,6.078570365905762,0.8672361969947815,0.1003137379884719,0.2698431015014648,0.1901758164167404,1143670.75,561547.8125,2.212552785873413,1.086374044418335
dish_1551390528,feature-splatting,17.430072784423828,2.400099515914917,0.7891181111335754,0.0365866459906101,0.4434522986412048,0.1180144697427749,1090966.625,485866.96875,2.110590934753418,0.9399613738059998
dish_1551390560,feature-splatting,22.805400848388672,3.894770383834839,0.8364490866661072,0.0696406289935112,0.2317285388708114,0.0857263877987861,970561.5625,483493.96875,1.8776546716690063,0.9353705644607544
dish_1551390594,feature-splatting,24.01211166381836,3.1283206939697266,0.8613650798797607,0.0366088859736919,0.173239067196846,0.0559635236859321,1017907.3125,444564.15625,1.969249963760376,0.8600566387176514
dish_1551390651,feature-splatting,23.632888793945312,3.905625343322754,0.8750811815261841,0.0475573018193244,0.2210910767316818,0.0673328787088394,1071840.0,472110.03125,2.0735886096954346,0.913347065448761
dish_1551390758,feature-splatting,25.019773483276367,3.207440137863159,0.8846259117126465,0.0347507745027542,0.2049373090267181,0.0526648573577404,1092018.75,484384.03125,2.112626314163208,0.9370924830436708
dish_1551390802,feature-splatting,26.139558792114254,2.658082962036133,0.903683066368103,0.027748579159379,0.1948708593845367,0.0603946484625339,1124430.75,499496.625,2.175331115722656,0.9663293361663818
dish_1551390837,feature-splatting,25.60965156555176,1.254445195198059,0.8758942484855652,0.0305192340165376,0.1737390756607055,0.0308870859444141,986679.5625,432792.6875,1.9088366031646729,0.8372834920883179
dish_1551390872,feature-splatting,24.611631393432617,2.088571786880493,0.8753810524940491,0.0287304725497961,0.1870733946561813,0.0167382229119539,979726.5625,426830.75,1.8953852653503416,0.8257494568824768
dish_1551390930,feature-splatting,25.315208435058597,3.3019464015960693,0.8991144299507141,0.0223445240408182,0.1888313889503479,0.0220809672027826,1108922.25,491493.6875,2.1453280448913574,0.9508468508720398
dish_1551390979,feature-splatting,25.208271026611328,3.132774591445923,0.8861558437347412,0.0437521040439605,0.1976462751626968,0.0394689962267875,1071522.25,471671.65625,2.072973728179932,0.9124990105628968
dish_1551391034,feature-splatting,25.530601501464844,2.4542460441589355,0.8898110389709473,0.0377629771828651,0.1977413296699524,0.0561391822993755,1092438.0,537304.6875,2.11343765258789,1.039473056793213
dish_1551391083,feature-splatting,23.545312881469727,2.985656261444092,0.8502117991447449,0.0490765683352947,0.1891505271196365,0.0482235997915267,1004087.1875,439447.0,1.942513465881348,0.8501570224761963
dish_1551391122,feature-splatting,22.55416679382324,3.8877668380737305,0.8378209471702576,0.0646037980914115,0.2145420014858245,0.0713158398866653,1033222.875,453824.84375,1.998879551887512,0.877972424030304
dish_1551391197,feature-splatting,25.75506019592285,2.2458062171936035,0.8874662518501282,0.0374200493097305,0.2377377301454544,0.0738029032945633,1146979.375,512347.28125,2.2189536094665527,0.9911903738975524
dish_1551391257,feature-splatting,22.69857215881348,4.14018440246582,0.8406810760498047,0.0982551574707031,0.2954955697059631,0.1965959668159485,1088148.625,516864.25,2.1051392555236816,0.999928891658783
dish_1551391302,feature-splatting,26.070310592651367,3.110581874847412,0.8976379036903381,0.0404053255915641,0.1945843994617462,0.0654898509383201,1107035.25,489944.46875,2.1416776180267334,0.947849690914154
dish_1551391337,feature-splatting,25.813539505004883,1.8272545337677,0.8828418254852295,0.026332389563322,0.1651289165019989,0.0247417762875556,1017624.125,445635.9375,1.9687020778656008,0.8621301651000977
dish_1551391379,feature-splatting,22.52837562561035,4.288267135620117,0.8435088992118835,0.1000443249940872,0.2297621667385101,0.1302164196968078,971318.3125,427405.5625,1.87911856174469,0.8268615007400513
dish_1551391438,feature-splatting,26.06667137145996,4.552264213562012,0.906748116016388,0.0356471948325634,0.1900649666786193,0.0570393316447734,1179452.875,530041.0625,2.2817771434783936,1.025420904159546
dish_1551391477,feature-splatting,23.479887008666992,1.437463641166687,0.8650020360946655,0.0353566259145736,0.2173448204994201,0.034058928489685,1079673.5,474082.4375,2.0887434482574463,0.9171629548072816
dish_1551391505,feature-splatting,21.41180419921875,5.663663387298584,0.8000540733337402,0.1066268011927604,0.3172113597393036,0.1812016516923904,655164.8125,646802.5625,1.2674859762191772,1.2513083219528198
dish_1551391543,feature-splatting,20.239892959594727,5.272969722747803,0.7769493460655212,0.0924476459622383,0.2750729918479919,0.1466085463762283,1006982.8125,500549.6875,1.948115348815918,0.96836656332016
dish_1551391586,feature-splatting,21.6860408782959,2.553611993789673,0.8183070421218872,0.0740991458296775,0.2170638591051101,0.0450553223490715,1033154.5,493799.6875,1.9987472295761108,0.9553080201148988
dish_1551391672,feature-splatting,22.87455940246582,4.406679630279541,0.8516698479652405,0.0653868317604065,0.2991143465042114,0.1064742356538772,1136351.75,508143.53125,2.198393583297729,0.9830576777458192
dish_1551391710,feature-splatting,22.46686363220215,3.616918563842773,0.8397154808044434,0.0644172802567482,0.2605638802051544,0.0838860645890235,1060625.5,507205.9375,2.0518929958343506,0.9812438488006592
dish_1551391733,feature-splatting,20.87586975097656,5.565682888031006,0.8181676268577576,0.102452352643013,0.3789991736412048,0.1939817517995834,1146752.875,515108.1875,2.218515396118164,0.99653160572052
dish_1551391758,feature-splatting,23.680118560791016,3.369352102279663,0.862495481967926,0.0438196919858455,0.2079560607671737,0.0567891299724578,791880.875,595943.5625,1.5319777727127075,1.1529163122177124
dish_1551391795,feature-splatting,22.33983421325684,4.114218235015869,0.843873143196106,0.0760537236928939,0.2175434082746505,0.1168444231152534,1024973.25,448112.625,1.9829199314117432,0.866921603679657
dish_1551392271,feature-splatting,21.967634201049805,6.127827167510986,0.808063268661499,0.1574944108724594,0.3017963469028473,0.1529403030872345,1162400.25,524438.5,2.2487869262695312,1.0145820379257202
dish_1551392316,feature-splatting,24.482192993164062,4.173801422119141,0.8613132238388062,0.0857475697994232,0.1945924609899521,0.0873911306262016,1024080.4375,544196.5,1.9811925888061523,1.05280601978302
dish_1551392347,feature-splatting,23.82330322265625,2.433042049407959,0.8721626996994019,0.0260183904320001,0.2302152663469314,0.0505255125463008,1085678.5,478518.09375,2.100360631942749,0.9257441759109496
dish_1551392376,feature-splatting,23.6589469909668,0.8262090682983398,0.847226619720459,0.0326369665563106,0.19887275993824,0.0288257598876953,826943.3125,600388.875,1.5998098850250244,1.161516189575195
dish_1551392424,feature-splatting,18.792564392089844,5.833420276641846,0.7469545006752014,0.1230463534593582,0.3911715745925903,0.2601015269756317,1068759.625,474138.84375,2.067629098892212,0.9172720909118652
dish_1551392519,feature-splatting,26.29147148132324,2.5034279823303223,0.8865448236465454,0.0588346533477306,0.1978048682212829,0.0717345625162124,848761.6875,649134.375,1.642019748687744,1.2558194398880005
dish_1551392557,feature-splatting,23.035524368286133,2.862267017364502,0.856124758720398,0.0440951399505138,0.2367968112230301,0.0530807264149189,1048313.5625,459627.0,2.028074026107788,0.8891973495483398
dish_1551392590,feature-splatting,18.808717727661133,4.595545291900635,0.785947859287262,0.0735726058483123,0.4070116877555847,0.1927152872085571,1125338.375,505285.34375,2.17708683013916,0.9775282740592957
dish_1551392654,feature-splatting,22.94921112060547,2.4285776615142822,0.8404992818832397,0.0457177497446537,0.2016483694314956,0.0509674586355686,1029369.625,450933.3125,1.9914250373840328,0.8723784685134888
dish_1551392701,feature-splatting,23.49789047241211,1.9378479719161987,0.8498666286468506,0.0518117398023605,0.1804234385490417,0.0407338291406631,1023533.875,448260.75,1.980135202407837,0.8672081232070923
dish_1551392752,feature-splatting,19.256244659423828,3.8736472129821777,0.7692660093307495,0.0914107412099838,0.3773721158504486,0.1648035645484924,1116243.125,506081.8125,2.159491062164306,0.979069173336029
dish_1551392833,feature-splatting,17.490827560424805,6.367187023162842,0.7301359176635742,0.191531628370285,0.4477413892745971,0.2181868553161621,891409.8125,647403.5,1.72452712059021,1.2524709701538086
dish_1551392884,feature-splatting,25.822460174560547,3.782288074493408,0.903671383857727,0.0319199040532112,0.1827622652053833,0.04095059633255,1116209.625,528434.75,2.15942645072937,1.0223132371902466
dish_1551392919,feature-splatting,20.121990203857425,6.273576259613037,0.7862290143966675,0.1363012641668319,0.2984676659107208,0.1703123450279235,985047.5,490287.8125,1.9056792259216309,0.948513925075531
dish_1551392958,feature-splatting,22.141834259033203,3.830823183059693,0.8387823700904846,0.0622908025979995,0.1965334713459015,0.0624585710465908,1076696.5,472389.25,2.08298397064209,0.9138872623443604
dish_1551393021,feature-splatting,25.23110580444336,6.202914237976074,0.8861613273620605,0.0845840722322464,0.2491867393255233,0.1868948638439178,1159399.875,518843.65625,2.2429823875427246,1.003758192062378
dish_1551393069,feature-splatting,25.259910583496094,4.025154113769531,0.8898985981941223,0.0440890416502952,0.2216328680515289,0.0679673701524734,1108459.875,492159.6875,2.1444337368011475,0.9521352648735046
dish_1551393113,feature-splatting,24.46607780456543,2.321967601776123,0.8745235800743103,0.0321730002760887,0.2108095437288284,0.0403218567371368,1068618.0,470158.4375,2.067355155944824,0.9095714688301086
dish_1551393161,feature-splatting,21.3494930267334,5.782581329345703,0.7979497909545898,0.1087759807705879,0.2760483920574188,0.1351380497217178,1026623.375,453048.84375,1.986112117767334,0.876471221446991
dish_1551393210,feature-splatting,24.23432159423828,4.864688873291016,0.8542466759681702,0.0785222053527832,0.1859897822141647,0.095466174185276,962998.0625,467766.21875,1.8630222082138064,0.9049435257911682
dish_1551394614,feature-splatting,24.455041885375977,3.6350364685058594,0.8753423690795898,0.0670442953705787,0.2148734033107757,0.0834202244877815,903722.375,654092.5,1.7483470439910889,1.265411615371704
dish_1551394781,feature-splatting,22.924001693725582,5.003512859344482,0.860571026802063,0.0774288475513458,0.2962653636932373,0.181446686387062,1153070.875,521833.34375,2.230738401412964,1.0095421075820925
dish_1551394835,feature-splatting,22.671730041503903,4.450453281402588,0.8767306804656982,0.0461106859147548,0.2609433829784393,0.097934290766716,1144431.75,508040.59375,2.214024782180786,0.9828585386276244
dish_1551394874,feature-splatting,24.829647064208984,2.443004846572876,0.8762311935424805,0.0366017334163188,0.1912634223699569,0.047142032533884,995113.25,494907.875,1.9251525402069087,0.9574519395828248
dish_1551394927,feature-splatting,25.60165023803711,1.8791087865829468,0.8870724439620972,0.0249022003263235,0.1580112129449844,0.0304624568670988,851005.625,604621.75,1.646360993385315,1.169705152511597
dish_1551395022,feature-splatting,23.027973175048828,5.503559112548828,0.857871949672699,0.0767130106687545,0.2830295264720917,0.1727928221225738,910225.625,689583.125,1.7609283924102783,1.3340718746185305
dish_1551395088,feature-splatting,24.55156517028809,3.1147661209106445,0.8742173314094543,0.0399114564061164,0.2132357060909271,0.0510401651263237,1121846.875,503943.6875,2.170332193374634,0.9749326705932616
dish_1551395194,feature-splatting,25.403194427490234,4.417413711547852,0.8923941850662231,0.0393017195165157,0.2370512932538986,0.0618381649255752,921618.5625,660629.125,1.7829692363739014,1.278057336807251
dish_1551395233,feature-splatting,25.603147506713867,2.537890911102295,0.8800097703933716,0.041090939193964,0.1730320453643798,0.0411158986389637,840044.75,598904.5,1.6251559257507324,1.1586445569992063
dish_1551395269,feature-splatting,24.7805290222168,2.2634379863739014,0.8792299032211304,0.03255320712924,0.1738856881856918,0.0241093020886182,1045077.5625,458992.0,2.0218136310577397,0.8879688382148743
dish_1551395396,feature-splatting,23.25907516479492,2.4416892528533936,0.8672919869422913,0.0339153036475181,0.2014292627573013,0.0575251057744026,1085550.5,477366.5,2.1001131534576416,0.92351633310318
dish_1551395512,feature-splatting,25.001922607421875,3.841806650161743,0.8866688013076782,0.0514726862311363,0.2225292921066284,0.0989573374390602,1116285.625,496563.03125,2.1595733165740967,0.9606540203094482
dish_1551395580,feature-splatting,25.95697784423828,2.4982330799102783,0.8856155276298523,0.0473296754062175,0.1900632381439209,0.0657861679792404,1097563.625,487800.4375,2.123353719711304,0.9437018632888794
dish_1551395766,feature-splatting,22.97669792175293,1.9181745052337649,0.8538352251052856,0.0417915247380733,0.2150735110044479,0.044633463025093,631142.0625,613375.0625,1.221011519432068,1.1866393089294434
dish_1551395800,feature-splatting,23.389711380004883,3.5211610794067383,0.8506602644920349,0.0528997145593166,0.2082581520080566,0.0630107074975967,1011523.875,443682.5,1.9569004774093628,0.8583509922027588
dish_1551395909,feature-splatting,23.947071075439453,3.8882806301116943,0.8797879815101624,0.0429289527237415,0.2192869335412979,0.0842883735895156,1124770.125,495740.625,2.175987482070923,0.959062933921814
dish_1551395987,feature-splatting,24.49591445922852,3.537707567214966,0.8842937350273132,0.0405779257416725,0.2151234447956085,0.0519769974052906,1135935.75,505046.84375,2.1975884437561035,0.9770668745040894
dish_1551396061,feature-splatting,21.794166564941406,4.796539306640625,0.8248857855796814,0.0999837815761566,0.3030183613300323,0.1537314057350158,1099473.625,484041.96875,2.12704873085022,0.9364306926727296
dish_1551396096,feature-splatting,23.83014488220215,2.2634005546569824,0.8494526147842407,0.0609839782118797,0.1880101412534713,0.0522944703698158,1021335.4375,447984.375,1.9758821725845337,0.8666734099388123
dish_1551396309,feature-splatting,22.438478469848636,1.8393641710281368,0.8266338109970093,0.0478062592446804,0.2099774926900863,0.0357250794768333,1031920.25,450757.1875,1.9963595867156985,0.8720377683639526
dish_1551396629,feature-splatting,24.07135772705078,3.710484504699707,0.866242527961731,0.0377514697611331,0.2523425817489624,0.0638016387820243,1051909.625,461194.34375,2.035031080245972,0.8922295570373535
dish_1551396678,feature-splatting,20.32927703857422,5.052883148193359,0.8123098611831665,0.086952306330204,0.3141778409481048,0.1807871609926223,1088161.875,478512.0,2.1051650047302246,0.9257323741912842
dish_1551397543,feature-splatting,26.96717834472656,3.226059675216675,0.907586634159088,0.029704499989748,0.1844022125005722,0.0423503592610359,1126430.0,503757.21875,2.179198741912842,0.974571943283081
dish_1551397591,feature-splatting,22.83506965637207,1.899723052978516,0.8549853563308716,0.027266401797533,0.1965621709823608,0.0182367153465747,1033262.625,451645.5625,1.9989564418792725,0.8737564086914062
dish_1551397629,feature-splatting,20.72228240966797,4.312614917755127,0.801145613193512,0.1154846996068954,0.278119832277298,0.1908088028430938,1052207.125,461102.71875,2.035606622695923,0.8920522928237915
dish_1551397714,feature-splatting,27.538299560546875,3.085867404937744,0.9192554354667664,0.0318773202598094,0.2012665569782257,0.0560676865279674,1172417.125,521075.1875,2.2681658267974854,1.0080753564834597
dish_1551397752,feature-splatting,21.892847061157227,5.316043853759766,0.8478400111198425,0.0948655158281326,0.2910609841346741,0.1616546064615249,1117339.125,500344.8125,2.161611557006836,0.9679702520370485
dish_1551399031,feature-splatting,25.379318237304688,2.554704189300537,0.8911661505699158,0.0210481658577919,0.2060018479824066,0.051705814898014,1071117.5,536881.875,2.072190761566162,1.038655161857605
dish_1551399100,feature-splatting,24.468679428100582,1.7750232219696045,0.8817940354347229,0.0292118825018405,0.1743848919868469,0.032521691173315,1008293.625,445790.6875,1.9506514072418213,0.8624294996261597
dish_1551399151,feature-splatting,24.610471725463867,1.370190978050232,0.88088458776474,0.0256191492080688,0.1714005768299102,0.0267830863595008,1038896.375,457519.0625,2.0098555088043213,0.8851193189620972
dish_1551399293,feature-splatting,25.38745880126953,3.959911584854126,0.8887871503829956,0.0475960783660411,0.201745256781578,0.0847613811492919,1136850.5,506416.65625,2.1993582248687744,0.9797168970108032
dish_1551399340,feature-splatting,25.385557174682617,0.8374146223068237,0.8974840044975281,0.0180779453366994,0.1799328923225402,0.0225016456097364,1079743.625,476094.71875,2.088878870010376,0.9210558533668518
dish_1551399402,feature-splatting,23.445789337158203,2.1902847290039062,0.8556755781173706,0.029899775981903,0.2155445665121078,0.0287126302719116,1026369.375,450267.34375,1.9856207370758057,0.8710900545120239
dish_1551399449,feature-splatting,24.212417602539062,2.181792736053467,0.8612291812896729,0.0523649305105209,0.1808551847934723,0.0366628617048263,1009351.875,442260.625,1.9526987075805664,0.8556002378463745
dish_1551399484,feature-splatting,23.89126968383789,1.7945975065231323,0.8529130220413208,0.0480685867369174,0.1727731674909591,0.034062523394823,626808.75,608577.5625,1.2126281261444092,1.1773581504821775
dish_1551485983,feature-splatting,21.78066062927246,2.958404541015625,0.8140501976013184,0.0886996313929557,0.3093862533569336,0.0887588113546371,831572.9375,624300.375,1.6087663173675537,1.2077754735946655
dish_1551486108,feature-splatting,21.888412475585938,3.912716627120972,0.8340407609939575,0.0766972228884697,0.3034287691116333,0.1859136819839477,1104469.875,495874.25,2.136714458465576,0.9593214988708496
dish_1551486158,feature-splatting,22.254358291625977,6.294148921966553,0.7968037128448486,0.1659140884876251,0.3214867413043976,0.2087527513504028,639939.6875,657704.0625,1.2380313873291016,1.2723984718322754
dish_1551486217,feature-splatting,20.31398200988769,5.532820701599121,0.7905251979827881,0.1182485073804855,0.2991868853569031,0.1579402685165405,1044265.75,459350.96875,2.0202431678771973,0.8886633515357971
dish_1551486277,feature-splatting,16.95566177368164,4.841740608215332,0.6858564019203186,0.1922658085823059,0.4181952774524688,0.2147454172372818,1063891.875,468777.65625,2.0582120418548584,0.9069002866744996
dish_1551486372,feature-splatting,12.605775833129885,3.587542772293091,0.538537323474884,0.1042698323726654,0.6146842837333679,0.1649848371744156,1085107.625,546565.5,2.0992560386657715,1.0573890209197998
dish_1551486411,feature-splatting,24.097900390625,3.457983016967773,0.8769934177398682,0.0430435948073864,0.2189775258302688,0.0734386146068573,895203.125,656491.6875,1.7318657636642456,1.2700530290603638
dish_1551486571,feature-splatting,15.413496971130373,3.3530681133270264,0.6703566908836365,0.1179753765463829,0.5455387830734253,0.1811969578266143,1078974.625,481343.21875,2.0873911380767822,0.931209683418274
dish_1551486628,feature-splatting,20.043325424194336,6.26054573059082,0.7675836682319641,0.1402838230133056,0.3020615875720978,0.1781765520572662,1050470.5,460419.875,2.032246828079224,0.8907312750816345
dish_1551486680,feature-splatting,18.814258575439453,4.817083835601807,0.733095109462738,0.1116012632846832,0.3449509143829345,0.1527646332979202,1085997.625,557270.5,2.100977897644043,1.078099012374878
dish_1551487117,feature-splatting,17.089197158813477,2.231656551361084,0.7712859511375427,0.0699411705136299,0.5025792717933655,0.1182550638914108,1151505.5,499661.6875,2.227710008621216,0.9666486978530884
dish_1551487158,feature-splatting,11.117640495300291,3.0560662746429443,0.5716636180877686,0.1139193624258041,0.6444544792175293,0.1610519587993621,1149035.5,541996.1875,2.2229316234588623,1.0485492944717407
dish_1551487288,feature-splatting,22.654436111450195,4.613564014434815,0.8501119017601013,0.0822326391935348,0.2922376692295074,0.1615557074546814,995953.3125,720145.1875,1.926777720451355,1.393197536468506
dish_1551487472,feature-splatting,17.50936508178711,5.801258563995361,0.7205426096916199,0.1675919741392135,0.4072877764701843,0.2744286656379699,1073068.875,472034.8125,2.075965881347656,0.913201630115509
dish_1551487560,feature-splatting,20.4415283203125,5.2674407958984375,0.7946741580963135,0.12033312022686,0.282250165939331,0.1827973574399948,1070922.625,469840.71875,2.0718138217926025,0.9089568853378296
dish_1551487735,feature-splatting,21.12657165527344,4.060177326202393,0.8275753259658813,0.0675346851348877,0.3216679990291595,0.1686818897724151,1178456.0,528967.9375,2.279848575592041,1.0233447551727295
dish_1551487779,feature-splatting,24.81357955932617,1.841598868370056,0.8852642774581909,0.0327339954674243,0.2015259116888046,0.0591452158987522,1112715.375,496590.78125,2.1526663303375244,0.9607077240943908
dish_1551488103,feature-splatting,23.038476943969727,5.016664981842041,0.8523958921432495,0.0653237774968147,0.2848909199237823,0.1681518852710724,1108572.125,490606.25,2.144650936126709,0.9491299986839294
dish_1551488137,feature-splatting,23.8040771484375,2.176414966583252,0.8562228083610535,0.0336855985224247,0.2091311514377594,0.0345331132411956,764179.75,579843.5625,1.4783869981765747,1.1217689514160156
dish_1551488197,feature-splatting,21.6531982421875,2.3788774013519287,0.817011296749115,0.0386616885662078,0.2419487833976745,0.0404871180653572,938523.1875,520696.4375,1.815672874450684,1.0073426961898804
dish_1551488324,feature-splatting,18.33048820495605,3.876079559326172,0.7545333504676819,0.0519090853631496,0.3830005228519439,0.1107299104332923,807865.5,682628.75,1.562901735305786,1.320617914199829
dish_1551488371,feature-splatting,23.29271507263184,3.92464017868042,0.866732120513916,0.0488892272114753,0.2638921737670898,0.128952220082283,1138913.75,505443.90625,2.2033498287200928,0.9778349995613098
dish_1551488415,feature-splatting,24.22895622253418,4.095235824584961,0.8689668774604797,0.0689036548137664,0.2558721601963043,0.0952227935194969,1226945.625,558855.1875,2.373656988143921,1.081164836883545
dish_1551488448,feature-splatting,23.20518493652344,1.5990811586380005,0.8366971611976624,0.0507384836673736,0.2265087515115738,0.0271895546466112,1022754.8125,509977.4375,1.9786280393600464,0.9866056442260742
dish_1551488485,feature-splatting,19.80301094055176,5.712906837463379,0.770164430141449,0.1304209977388382,0.3643563091754913,0.2217733711004257,1076852.5,473911.625,2.0832855701446533,0.9168325066566468
dish_1551488572,feature-splatting,23.408056259155277,4.480490207672119,0.8702524900436401,0.0584264136850833,0.2317594289779663,0.0896967127919197,1168556.125,518590.6875,2.2606964111328125,1.003268837928772
dish_1551488691,feature-splatting,19.081911087036133,3.515538692474365,0.7997119426727295,0.0836965963244438,0.3703019618988037,0.1483985334634781,681309.375,684612.3125,1.318065524101257,1.3244553804397583
dish_1551488737,feature-splatting,24.633453369140625,1.762630581855774,0.8885153532028198,0.021461771801114,0.2145708948373794,0.0425047166645526,734748.125,741257.9375,1.4214484691619873,1.4340423345565796
dish_1551488776,feature-splatting,22.73663711547852,3.401395559310913,0.8374965786933899,0.0669249668717384,0.2124547064304351,0.0584342889487743,832245.9375,614424.3125,1.6100683212280271,1.188669204711914
dish_1551488807,feature-splatting,18.68282699584961,5.85286808013916,0.7500680088996887,0.1484876275062561,0.4125656485557556,0.2494999319314956,1062631.75,468931.0625,2.055774211883545,0.9071970582008362
dish_1551488861,feature-splatting,25.23125457763672,2.326258897781372,0.8909618854522705,0.0235703028738498,0.2090571671724319,0.0379973500967025,1177312.875,532206.625,2.277637004852295,1.029610276222229
dish_1551489812,feature-splatting,14.679802894592283,4.012337684631348,0.6934091448783875,0.1138061732053756,0.4756339788436889,0.1764149814844131,1088865.875,481435.65625,2.1065268516540527,0.9313884973526
dish_1551489885,feature-splatting,24.33868789672852,2.4309890270233154,0.8904677033424377,0.0320854298770427,0.1956091076135635,0.0493922159075737,921436.5625,651847.4375,1.7826170921325684,1.2610682249069214
dish_1551489931,feature-splatting,18.25874328613281,5.732758045196533,0.7747236490249634,0.1268905252218246,0.3268080055713653,0.1925900280475616,844633.5,606305.25,1.634033441543579,1.172961950302124
dish_1551489961,feature-splatting,20.55428695678711,3.491821050643921,0.8197686672210693,0.0552386306226253,0.2399915158748626,0.0845781937241554,1060621.75,470018.0,2.051885843276977,0.9092998504638672
dish_1551490399,feature-splatting,21.5999813079834,4.714625358581543,0.8509723544120789,0.0729734599590301,0.2895030081272125,0.1584434658288955,1113927.5,535231.625,2.1550114154815674,1.0354626178741455
dish_1551490433,feature-splatting,19.91351127624512,5.058103561401367,0.7887532114982605,0.1237601116299629,0.3149839043617248,0.1879065334796905,1151735.25,509473.15625,2.228154420852661,0.9856300354003906
dish_1551490469,feature-splatting,24.280784606933597,2.120236396789551,0.8866746425628662,0.0320821516215801,0.1726323217153549,0.0561179034411907,1167085.75,523551.6875,2.2578516006469727,1.012866497039795
dish_1551490503,feature-splatting,19.432714462280277,6.320690631866455,0.7551736235618591,0.1472848206758499,0.3458096086978912,0.2400615513324737,846037.0625,603956.875,1.6367487907409668,1.1684188842773438
dish_1551490544,feature-splatting,21.24006462097168,3.605587720870972,0.8083238005638123,0.0701033025979995,0.2535689771175384,0.0744979903101921,1033284.25,515011.3125,1.9989984035491943,0.9963442087173462
dish_1551490670,feature-splatting,16.810256958007812,4.971373081207275,0.7015826106071472,0.1213449761271476,0.480152815580368,0.189265638589859,1088477.5,485191.0,2.105775594711304,0.9386535882949828
dish_1551490701,feature-splatting,23.9050407409668,5.227806568145752,0.8491364121437073,0.0833662077784538,0.2354390621185302,0.1063906773924827,907786.0625,633625.375,1.7562086582183838,1.225815773010254
dish_1551490740,feature-splatting,22.179073333740234,4.061637878417969,0.8614135384559631,0.0455718860030174,0.2691897451877594,0.116282045841217,1152475.75,515742.625,2.2295870780944824,0.9977589845657348
dish_1551490767,feature-splatting,22.801328659057617,1.858850717544556,0.8367515802383423,0.0420383550226688,0.2045299112796783,0.0325115993618965,1027081.25,457431.09375,1.9869980812072756,0.8849491477012634
dish_1551490819,feature-splatting,22.81730461120605,3.2497096061706543,0.8537260293960571,0.0372717306017875,0.2040757238864898,0.0448791235685348,1051173.625,462268.40625,2.033607244491577,0.8943074345588684
dish_1551490896,feature-splatting,19.352876663208008,3.837920665740967,0.7762477397918701,0.0656309127807617,0.3709626793861389,0.1246495395898819,1071067.375,473372.53125,2.072093725204468,0.9157895445823668
dish_1551490962,feature-splatting,14.467427253723145,3.22096586227417,0.6704694032669067,0.1117182075977325,0.4991641640663147,0.1424034088850021,1040968.3125,519171.28125,2.013864040374756,1.004392147064209
dish_1551491020,feature-splatting,23.034164428710938,5.519991397857666,0.8482214212417603,0.0846166387200355,0.2620595693588257,0.1179165765643119,1206112.25,537924.3125,2.3333523273468018,1.0406718254089355
dish_1551491048,feature-splatting,19.742555618286133,4.098697662353516,0.7895680665969849,0.0590468272566795,0.2676981389522552,0.0910111516714096,1033729.25,517691.65625,1.9998592138290403,1.001529574394226
dish_1551491090,feature-splatting,18.02584648132324,4.223155975341797,0.748068630695343,0.0939098075032234,0.3596110939979553,0.2061039060354232,1038121.6875,519259.75,2.008356809616089,1.0045632123947144
dish_1551491179,feature-splatting,23.575422286987305,2.229952812194824,0.8626953363418579,0.0231527127325534,0.2123517245054245,0.023869389668107,1034081.5,517720.90625,2.0005407333374023,1.0015861988067627
dish_1551491216,feature-splatting,25.2633056640625,3.417163848876953,0.8883388042449951,0.036349169909954,0.181460827589035,0.0451031327247619,1141232.875,505586.1875,2.207836389541626,0.9781103134155272
dish_1551491271,feature-splatting,24.075424194335938,3.180856227874756,0.884803831577301,0.0327362157404422,0.2163853943347931,0.061372309923172,1169249.25,529912.5,2.26203727722168,1.0251721143722534
dish_1551491297,feature-splatting,23.15502548217773,2.8375582695007324,0.8449777960777283,0.0547026768326759,0.2282194644212722,0.0642886459827423,1036500.1875,454842.1875,2.0052199363708496,0.8799406290054321
dish_1551491326,feature-splatting,20.228412628173828,4.290630340576172,0.793524444103241,0.1038911119103431,0.3006871044635772,0.1655699014663696,825993.8125,593213.1875,1.5979729890823364,1.1476340293884275
dish_1551491413,feature-splatting,19.073244094848636,7.014892101287842,0.7258139848709106,0.146572470664978,0.4229042828083038,0.2118828296661377,1065920.875,469455.8125,2.0621373653411865,0.908212184906006
dish_1551491452,feature-splatting,22.899688720703125,3.078315019607544,0.8276056051254272,0.0467619039118289,0.2586316168308258,0.0561610274016857,1058637.0,464271.5,2.048045873641968,0.8981826305389404
dish_1551492023,feature-splatting,25.16112899780273,1.856890559196472,0.8757393956184387,0.0301012881100177,0.2189897000789642,0.0533556304872036,898094.8125,656992.25,1.7374598979949951,1.2710213661193848
dish_1551492056,feature-splatting,21.175188064575195,5.585504531860352,0.7823140621185303,0.1093614920973777,0.3024392127990722,0.1705787181854248,1025328.125,448206.0625,1.9836063385009768,0.867102324962616
dish_1551492093,feature-splatting,22.066280364990234,2.572869300842285,0.8188539147377014,0.0494933016598224,0.2366551607847213,0.0535003319382667,1017499.9375,490264.96875,1.968461990356445,0.9484697580337524
dish_1551492252,feature-splatting,22.136638641357425,2.365417003631592,0.8129362463951111,0.0568618066608905,0.2617325782775879,0.0561877451837062,1054132.75,463460.65625,2.0393319129943848,0.8966140151023865
dish_1551492287,feature-splatting,22.32221031188965,3.430375337600708,0.823440670967102,0.0537697076797485,0.2938705384731293,0.0481204949319362,1009590.8125,502645.8125,1.9531608819961548,0.9724217653274536
dish_1551492318,feature-splatting,26.51775360107422,1.1967557668685913,0.8805570006370544,0.0227674096822738,0.1969977468252182,0.0400241054594516,1010645.25,441942.5,1.955200791358948,0.8549848198890686
dish_1551492348,feature-splatting,24.53836441040039,3.2083992958068848,0.8308197855949402,0.0654292553663253,0.2134394943714141,0.0689318850636482,1007150.25,439826.5625,1.9484392404556277,0.8508912920951843
dish_1551492369,feature-splatting,22.68463897705078,1.4385855197906494,0.8176426887512207,0.0419844202697277,0.2359592765569687,0.0320993028581142,1011015.75,442560.34375,1.9559175968170168,0.8561800718307495
dish_1551492468,feature-splatting,24.76433753967285,2.798588275909424,0.8699491024017334,0.0433905161917209,0.2238399088382721,0.0554083883762359,1128632.5,498200.75,2.183459758758545,0.9638223648071288
dish_1551492506,feature-splatting,19.36760902404785,5.598746299743652,0.7544090747833252,0.1344834566116333,0.3684569895267486,0.1623767912387848,1064835.625,474554.15625,2.060037851333618,0.9180755019187928
dish_1551492534,feature-splatting,23.1435604095459,6.1243181228637695,0.8349204063415527,0.1041301637887954,0.2897089123725891,0.1358663439750671,1081548.625,475477.25,2.092370748519897,0.9198613166809082
dish_1551492561,feature-splatting,21.623140335083008,4.77262020111084,0.8053169250488281,0.0888766944408416,0.2533209919929504,0.1082210019230842,1015404.375,443903.78125,1.9644078016281128,0.8587791323661804
dish_1551492590,feature-splatting,21.699914932250977,3.2588257789611816,0.8120307922363281,0.0524031594395637,0.2584357261657715,0.0569687113165855,998108.25,437078.4375,1.930946707725525,0.8455747365951538
dish_1551492666,feature-splatting,24.718900680541992,2.5884389877319336,0.8710923790931702,0.0402936451137065,0.2222328931093216,0.053708016872406,871513.25,641447.5,1.68603515625,1.2409485578536987
dish_1551492702,feature-splatting,24.622634887695312,3.3302001953125,0.8584349155426025,0.0401935316622257,0.2183283269405365,0.0416746139526367,1008369.25,501563.0625,1.9507976770401,0.9703271389007568
dish_1551492732,feature-splatting,21.62527084350586,4.81055212020874,0.8023320436477661,0.0784562528133392,0.2951621115207672,0.1048772931098938,700818.3125,689864.5625,1.3558076620101929,1.3346164226531982
dish_1551492762,feature-splatting,22.84933853149414,3.681664705276489,0.837902307510376,0.0689833760261535,0.2236292362213134,0.0973318368196487,1059398.5,467852.28125,2.0495190620422363,0.9051100611686708
dish_1551492790,feature-splatting,23.75950050354004,3.772747039794922,0.8408447504043579,0.0515653192996978,0.2163139283657074,0.0543247796595096,1039339.8125,455477.78125,2.010713577270508,0.8811702728271484
dish_1551492866,feature-splatting,25.49574089050293,1.504259705543518,0.8871362209320068,0.0167652480304241,0.1936198025941848,0.0311966706067323,875863.625,631583.0,1.6944513320922852,1.2218644618988037
dish_1551492908,feature-splatting,23.8834285736084,3.8569655418396,0.8516097664833069,0.049152135848999,0.2356078922748565,0.051786795258522,1043730.875,521572.625,2.0192084312438965,1.009037733078003
dish_1551492935,feature-splatting,21.05904769897461,5.716614723205566,0.7906475067138672,0.128934696316719,0.3289174139499664,0.1962872296571731,1027082.375,498927.90625,1.9870002269744875,0.9652291536331176
dish_1551492975,feature-splatting,22.94631576538086,4.701383590698242,0.79713374376297,0.1201604306697845,0.2862944006919861,0.1389919221401214,968055.625,469564.03125,1.8728066682815552,0.9084215760231018
dish_1551493005,feature-splatting,22.49435043334961,5.079072952270508,0.8180858492851257,0.0895213112235069,0.2681056261062622,0.1142324283719062,968065.5625,479413.15625,1.8728258609771729,0.9274757504463196
dish_1551493123,feature-splatting,24.027454376220703,1.0378988981246948,0.8655469417572021,0.0239492636173963,0.2275787591934204,0.0441382639110088,801405.1875,666860.5625,1.5504035949707031,1.2901127338409424
dish_1551493159,feature-splatting,22.05244445800781,4.258489608764648,0.8336238265037537,0.0554428473114967,0.2809822559356689,0.0674211159348487,1000760.75,499311.0,1.936078190803528,0.9659702777862548
dish_1551493236,feature-splatting,24.647579193115234,2.529127597808838,0.8919733762741089,0.0306850653141737,0.2053351998329162,0.0596285052597522,1139117.375,556342.6875,2.203743934631348,1.0763040781021118
dish_1551493278,feature-splatting,21.724414825439453,5.650671005249023,0.813938319683075,0.1106800884008407,0.2923333346843719,0.173908919095993,1011416.5625,441578.4375,1.9566930532455444,0.8542804718017578
dish_1551493311,feature-splatting,17.616636276245117,3.7560935020446777,0.7338157892227173,0.1120040342211723,0.4129731655120849,0.2511720955371856,1017539.4375,578266.25,1.9685382843017576,1.1187176704406738
dish_1551493680,feature-splatting,24.1489315032959,5.38375997543335,0.8717255592346191,0.0678165778517723,0.2555286586284637,0.1237527802586555,1173992.625,531822.875,2.27121376991272,1.0288679599761963
dish_1551493698,feature-splatting,17.262496948242188,6.448806285858154,0.7260723114013672,0.1448288559913635,0.4770159721374511,0.3145406246185303,1055209.25,527232.9375,2.041414499282837,1.0199882984161377
dish_1551493723,feature-splatting,25.14946556091309,2.00820255279541,0.9038179516792296,0.0276962891221046,0.1955281496047973,0.0437160693109035,1176834.5,528593.6875,2.2767114639282227,1.0226207971572876
dish_1551493749,feature-splatting,23.19797134399414,2.1293342113494877,0.8521557450294495,0.039039134979248,0.1886401772499084,0.0395627915859222,1041230.0625,479512.21875,2.014370441436768,0.9276673793792723
dish_1551493773,feature-splatting,21.37803840637207,4.836113452911377,0.8018127679824829,0.090974323451519,0.2567595243453979,0.1098393723368644,984018.5625,539866.5,1.903688669204712,1.0444291830062866
dish_1551493823,feature-splatting,22.484508514404297,3.160040855407715,0.8356769680976868,0.0532635636627674,0.2490192949771881,0.0491623952984809,771838.3125,682772.625,1.4932034015655518,1.3208962678909302
dish_1551493854,feature-splatting,21.94333267211914,5.008270740509033,0.8236207365989685,0.0879759341478347,0.2961021363735199,0.1309102922677993,1053005.5,506780.125,2.037151336669922,0.9804201126098632
dish_1551493883,feature-splatting,20.41946792602539,4.844358921051025,0.7971218228340149,0.0986130610108375,0.3442827463150024,0.1653357297182083,910923.0625,655678.8125,1.762277603149414,1.26848042011261
dish_1551493916,feature-splatting,22.786659240722656,2.96127724647522,0.8277808427810669,0.0486049875617027,0.1971573084592819,0.0612344928085804,1040226.9375,456150.5,2.012429714202881,0.8824716806411743
dish_1551493942,feature-splatting,21.88363265991211,1.951225757598877,0.8218194842338562,0.0231321286410093,0.2114471793174743,0.0401701778173446,1023146.875,510541.59375,1.9793864488601685,0.9876970648765564
dish_1551494035,feature-splatting,23.916770935058597,6.086425304412842,0.8492775559425354,0.1184469163417816,0.2736295759677887,0.1824340522289276,829724.125,614419.25,1.6051896810531616,1.188659429550171
dish_1551494058,feature-splatting,17.157453536987305,3.4844911098480225,0.7194080352783203,0.109756663441658,0.3547330200672149,0.1170323193073272,1055270.25,583699.875,2.0415327548980717,1.1292295455932615
dish_1551494095,feature-splatting,22.877479553222656,4.486499786376953,0.8452551960945129,0.0564292147755622,0.2334868907928466,0.0591150075197219,775316.1875,692859.5,1.4999316930770874,1.3404104709625244
dish_1551494147,feature-splatting,19.69476127624512,1.985116004943848,0.781646192073822,0.0285567678511142,0.278815746307373,0.049675129354,1037342.6875,531962.6875,2.006849765777588,1.029138445854187
dish_1551494178,feature-splatting,20.678974151611328,4.520452499389648,0.7930970788002014,0.0919395983219146,0.2578458786010742,0.0941815376281738,973498.4375,484023.6875,1.883336305618286,0.9363952875137328
dish_1551562881,feature-splatting,14.45888328552246,6.014472484588623,0.5875674486160278,0.2591816484928131,0.5577477216720581,0.2266515791416168,1176451.75,695052.375,2.2759711742401123,1.344652771949768
dish_1551563001,feature-splatting,21.684186935424805,5.08024787902832,0.8360986709594727,0.0928195863962173,0.3046039938926697,0.1566178500652313,1085256.25,482744.96875,2.099543571472168,0.93392151594162
dish_1551563119,feature-splatting,17.14164161682129,4.766485691070557,0.7578029632568359,0.0604099407792091,0.4304735362529754,0.1828082948923111,870189.25,619253.3125,1.6834737062454224,1.1980113983154297
dish_1551563170,feature-splatting,17.355669021606445,4.154447078704834,0.7269383668899536,0.111772783100605,0.3547926545143127,0.1605864763259887,1045217.6875,534615.0,2.022084951400757,1.0342695713043213
dish_1551563213,feature-splatting,22.10745429992676,3.29413104057312,0.845852255821228,0.0487493611872196,0.2139361798763275,0.0676084458827972,1033016.5625,497471.15625,1.998480439186096,0.9624108672142028
dish_1551563294,feature-splatting,18.53035926818848,5.122251987457275,0.760222852230072,0.0939684808254242,0.3865891098976135,0.1330423951148986,1090437.5,480491.6875,2.109567403793335,0.9295622706413268
dish_1551563337,feature-splatting,21.37207794189453,2.411058187484741,0.8451314568519592,0.0282900966703891,0.2360764443874359,0.0587351843714714,1083330.125,479767.78125,2.0958173274993896,0.9281618595123292
dish_1551563370,feature-splatting,20.94833755493164,4.368308544158936,0.8132736086845398,0.0730108618736267,0.3249202370643616,0.1190990507602691,1075735.625,474976.28125,2.081125020980835,0.9188921451568604
dish_1551563400,feature-splatting,22.70545959472656,1.1407753229141235,0.8419705033302307,0.0290544871240854,0.1975560933351516,0.0247814543545246,1039110.8125,456056.125,2.010270357131958,0.8822891116142273
dish_1551563429,feature-splatting,20.828392028808597,2.466773509979248,0.8163273930549622,0.0512141250073909,0.2362811118364334,0.0536615997552871,1041216.6875,458069.40625,2.014344453811645,0.8861839771270752
dish_1551563511,feature-splatting,20.43722343444824,6.717164993286133,0.7618948221206665,0.243566021323204,0.3419490158557892,0.1875040829181671,1195090.625,543519.75,2.312030076980591,1.0514968633651731
dish_1551563550,feature-splatting,22.812538146972656,7.52349042892456,0.7764022350311279,0.2590056359767914,0.2856606245040893,0.1930342763662338,1200574.5,553050.5625,2.322639226913452,1.0699352025985718
dish_1551563591,feature-splatting,24.83686065673828,3.840522766113281,0.8839031457901001,0.0576191321015358,0.2467245757579803,0.1271468102931976,1155820.0,520116.0625,2.2360568046569824,1.0062198638916016
dish_1551563627,feature-splatting,25.955564498901367,2.720396041870117,0.9014036059379578,0.0299138873815536,0.1583808064460754,0.0393635779619216,1067552.75,470312.0625,2.0652942657470703,0.9098687171936036
dish_1551563660,feature-splatting,24.58728408813477,3.735986709594727,0.8734903335571289,0.0531181991100311,0.2063886225223541,0.0668794885277748,1026731.8125,456631.0,1.9863219261169436,0.8834012746810913
dish_1551563723,feature-splatting,24.658796310424805,4.505837917327881,0.8857361078262329,0.0494742728769779,0.2255602777004242,0.07748544216156,1145430.75,514274.84375,2.2159576416015625,0.9949194192886353
dish_1551563773,feature-splatting,24.72568893432617,2.981698036193848,0.8928446769714355,0.0270342677831649,0.1943632960319519,0.0359690636396408,1064280.625,472295.71875,2.0589640140533447,0.9137063026428224
dish_1551563824,feature-splatting,24.6004695892334,3.3720545768737797,0.8819347023963928,0.0419922173023223,0.2130380719900131,0.0653023645281791,1136380.75,507034.0625,2.1984496116638184,0.9809113144874572
dish_1551563853,feature-splatting,24.22447204589844,2.0974559783935547,0.8687235116958618,0.0310243908315897,0.1802263408899307,0.0377118699252605,804744.625,589010.5625,1.5568641424179075,1.1395035982131958
dish_1551563890,feature-splatting,24.59984588623047,3.8495335578918457,0.8813354969024658,0.0470033660531044,0.1806645989418029,0.0575470700860023,1030943.6875,453766.6875,1.994470238685608,0.8778599500656128
dish_1551563925,feature-splatting,24.893978118896484,3.4295413494110107,0.881059467792511,0.0488330833613872,0.2046069949865341,0.0731933265924453,1067860.5,474752.125,2.065889835357666,0.9184584617614746
dish_1551563964,feature-splatting,19.92523193359375,5.270562648773193,0.7775086164474487,0.1403624862432479,0.3721681833267212,0.1756603419780731,1062228.625,490632.3125,2.0549941062927246,0.9491804242134094
dish_1551564016,feature-splatting,25.58021354675293,3.373689651489258,0.875063419342041,0.0549104921519756,0.2331850677728653,0.0746249929070472,1084031.5,549189.625,2.097174406051636,1.062465786933899
dish_1551564053,feature-splatting,22.377912521362305,2.1832799911499023,0.8376560211181641,0.0289940610527992,0.2236688584089279,0.0261001978069543,1029675.0,454153.65625,1.9920159578323364,0.8786085844039917
dish_1551564084,feature-splatting,20.585783004760746,3.544344902038574,0.8157866597175598,0.0723311379551887,0.2564131319522857,0.0841236338019371,1051946.375,463221.875,2.035102128982544,0.8961520195007324
dish_1551564131,feature-splatting,24.1160888671875,6.378839015960693,0.8588849306106567,0.1062452122569084,0.2458629459142685,0.0970608219504356,938317.25,690408.25,1.8152745962142944,1.3356682062149048
dish_1551564176,feature-splatting,24.83516311645508,2.5039424896240234,0.8861080408096313,0.0445061139762401,0.2137587219476699,0.0684242248535156,1146078.125,519053.625,2.217210054397583,1.004164457321167
dish_1551564221,feature-splatting,17.918954849243164,4.499710559844971,0.7639345526695251,0.1043714582920074,0.4462902545928955,0.1027592793107032,1020789.25,509518.9375,1.974825501441956,0.9857186079025269
dish_1551564255,feature-splatting,24.003568649291992,2.6819467544555664,0.8548303842544556,0.0509568005800247,0.2200704663991928,0.0652384608983993,1050027.875,463970.125,2.03139066696167,0.8975996375083923
dish_1551564282,feature-splatting,23.13968849182129,4.2290802001953125,0.8506052494049072,0.0413947999477386,0.20894455909729,0.0311357527971267,1004697.4375,499900.625,1.943694233894348,0.9671109914779664
dish_1551564352,feature-splatting,24.06824493408203,5.54145097732544,0.8729364275932312,0.0712034553289413,0.2468478381633758,0.1190000623464584,1134290.875,557882.75,2.194406509399414,1.0792834758758545
dish_1551564381,feature-splatting,14.008002281188965,3.516942024230957,0.6782181262969971,0.1244969293475151,0.4734314084053039,0.128553956747055,1077925.875,473612.9375,2.085362195968628,0.9162545800209044
dish_1551564423,feature-splatting,19.683128356933597,5.061347007751465,0.7623258829116821,0.1130867600440979,0.365955650806427,0.1634468883275985,1058199.5,511348.8125,2.0471997261047363,0.9892586469650269
dish_1551564456,feature-splatting,20.20880126953125,3.070924758911133,0.8164605498313904,0.0362457334995269,0.252514898777008,0.0628018528223037,1044600.375,459276.46875,2.020890474319458,0.8885191679000854
dish_1551564480,feature-splatting,24.59898376464844,3.856449604034424,0.8516621589660645,0.0562203750014305,0.1730078756809234,0.046945534646511,1051323.875,463171.5,2.033897876739502,0.8960545659065247
dish_1551564543,feature-splatting,16.740550994873047,3.2280874252319336,0.7533064484596252,0.0820283442735672,0.4192550480365753,0.0832750275731086,1074064.25,472144.03125,2.0778918266296387,0.9134129285812378
dish_1551564577,feature-splatting,25.43989944458008,4.403046131134033,0.8970645666122437,0.0403291024267673,0.2034803032875061,0.0638535991311073,1119105.25,499424.21875,2.1650280952453613,0.9661892652511596
dish_1551564637,feature-splatting,21.692068099975582,3.873127222061157,0.8254028558731079,0.076529711484909,0.2854772806167602,0.1575092673301696,1099395.375,488647.125,2.1268973350524902,0.9453397989273072
dish_1551564857,feature-splatting,21.790924072265625,5.883159637451172,0.792372465133667,0.149884432554245,0.2811975479125976,0.2108945399522781,1021331.75,495491.90625,1.975874900817871,0.958581805229187
dish_1551564907,feature-splatting,22.473876953125,2.5614373683929443,0.8272474408149719,0.0436136312782764,0.2249673902988433,0.0372264310717582,614393.25,652975.25,1.18860924243927,1.2632501125335691
dish_1551564947,feature-splatting,25.56844711303711,0.9802743792533876,0.9001868367195129,0.0231260359287261,0.2099299728870391,0.05436447635293,1137737.125,510927.9375,2.201073408126831,0.988444447517395
dish_1551564992,feature-splatting,23.307350158691406,2.941734552383423,0.8796101808547974,0.031402338296175,0.2150608599185943,0.0476334169507026,1083334.625,479358.71875,2.0958261489868164,0.9273704290390016
dish_1551565034,feature-splatting,24.82684326171875,4.094652652740479,0.8781822919845581,0.0434404872357845,0.2155196815729141,0.0926571562886238,1110857.75,492075.03125,2.1490726470947266,0.9519715309143066
dish_1551565068,feature-splatting,23.573251724243164,2.6063075065612797,0.8656814098358154,0.0444168895483017,0.1980241984128952,0.0459481254220008,1010463.5,493838.375,1.9548492431640625,0.9553828835487366
dish_1551565096,feature-splatting,24.451292037963867,1.9219778776168823,0.8648086190223694,0.0336637273430824,0.1826151013374328,0.0250027161091566,1013828.3125,445042.59375,1.961358666419983,0.8609822392463684
dish_1551565168,feature-splatting,23.98103904724121,4.894702434539795,0.8686950206756592,0.0548009537160396,0.2094101905822754,0.0708237588405609,1097115.125,488451.125,2.122486114501953,0.9449606537818908
dish_1551565204,feature-splatting,13.87355613708496,5.257744789123535,0.6648736596107483,0.1634000241756439,0.5327885746955872,0.2538412511348724,1028002.375,795865.5625,1.988779902458191,1.5396865606307983
dish_1551565237,feature-splatting,21.48958969116211,5.239658832550049,0.8322382569313049,0.0804106295108795,0.3557990193367004,0.1212582737207412,1106572.0,565638.0625,2.14078140258789,1.0942870378494265
dish_1551565289,feature-splatting,19.313037872314453,5.75804328918457,0.7490538954734802,0.1219268217682838,0.3542909622192383,0.1967194527387619,1003916.3125,501718.34375,1.9421828985214236,0.9706275463104248
dish_1551565321,feature-splatting,22.27865219116211,5.868428707122803,0.8210451602935791,0.1146803870797157,0.2376018166542053,0.142024427652359,1044736.3125,461348.34375,2.021153450012207,0.8925274610519409
dish_1551565379,feature-splatting,25.676603317260746,3.841040372848511,0.8991045951843262,0.0393057875335216,0.1912356317043304,0.0598121806979179,805164.8125,699586.0,1.5576770305633545,1.3534235954284668
dish_1551565425,feature-splatting,22.10814666748047,4.90146017074585,0.835157036781311,0.0586751848459243,0.278334379196167,0.1099333465099334,1083844.375,479139.96875,2.0968122482299805,0.926947295665741
dish_1551565464,feature-splatting,22.850116729736328,5.451418876647949,0.855512261390686,0.0717601105570793,0.2848362922668457,0.143349215388298,1145758.875,513298.75,2.21659255027771,0.993031084537506
dish_1551565495,feature-splatting,20.73863983154297,4.516112804412842,0.7986289262771606,0.1264525949954986,0.2968031167984009,0.1944125890731811,1028290.9375,451771.65625,1.9893382787704468,0.8740003705024719
dish_1551565529,feature-splatting,21.38382148742676,6.019649505615234,0.7848978042602539,0.1387749463319778,0.2696551978588104,0.1862787306308746,1024484.375,492748.125,1.9819740056991575,0.9532736539840698
dish_1551565570,feature-splatting,24.87389373779297,2.064605236053467,0.8920995593070984,0.0254612192511558,0.1913276612758636,0.0327729396522045,909391.0,607514.0625,1.759313702583313,1.1753005981445312
dish_1551565613,feature-splatting,18.68543243408203,3.810253143310547,0.7838631272315979,0.0905132815241813,0.4247381389141083,0.116790547966957,1058593.125,466456.5625,2.047960996627808,0.902409851551056
dish_1551565653,feature-splatting,26.119844436645508,5.109020709991455,0.8908541798591614,0.0637880712747573,0.2139327526092529,0.0969722121953964,1137234.375,552941.75,2.200100898742676,1.069724678993225
dish_1551565720,feature-splatting,25.453533172607425,1.734936237335205,0.8905463218688965,0.0165831204503774,0.1650494933128357,0.020597456023097,1027933.625,451239.4375,1.9886469841003416,0.872970700263977
dish_1551565752,feature-splatting,25.749317169189453,3.5960142612457275,0.888397216796875,0.0374836213886737,0.1580541133880615,0.0388046465814113,1027813.625,454761.8125,1.9884148836135864,0.8797851204872131
dish_1551565797,feature-splatting,19.62211227416992,5.1302900314331055,0.7660279273986816,0.1029936745762825,0.3859431445598602,0.1721401661634445,1096074.0,622292.0,2.120471715927124,1.203890085220337
dish_1551565845,feature-splatting,18.923208236694336,4.312794208526611,0.7950719594955444,0.0717304944992065,0.4351546168327331,0.1314449608325958,1003350.5625,484197.59375,1.941088318824768,0.93673175573349
dish_1551565884,feature-splatting,17.00271224975586,3.3321712017059326,0.769980788230896,0.0655603781342506,0.4355669915676117,0.0910656154155731,1068523.375,471813.25,2.067172050476074,0.9127729535102844
dish_1551565909,feature-splatting,17.144376754760742,6.493039131164551,0.6820908784866333,0.1634549498558044,0.4260862171649933,0.220727190375328,1024366.375,448603.375,1.981745719909668,0.8678709864616394
dish_1551565945,feature-splatting,22.429576873779297,2.2139675617218018,0.8342700004577637,0.0465649254620075,0.2259767353534698,0.0568042956292629,1031109.75,452231.875,1.9947915077209477,0.8748906850814819
dish_1551565996,feature-splatting,24.311384201049805,3.271627426147461,0.8698971271514893,0.052986204624176,0.2235459089279174,0.0618764199316501,1054595.375,465033.34375,2.040226936340332,0.8996565341949463
dish_1551566047,feature-splatting,19.66952514648437,7.413064002990723,0.7544682621955872,0.1967924386262893,0.4262437224388122,0.2305154353380203,1086116.5,477655.09375,2.101207971572876,0.924074649810791
dish_1551566083,feature-splatting,16.966779708862305,4.473055362701416,0.7443273663520813,0.1032673865556716,0.5092092752456665,0.1499491184949875,1084804.25,479322.21875,2.0986692905426025,0.9272998571395874
dish_1551566130,feature-splatting,23.14979553222656,3.668698310852051,0.8643983602523804,0.0453341081738472,0.2077547311782837,0.0566197708249092,971214.375,481152.5625,1.8789175748825075,0.930840790271759
dish_1551566159,feature-splatting,22.90762710571289,2.1291496753692627,0.8642293810844421,0.0454314984381198,0.1916668117046356,0.0437312796711921,1010208.375,442350.40625,1.9543555974960327,0.85577392578125
dish_1551566208,feature-splatting,18.944093704223636,5.433969974517822,0.7711496949195862,0.1162526607513427,0.3932808041572571,0.1427181512117386,813811.5,603810.1875,1.5744049549102783,1.1681350469589231
dish_1551566236,feature-splatting,22.031457901000977,3.9189841747283936,0.8446496725082397,0.0745667666196823,0.295905739068985,0.1253276616334915,1063651.75,534118.9375,2.057747364044189,1.0333099365234375
dish_1551566277,feature-splatting,25.757646560668945,4.112619400024414,0.8977803587913513,0.0398484878242015,0.1965042650699615,0.0478619709610939,875572.625,638634.25,1.6938884258270264,1.2355059385299685
dish_1551566316,feature-splatting,20.065046310424805,6.385482311248779,0.8123508095741272,0.1054163053631782,0.3003110885620117,0.1476218998432159,823322.6875,587209.25,1.5928053855895996,1.1360187530517578
dish_1551566356,feature-splatting,21.548105239868164,4.95654821395874,0.8157575130462646,0.1081289052963256,0.2687875032424927,0.1547785252332687,1037437.625,456216.0625,2.007033586502075,0.8825985193252563
dish_1551566421,feature-splatting,25.71121597290039,4.437092304229736,0.8971522450447083,0.0438517704606056,0.2046813070774078,0.076296143233776,1180779.25,531859.5,2.284343242645264,1.0289387702941897
dish_1551566464,feature-splatting,17.906911849975586,2.503641128540039,0.7909435629844666,0.0590485446155071,0.4337191879749298,0.1250995248556137,1088670.25,484631.6875,2.1061484813690186,0.9375715255737304
dish_1551566499,feature-splatting,24.26591682434082,4.843050956726074,0.8730180859565735,0.0702769234776496,0.242808535695076,0.1318652778863906,1099715.25,493595.15625,2.127516031265259,0.9549123048782348
dish_1551566524,feature-splatting,22.96626091003418,3.853103876113892,0.8476969003677368,0.071925088763237,0.2419415116310119,0.0902886092662811,1025956.1875,487899.71875,1.984821438789368,0.9438939094543456
dish_1551566547,feature-splatting,24.567522048950195,2.912623882293701,0.8873181343078613,0.0425886325538158,0.2010698914527893,0.084257423877716,1052465.5,464442.625,2.03610634803772,0.898513674736023
dish_1551566592,feature-splatting,21.238380432128903,3.0650527477264404,0.8488703370094299,0.0681931748986244,0.3086391687393188,0.1398354619741439,1121818.875,501839.46875,2.170277833938598,0.9708618521690368
dish_1551566642,feature-splatting,22.43343544006348,3.944613695144653,0.8418781161308289,0.0771274864673614,0.2873903512954712,0.0869815275073051,857443.0625,628092.3125,1.6588149070739746,1.2151113748550415
dish_1551566687,feature-splatting,23.813201904296875,3.840451955795288,0.8666704893112183,0.0744558498263359,0.2488891333341598,0.0912437289953231,1174766.25,516430.09375,2.27271032333374,0.9990890026092528
dish_1551566753,feature-splatting,23.54285049438477,3.52587366104126,0.8556438088417053,0.0691961869597435,0.2169539034366607,0.0863284766674041,1060830.5,468843.78125,2.0522894859313965,0.9070281982421876
dish_1551566781,feature-splatting,24.41659927368164,2.572416305541992,0.8590210676193237,0.0461240373551845,0.1827063560485839,0.0469047650694847,1021214.75,448744.03125,1.975648641586304,0.8681430816650391
dish_1551566851,feature-splatting,22.076311111450195,5.574412822723389,0.8473248481750488,0.0932211503386497,0.2723016440868377,0.2569273710250854,1222244.75,615424.5,2.364562511444092,1.1906042098999023
dish_1551566887,feature-splatting,15.927425384521484,4.658267974853516,0.7202980518341064,0.0981970131397247,0.493251770734787,0.1550626456737518,1018727.0,562142.8125,1.97083580493927,1.0875250101089478
dish_1551566922,feature-splatting,25.58041381835937,3.153381586074829,0.8986166715621948,0.0308235064148902,0.2112215608358383,0.0477273389697074,923524.875,698531.625,1.786657214164734,1.3513838052749634
dish_1551566974,feature-splatting,22.316408157348636,5.549957275390625,0.8288315534591675,0.1185013279318809,0.2602604329586029,0.1792149841785431,1061812.375,467278.1875,2.054188966751098,0.903999388217926
dish_1551567004,feature-splatting,22.21024513244629,3.2851719856262207,0.8313588500022888,0.0751017555594444,0.2229288220405578,0.1011892482638359,1036440.375,455268.625,2.0051043033599854,0.8807656168937683
dish_1551567084,feature-splatting,16.6020565032959,3.686582565307617,0.7162051200866699,0.1253214031457901,0.5317413806915283,0.1276233047246933,1080779.0,573064.0625,2.090881824493408,1.1086534261703491
dish_1551567106,feature-splatting,22.02733612060547,6.196944236755371,0.8213224411010742,0.131652295589447,0.325417697429657,0.2090846896171569,858939.75,638715.3125,1.661710262298584,1.2356626987457275
dish_1551567141,feature-splatting,20.74696350097656,4.893350124359131,0.8061888813972473,0.0928336158394813,0.3035898804664612,0.1229789406061172,1116882.5,600636.0625,2.160727977752685,1.1619943380355835
dish_1551567170,feature-splatting,22.66962242126465,3.48987889289856,0.8365113735198975,0.0564967356622219,0.2266260236501693,0.0539003051817417,812542.125,600072.375,1.571949124336243,1.1609039306640625
dish_1551567230,feature-splatting,22.111522674560547,4.993677139282227,0.8051981925964355,0.1016666814684867,0.2232750505208969,0.1138278394937515,645823.0,651886.5,1.249413251876831,1.2611438035964966
dish_1551567293,feature-splatting,26.326580047607425,2.4607839584350586,0.905766487121582,0.0328757017850875,0.1964863836765289,0.048330683261156,1199113.375,541046.4375,2.319812297821045,1.0467119216918943
dish_1551567329,feature-splatting,24.029905319213867,4.169003009796143,0.866899311542511,0.0745145604014396,0.2218304872512817,0.1211285889148712,1080128.375,432012.96875,2.089623212814331,0.8357750177383423
dish_1551567368,feature-splatting,18.49555015563965,5.185990810394287,0.7665515542030334,0.115556962788105,0.3838953673839569,0.2007964551448822,1087213.25,529848.375,2.103329658508301,1.0250481367111206
dish_1551567396,feature-splatting,22.834304809570312,6.529579639434815,0.8191922903060913,0.1352948397397995,0.2271522283554077,0.1855600327253341,1048939.625,500680.21875,2.029285430908203,0.968619167804718
dish_1551567426,feature-splatting,22.41345596313477,5.672035217285156,0.8181310892105103,0.0989370718598365,0.2515251040458679,0.1415361911058426,1002675.1875,438310.78125,1.939781904220581,0.8479588627815247
dish_1551567471,feature-splatting,23.939027786254883,2.9533495903015137,0.8912741541862488,0.0254253800958395,0.2026410400867462,0.0397195667028427,1065222.75,469535.90625,2.0607869625091557,0.908367156982422
dish_1551567508,feature-splatting,20.066242218017575,4.825583934783936,0.8092895746231079,0.0855783000588417,0.3468139767646789,0.2049688100814819,1160807.625,542033.375,2.245706081390381,1.0486211776733398
dish_1551567541,feature-splatting,20.118816375732425,3.2736523151397705,0.8027507662773132,0.0776541084051132,0.404352068901062,0.1786832958459854,1058659.625,464910.59375,2.0480897426605225,0.8994190096855164
dish_1551567573,feature-splatting,19.76603889465332,5.588498592376709,0.7790573835372925,0.1234124898910522,0.3269712626934051,0.2147733718156814,993289.9375,436422.59375,1.921625018119812,0.8443059325218201
dish_1551567604,feature-splatting,22.984617233276367,1.736981987953186,0.8552013039588928,0.0308992974460124,0.2063685208559036,0.0424883253872394,981556.4375,473608.90625,1.8989254236221316,0.9162468910217284
dish_1551567650,feature-splatting,19.6528263092041,6.189798831939697,0.7854607105255127,0.136834979057312,0.3444143533706665,0.2007042914628982,802524.625,592949.0625,1.5525693893432615,1.147123098373413
dish_1551567694,feature-splatting,26.161102294921875,3.705921411514282,0.905720591545105,0.0309668108820915,0.1983948051929474,0.0458821430802345,1138852.125,545299.5625,2.203230857849121,1.054940104484558
dish_1551567731,feature-splatting,21.216285705566406,5.084658145904541,0.8109068870544434,0.1193881928920745,0.3364538550376892,0.1905014514923095,1050708.375,506738.625,2.0327072143554688,0.980339765548706
dish_1551567775,feature-splatting,21.49413681030273,4.43158769607544,0.806473970413208,0.0676519125699997,0.2676405608654022,0.1109501272439956,999340.75,498581.84375,1.93333113193512,0.9645596146583556
dish_1551567805,feature-splatting,19.327131271362305,6.090955257415772,0.759769856929779,0.1585256159305572,0.3181427717208862,0.1994713991880417,1048939.0,459476.0625,2.029284238815308,0.8889053463935852
dish_1551567848,feature-splatting,20.3393611907959,5.178773403167725,0.7938919067382812,0.1071298196911811,0.3182681798934936,0.1481542885303497,1028008.875,563295.1875,1.9887926578521729,1.0897544622421265
dish_1551567896,feature-splatting,20.599380493164062,6.698361873626709,0.7905300855636597,0.1296079456806183,0.3166126310825348,0.1682115197181701,1063866.0,467552.90625,2.058161973953247,0.9045308232307434
dish_1551567937,feature-splatting,25.78240966796875,2.0063135623931885,0.9037225842475892,0.0191414840519428,0.1966666430234909,0.0333556421101093,899347.0,657959.9375,1.739882469177246,1.2728935480117798
dish_1551567964,feature-splatting,21.00653648376465,3.686603546142578,0.796123743057251,0.0925912261009216,0.2542657554149627,0.1088082194328308,854154.375,612090.75,1.65245258808136,1.1841546297073364
dish_1551567992,feature-splatting,21.748348236083984,2.231130123138428,0.8191174864768982,0.0694905221462249,0.2260212898254394,0.0603072829544544,851454.5625,620815.0625,1.6472294330596924,1.2010327577590942
dish_1551568059,feature-splatting,17.911590576171875,3.712482452392578,0.7702760100364685,0.0774840340018272,0.4551235437393188,0.1586828827857971,654452.75,646712.5625,1.266108512878418,1.2511342763900757
dish_1551568156,feature-splatting,23.486299514770508,2.599372386932373,0.8667608499526978,0.0332237258553504,0.2617323696613312,0.0817093849182128,880965.0625,631763.375,1.7043206691741943,1.2222135066986084
dish_1551568200,feature-splatting,19.338520050048828,7.171694278717041,0.7558269500732422,0.1867751479148864,0.4053586721420288,0.2965343296527862,879783.1875,630399.4375,1.7020342350006104,1.219574809074402
dish_1551568240,feature-splatting,21.932655334472656,6.1598663330078125,0.8058743476867676,0.15064437687397,0.2738884091377258,0.1994707584381103,1013171.5,444629.3125,1.960088133811951,0.8601827025413513
dish_1551568285,feature-splatting,22.35869598388672,1.587624192237854,0.8345392942428589,0.0327637568116188,0.2196242064237594,0.0349146053194999,970693.0,480770.8125,1.8779089450836184,0.930102288722992
dish_1556572657,feature-splatting,19.272581100463867,6.045022010803223,0.7683018445968628,0.1266244947910308,0.3715025782585144,0.2276283651590347,792821.4375,663917.9375,1.5337975025177002,1.2844198942184448
dish_1556573514,feature-splatting,24.26743698120117,2.111741542816162,0.8518853187561035,0.0337286628782749,0.2335655391216278,0.0502587743103504,894411.6875,566146.3125,1.7303346395492554,1.0952703952789309
dish_1556575014,feature-splatting,18.40748405456543,3.329972982406616,0.7568140625953674,0.0680622830986976,0.3612295389175415,0.1012337133288383,878275.9375,549538.8125,1.6991182565689087,1.0631413459777832
dish_1556575083,feature-splatting,21.23444366455078,3.8214268684387207,0.8141040205955505,0.0800716206431388,0.3101901412010193,0.1132903173565864,1111541.0,445284.59375,2.1503944396972656,0.8614504337310791
dish_1556575124,feature-splatting,20.59091186523437,3.3575682640075684,0.8001201748847961,0.0734889581799507,0.3719309866428375,0.1168118938803672,1121739.25,418640.25,2.170124053955078,0.8099040985107422
dish_1556575273,feature-splatting,22.96932983398437,1.5755115747451782,0.8179793953895569,0.0248134322464466,0.2225260734558105,0.0366481803357601,1039544.625,411668.71875,2.0111098289489746,0.7964169383049011
dish_1556575327,feature-splatting,22.270864486694336,2.9355854988098145,0.810942530632019,0.0443472228944301,0.2404009103775024,0.0315977409482002,1029468.875,407037.09375,1.9916170835494995,0.7874565720558167
dish_1556575386,feature-splatting,22.20636749267578,2.189232110977173,0.7640158534049988,0.0501441545784473,0.234261617064476,0.0352741852402687,987524.6875,386950.0625,1.9104715585708616,0.7485960721969604
dish_1556575446,feature-splatting,22.12150764465332,5.275184154510498,0.8135517239570618,0.08515115827322,0.2445051968097686,0.124782957136631,1039544.9375,411126.1875,2.011110305786133,0.7953673601150513
dish_1556575499,feature-splatting,23.31772994995117,2.523748874664306,0.825751543045044,0.0373314842581748,0.2171275615692138,0.0385004393756389,823820.4375,551581.1875,1.5937683582305908,1.0670925378799438
dish_1556575558,feature-splatting,23.307994842529297,2.3536407947540283,0.7910453677177429,0.0472541898488998,0.2008144706487655,0.0370970033109188,1041221.0625,407063.40625,2.014352798461914,0.7875074744224548
dish_1556575700,feature-splatting,23.88877868652344,1.87413227558136,0.8606655597686768,0.0247834343463182,0.2510318458080292,0.0449079237878322,1102692.875,403213.53125,2.1332767009735107,0.7800594568252563
dish_1557853154,feature-splatting,24.090734481811523,2.6711111068725586,0.8613594174385071,0.0359681993722915,0.2174930274486541,0.0397222004830837,1027730.4375,493760.84375,1.9882539510726929,0.9552329182624816
dish_1557853229,feature-splatting,22.87207794189453,3.8961682319641113,0.8290762305259705,0.0607988946139812,0.2452648133039474,0.0589701570570468,669923.625,646834.0,1.2960385084152222,1.2513692378997805
dish_1557853314,feature-splatting,23.263029098510746,1.6101453304290771,0.8477150201797485,0.0361845642328262,0.2215603739023208,0.0626451671123504,1032631.75,455696.0,1.997735977172852,0.8815923929214478
dish_1557853429,feature-splatting,23.99323463439941,2.839031219482422,0.8080707788467407,0.0692655146121978,0.1931381970643997,0.0378746800124645,621395.9375,620400.0625,1.2021565437316897,1.2002300024032593
dish_1557861216,feature-splatting,15.170278549194336,1.9113889932632449,0.6346317529678345,0.145023688673973,0.5771356821060181,0.1730596423149109,1048347.875,527289.5,2.0281405448913574,1.0200976133346558
dish_1557861605,feature-splatting,20.79715156555176,4.293953895568848,0.8302304148674011,0.0667192414402961,0.2899009585380554,0.1246445104479789,1138861.125,416189.25,2.2032480239868164,0.8051623702049255
dish_1557861697,feature-splatting,19.994609832763672,3.71940803527832,0.781858503818512,0.0927552431821823,0.3128910958766937,0.0992527455091476,997930.6875,496308.34375,1.93060302734375,0.9601613283157348
dish_1557861795,feature-splatting,21.18826675415039,4.81693172454834,0.8104485273361206,0.0942683815956115,0.3021553456783294,0.1581530421972274,1141929.25,386897.1875,2.209183692932129,0.7484937906265259
dish_1557861837,feature-splatting,21.892261505126957,2.8939664363861084,0.824845552444458,0.0578702166676521,0.2439964860677719,0.0756305381655693,1032833.6875,451201.0,1.998126745223999,0.8728963136672974
dish_1557862345,feature-splatting,24.521846771240234,4.178478717803955,0.8756127953529358,0.0476088561117649,0.2000934183597564,0.0733394622802734,1098188.375,486305.84375,2.124562263488769,0.9408104419708252
dish_1557862696,feature-splatting,20.911169052124023,4.0523200035095215,0.7909246683120728,0.0653416067361831,0.3595049679279327,0.0613272488117218,1002115.5625,544410.5,1.9386991262435915,1.05322003364563
dish_1557862738,feature-splatting,22.21368408203125,1.5936262607574463,0.8307426571846008,0.0310345273464918,0.2450095266103744,0.0528697557747364,839346.8125,626131.4375,1.6238057613372805,1.2113178968429563
dish_1557862783,feature-splatting,23.15242958068848,2.2316808700561523,0.8111907839775085,0.0534472838044166,0.2229193150997162,0.052767090499401,961239.0,466297.65625,1.859619140625,0.9021024107933044
dish_1557862829,feature-splatting,20.4444580078125,3.7193307876586914,0.7830244898796082,0.0879357904195785,0.2962887287139892,0.1137121245265007,1007470.625,505040.8125,1.9490591287612915,0.9770551919937134
dish_1557863012,feature-splatting,24.52325820922852,3.21891450881958,0.8735139966011047,0.040215790271759,0.1893227994441986,0.0587416440248489,691292.75,689388.75,1.3373794555664062,1.333695888519287
dish_1557863056,feature-splatting,23.682662963867188,4.106779098510742,0.865537703037262,0.0596249587833881,0.2089892625808715,0.0553184188902378,1049046.0,462362.5625,2.029491186141968,0.8944896459579468
dish_1557863104,feature-splatting,22.33248710632324,3.323201894760132,0.831825852394104,0.0626694485545158,0.2502375841140747,0.0800029262900352,1071708.5,472295.40625,2.073333978652954,0.9137057662010192
dish_1557863170,feature-splatting,19.677322387695312,4.975175380706787,0.7492167949676514,0.1112302616238594,0.2779773771762848,0.1653344333171844,979252.6875,470093.03125,1.8944685459136963,0.9094449877738952
dish_1557936555,feature-splatting,25.866703033447266,4.536775588989258,0.8735140562057495,0.0385744161903858,0.1891603320837021,0.0540873110294342,517477.34375,650684.625,1.0011149644851685,1.2588186264038086
dish_1557936599,feature-splatting,24.646699905395508,1.6654664278030396,0.8435084223747253,0.0258142799139022,0.199181780219078,0.038971722126007,484039.53125,689348.5,0.9364259243011476,1.3336180448532104
dish_1557936645,feature-splatting,24.970827102661133,2.8292105197906494,0.858008623123169,0.0424457266926765,0.2334688454866409,0.0683723762631416,962513.4375,620637.4375,1.8620847463607788,1.2006890773773191
dish_1557937037,feature-splatting,22.67814445495605,,0.8114199638366699,,0.2000167667865753,,113280.796875,,0.2191537618637085,
dish_1557937079,feature-splatting,19.58697509765625,5.695012092590332,0.7281265258789062,0.1602612286806106,0.4174208045005798,0.1816035658121109,1042203.4375,377220.59375,2.016253471374512,0.7297733426094055
dish_1557937157,feature-splatting,22.6994686126709,2.48599624633789,0.7879149317741394,0.0518070459365844,0.2370114624500274,0.0305389314889907,468797.34375,670725.125,0.906938374042511,1.2975891828536987
dish_1557937335,feature-splatting,24.30282974243164,4.751737117767334,0.8258872032165527,0.0729744657874107,0.2574251592159271,0.1033253520727157,429397.8125,633645.375,0.8307157754898071,1.2258543968200684
dish_1557937427,feature-splatting,25.360816955566406,5.278558731079102,0.8551312685012817,0.0727881863713264,0.2478129565715789,0.1424102187156677,866489.4375,653638.5625,1.6763160228729248,1.2645334005355835
dish_1557937574,feature-splatting,26.30125617980957,6.17531156539917,0.8480880856513977,0.1113227158784866,0.248975783586502,0.1518071442842483,862192.4375,651865.4375,1.6680030822753906,1.2611031532287598
dish_1557937615,feature-splatting,24.836814880371094,1.063116192817688,0.8634697198867798,0.0266906302422285,0.230645939707756,0.0300903841853141,691947.625,815656.5,1.338646411895752,1.5779743194580078
dish_1557937715,feature-splatting,22.70331382751465,3.2364447116851807,0.8331478834152222,0.0360181517899036,0.2833096981048584,0.0572399571537971,1018577.75,506757.1875,1.970547080039978,0.9803757071495056
dish_1557937758,feature-splatting,23.07250213623047,0.6560978889465332,0.8296612501144409,0.0259204506874084,0.2386558800935745,0.0385594516992569,950176.25,470394.8125,1.83821713924408,0.9100288152694702
dish_1558027057,feature-splatting,14.802118301391602,,0.5983468890190125,,0.4458045661449432,,108564.0,,0.2100286036729812,
dish_1558027243,feature-splatting,16.656911849975586,,0.48719522356987,,0.4917694330215454,,113560.4609375,,0.2196947932243347,
dish_1558028007,feature-splatting,18.085023880004883,1.5337002277374268,0.7198635339736938,0.0045904661528766,0.4248462915420532,0.0003635587054304,754297.0625,906651.3125,1.4592679738998413,1.7540134191513062
dish_1558028194,feature-splatting,16.28801155090332,0.5963846445083618,0.5695031881332397,0.0079042622819542,0.4423394203186035,0.0201507452875375,677484.9375,800569.0625,1.3106666803359983,1.548785924911499
dish_1558029230,feature-splatting,18.25916290283203,1.452620506286621,0.7031923532485962,0.0296428892761468,0.4100603461265564,0.0310748293995857,769048.3125,928277.875,1.487805724143982,1.7958524227142334
dish_1558029324,feature-splatting,15.043126106262209,1.7288583517074585,0.5939565896987915,0.0359542556107044,0.458113431930542,0.0529940128326416,639074.6875,745028.5,1.2363579273223877,1.4413368701934814
dish_1558029686,feature-splatting,14.942989349365234,1.177209973335266,0.6271272301673889,0.066762126982212,0.4777224659919739,0.0841771215200424,685304.875,944543.6875,1.325795292854309,1.827320337295532
dish_1558029923,feature-splatting,14.516794204711914,1.1825346946716309,0.5523616671562195,0.0174764432013034,0.5020802021026611,0.0282820519059896,622850.625,720881.1875,1.2049708366394043,1.3946213722229004
dish_1558030182,feature-splatting,16.977556228637695,,0.6637779474258423,,0.4478350877761841,,109881.6484375,,0.2125777453184127,
dish_1558030289,feature-splatting,18.720903396606445,,0.6942815780639648,,0.5026402473449707,,110252.8359375,,0.2132958471775055,
dish_1558030383,feature-splatting,13.23963451385498,1.359136700630188,0.5349481701850891,0.0352508649230003,0.6077628135681152,0.0743613690137863,644879.625,755122.125,1.247588276863098,1.4608641862869265
dish_1558030435,feature-splatting,16.296371459960938,1.437436819076538,0.564252495765686,0.0668127462267875,0.434427797794342,0.0223526023328304,623935.3125,818801.8125,1.2070692777633667,1.5840591192245483
dish_1558030724,feature-splatting,17.513328552246094,,0.6712540984153748,,0.445021390914917,,111194.5546875,,0.2151176929473877,
dish_1558030832,feature-splatting,14.579343795776367,1.1311620473861694,0.6265038251876831,0.0522054471075534,0.4968328773975372,0.0642290562391281,710656.875,847507.5625,1.3748414516448977,1.6395937204360962
dish_1558030910,feature-splatting,18.41736602783203,,0.6820683479309082,,0.5165552496910095,,108767.84375,,0.2104229629039764,
dish_1558031019,feature-splatting,15.472492218017578,1.3762052059173584,0.564521312713623,0.0240365155041217,0.4669426381587982,0.0103750368580222,610381.3125,711877.0,1.1808476448059082,1.3772019147872925
dish_1558031133,feature-splatting,17.659839630126953,2.6555495262146,0.6600552797317505,0.0934706255793571,0.4513046741485595,0.0008334117592312,694001.5625,823054.0,1.3426198959350586,1.5922856330871582
dish_1558031302,feature-splatting,18.325536727905277,,0.6677544116973877,,0.4460499882698059,,16950.41796875,,0.0327923856675624,
dish_1558031351,feature-splatting,17.230134963989258,,0.7080508470535278,,0.3998448848724365,,113614.484375,,0.2197993099689483,
dish_1558031394,feature-splatting,16.242517471313477,2.713717460632324,0.6040472984313965,0.052633449435234,0.4361958503723144,0.0478484518826007,666549.0,783398.1875,1.289509892463684,1.5155670642852783
dish_1558031526,feature-splatting,14.37451171875,0.7590539455413818,0.575907826423645,0.062000036239624,0.5359846353530884,0.1335797607898712,635204.1875,882768.3125,1.2288700342178345,1.707809329032898
dish_1558031566,feature-splatting,13.97966194152832,,0.5873103141784668,,0.4800710082054138,,112110.546875,,0.2168897837400436,
dish_1558032156,feature-splatting,15.133475303649902,1.6128648519515991,0.5898734331130981,0.0613093338906765,0.5347152352333069,0.070535197854042,608089.5625,702833.0625,1.1764140129089355,1.3597054481506348
dish_1558109511,feature-splatting,10.399199485778809,,0.4606961905956268,,0.6909533739089966,,112321.9140625,,0.2172987014055252,
dish_1558109714,feature-splatting,16.22000503540039,,0.6221746802330017,,0.5840317606925964,,111126.484375,,0.2149860113859176,
dish_1558109864,feature-splatting,10.662585258483888,,0.415349006652832,,0.7106446027755737,,113715.9140625,,0.2199955433607101,
dish_1558110335,feature-splatting,18.29362297058105,,0.7001530528068542,,0.4367614090442657,,111499.015625,,0.2157067060470581,
dish_1558110436,feature-splatting,20.25262451171875,,0.7509113550186157,,0.3918448090553283,,20169.837890625,,0.0390206985175609,
dish_1558110478,feature-splatting,15.13606071472168,,0.5414599776268005,,0.55299311876297,,67816.59375,,0.1311984211206436,
dish_1558114086,feature-splatting,18.269243240356445,,0.6060078144073486,,0.4324368238449096,,107755.0546875,,0.2084636241197586,
dish_1558114209,feature-splatting,23.676929473876957,,0.8026326894760132,,0.3304113745689392,,111626.3046875,,0.2159529626369476,
dish_1558114484,feature-splatting,24.801170349121094,5.273374557495117,0.7795630693435669,0.1269699484109878,0.2246990650892257,0.1477328687906265,619428.5,720199.6875,1.198350429534912,1.3933030366897583
dish_1558114523,feature-splatting,22.28159713745117,,0.7519651651382446,,0.3260745406150818,,111539.9765625,,0.215785950422287,
dish_1558114609,feature-splatting,25.45792579650879,,0.7900111079216003,,0.1467798948287964,,110147.859375,,0.2130927592515945,
dish_1558114875,feature-splatting,27.749927520751957,,0.8623031377792358,,0.1218330860137939,,112841.0078125,,0.2183029353618621,
dish_1558115011,feature-splatting,29.888330459594727,,0.887769341468811,,0.1727226674556732,,110327.8359375,,0.21344093978405,
dish_1558115169,feature-splatting,27.60995864868164,,0.8379367589950562,,0.2111477255821228,,111534.234375,,0.2157748490571975,
dish_1558115241,feature-splatting,15.653864860534668,,0.4595899581909179,,0.4867957830429077,,111217.7265625,,0.2151625305414199,
dish_1558115282,feature-splatting,28.068115234375,,0.8736996054649353,,0.1619272381067276,,23710.146484375,,0.0458698011934757,
dish_1558115320,feature-splatting,23.367477416992188,5.2512288093566895,0.7851197719573975,0.1350013762712478,0.2740440964698791,0.2022028118371963,649063.6875,759908.875,1.2556827068328855,1.4701244831085205
dish_1558115512,feature-splatting,24.33859634399414,,0.7781945466995239,,0.3334157168865204,,110653.03125,,0.2140700668096542,
dish_1558115601,feature-splatting,30.947154998779297,,0.907863974571228,,0.1550081074237823,,110291.703125,,0.2133710384368896,
dish_1558115641,feature-splatting,26.15076446533203,,0.7801920771598816,,0.1298849731683731,,111481.03125,,0.2156719118356704,
dish_1558115764,feature-splatting,25.209108352661133,,0.8023152351379395,,0.2969407141208648,,109240.359375,,0.2113371044397354,
dish_1558115960,feature-splatting,20.655424118041992,2.186886072158813,0.7353928089141846,0.0246357172727584,0.3463443517684936,0.1487865149974823,652327.875,764451.1875,1.2619976997375488,1.4789122343063354
dish_1558116001,feature-splatting,27.414012908935547,,0.7910394072532654,,0.2291065454483032,,108723.484375,,0.210337147116661,
dish_1558116146,feature-splatting,15.31039810180664,,0.5594310164451599,,0.5617983937263489,,111857.921875,,0.2164010554552078,
dish_1558116260,feature-splatting,22.70929718017578,,0.7419028282165527,,0.2255182266235351,,111810.90625,,0.2163100987672805,
dish_1558116399,feature-splatting,25.86321449279785,,0.8070788383483887,,0.2478835880756378,,109686.6015625,,0.2122004032135009,
dish_1558116436,feature-splatting,27.747543334960938,,0.863115668296814,,0.121917575597763,,112316.46875,,0.2172881662845611,
dish_1558122740,feature-splatting,21.83936309814453,,0.633354663848877,,0.4253040552139282,,109703.6171875,,0.2122333198785781,
dish_1558373639,feature-splatting,12.31616497039795,,0.3915159404277801,,0.5913113355636597,,113289.4140625,,0.2191704213619232,
dish_1558373687,feature-splatting,17.162322998046875,,0.5589075088500977,,0.4509550929069519,,112565.875,,0.2177706658840179,
dish_1558375583,feature-splatting,18.437179565429688,,0.5687428712844849,,0.5519952774047852,,109139.8671875,,0.2111426889896392,
dish_1558376734,feature-splatting,23.466522216796875,,0.7903799414634705,,0.2896401286125183,,109694.90625,,0.2122164666652679,
dish_1558377105,feature-splatting,18.651857376098636,,0.6352561116218567,,0.3498710989952087,,110142.5234375,,0.2130824327468872,
dish_1558378553,feature-splatting,11.663057327270508,,0.457777738571167,,0.641105592250824,,113008.0,,0.218626007437706,
dish_1558379273,feature-splatting,17.450714111328125,,0.6580149531364441,,0.3394481837749481,,107421.09375,,0.2078175395727157,
dish_1558379391,feature-splatting,14.908584594726562,,0.4391340017318725,,0.4844242632389068,,111838.5078125,,0.2163634896278381,
dish_1558379588,feature-splatting,20.81760025024414,,0.7275049090385437,,0.4134538173675537,,110662.828125,,0.2140890210866928,
dish_1558379712,feature-splatting,15.82329273223877,,0.5452995300292969,,0.5748429298400879,,111338.640625,,0.215396448969841,
dish_1558379876,feature-splatting,15.248488426208496,,0.4418537318706512,,0.4736699163913727,,113085.1484375,,0.2187752574682235,
dish_1558380014,feature-splatting,8.147910118103027,,0.3498812913894653,,0.7468351125717163,,112691.6015625,,0.2180138975381851,
dish_1558380181,feature-splatting,14.128219604492188,,0.4595241248607635,,0.7333253622055054,,111068.1875,,0.2148732244968414,
dish_1558381665,feature-splatting,15.114446640014648,,0.5077173113822937,,0.5952224731445312,,109958.234375,,0.2127259075641632,
dish_1558381708,feature-splatting,13.474493026733398,,0.5006142854690552,,0.5336853861808777,,112210.578125,,0.2170833051204681,
dish_1558381860,feature-splatting,19.359310150146484,,0.688140869140625,,0.4690093994140625,,110700.515625,,0.2141619324684143,
dish_1558459994,feature-splatting,27.28614997863769,,0.8532150983810425,,0.2666018903255462,,110505.3046875,,0.2137842774391174,
dish_1558460061,feature-splatting,14.010381698608398,,0.5091496706008911,,0.6040087342262268,,109403.609375,,0.2116529196500778,
dish_1558460138,feature-splatting,31.686586380004883,,0.9086030721664428,,0.159207209944725,,111403.9140625,,0.2155227214097976,
dish_1558460205,feature-splatting,25.01569175720215,,0.8230327367782593,,0.3192763924598694,,108620.640625,,0.2101381868124008,
dish_1558461431,feature-splatting,24.83328056335449,,0.7905739545822144,,0.3473459780216217,,102340.3984375,,0.1979883909225464,
dish_1558461692,feature-splatting,26.742830276489254,,0.8441917300224304,,0.2840653359889984,,108385.0390625,,0.2096823900938034,
dish_1558461760,feature-splatting,33.854183197021484,,0.9408174753189088,,0.1047946587204933,,110961.796875,,0.214667409658432,
dish_1558461792,feature-splatting,17.31097984313965,,0.5642385482788086,,0.5267306566238403,,110603.1875,,0.2139736413955688,
dish_1558462106,feature-splatting,26.557382583618164,,0.8662590384483337,,0.1824235469102859,,108470.46875,,0.2098476588726043,
dish_1558463113,feature-splatting,19.663597106933597,,0.6110029220581055,,0.4372401833534241,,110899.03125,,0.2145459800958633,
dish_1558463690,feature-splatting,21.11545753479004,,0.7028385400772095,,0.3803353905677795,,108125.890625,,0.2091810405254364,
dish_1558468401,feature-splatting,14.808513641357422,,0.5302173495292664,,0.5359155535697937,,112277.5234375,,0.2172128111124038,
dish_1558468435,feature-splatting,16.008655548095703,,0.6246205568313599,,0.5283498764038086,,110414.140625,,0.213607907295227,
dish_1558468547,feature-splatting,23.887489318847656,,0.8261913061141968,,0.3053376376628876,,111011.2734375,,0.2147631198167801,
dish_1558468632,feature-splatting,19.878528594970703,,0.7667996287345886,,0.31789231300354,,109334.796875,,0.2115197926759719,
dish_1558544427,feature-splatting,20.476566314697266,,0.6931790113449097,,0.3383683562278747,,109403.5859375,,0.2116528749465942,
dish_1558546434,feature-splatting,16.171072006225586,,0.6122801303863525,,0.428009569644928,,110031.4609375,,0.2128675729036331,
dish_1558546558,feature-splatting,22.30259323120117,,0.7838690280914307,,0.4037272036075592,,110498.0390625,,0.2137702107429504,
dish_1558546918,feature-splatting,25.034587860107425,,0.805863618850708,,0.2323581427335739,,111167.359375,,0.2150650918483734,
dish_1558547008,feature-splatting,16.960535049438477,,0.5965744256973267,,0.5633898973464966,,36091.36328125,,0.0698225796222686,
dish_1558547124,feature-splatting,21.449411392211918,,0.7496830224990845,,0.4384473264217376,,110518.8515625,,0.2138104736804962,
dish_1558549086,feature-splatting,21.531497955322266,,0.692779541015625,,0.4747188687324524,,108175.0703125,,0.2092761844396591,
dish_1558549214,feature-splatting,22.109111785888672,,0.7274050712585449,,0.2163291871547699,,23323.392578125,,0.0451215840876102,
dish_1558550181,feature-splatting,23.87564468383789,,0.8214677572250366,,0.3030334711074829,,110697.8828125,,0.214156836271286,
dish_1558550218,feature-splatting,20.54282569885254,,0.7035213708877563,,0.4737905263900757,,110493.0390625,,0.2137605398893356,
dish_1558722968,feature-splatting,17.142715454101562,,0.5926032066345215,,0.5269272327423096,,111896.0859375,,0.2164748907089233,
dish_1559149615,feature-splatting,20.64658546447754,,0.6842004656791687,,0.4539847373962402,,107711.2421875,,0.208378866314888,
dish_1559149719,feature-splatting,16.573497772216797,,0.5986366271972656,,0.5035697817802429,,112152.234375,,0.2169704288244247,
dish_1559172356,feature-splatting,14.96612548828125,,0.4833661913871765,,0.5731956958770752,,23380.486328125,,0.0452320389449596,
dish_1559232986,feature-splatting,17.927227020263672,,0.6058458089828491,,0.4667921960353851,,110709.46875,,0.2141792476177215,
dish_1559233055,feature-splatting,22.25215530395508,,0.7210245132446289,,0.3910157978534698,,110850.1640625,,0.2144514322280883,
dish_1559233627,feature-splatting,23.007312774658203,,0.7627038955688477,,0.4135116934776306,,112376.515625,,0.2174043208360672,
dish_1559235771,feature-splatting,20.75846672058105,,0.770452618598938,,0.3039107918739319,,113913.8046875,,0.2203783839941024,
dish_1559235815,feature-splatting,23.615610122680664,,0.7508624792098999,,0.3155966103076935,,16651.072265625,,0.032213270664215,
dish_1559238566,feature-splatting,17.06299591064453,,0.6019759178161621,,0.5575230717658997,,111416.546875,,0.2155471593141555,
dish_1559239256,feature-splatting,32.8150634765625,,0.9222514033317566,,0.1791893988847732,,109707.59375,,0.2122410088777542,
dish_1559240216,feature-splatting,22.822763442993164,,0.7660679221153259,,0.3720162510871887,,111928.9296875,,0.2165384292602539,
dish_1559240382,feature-splatting,24.27670669555664,,0.782975435256958,,0.3518326878547668,,110366.8359375,,0.2135163843631744,
dish_1559240441,feature-splatting,22.815189361572266,,0.7393648028373718,,0.315191388130188,,111683.375,,0.216063380241394,
dish_1559240510,feature-splatting,20.351295471191406,,0.6247313022613525,,0.3418106436729431,,17806.583984375,,0.0344487316906452,
dish_1559241099,feature-splatting,23.093965530395508,,0.6996781229972839,,0.4110129177570343,,110364.0546875,,0.2135110050439834,
dish_1559242066,feature-splatting,19.03075790405273,,0.6864354014396667,,0.4011348485946655,,111178.9609375,,0.2150875329971313,
dish_1559242221,feature-splatting,22.022201538085938,,0.6989232897758484,,0.3884430229663849,,108597.734375,,0.2100938707590103,
dish_1559242568,feature-splatting,14.88509464263916,,0.5257860422134399,,0.5601108074188232,,21779.91015625,,0.0421355552971363,
dish_1559243139,feature-splatting,24.51610946655273,,0.8341760635375977,,0.2774251103401184,,109988.828125,,0.2127850949764251,
dish_1559243887,feature-splatting,18.194530487060547,,0.6338028311729431,,0.5245270133018494,,39456.17578125,,0.0763321742415428,
dish_1559243974,feature-splatting,14.087389945983888,,0.4498539865016937,,0.523914635181427,,113419.5,,0.2194220870733261,
dish_1559244649,feature-splatting,17.685800552368164,,0.572914183139801,,0.3900990486145019,,106750.5390625,,0.2065202742815017,
dish_1559245920,feature-splatting,30.871171951293945,,0.9095141887664796,,0.190669447183609,,109502.046875,,0.2118433564901352,
dish_1559332795,feature-splatting,13.924799919128418,,0.4594895243644714,,0.5014947652816772,,111789.671875,,0.2162690162658691,
dish_1559581333,feature-splatting,14.214722633361816,,0.4953863322734833,,0.484007179737091,,17641.2890625,,0.0341289527714252,
dish_1559585533,feature-splatting,18.693696975708008,,0.6354590654373169,,0.5065217018127441,,110087.453125,,0.2129758894443512,
dish_1559589873,feature-splatting,18.038307189941406,,0.6392269134521484,,0.5564894676208496,,109952.9296875,,0.2127156406641006,
dish_1559589902,feature-splatting,13.179222106933594,0.0600831992924213,0.5418168306350708,0.0416121743619442,0.6326946020126343,0.0296975970268249,690682.4375,817356.5,1.3361985683441162,1.5812630653381348
dish_1559589942,feature-splatting,18.682540893554688,2.792720317840576,0.715416669845581,0.0348617248237133,0.3323340713977813,0.0444181859493255,650779.3125,762117.3125,1.259001851081848,1.47439706325531
dish_1559590005,feature-splatting,13.363102912902832,1.5624922513961792,0.4714311957359314,0.0349642038345336,0.4746881127357483,0.0049841809086501,690951.375,819657.3125,1.336719036102295,1.5857142210006714
dish_1559590031,feature-splatting,12.71237564086914,3.793204784393311,0.40628582239151,0.1142871677875518,0.5110679864883423,0.0831356272101402,706411.0,838667.0,1.366627216339111,1.6224905252456665
dish_1559590099,feature-splatting,18.594491958618164,,0.7453175783157349,,0.411974161863327,,110883.4140625,,0.2145157605409622,
dish_1559590130,feature-splatting,14.246444702148438,1.2344987392425537,0.528410792350769,0.0855517834424972,0.5774957537651062,0.0150238340720534,663181.5,780401.8125,1.282995104789734,1.509770393371582
dish_1559590157,feature-splatting,14.12951374053955,,0.5236427187919617,,0.6523798108100891,,15841.15625,,0.0306464023888111,
dish_1559590202,feature-splatting,16.978281021118164,,0.5034693479537964,,0.5520381331443787,,111641.25,,0.2159818857908249,
dish_1559593646,feature-splatting,12.77582550048828,,0.5021106004714966,,0.5160637497901917,,111967.3984375,,0.2166128456592559,
dish_1559593722,feature-splatting,12.91071891784668,,0.4932911396026611,,0.546532154083252,,111643.84375,,0.215986892580986,
dish_1559593746,feature-splatting,15.955897331237791,2.8054277896881104,0.5623703002929688,0.1476205587387085,0.3974521458148956,0.0935676917433738,682395.875,808594.5,1.3201674222946167,1.5643121004104614
dish_1559593794,feature-splatting,14.212848663330078,,0.3135541379451751,,0.4869640469551086,,10023.064453125,,0.0193906854838132,
dish_1559667948,feature-splatting,17.87706184387207,,0.6498515605926514,,0.531971275806427,,110868.234375,,0.2144863903522491,
dish_1559667973,feature-splatting,14.016460418701172,1.8410491943359373,0.4560684263706207,0.1013703793287277,0.5781641006469727,0.0491135530173778,604592.5625,830993.375,1.1696486473083496,1.607645034790039
dish_1559667994,feature-splatting,14.341812133789062,0.9021455645561218,0.4678629040718078,0.0693534165620803,0.5776126980781555,0.0786286517977714,665973.5625,787881.9375,1.2883968353271484,1.52424156665802
dish_1559668016,feature-splatting,17.809864044189453,1.720350742340088,0.634701132774353,0.0413713902235031,0.4756848812103271,0.0246807094663381,686093.8125,940843.1875,1.3273215293884275,1.8201613426208496
dish_1559668272,feature-splatting,16.192834854125977,,0.5800132751464844,,0.4814583659172058,,113753.71875,,0.2200686782598495,
dish_1559668314,feature-splatting,14.102761268615724,,0.4944274425506592,,0.4451511204242706,,20263.7265625,,0.0392023362219333,
dish_1559674074,feature-splatting,14.995391845703123,,0.5396413803100586,,0.5016978979110718,,111613.9921875,,0.2159291505813598,
dish_1559674866,feature-splatting,13.94558048248291,,0.4566926956176758,,0.5442841053009033,,37516.21484375,,0.0725791081786155,
dish_1559675101,feature-splatting,18.23217391967773,,0.6898237466812134,,0.4923810362815857,,109282.4140625,,0.2114184647798538,
dish_1559675146,feature-splatting,12.99892807006836,1.4241628646850586,0.4648007154464721,0.0181835833936929,0.5666792392730713,0.0518174022436142,632483.9375,737676.3125,1.2236075401306152,1.4271132946014404
dish_1559675178,feature-splatting,12.522716522216797,0.8596513867378235,0.4335598945617676,0.0067282174713909,0.597135066986084,0.0533083863556385,637924.75,746748.625,1.2341333627700806,1.444664716720581
dish_1559675234,feature-splatting,12.868626594543455,1.8279566764831543,0.4358749389648437,0.0399673283100128,0.5979344844818115,0.0970177873969078,627025.6875,729485.5625,1.213047981262207,1.4112673997879028
dish_1559675268,feature-splatting,16.041452407836914,,0.5374957919120789,,0.5589526891708374,,110306.9765625,,0.213400587439537,
dish_1559678104,feature-splatting,11.996441841125488,,0.4358513951301574,,0.5267078876495361,,114485.890625,,0.2214851379394531,
dish_1559678127,feature-splatting,11.840847969055176,,0.3669516742229461,,0.5522817969322205,,114373.609375,,0.2212679237127304,
dish_1559678146,feature-splatting,8.949912071228027,,0.2827652394771576,,0.674986720085144,,9062.5810546875,,0.0175325274467468,
dish_1559678367,feature-splatting,10.639862060546877,,0.4794268012046814,,0.5510897040367126,,107939.5234375,,0.20882049202919,
dish_1559678457,feature-splatting,12.09726619720459,,0.4195439517498016,,0.4909862577915191,,113403.5,,0.2193911373615265,
dish_1559678629,feature-splatting,16.42717933654785,,0.629583477973938,,0.4888357520103454,,112830.6953125,,0.2182829827070236,
dish_1559751710,feature-splatting,17.728559494018555,,0.5864043831825256,,0.5427849292755127,,109470.6015625,,0.2117825299501419,
dish_1559751775,feature-splatting,13.62558937072754,,0.4422759413719177,,0.5317198634147644,,45895.08203125,,0.0887889191508293,
dish_1559838279,feature-splatting,15.142271995544434,,0.5163186192512512,,0.6468636989593506,,111180.78125,,0.2150910496711731,
dish_1559838402,feature-splatting,13.960451126098633,,0.4483835101127624,,0.5376574993133545,,109667.078125,,0.2121626287698745,
dish_1559841061,feature-splatting,12.891834259033203,,0.4354735016822815,,0.5811079740524292,,109750.765625,,0.2123245298862457,
dish_1559841091,feature-splatting,12.94046115875244,,0.4527658820152282,,0.5670664310455322,,112383.0234375,,0.217416912317276,
dish_1559841127,feature-splatting,12.683801651000977,,0.4541049003601074,,0.5364764928817749,,112062.703125,,0.2167972177267074,
dish_1559841163,feature-splatting,12.913413047790527,,0.3832911849021911,,0.5951250791549683,,111061.1484375,,0.2148596048355102,
dish_1559841808,feature-splatting,13.626604080200195,,0.414934366941452,,0.574795126914978,,110879.921875,,0.2145090103149414,
dish_1559841979,feature-splatting,16.42622184753418,,0.572464108467102,,0.4704961478710174,,113990.625,,0.2205269932746887,
dish_1559842274,feature-splatting,16.883373260498047,,0.6422622203826904,,0.5584290623664856,,111667.9140625,,0.2160334587097168,
dish_1559842326,feature-splatting,16.917800903320312,,0.6258327960968018,,0.6013401746749878,,104101.8671875,,0.2013961374759674,
dish_1559842374,feature-splatting,17.361103057861328,,0.5945895910263062,,0.5494962930679321,,111170.5625,,0.21507129073143,
dish_1559842409,feature-splatting,17.496807098388672,,0.5536876916885376,,0.5736210346221924,,112157.1640625,,0.2169799655675888,
dish_1559843492,feature-splatting,16.9073486328125,,0.5848827958106995,,0.5286524295806885,,111262.578125,,0.2152493000030517,
dish_1559843690,feature-splatting,15.22075366973877,,0.544861912727356,,0.520320475101471,,113186.5546875,,0.2189714312553405,
dish_1559844323,feature-splatting,14.373851776123049,,0.5151852369308472,,0.6367090344429016,,109685.609375,,0.2121984809637069,
dish_1559844366,feature-splatting,16.321321487426758,,0.4895303249359131,,0.5811682343482971,,12466.1220703125,,0.0241170395165681,
dish_1559844506,feature-splatting,13.644280433654783,,0.5053151845932007,,0.5156823396682739,,109171.0546875,,0.2112030237913131,
dish_1559844657,feature-splatting,14.23244857788086,,0.5139141082763672,,0.4968029856681824,,23202.685546875,,0.0448880642652511,
dish_1559844683,feature-splatting,14.143420219421388,,0.5178056359291077,,0.4702452421188354,,110709.6484375,,0.214179590344429,
dish_1559844928,feature-splatting,20.670896530151367,,0.7097049951553345,,0.4747667610645294,,111068.8203125,,0.2148744463920593,
dish_1559844951,feature-splatting,13.462770462036133,,0.4169390201568603,,0.5994788408279419,,113037.234375,,0.2186825573444366,
dish_1559845018,feature-splatting,14.522391319274902,,0.5220944285392761,,0.4963127374649048,,111588.3828125,,0.2158796042203903,
dish_1559845046,feature-splatting,14.187889099121094,0.0334848277270793,0.5142595767974854,0.0195629242807626,0.5253469347953796,0.0404311344027519,583646.6875,781670.6875,1.1291266679763794,1.5122251510620115
dish_1559845290,feature-splatting,17.306194305419922,,0.6802176237106323,,0.5564734935760498,,111948.296875,,0.2165758907794952,
dish_1559845370,feature-splatting,18.74432945251465,,0.6661350131034851,,0.5401747226715088,,109999.609375,,0.2128059566020965,
dish_1559845513,feature-splatting,12.733872413635254,,0.4432676434516907,,0.5687988996505737,,111711.7421875,,0.2161182463169098,
dish_1559845637,feature-splatting,14.592750549316406,,0.5274875164031982,,0.5116592049598694,,112860.9140625,,0.2183414548635482,
dish_1559845745,feature-splatting,17.354917526245117,,0.607344388961792,,0.6171780824661255,,111324.734375,,0.2153695523738861,
dish_1559846034,feature-splatting,20.276460647583008,,0.7345747947692871,,0.4482368528842926,,108860.90625,,0.2106030136346817,
dish_1559846073,feature-splatting,14.793556213378906,,0.5066038966178894,,0.5512928366661072,,23944.001953125,,0.0463222190737724,
dish_1559846334,feature-splatting,14.664678573608398,,0.5541970729827881,,0.5363919138908386,,112420.5859375,,0.2174895852804184,
dish_1559846504,feature-splatting,12.91592025756836,,0.6593270301818848,,0.4384625554084778,,111392.328125,,0.2155003100633621,
dish_1559846528,feature-splatting,15.979219436645508,3.5599589347839355,0.616746187210083,0.1166454926133155,0.4198856353759765,0.1295006424188614,631036.6875,736450.625,1.2208075523376465,1.4247421026229858
dish_1559846688,feature-splatting,13.762950897216797,,0.4673982262611389,,0.5051249861717224,,113171.4453125,,0.2189422100782394,
dish_1559846825,feature-splatting,14.163171768188477,0.2535217106342315,0.6465278267860413,0.0907211750745773,0.5236873626708984,0.0032282799948006,647327.6875,891608.0,1.2523242235183716,1.7249104976654053
dish_1559849053,feature-splatting,12.368473052978516,,0.3966071605682373,,0.5583027005195618,,15988.0009765625,,0.0309304893016815,
dish_1559849097,feature-splatting,15.445401191711426,,0.5211493968963623,,0.6225959062576294,,109740.859375,,0.2123053669929504,
dish_1559849497,feature-splatting,15.713783264160156,,0.5062319040298462,,0.6011772155761719,,110071.5390625,,0.2129451036453247,
dish_1559849537,feature-splatting,16.449695587158203,,0.5561417937278748,,0.5313507318496704,,109147.2421875,,0.2111569494009018,
dish_1559850338,feature-splatting,14.29408836364746,,0.4866299033164978,,0.5049312710762024,,111156.0234375,,0.215043157339096,
dish_1559925083,feature-splatting,15.76276683807373,,0.5088399052619934,,0.4812351167201996,,112761.5859375,,0.2181492894887924,
dish_1559933818,feature-splatting,14.8029203414917,,0.4095102250576019,,0.5882923603057861,,113034.25,,0.2186767905950546,
dish_1559933834,feature-splatting,12.515485763549805,,0.3146885335445404,,0.6601912975311279,,24671.83984375,,0.0477303005754947,
dish_1559934477,feature-splatting,13.397439002990724,,0.5148305296897888,,0.7321006655693054,,15865.1455078125,,0.0306928120553493,
dish_1559934679,feature-splatting,13.321239471435549,,0.4342703223228454,,0.5578435659408569,,112040.140625,,0.2167535722255706,
dish_1559934708,feature-splatting,11.751659393310549,,0.4014544188976288,,0.6327469944953918,,111275.1796875,,0.2152736783027649,
dish_1560203400,feature-splatting,14.038161277770996,,0.4640538692474365,,0.4971922039985657,,112303.6015625,,0.2172632664442062,
dish_1560203424,feature-splatting,11.728755950927734,,0.3119380474090576,,0.6417553424835205,,63489.0625,,0.1228263452649116,
dish_1560270630,feature-splatting,15.768265724182127,,0.4963831901550293,,0.5358588099479675,,110386.046875,,0.2135535478591919,
dish_1560356314,feature-splatting,15.747359275817873,,0.5836323499679565,,0.4641267657279968,,110118.7890625,,0.2130365222692489,
dish_1560356337,feature-splatting,21.001819610595703,8.658329010009766,0.7224222421646118,0.2180867195129394,0.3173609375953674,0.235033243894577,599670.5,691321.3125,1.1601263284683228,1.3374345302581787
dish_1560356355,feature-splatting,13.465535163879396,,0.4115912318229675,,0.6406961679458618,,111188.1484375,,0.2151053100824356,
dish_1560356523,feature-splatting,12.432480812072754,,0.5221073031425476,,0.622450590133667,,109961.2890625,,0.2127318084239959,
dish_1560356566,feature-splatting,13.27106475830078,,0.4666350483894348,,0.5749836564064026,,112155.53125,,0.2169768065214157,
dish_1560356627,feature-splatting,13.172203063964844,,0.4337784051895141,,0.5892025232315063,,113699.6484375,,0.2199640721082687,
dish_1560357427,feature-splatting,12.665116310119627,,0.5408341884613037,,0.7231009006500244,,110778.484375,,0.2143127620220184,
dish_1560357792,feature-splatting,15.225110054016112,,0.5299739241600037,,0.6144197583198547,,110357.8359375,,0.2134989798069,
dish_1560357832,feature-splatting,14.558171272277832,,0.4249948859214782,,0.616662859916687,,112292.7890625,,0.21724234521389,
dish_1560360055,feature-splatting,15.620869636535645,0.0533599331974983,0.5412497520446777,0.056074570864439,0.5030702352523804,0.0599102266132831,633401.5,737267.9375,1.2253825664520264,1.426323175430298
dish_1560360102,feature-splatting,14.504444122314451,,0.426037073135376,,0.577786386013031,,110495.0390625,,0.213764414191246,
dish_1560360112,feature-splatting,13.039368629455566,,0.3971422612667084,,0.5932078957557678,,112844.375,,0.2183094471693039,
dish_1560360148,feature-splatting,13.77877426147461,2.7784996032714844,0.4934293031692505,0.0205272641032934,0.4911230802536011,0.0240977983921766,654023.9375,764896.5625,1.2652788162231443,1.479773759841919
dish_1560366438,feature-splatting,11.29542350769043,,0.4628762602806091,,0.5848456025123596,,112881.0703125,,0.2183804363012313,
dish_1560366460,feature-splatting,11.381561279296877,,0.4271738529205322,,0.5432879328727722,,111896.921875,,0.2164765000343322,
dish_1560367085,feature-splatting,13.588062286376951,1.390858769416809,0.5831489562988281,0.0428822264075279,0.5325188040733337,0.0538913421332836,61728.953125,2870.825927734375,0.1194212287664413,0.005553922150284
dish_1560367116,feature-splatting,12.116975784301758,0.3391971588134765,0.5038641691207886,0.0119714755564928,0.5637771487236023,0.0190525669604539,703628.3125,837491.9375,1.361243724822998,1.620217204093933
dish_1560367193,feature-splatting,12.94009780883789,,0.4746637940406799,,0.624900221824646,,114052.90625,,0.2206474840641021,
dish_1560367296,feature-splatting,10.833857536315918,,0.4057217538356781,,0.5489370822906494,,115293.703125,,0.2230479419231414,
dish_1560367333,feature-splatting,12.980498313903809,,0.4499236047267914,,0.500989556312561,,114517.8671875,,0.2215470075607299,
dish_1560367676,feature-splatting,12.578004837036133,,0.5191828012466431,,0.564849853515625,,113279.4765625,,0.2191511988639831,
dish_1560367698,feature-splatting,12.74368953704834,,0.5181207060813904,,0.5243659019470215,,110305.2890625,,0.2133973240852356,
dish_1560367715,feature-splatting,12.841511726379396,0.5235043168067932,0.5059988498687744,0.0607010908424854,0.5678616762161255,0.06948734074831,639897.125,749096.375,1.2379491329193115,1.4492065906524658
dish_1560367733,feature-splatting,12.755967140197754,,0.5313085913658142,,0.4818103313446045,,113299.609375,,0.2191901504993438,
dish_1560367904,feature-splatting,15.400619506835938,,0.6847975254058838,,0.5467365980148315,,115099.078125,,0.2226714193820953,
dish_1560367926,feature-splatting,13.561216354370115,,0.5464393496513367,,0.4976858496665954,,116137.7421875,,0.2246808260679245,
dish_1560367952,feature-splatting,12.051106452941896,1.4255925416946411,0.5012199878692627,0.0965613350272178,0.5363553762435913,0.0093962186947464,731814.9375,875335.875,1.415773868560791,1.6934304237365725
dish_1560367980,feature-splatting,10.40795612335205,,0.3303956389427185,,0.6729835867881775,,113862.8828125,,0.2202798575162887,
dish_1560368019,feature-splatting,12.479408264160156,0.6715719103813171,0.4343854188919067,0.0147041082382202,0.4976061880588531,0.013322408311069,742309.125,888815.6875,1.436076045036316,1.7195086479187012
dish_1560368138,feature-splatting,12.489664077758787,,0.519890546798706,,0.6317542791366577,,111924.7421875,,0.2165303230285644,
dish_1560368162,feature-splatting,10.091434478759766,,0.5549013018608093,,0.6028419137001038,,15753.5615234375,,0.0304769407957792,
dish_1560368464,feature-splatting,13.76458740234375,1.287399411201477,0.6174656748771667,0.0049348901957273,0.5673834085464478,0.0193760022521018,802818.9375,974843.6875,1.5531386137008667,1.8859387636184688
dish_1560368506,feature-splatting,13.746505737304688,0.9561805129051208,0.555436372756958,0.08305424451828,0.5656083822250366,0.1185286939144134,756052.5625,911207.375,1.4626641273498535,1.7628276348114014
dish_1560368570,feature-splatting,11.496810913085938,,0.3683950304985046,,0.6370816826820374,,110085.7734375,,0.2129726409912109,
dish_1560368764,feature-splatting,12.221732139587402,,0.4605543613433838,,0.5131429433822632,,114842.5234375,,0.2221750766038894,
dish_1560368944,feature-splatting,14.235546112060549,,0.5171087384223938,,0.5098353028297424,,115943.5,,0.2243050336837768,
dish_1560368972,feature-splatting,15.756078720092772,,0.5844611525535583,,0.5518712997436523,,109592.859375,,0.2120190560817718,
dish_1560368990,feature-splatting,12.670422554016112,,0.4318539500236511,,0.6029784083366394,,115021.3828125,,0.222521111369133,
dish_1560369008,feature-splatting,12.124138832092283,,0.3519856631755829,,0.5844079256057739,,114531.328125,,0.2215730398893356,
dish_1560369080,feature-splatting,11.624897003173828,,0.5550974607467651,,0.5744726061820984,,113733.90625,,0.2200303375720977,
dish_1560369102,feature-splatting,10.239754676818848,,0.3076704144477844,,0.6354855298995972,,114695.546875,,0.2218907475471496,
dish_1560369122,feature-splatting,13.050504684448242,,0.5173996686935425,,0.5604624152183533,,112917.453125,,0.2184508293867111,
dish_1560369255,feature-splatting,14.40247917175293,1.0510904788970947,0.6082456111907959,0.0498740524053573,0.5225238800048828,0.09043850004673,816215.125,1145836.5,1.5790549516677856,2.216742753982544
dish_1560369273,feature-splatting,13.272886276245115,1.1618274450302124,0.5420455932617188,0.0536778904497623,0.5104345679283142,0.0582023337483406,725779.625,865684.0,1.4040979146957395,1.6747578382492063
dish_1560369294,feature-splatting,13.692132949829102,0.026133069768548,0.5534015893936157,0.0760257095098495,0.4384329915046692,0.0673573017120361,807857.3125,984025.0625,1.5628859996795654,1.9037013053894043
dish_1560369313,feature-splatting,12.831090927124023,0.0523086227476596,0.4802949726581573,0.0262752305716276,0.488332062959671,0.0060859629884362,745054.75,911891.125,1.44138765335083,1.7641503810882568
dish_1560369403,feature-splatting,11.94443130493164,0.0441800132393837,0.4695882201194763,0.0204424858093261,0.5264770984649658,0.0453292317688465,762354.25,1056867.0,1.4748554229736328,2.044621467590332
dish_1560369421,feature-splatting,13.049755096435549,0.0065593984909355,0.4662239551544189,0.0341544561088085,0.4945543110370636,0.0338329188525676,759606.8125,913540.5625,1.4695401191711426,1.767341375350952
dish_1560370804,feature-splatting,12.695462226867676,,0.5332717299461365,,0.7311421036720276,,113382.9140625,,0.2193513065576553,
dish_1560441288,feature-splatting,11.559033393859863,,0.3390924334526062,,0.6775332689285278,,113183.796875,,0.2189660966396331,
dish_1560441311,feature-splatting,12.943020820617676,,0.4587216377258301,,0.6695871353149414,,110964.1171875,,0.2146718949079513,
dish_1560441339,feature-splatting,12.931478500366213,0.3275012373924255,0.3735505938529968,0.0384127423167228,0.652030348777771,0.020614655688405,623998.3125,822813.1875,1.2071912288665771,1.5918197631835938
dish_1560441464,feature-splatting,15.395133018493652,,0.5841805934906006,,0.6108484864234924,,111802.4765625,,0.2162937819957733,
dish_1560442303,feature-splatting,12.772162437438965,,0.4626162648200989,,0.51724773645401,,113517.734375,,0.2196121364831924,
dish_1560442374,feature-splatting,14.264466285705566,,0.5161687135696411,,0.6587203741073608,,106441.3203125,,0.2059220671653747,
dish_1560442450,feature-splatting,11.801356315612791,,0.4515428245067596,,0.7421063184738159,,110658.8671875,,0.2140813618898391,
dish_1560444815,feature-splatting,14.464766502380373,,0.4093492925167084,,0.5603301525115967,,111496.6328125,,0.2157021015882492,
dish_1560444931,feature-splatting,14.919569969177246,,0.5803042054176331,,0.5436389446258545,,112689.3671875,,0.2180095762014389,
dish_1560444948,feature-splatting,13.04951286315918,0.5817472338676453,0.5329087972640991,0.023414259776473,0.5411825180053711,0.0201109163463115,763225.375,921096.5,1.4765408039093018,1.7819592952728271
dish_1560444967,feature-splatting,13.32798957824707,1.1212962865829468,0.5360485315322876,0.0668550804257392,0.5222312808036804,0.0740121603012085,739505.75,888216.8125,1.4306526184082031,1.7183499336242676
dish_1560444985,feature-splatting,14.978437423706056,,0.5797046422958374,,0.5888458490371704,,110459.7578125,,0.213696151971817,
dish_1560445004,feature-splatting,14.337820053100586,,0.5475112795829773,,0.514718770980835,,111487.28125,,0.2156840115785598,
dish_1560445069,feature-splatting,11.828949928283691,,0.5717158317565918,,0.7303153872489929,,110100.3359375,,0.2130008190870285,
dish_1560453132,feature-splatting,13.8851957321167,,0.5942598581314087,,0.5283917784690857,,111855.1875,,0.216395765542984,
dish_1560453150,feature-splatting,12.733747482299805,,0.4916749000549316,,0.476719856262207,,114474.296875,,0.2214627116918563,
dish_1560453174,feature-splatting,11.73991584777832,0.849362850189209,0.4299874305725097,0.0355688221752643,0.497163712978363,0.0005368876154534,829570.375,1011017.0625,1.6048921346664429,1.9559201002120967
dish_1560453275,feature-splatting,17.656822204589844,,0.7409670352935791,,0.5623105764389038,,109155.1640625,,0.2111722826957702,
dish_1560453294,feature-splatting,17.20621681213379,,0.6720582842826843,,0.5439302921295166,,112768.578125,,0.2181628197431564,
dish_1560453328,feature-splatting,13.81161117553711,0.1071750521659851,0.6491847038269043,0.0687062293291091,0.4339728355407715,0.0575876198709011,812829.5625,991731.3125,1.5725053548812866,1.9186097383499143
dish_1560453356,feature-splatting,21.715206146240234,13.395463943481444,0.7626414895057678,0.2684406042098999,0.2802693545818329,0.280739277601242,810012.5625,987403.5,1.5670554637908936,1.9102370738983157
dish_1560453380,feature-splatting,12.25568389892578,,0.4292093217372894,,0.5412598848342896,,114893.6015625,,0.222273901104927,
dish_1560453412,feature-splatting,12.21055030822754,,0.3957518935203552,,0.5836691856384277,,15190.37890625,,0.029387405142188,
dish_1560454488,feature-splatting,14.075675964355469,,0.6634564399719238,,0.5757761597633362,,113108.625,,0.2188206762075424,
dish_1560454513,feature-splatting,13.41494369506836,,0.598334550857544,,0.5571538805961609,,112582.109375,,0.2178020775318145,
dish_1560454539,feature-splatting,13.854320526123049,,0.5210121870040894,,0.5123745203018188,,112983.90625,,0.2185793966054916,
dish_1560454562,feature-splatting,13.06433391571045,,0.3881993889808655,,0.570051372051239,,111429.328125,,0.2155718952417373,
dish_1560455030,feature-splatting,12.33493995666504,,0.552666425704956,,0.5544219613075256,,111514.3046875,,0.2157362848520279,
dish_1560455059,feature-splatting,12.538337707519531,,0.4796469211578369,,0.5988593101501465,,89118.8046875,,0.1724098175764084,
dish_1560455090,feature-splatting,14.95533275604248,,0.5971803665161133,,0.472970575094223,,112644.6484375,,0.2179230600595474,
dish_1560455179,feature-splatting,13.319228172302246,,0.52857506275177,,0.6342037320137024,,112326.34375,,0.2173072695732116,
dish_1560455203,feature-splatting,13.373345375061035,,0.5328068733215332,,0.5812393426895142,,113108.359375,,0.2188201546669006,
dish_1560455224,feature-splatting,15.7979154586792,,0.5156134963035583,,0.5340918302536011,,113175.4453125,,0.218949943780899,
dish_1560455263,feature-splatting,10.92959213256836,,0.2852249145507812,,0.5928514003753662,,112757.9296875,,0.2181422114372253,
dish_1560455343,feature-splatting,12.186824798583984,,0.5778459310531616,,0.5946459770202637,,109663.6796875,,0.212156057357788,
dish_1560455380,feature-splatting,14.215266227722168,,0.5483553409576416,,0.508811354637146,,112414.1875,,0.2174772024154663,
dish_1560455399,feature-splatting,11.63355541229248,,0.4663152694702148,,0.6487141251564026,,113032.625,,0.2186736464500427,
dish_1560455421,feature-splatting,10.77002239227295,,0.3813658356666565,,0.6765580177307129,,111739.546875,,0.2161720395088195,
dish_1560455442,feature-splatting,11.717626571655272,,0.3963382244110107,,0.5776731967926025,,113189.90625,,0.2189779132604599,
dish_1560456305,feature-splatting,21.87020301818848,,0.8267824053764343,,0.4382677674293518,,113468.3203125,,0.2195165455341339,
dish_1560456326,feature-splatting,15.09797477722168,,0.6591832637786865,,0.6100128889083862,,111200.8359375,,0.2151298522949218,
dish_1560456348,feature-splatting,13.324321746826172,,0.5787021517753601,,0.5962299704551697,,112439.0546875,,0.2175253182649612,
dish_1560456370,feature-splatting,14.100672721862791,,0.5722078084945679,,0.5908268690109253,,114068.5546875,,0.220677763223648,
dish_1560456794,feature-splatting,14.258191108703612,,0.6794406771659851,,0.5322433114051819,,113063.0703125,,0.2187325358390808,
dish_1560456814,feature-splatting,14.681270599365234,,0.518535315990448,,0.5272845029830933,,110109.1953125,,0.2130179554224014,
dish_1560456833,feature-splatting,12.743978500366213,1.3585054874420166,0.4225478768348694,0.0459720753133297,0.5114356279373169,0.0206376463174819,768326.75,924932.625,1.4864097833633425,1.789380669593811
dish_1560456853,feature-splatting,14.087469100952148,,0.3463397920131683,,0.5953882932662964,,111984.8671875,,0.2166466414928436,
dish_1560526447,feature-splatting,8.991576194763184,,0.4359418749809265,,0.6076210737228394,,112963.390625,,0.2185396999120712,
dish_1560526490,feature-splatting,12.029901504516602,,0.4389982223510742,,0.5795616507530212,,112893.8125,,0.2184050977230072,
dish_1560527070,feature-splatting,13.93490982055664,,0.5227752327919006,,0.5605058670043945,,112145.7265625,,0.2169578373432159,
dish_1560527105,feature-splatting,12.450172424316406,,0.5303441882133484,,0.6100798845291138,,111553.765625,,0.2158126235008239,
dish_1560539314,feature-splatting,13.405340194702148,,0.5082599520683289,,0.6790571808815002,,112544.390625,,0.2177291065454483,
dish_1560539340,feature-splatting,14.85363483428955,,0.4933534562587738,,0.6223214864730835,,108314.765625,,0.2095464468002319,
dish_1560541793,feature-splatting,11.801461219787598,,0.3188914954662323,,0.5850830078125,,23707.33984375,,0.0458643734455108,
dish_1560543505,feature-splatting,11.216156959533691,,0.4073079824447632,,0.6364451050758362,,113945.15625,,0.2204390317201614,
dish_1560543525,feature-splatting,8.431120872497559,,0.3189871907234192,,0.7030562162399292,,113820.25,,0.2201973795890808,
dish_1560543557,feature-splatting,11.810483932495115,,0.3791043758392334,,0.5690559148788452,,113611.2109375,,0.2197929769754409,
dish_1560543583,feature-splatting,11.067960739135742,,0.298536866903305,,0.5838358402252197,,111877.796875,,0.2164395004510879,
dish_1560543605,feature-splatting,11.380022048950195,,0.2561862170696258,,0.6136294603347778,,113816.7890625,,0.2201906889677047,
dish_1560787696,feature-splatting,14.524444580078123,,0.602880597114563,,0.676895022392273,,110712.9921875,,0.2141860723495483,
dish_1560798656,feature-splatting,12.601061820983888,,0.4575570523738861,,0.6920662522315979,,20032.6015625,,0.0387552008032798,
dish_1560798707,feature-splatting,15.509315490722656,,0.58360755443573,,0.5899627208709717,,27525.546875,,0.0532510988414287,
dish_1560798928,feature-splatting,10.171717643737791,,0.3299058973789215,,0.610238790512085,,21968.09765625,,0.0424996241927146,
dish_1560799113,feature-splatting,22.956541061401367,2.231290340423584,0.8712403178215027,0.0279006976634264,0.3084470331668854,0.0230810288339853,742617.4375,620606.6875,1.4366724491119385,1.200629711151123
dish_1560799368,feature-splatting,11.89667510986328,,0.3795420527458191,,0.6874300241470337,,112210.046875,,0.2170822769403457,
dish_1560799558,feature-splatting,19.671602249145508,,0.7031850814819336,,0.4282726943492889,,111726.6328125,,0.2161470651626587,
dish_1560799615,feature-splatting,12.057659149169922,1.3481017351150513,0.3956791162490845,0.0360663011670112,0.6459362506866455,0.0433253571391105,651872.75,764939.875,1.2611171007156372,1.4798575639724731
dish_1560800836,feature-splatting,13.297861099243164,,0.4232259690761566,,0.6606707572937012,,107176.65625,,0.207344651222229,
dish_1560802562,feature-splatting,13.858040809631348,,0.5268213748931885,,0.5814660787582397,,109588.2890625,,0.2120102047920227,
dish_1560802730,feature-splatting,12.097771644592283,,0.4270768165588379,,0.6309360265731812,,12129.837890625,,0.0234664622694253,
dish_1560802764,feature-splatting,12.40338134765625,1.1586350202560425,0.4489096403121948,0.049456525593996,0.6482129096984863,0.0658710971474647,612961.0625,709852.0,1.1858384609222412,1.3732843399047852
dish_1560802853,feature-splatting,13.46072483062744,,0.4411905705928802,,0.6364181041717529,,112341.3828125,,0.217336356639862,
dish_1560874751,feature-splatting,13.446279525756836,,0.3953792452812195,,0.6029713153839111,,111387.8125,,0.2154915779829025,
dish_1560887408,feature-splatting,16.214384078979492,,0.6976556777954102,,0.56028151512146,,110793.25,,0.214341327548027,
dish_1560887457,feature-splatting,11.44245147705078,,0.4712411761283874,,0.5428562164306641,,15587.34765625,,0.0301553830504417,
dish_1560888849,feature-splatting,13.95429515838623,1.131763577461243,0.4886137247085571,0.0368680618703365,0.5969005823135376,0.0108815152198076,800687.3125,971963.5625,1.549014925956726,1.8803670406341555
dish_1560888893,feature-splatting,12.79537582397461,,0.4756720066070556,,0.5237841606140137,,13501.4775390625,,0.0261200442910194,
dish_1560889032,feature-splatting,12.824294090270996,,0.5309547781944275,,0.555227518081665,,23407.908203125,,0.0452850908041,
dish_1560889061,feature-splatting,11.058257102966309,,0.4691682457923889,,0.5561810731887817,,17928.005859375,,0.034683633595705,
dish_1560961012,feature-splatting,17.93194580078125,,0.7064889669418335,,0.6282823085784912,,27251.216796875,,0.0527203790843486,
dish_1560961059,feature-splatting,15.299346923828123,,0.6370311975479126,,0.5872885584831238,,102925.8046875,,0.1991209238767624,
dish_1560961202,feature-splatting,13.958876609802246,,0.4739748835563659,,0.5978444814682007,,113547.6328125,,0.2196699827909469,
dish_1560961261,feature-splatting,10.91452407836914,,0.3380643129348755,,0.689719557762146,,113170.40625,,0.2189401984214782,
dish_1560973958,feature-splatting,10.66770362854004,,0.4875006377696991,,0.5660196542739868,,113188.6328125,,0.2189754545688629,
dish_1560973984,feature-splatting,13.269492149353027,2.798657178878784,0.5171567797660828,0.1314695030450821,0.4397256970405578,0.1065961867570877,666462.9375,920914.0,1.2893434762954712,1.7816060781478882
dish_1560974009,feature-splatting,11.03923511505127,,0.328242689371109,,0.5669416785240173,,115089.6953125,,0.2226532697677612,
dish_1560974769,feature-splatting,10.710336685180664,,0.5718120336532593,,0.5313828587532043,,45873.23828125,,0.0887466594576835,
dish_1560975491,feature-splatting,13.469317436218262,,0.6104241013526917,,0.5033493041992188,,111476.3359375,,0.2156628370285034,
dish_1560975572,feature-splatting,12.87755012512207,,0.4316576719284057,,0.6269217133522034,,16712.15234375,,0.0323314368724823,
dish_1560975628,feature-splatting,12.25335693359375,,0.4272879958152771,,0.5302572250366211,,114409.3984375,,0.221337154507637,
dish_1560976044,feature-splatting,17.465862274169922,5.249027252197266,0.7085884809494019,0.2994671463966369,0.3080574572086334,0.3062303364276886,762388.625,917283.1875,1.474921941757202,1.7745819091796875
dish_1561049409,feature-splatting,15.424304962158203,,0.4838701486587524,,0.5909337401390076,,113184.7421875,,0.21896792948246,
dish_1561060448,feature-splatting,17.14185905456543,,0.7395086288452148,,0.4103648066520691,,117135.2265625,,0.2266105562448501,
dish_1561060477,feature-splatting,16.667749404907227,,0.7108302116394043,,0.5064066648483276,,116509.9453125,,0.2254008948802948,
dish_1561060503,feature-splatting,15.766441345214844,,0.6712985038757324,,0.4789692759513855,,114786.828125,,0.2220673412084579,
dish_1561060613,feature-splatting,12.617148399353027,,0.4970660805702209,,0.5483193397521973,,35361.1640625,,0.0684099346399307,
dish_1561060642,feature-splatting,13.510940551757812,,0.4789413809776306,,0.5009786486625671,,111828.7734375,,0.2163446694612503,
dish_1561060976,feature-splatting,10.109179496765137,,0.356191337108612,,0.6205437779426575,,115288.4765625,,0.2230378240346908,
dish_1561061123,feature-splatting,12.796075820922852,,0.3774526715278625,,0.5354851484298706,,114140.0234375,,0.2208160161972046,
dish_1561061658,feature-splatting,9.74072265625,,0.3260684907436371,,0.6163651943206787,,72175.5703125,,0.1396313160657882,
dish_1561061687,feature-splatting,10.734301567077637,,0.3307164907455444,,0.5487613677978516,,114732.0078125,,0.2219612747430801,
dish_1561062237,feature-splatting,16.565946578979492,,0.6370377540588379,,0.4523797929286957,,116869.0625,,0.2260956317186355,
dish_1561062286,feature-splatting,15.928548812866213,,0.5848685503005981,,0.4845347106456756,,12779.6171875,,0.0247235298156738,
dish_1561062586,feature-splatting,11.805261611938477,0.107968084514141,0.5014402866363525,0.1775261461734771,0.699281632900238,0.0429381988942623,806876.875,979868.75,1.5609891414642334,1.895660400390625
dish_1561134156,feature-splatting,13.017326354980469,,0.3859469592571258,,0.5818749070167542,,113149.3359375,,0.2188994288444519,
dish_1561148021,feature-splatting,13.824125289916992,,0.5027822256088257,,0.483328253030777,,113654.8046875,,0.2198773175477981,
dish_1561148042,feature-splatting,9.726943969726562,,0.2894690930843353,,0.6185040473937988,,112875.734375,,0.2183701246976852,
dish_1561148481,feature-splatting,13.96877384185791,,0.3919771313667297,,0.553136944770813,,18469.01953125,,0.0357302837073802,
dish_1561392386,feature-splatting,14.079485893249512,,0.6178719997406006,,0.5931422710418701,,112546.203125,,0.2177326083183288,
dish_1561392430,feature-splatting,8.357468605041504,,0.3290453553199768,,0.7437604069709778,,113947.9140625,,0.2204443663358688,
dish_1561392459,feature-splatting,12.21725845336914,,0.4160204529762268,,0.5803030133247375,,111491.6328125,,0.2156924307346344,
dish_1561392543,feature-splatting,10.978759765625,,0.4643360078334808,,0.6147600412368774,,108890.921875,,0.2106610834598541,
dish_1561392593,feature-splatting,10.131314277648926,,0.3821843564510345,,0.6200106143951416,,110506.2890625,,0.213786169886589,
dish_1561393550,feature-splatting,9.525845527648926,,0.3778307139873504,,0.7468866109848022,,8057.77490234375,,0.015588623471558,
dish_1561393649,feature-splatting,13.448185920715332,,0.476473867893219,,0.6495210528373718,,110712.9140625,,0.2141859084367752,
dish_1561393764,feature-splatting,12.447930335998535,,0.5533706545829773,,0.5107021331787109,,113432.09375,,0.219446450471878,
dish_1561404438,feature-splatting,13.302763938903809,2.5303173065185547,0.6368515491485596,0.1054836586117744,0.4562968909740448,0.0577438361942768,722790.75,861622.1875,1.398315668106079,1.666899800300598
dish_1561404458,feature-splatting,12.531512260437012,,0.5872846841812134,,0.4715651273727417,,29073.990234375,,0.0562467277050018,
dish_1561404485,feature-splatting,12.21258544921875,0.6591787338256836,0.5042518973350525,0.0319034568965435,0.4730255007743835,0.018916917964816,815004.625,988480.3125,1.57671320438385,1.9123203754425049
dish_1561404505,feature-splatting,12.655903816223145,0.0370460674166679,0.4232790470123291,0.0033679758198559,0.5078870058059692,0.0498834513127803,710169.4375,974683.3125,1.3738983869552612,1.885628700256348
dish_1561404924,feature-splatting,18.94484519958496,,0.7752488851547241,,0.3873078227043152,,113305.796875,,0.2192021161317825,
dish_1561404956,feature-splatting,13.928384780883787,2.9244518280029297,0.5440865159034729,0.0797824636101722,0.5397855639457703,0.1497737318277359,884509.6875,1090408.0,1.7111780643463137,2.1095104217529297
dish_1561405008,feature-splatting,15.359246253967283,,0.5698645710945129,,0.4616685211658478,,113946.3046875,,0.2204412519931793,
dish_1561405034,feature-splatting,12.332180976867676,,0.40041583776474,,0.5519909858703613,,113627.3515625,,0.2198242098093032,
dish_1561405332,feature-splatting,15.027731895446776,,0.651710033416748,,0.5219577550888062,,112368.1015625,,0.2173880487680435,
dish_1561405356,feature-splatting,13.54853630065918,,0.5433754920959473,,0.5261937379837036,,15126.6611328125,,0.0292641352862119,
dish_1561405389,feature-splatting,11.46231460571289,,0.3948944807052612,,0.5978466868400574,,111358.84375,,0.2154355347156524,
dish_1561405411,feature-splatting,13.707916259765623,,0.5387098789215088,,0.4518287777900696,,111041.65625,,0.2148219048976898,
dish_1561405836,feature-splatting,17.77631378173828,,0.7881439924240112,,0.4163519144058227,,111543.7421875,,0.2157932370901107,
dish_1561405864,feature-splatting,14.885831832885742,0.1741352677345276,0.6638914346694946,0.0632947459816932,0.490396112203598,0.0566662289202213,888998.5625,1097737.625,1.7198623418807983,2.123690128326416
dish_1561405887,feature-splatting,14.942312240600586,1.7843128442764282,0.6455948352813721,0.1130419373512268,0.4810126423835754,0.1169891357421875,878399.75,1081894.25,1.6993577480316162,2.0930395126342773
dish_1561405912,feature-splatting,14.742586135864258,1.738858938217163,0.5637097954750061,0.1154439076781272,0.4424799680709839,0.0894759222865104,903299.875,1117077.0,1.7475297451019287,2.161104202270508
dish_1561405934,feature-splatting,11.431079864501951,0.9230584502220154,0.4558484256267547,0.0516220927238464,0.4609219431877136,0.0275028422474861,769417.875,1030515.1875,1.4885207414627075,1.993641257286072
dish_1561407208,feature-splatting,18.40233039855957,,0.7039669752120972,,0.4038621187210083,,115096.0546875,,0.2226655632257461,
dish_1561407249,feature-splatting,14.969006538391112,,0.5472002625465393,,0.4397142827510834,,116049.890625,,0.2245108634233474,
dish_1561407312,feature-splatting,13.321560859680176,,0.3569541871547699,,0.5248189568519592,,113257.484375,,0.2191086560487747,
dish_1561481577,feature-splatting,13.103960990905762,,0.4666199684143066,,0.5759736895561218,,112458.234375,,0.2175624221563339,
dish_1561481606,feature-splatting,13.651050567626951,,0.4916317462921142,,0.5198637843132019,,107893.7890625,,0.2087320238351822,
dish_1561481634,feature-splatting,14.21172046661377,,0.442093938589096,,0.5403182506561279,,38090.46875,,0.0736900642514228,
dish_1561491121,feature-splatting,14.591788291931152,,0.5725712776184082,,0.5936911702156067,,112556.65625,,0.2177528291940689,
dish_1561491154,feature-splatting,14.249688148498535,,0.631425142288208,,0.42704838514328,,9457.4287109375,,0.0182964019477367,
dish_1561491180,feature-splatting,13.011167526245115,,0.571755588054657,,0.4508146941661834,,113202.25,,0.2190017998218536,
dish_1561491210,feature-splatting,12.062448501586914,,0.4138347506523132,,0.5893093347549438,,22571.2265625,,0.0436664409935474,
dish_1561492161,feature-splatting,15.095186233520508,,0.6083552241325378,,0.486185073852539,,112420.953125,,0.2174903005361557,
dish_1561492228,feature-splatting,12.881891250610352,,0.3618696928024292,,0.5687640309333801,,112390.671875,,0.2174317091703415,
dish_1561492519,feature-splatting,11.72707176208496,,0.4411130547523498,,0.5941618084907532,,111965.78125,,0.2166097164154052,
dish_1561492628,feature-splatting,15.908780097961426,,0.6337957978248596,,0.5061665773391724,,15850.240234375,,0.0306639764457941,
dish_1561492665,feature-splatting,16.287643432617188,,0.6185573935508728,,0.5023435354232788,,113399.6328125,,0.2193836569786071,
dish_1561492687,feature-splatting,16.113412857055664,,0.5846902132034302,,0.4538904130458832,,112228.8203125,,0.2171185910701751,
dish_1561492703,feature-splatting,14.327035903930664,,0.5113934278488159,,0.5034156441688538,,20753.5,,0.0401498526334762,
dish_1561493975,feature-splatting,18.32964324951172,,0.857620358467102,,0.1943119913339615,,114879.7890625,,0.2222471833229065,
dish_1561494001,feature-splatting,12.645148277282717,,0.4959722757339477,,0.588135302066803,,113890.015625,,0.2203323543071746,
dish_1561494032,feature-splatting,12.915369987487791,2.1279006004333496,0.5157004594802856,0.0209909435361623,0.4733476936817169,0.0230671800673007,727192.9375,867090.3125,1.4068320989608765,1.6774784326553345
dish_1561574215,feature-splatting,11.363757133483888,0.1768400818109512,0.4166913032531738,0.0275442507117986,0.5218117237091064,0.0112292692065238,743788.4375,999472.0,1.4389379024505615,1.933584809303284
dish_1561574368,feature-splatting,15.313140869140623,2.783263921737671,0.6618956923484802,0.0324142985045909,0.5043727159500122,0.1202828735113143,1066042.75,1345229.25,2.062373161315918,2.602489233016968
dish_1561574394,feature-splatting,15.347946166992188,0.2299457937479019,0.6233250498771667,0.0228355843573808,0.468138039112091,0.0483728870749473,939738.8125,1167037.25,1.818024754524231,2.257757663726806
dish_1561574428,feature-splatting,13.933184623718262,1.2721443176269531,0.5154227018356323,0.0010049073025584,0.4735828042030334,0.0337101444602012,855948.625,1052947.25,1.6559237241744995,2.037038326263428
dish_1561574456,feature-splatting,13.994346618652344,0.0452953875064849,0.5474762320518494,0.0444278344511985,0.4345184862613678,0.0147250555455684,811446.125,1099377.25,1.5698288679122925,2.1268622875213623
dish_1561574479,feature-splatting,12.331365585327148,1.1249715089797974,0.4009955525398254,0.0233046151697635,0.4942840933799743,0.0294763892889022,777318.375,938046.625,1.503805160522461,1.8147510290145876
dish_1561574600,feature-splatting,11.818639755249023,1.1703789234161377,0.4701164364814758,0.0423015467822551,0.5312179327011108,0.0600478388369083,806340.1875,980001.6875,1.5599509477615356,1.895917534828186
dish_1561574623,feature-splatting,17.06199073791504,8.837823867797852,0.6873810887336731,0.3463385999202728,0.3221467137336731,0.2905015349388122,759385.5625,913314.75,1.4691121578216553,1.7669047117233276
dish_1561574783,feature-splatting,14.225666999816896,,0.58470219373703,,0.5062710046768188,,112117.6171875,,0.2169034630060196,
dish_1561574815,feature-splatting,10.81926441192627,,0.3711110055446625,,0.5973031520843506,,114715.7890625,,0.2219299077987671,
dish_1561574848,feature-splatting,12.61419677734375,,0.5063662528991699,,0.5169002413749695,,115859.5546875,,0.2241426408290863,
dish_1561574974,feature-splatting,14.46470832824707,,0.5727714896202087,,0.4187370538711548,,115431.8359375,,0.2233151644468307,
dish_1561575033,feature-splatting,10.94951057434082,0.1962755173444748,0.5315583348274231,0.0848739743232727,0.4772776961326599,0.0483856797218322,1048994.5,1322621.125,2.0293915271759038,2.558751344680786
dish_1561575068,feature-splatting,10.865455627441406,,0.470139592885971,,0.4645536839962005,,115343.34375,,0.2231439799070358,
dish_1561575274,feature-splatting,8.214642524719238,1.6267695426940918,0.4199995398521423,0.0045474129728972,0.5811483860015869,0.0074381181038916,873838.5,1075472.875,1.6905335187911987,2.0806167125701904
dish_1561575300,feature-splatting,12.661554336547852,,0.4461300373077392,,0.5327119827270508,,113152.171875,,0.2189049124717712,
dish_1561575327,feature-splatting,13.643599510192873,,0.488138198852539,,0.4656481742858886,,114313.1015625,,0.2211508601903915,
dish_1561575347,feature-splatting,13.299242973327637,,0.4508808851242065,,0.4668124616146087,,114311.390625,,0.2211475521326065,
dish_1561575445,feature-splatting,15.89815902709961,,0.600398063659668,,0.5890212059020996,,113649.9921875,,0.219868004322052,
dish_1561575474,feature-splatting,13.69839096069336,0.825674295425415,0.6286832094192505,0.0204840842634439,0.4884098768234253,0.0526669323444366,878708.75,1200527.625,1.6999555826187134,2.3225486278533936
dish_1561575506,feature-splatting,10.866866111755373,1.0125898122787476,0.4910882711410522,0.073567047715187,0.5216851234436035,0.0716152116656303,840540.125,1029277.0,1.6261142492294312,1.9912458658218384
dish_1561575613,feature-splatting,14.542865753173828,,0.5785567164421082,,0.4522269666194916,,115065.9765625,,0.2226073741912841,
dish_1561575661,feature-splatting,11.974414825439451,,0.4589055776596069,,0.4604406058788299,,116198.2734375,,0.2247979193925857,
dish_1561575908,feature-splatting,15.715015411376951,,0.6047066450119019,,0.4481420814990997,,115091.1171875,,0.2226560115814209,
dish_1561575951,feature-splatting,15.265508651733398,0.3792649805545807,0.588962733745575,0.0127228694036602,0.4813492596149444,0.0270699523389339,1007248.1875,1262910.625,1.9486289024353027,2.443234920501709
dish_1561575977,feature-splatting,13.92743968963623,,0.4782972931861877,,0.5120405554771423,,107326.734375,,0.2076349854469299,
dish_1561575996,feature-splatting,13.497743606567385,,0.4491930902004242,,0.5283257961273193,,113554.1015625,,0.2196824997663498,
dish_1561576026,feature-splatting,11.119762420654297,,0.3729044198989868,,0.5888497829437256,,113841.546875,,0.2202385812997818,
dish_1561576051,feature-splatting,11.0734224319458,,0.4108880162239074,,0.5424711108207703,,114934.25,,0.222352534532547,
dish_1561576074,feature-splatting,12.492816925048828,,0.4195307493209839,,0.5361449122428894,,114913.6953125,,0.2223127782344818,
dish_1561576212,feature-splatting,23.025325775146484,8.240386009216309,0.8072036504745483,0.2273935824632644,0.245549201965332,0.2461204975843429,970652.0,1210716.375,1.877829670906067,2.342259645462036
dish_1561576257,feature-splatting,13.951791763305664,0.8370667695999146,0.5865222215652466,0.0326029472053051,0.5676053762435913,0.1130488514900207,899806.75,1109452.625,1.740772008895874,2.1463541984558105
dish_1561576295,feature-splatting,12.046926498413086,0.0059403455816209,0.4877680540084839,0.0189745109528303,0.4345350563526153,0.0126941669732332,758433.5625,1049656.875,1.4672703742980957,2.030672788619995
dish_1561576320,feature-splatting,10.08188819885254,0.9059030413627625,0.4001527428627014,0.0188523698598146,0.4946403205394745,0.0183125101029872,835335.5,1018994.8125,1.616045355796814,1.9713538885116575
dish_1561576449,feature-splatting,16.80746078491211,,0.6592204570770264,,0.4666017591953277,,111424.03125,,0.215561643242836,
dish_1561576483,feature-splatting,11.692466735839844,,0.399411529302597,,0.646709144115448,,114066.3203125,,0.2206734418869018,
dish_1561576590,feature-splatting,12.135538101196287,,0.5243568420410156,,0.6488829851150513,,114192.3046875,,0.2209171652793884,
dish_1561576618,feature-splatting,12.48709201812744,,0.5731649398803711,,0.5387024879455566,,114803.8359375,,0.2221002429723739,
dish_1561576652,feature-splatting,13.776305198669434,,0.5255205631256104,,0.5495256185531616,,114819.0234375,,0.222129613161087,
dish_1561576680,feature-splatting,12.33879852294922,,0.3396655917167663,,0.5972653031349182,,113708.2109375,,0.2199806272983551,
dish_1561576707,feature-splatting,13.923894882202148,0.518470287322998,0.4731960296630859,0.0140884267166256,0.4743396043777466,0.0088042235001921,802537.0625,975990.4375,1.5525933504104614,1.8881573677062988
dish_1561576737,feature-splatting,12.976771354675291,0.2791564464569092,0.4395008087158203,0.0142679726704955,0.4907551109790802,0.0573060177266597,727385.5625,1002883.0625,1.4072048664093018,1.940183997154236
dish_1561576767,feature-splatting,13.942684173583984,,0.4547058045864105,,0.4400077164173126,,114983.6484375,,0.2224481105804443,
dish_1561576794,feature-splatting,11.462604522705078,,0.3001014590263366,,0.5775808095932007,,111655.5703125,,0.2160095870494842,
dish_1561576887,feature-splatting,12.903261184692385,,0.5220505595207214,,0.5704785585403442,,113497.8671875,,0.2195737063884735,
dish_1561576916,feature-splatting,12.795467376708984,,0.4647671580314636,,0.5293716788291931,,112743.1484375,,0.2181136161088943,
dish_1561576954,feature-splatting,11.209784507751465,,0.3025577962398529,,0.586122453212738,,112755.203125,,0.2181369364261627,
dish_1561576978,feature-splatting,12.633906364440918,,0.3776541352272033,,0.5490490794181824,,114593.484375,,0.2216932922601699,
dish_1561577083,feature-splatting,13.609423637390137,,0.669182300567627,,0.5791219472885132,,114740.2265625,,0.2219771742820739,
dish_1561577119,feature-splatting,19.29263687133789,,0.7278058528900146,,0.3684716820716858,,117052.53125,,0.226450577378273,
dish_1561577146,feature-splatting,16.429092407226562,2.3977835178375244,0.7180327773094177,0.0474107377231121,0.3192146420478821,0.1095659583806991,765276.625,923171.75,1.4805091619491575,1.7859739065170288
dish_1561577177,feature-splatting,12.028706550598145,,0.5110929012298584,,0.5197795629501343,,113177.640625,,0.2189541906118393,
dish_1561577198,feature-splatting,8.189146041870117,1.4556381702423096,0.3340738415718078,0.0589077025651931,0.6604232788085938,0.1251859962940216,813118.0625,988362.125,1.5730634927749634,1.9120917320251465
dish_1561577219,feature-splatting,10.36643409729004,0.4070684313774109,0.4423941969871521,0.0325293578207492,0.5503642559051514,0.0333642475306987,823991.25,1003930.125,1.594098687171936,1.9422096014022827
dish_1561577549,feature-splatting,13.9124755859375,,0.6443634629249573,,0.5233945250511169,,113430.0546875,,0.2194425165653228,
dish_1561577573,feature-splatting,11.041887283325195,1.557140588760376,0.4323723018169403,0.0270556211471557,0.5027703046798706,0.0400012582540512,847992.9375,1036498.5625,1.640532612800598,2.0052168369293213
dish_1561577598,feature-splatting,11.13724136352539,0.0771799832582473,0.428352952003479,0.0628294050693512,0.4514014720916748,0.029631320387125,829758.5625,1082811.75,1.6052563190460205,2.094814777374268
dish_1561577678,feature-splatting,14.992424011230469,,0.6941942572593689,,0.4302385449409485,,108155.140625,,0.2092376351356506,
dish_1561577701,feature-splatting,11.053167343139648,0.3252954483032226,0.5210851430892944,0.0681917443871498,0.5666782855987549,0.0198654104024171,954211.1875,1187919.875,1.8460230827331543,2.2981574535369877
dish_1561577731,feature-splatting,12.034914016723633,0.7781596183776855,0.5042434334754944,0.0188679005950689,0.5178623795509338,0.023802263662219,803184.6875,1116100.875,1.55384624004364,2.1592159271240234
dish_1561577848,feature-splatting,10.896554946899414,,0.3758580088615417,,0.6497007012367249,,113862.71875,,0.2202795445919037,
dish_1561577947,feature-splatting,13.652231216430664,1.8077768087387085,0.4965437054634094,0.1284706145524978,0.4540626406669616,0.0689680054783821,788126.3125,1085763.375,1.5247142314910889,2.10052490234375
dish_1561578156,feature-splatting,10.209623336791992,,0.5775289535522461,,0.6630048155784607,,113442.2734375,,0.2194661498069763,
dish_1561578188,feature-splatting,12.906235694885254,,0.5865004062652588,,0.4176145792007446,,114698.2109375,,0.2218958884477615,
dish_1561578226,feature-splatting,12.773767471313477,0.3622450828552246,0.4861429333686828,0.0264883879572153,0.4470270872116089,0.021795505657792,836466.6875,1026174.8125,1.6182339191436768,1.9852443933486936
dish_1561578323,feature-splatting,9.196587562561035,,0.3275628983974457,,0.7295420169830322,,116846.6640625,,0.2260522991418838,
dish_1561578373,feature-splatting,11.95152473449707,0.0349724441766738,0.486804187297821,0.010321594774723,0.5604512691497803,0.0123588042333722,926470.625,1150150.75,1.792356014251709,2.225088834762573
dish_1561578394,feature-splatting,11.12118434906006,,0.4728986918926239,,0.5106344223022461,,115608.9375,,0.2236577868461609,
dish_1561578417,feature-splatting,11.61011791229248,2.27607536315918,0.4771404266357422,0.0564641319215297,0.5058977603912354,0.0707011297345161,813258.9375,988483.5625,1.573335886001587,1.9123265743255613
dish_1561578441,feature-splatting,12.864019393920898,,0.393040120601654,,0.5126746892929077,,114229.1640625,,0.220988467335701,
dish_1561578461,feature-splatting,13.787968635559082,,0.4383701086044311,,0.4894731938838959,,114871.5859375,,0.222231313586235,
dish_1561578570,feature-splatting,17.038686752319336,,0.7416309714317322,,0.3771499991416931,,117127.3046875,,0.2265952378511428,
dish_1561578603,feature-splatting,14.30556297302246,0.4475476145744324,0.6616854667663574,0.1051917448639869,0.5175175070762634,0.0224793590605258,913562.25,1129908.125,1.7673834562301636,2.185927629470825
dish_1561578623,feature-splatting,13.151006698608398,0.3008037507534027,0.6120774149894714,0.0483561754226684,0.4641154706478119,0.0068664383143186,694889.8125,968484.0625,1.344338297843933,1.8736355304718015
dish_1561578676,feature-splatting,11.762529373168944,0.1178945153951644,0.5481737852096558,0.0438601598143577,0.5048261284828186,0.0256504025310277,810242.9375,986212.875,1.567501187324524,1.9079337120056152
dish_1561578775,feature-splatting,13.902069091796877,,0.5757722854614258,,0.618850827217102,,115884.0625,,0.2241900563240051,
dish_1561578800,feature-splatting,13.495737075805664,,0.4787778854370117,,0.5432955026626587,,111547.609375,,0.2158007174730301,
dish_1561578839,feature-splatting,13.166177749633787,0.6005467176437378,0.4657729864120483,0.0077461483888328,0.5120148658752441,0.0345991477370262,803659.125,976020.875,1.5547640323638916,1.888216257095337
dish_1561578865,feature-splatting,11.557106018066406,,0.3733720183372497,,0.5402874946594238,,111275.8984375,,0.2152750641107559,
dish_1561578898,feature-splatting,12.051733016967772,1.2028568983078003,0.3469075560569763,0.0309983324259519,0.5041484832763672,0.0128936059772968,787485.125,955530.0625,1.5234737396240234,1.8485745191574097
dish_1561579576,feature-splatting,13.629302978515623,,0.5399075746536255,,0.5279829502105713,,113941.375,,0.2204317152500152,
dish_1561579617,feature-splatting,11.690662384033203,2.035063505172729,0.4825300872325897,0.0662635713815689,0.540321946144104,0.0496228151023387,768920.1875,925653.25,1.487557888031006,1.790774703025818
dish_1561579673,feature-splatting,12.488625526428224,1.2122513055801392,0.459028959274292,0.0459404215216636,0.5459764003753662,0.0418396405875682,774915.75,940778.5,1.4991569519042969,1.820036053657532
dish_1561579706,feature-splatting,13.296590805053713,1.0746582746505735,0.4892256259918213,0.0139752207323908,0.4989734888076782,0.0515956655144691,777723.625,944477.5625,1.5045890808105469,1.827192306518555
dish_1561579824,feature-splatting,16.99264907836914,,0.6859647631645203,,0.5463651418685913,,114839.3515625,,0.2221689522266388,
dish_1561579845,feature-splatting,15.204512596130373,0.1713899970054626,0.6325583457946777,0.0419874899089336,0.5141087770462036,0.0947005748748779,852746.875,1191863.625,1.649729609489441,2.3057870864868164
dish_1561579867,feature-splatting,14.837265968322754,,0.5973879098892212,,0.4983722269535064,,115727.671875,,0.2238875031471252,
dish_1561579902,feature-splatting,10.784554481506348,0.3120282888412475,0.4471492171287536,0.0431125164031982,0.5204480290412903,0.0115186497569084,725750.25,1010342.8125,1.4040411710739136,1.954615592956543
dish_1561579933,feature-splatting,11.77098274230957,1.1201560497283936,0.3857327103614807,0.0493180491030216,0.5175259113311768,0.0239900276064872,727328.8125,870624.625,1.4070948362350464,1.6843159198760986
dish_1561580278,feature-splatting,12.700657844543455,,0.3934921026229858,,0.5384438633918762,,115193.828125,,0.2228547185659408,
dish_1561580322,feature-splatting,14.293066024780272,,0.5077940821647644,,0.4782502055168152,,112686.40625,,0.2180038392543792,
dish_1561580370,feature-splatting,13.390976905822754,,0.479637861251831,,0.510078489780426,,115897.9140625,,0.2242168486118316,
dish_1561580406,feature-splatting,15.482647895812988,,0.6615360975265503,,0.3196108937263489,,37899.671875,,0.07332094758749,
dish_1561580431,feature-splatting,11.181081771850586,,0.3958407342433929,,0.5464295148849487,,113867.8671875,,0.2202895134687423,
dish_1561580659,feature-splatting,11.416467666625977,,0.2620335221290588,,0.5973366498947144,,113830.0078125,,0.2202162593603134,
dish_1561654326,feature-splatting,12.770980834960938,,0.5705829858779907,,0.5757448077201843,,24105.677734375,,0.0466349981725215,
dish_1561654346,feature-splatting,10.63772964477539,,0.4650325179100036,,0.6230852007865906,,112675.109375,,0.2179819941520691,
dish_1561654707,feature-splatting,16.367334365844727,,0.5872201323509216,,0.5051285028457642,,111248.140625,,0.2152213603258133,
dish_1561654732,feature-splatting,15.849617958068848,,0.5731326341629028,,0.476979911327362,,113744.984375,,0.2200517803430557,
dish_1561654756,feature-splatting,12.60057544708252,,0.4710763096809387,,0.5601047873497009,,111763.921875,,0.2162192016839981,
dish_1561661324,feature-splatting,14.811441421508787,0.7512598037719727,0.5961105823516846,0.042351808398962,0.559418797492981,0.0293676294386386,750224.125,904701.5625,1.4513884782791138,1.75024151802063
dish_1561661347,feature-splatting,11.28158950805664,0.6041045784950256,0.4810317754745483,0.0002640289312694,0.5863146781921387,0.0245776809751987,768171.1875,929055.875,1.4861087799072266,1.7973573207855225
dish_1561661377,feature-splatting,14.359086036682127,,0.6411177515983582,,0.5933399200439453,,116634.1796875,,0.2256412357091903,
dish_1561661479,feature-splatting,14.420263290405272,0.6590755581855774,0.5822895765304565,0.0323408357799053,0.504285454750061,0.0615276992321014,742819.3125,1021671.625,1.4370629787445068,1.9765324592590328
dish_1561661552,feature-splatting,15.05128002166748,,0.5130764245986938,,0.6013650894165039,,114132.7734375,,0.2208019942045211,
dish_1561661806,feature-splatting,13.089141845703123,,0.5017141699790955,,0.5831878185272217,,113916.9375,,0.2203844338655471,
dish_1561661850,feature-splatting,13.144734382629396,,0.4877551794052124,,0.5514920353889465,,30343.072265625,,0.0587019026279449,
dish_1561661972,feature-splatting,15.412697792053224,,0.6708817481994629,,0.604123055934906,,113812.78125,,0.2201829403638839,
dish_1561662022,feature-splatting,10.858802795410156,,0.4437783360481262,,0.5318124294281006,,114061.8828125,,0.220664843916893,
dish_1561662054,feature-splatting,13.532270431518556,1.0864473581314087,0.4396827816963196,0.0003836206160485,0.4895093441009521,0.0194312147796154,784803.3125,950648.25,1.5182855129241943,1.8391302824020384
dish_1561662160,feature-splatting,12.073015213012695,,0.5125042200088501,,0.6103298664093018,,113426.265625,,0.2194351851940155,
dish_1561662190,feature-splatting,15.173349380493164,,0.5885823369026184,,0.4160305261611938,,113792.03125,,0.2201427966356277,
dish_1561662216,feature-splatting,13.832239151000977,,0.5432232618331909,,0.4292721748352051,,113459.3359375,,0.2194991558790207,
dish_1561662458,feature-splatting,9.52499008178711,,0.3212168514728546,,0.7124817967414856,,113149.5234375,,0.2188998013734817,
dish_1561662501,feature-splatting,15.364701271057127,,0.5614637136459351,,0.5395375490188599,,36414.015625,,0.0704467892646789,
dish_1561662532,feature-splatting,14.882102012634276,,0.5444114208221436,,0.5220053195953369,,111165.1875,,0.2150608897209167,
dish_1561662814,feature-splatting,10.221075057983398,,0.4252253472805023,,0.6385390758514404,,114474.5546875,,0.2214632034301757,
dish_1561662842,feature-splatting,11.521421432495115,,0.4698640704154968,,0.623760998249054,,113476.8515625,,0.2195330411195755,
dish_1561662869,feature-splatting,9.726431846618652,,0.3967889249324798,,0.656943678855896,,108573.6328125,,0.2100472450256347,
dish_1561662926,feature-splatting,10.622803688049316,,0.4524626731872558,,0.5552906394004822,,112390.3984375,,0.2174311876296997,
dish_1561662948,feature-splatting,11.834318161010742,3.154788017272949,0.5337687134742737,0.1192875057458877,0.594488263130188,0.0736630782485008,1067840.125,640030.0625,2.065850257873535,1.2382062673568726
dish_1561663068,feature-splatting,10.928613662719728,0.1490123718976974,0.4444527626037597,0.0688750296831131,0.6114879846572876,0.1353361904621124,799742.375,970345.0,1.5471867322921753,1.8772356510162356
dish_1561663541,feature-splatting,10.94806671142578,,0.4925787448883056,,0.6468080878257751,,116320.3359375,,0.2250340729951858,
dish_1561663580,feature-splatting,17.43791961669922,,0.5758700370788574,,0.4738590121269226,,113459.640625,,0.2194997519254684,
dish_1561663606,feature-splatting,13.419036865234377,2.405704975128174,0.4774773120880127,0.0380053296685218,0.5559139251708984,0.0043341713026165,753853.6875,906580.0625,1.4584102630615234,1.753875732421875
dish_1561663786,feature-splatting,19.457902908325195,,0.7875113487243652,,0.5490761995315552,,116518.2890625,,0.2254170328378677,
dish_1561663817,feature-splatting,14.641375541687012,,0.575653076171875,,0.4783937036991119,,115359.328125,,0.223174899816513,
dish_1561663855,feature-splatting,14.152774810791016,,0.5512226223945618,,0.4858948588371277,,113646.578125,,0.2198614031076431,
dish_1561663891,feature-splatting,11.280035018920898,1.2708953619003296,0.4961130321025848,0.0080295223742723,0.534530758857727,0.009507106617093,769486.75,925736.4375,1.4886540174484253,1.790935754776001
dish_1561663914,feature-splatting,15.138265609741213,6.600655555725098,0.5341233015060425,0.2462220191955566,0.3784298300743103,0.2054994404315948,783401.625,946967.3125,1.5155738592147827,1.832009077072144
dish_1561663990,feature-splatting,19.845935821533203,,0.781010091304779,,0.4626800417900085,,113126.9140625,,0.2188560515642166,
dish_1561664042,feature-splatting,14.90389347076416,,0.6104804277420044,,0.5868278741836548,,114017.5859375,,0.2205791473388672,
dish_1561664061,feature-splatting,13.719661712646484,,0.5071365833282471,,0.5848959684371948,,114602.90625,,0.22171151638031,
dish_1561664977,feature-splatting,12.761106491088867,,0.630849301815033,,0.6247625946998596,,115795.1484375,,0.2240180373191833,
dish_1561665024,feature-splatting,12.741856575012209,,0.5318030118942261,,0.4831942021846771,,115600.3359375,,0.2236411571502685,
dish_1561665065,feature-splatting,12.578357696533203,,0.3983367085456848,,0.5639787912368774,,114386.40625,,0.2212926745414734,
dish_1561665378,feature-splatting,13.78846263885498,4.461136817932129,0.5936753749847412,0.210747018456459,0.658958911895752,0.0138393817469477,746998.5625,893416.25,1.445148229598999,1.728408932685852
dish_1561665422,feature-splatting,11.47202205657959,,0.4791556298732757,,0.5624223947525024,,114752.9296875,,0.2220017611980438,
dish_1561665452,feature-splatting,12.757012367248535,,0.4267092943191528,,0.6094695925712585,,114334.5078125,,0.2211922705173492,
dish_1561665706,feature-splatting,11.42934799194336,,0.3561830520629883,,0.6718018054962158,,115227.28125,,0.2229194343090057,
dish_1561665747,feature-splatting,10.861631393432615,,0.4082264900207519,,0.584818422794342,,39831.19921875,,0.07705769687891,
dish_1561666794,feature-splatting,12.470132827758787,0.4938201308250427,0.597331166267395,0.1771350651979446,0.498867928981781,0.1382708847522735,831873.8125,1013827.5,1.6093485355377195,1.9613572359085083
dish_1561666821,feature-splatting,11.502480506896973,,0.4773268699645996,,0.5771872997283936,,115049.2890625,,0.2225750982761383,
dish_1561666849,feature-splatting,12.487817764282228,,0.5375309586524963,,0.4977771639823913,,112797.640625,,0.2182190418243408,
dish_1561666875,feature-splatting,11.535201072692873,,0.5342692136764526,,0.5024160742759705,,115371.109375,,0.2231976836919784,
dish_1561666897,feature-splatting,9.035398483276367,0.8230369091033936,0.3991510272026062,0.035782590508461,0.6258065700531006,0.0761453658342361,745900.0,896302.4375,1.443022847175598,1.733992338180542
dish_1561666923,feature-splatting,14.533005714416504,,0.3739978969097137,,0.5127352476119995,,113665.71875,,0.2198984324932098,
dish_1561667207,feature-splatting,16.664594650268555,4.727898597717285,0.6856201887130737,0.1706822365522384,0.3962306082248688,0.1637046039104461,924346.625,701000.0,1.7882468700408936,1.356158971786499
dish_1561667238,feature-splatting,15.28608226776123,,0.5722106695175171,,0.5366968512535095,,113878.5078125,,0.220310091972351,
dish_1561667430,feature-splatting,12.467236518859863,2.2904014587402344,0.4654573202133178,0.0465242825448513,0.6126729846000671,0.0101622799411416,671391.75,934413.1875,1.298878788948059,1.807721734046936
dish_1561736736,feature-splatting,22.885385513305664,,0.94588440656662,,0.0549803264439106,,114261.1328125,,0.2210503220558166,
dish_1561737200,feature-splatting,19.285070419311523,,0.766272783279419,,0.4075174033641815,,114604.1015625,,0.2217138260602951,
dish_1561737223,feature-splatting,14.565000534057615,,0.581378698348999,,0.5127347111701965,,113583.8984375,,0.2197401374578476,
dish_1561737776,feature-splatting,16.47994613647461,,0.6166603565216064,,0.5404273271560669,,115315.96875,,0.2230910062789917,
dish_1561739160,feature-splatting,17.028804779052734,3.0224826335906982,0.7435388565063477,0.0333256833255291,0.4865798652172088,0.0375238880515098,698295.375,829582.0625,1.3509267568588257,1.6049147844314575
dish_1561739188,feature-splatting,10.66713809967041,,0.4152621030807495,,0.6824830770492554,,47497.59765625,,0.0918891578912735,
dish_1561739212,feature-splatting,12.661893844604492,,0.489551305770874,,0.58332359790802,,114374.546875,,0.2212697267532348,
dish_1561739238,feature-splatting,15.902502059936523,1.4367928504943848,0.6206727623939514,0.0691445991396904,0.451866090297699,0.024550350382924,784690.0,950040.25,1.5180662870407104,1.837953805923462
dish_1561739265,feature-splatting,13.486943244934082,,0.5710189342498779,,0.4482257068157196,,115042.921875,,0.222562775015831,
dish_1561739576,feature-splatting,14.980955123901367,,0.5292938947677612,,0.6088728308677673,,115011.84375,,0.2225026488304138,
dish_1561739649,feature-splatting,14.303778648376465,,0.5212953090667725,,0.4840417802333832,,115906.390625,,0.2242332398891449,
dish_1561739719,feature-splatting,13.609639167785645,,0.4817767143249511,,0.4087570011615753,,117282.40625,,0.2268953025341034,
dish_1561739805,feature-splatting,12.707195281982422,,0.4396640658378601,,0.5850620865821838,,112902.828125,,0.218422532081604,
dish_1561739954,feature-splatting,13.24028491973877,,0.524502694606781,,0.5754290819168091,,113997.7109375,,0.220540702342987,
dish_1561740321,feature-splatting,13.814663887023926,,0.5182249546051025,,0.5750583410263062,,113914.9296875,,0.2203805595636367,
dish_1561740353,feature-splatting,12.676072120666504,,0.5346652865409851,,0.502983570098877,,113639.3125,,0.2198473364114761,
dish_1561740385,feature-splatting,13.287027359008787,,0.4906998872756958,,0.5431182980537415,,113258.328125,,0.219110295176506,
dish_1561746876,feature-splatting,15.147883415222168,,0.6957993507385254,,0.5805652737617493,,22783.587890625,,0.0440772771835327,
dish_1561746912,feature-splatting,16.372133255004883,,0.7108690142631531,,0.3775517046451568,,114810.0546875,,0.2221122682094574,
dish_1561746970,feature-splatting,11.830239295959473,,0.4929335117340088,,0.5082723498344421,,53823.44921875,,0.1041271910071373,
dish_1561747075,feature-splatting,18.85860061645508,6.215696334838867,0.7584529519081116,0.2648298144340515,0.2612764835357666,0.2544922828674316,631475.625,865677.625,1.2216567993164062,1.6747455596923828
dish_1561748274,feature-splatting,15.724384307861328,,0.630887508392334,,0.3532123267650604,,111172.0078125,,0.2150740772485733,
dish_1561748862,feature-splatting,20.502336502075195,,0.8142601251602173,,0.3660725057125091,,115099.8203125,,0.2226728498935699,
dish_1561748950,feature-splatting,14.804550170898438,,0.5999836921691895,,0.534173846244812,,113804.4765625,,0.220166876912117,
dish_1561749016,feature-splatting,12.56564235687256,,0.4778624475002289,,0.5693163871765137,,113331.6015625,,0.2192520499229431,
dish_1561749061,feature-splatting,13.348237037658691,,0.4421931505203247,,0.4714966118335724,,108314.1640625,,0.2095452696084976,
dish_1561749348,feature-splatting,14.102777481079102,1.7868393659591677,0.6946058869361877,0.1019325852394104,0.451680988073349,0.1755023896694183,967927.0,574120.375,1.8725577592849727,1.1106969118118286
dish_1561749392,feature-splatting,9.374869346618652,,0.4408511817455292,,0.7109934091567993,,112982.6171875,,0.218576893210411,
dish_1561749664,feature-splatting,22.62446594238281,1.9649345874786377,0.8908137083053589,0.1052174121141433,0.1662061810493469,0.1186824887990951,786843.5,954605.625,1.5222325325012207,1.8467862606048584
dish_1561749711,feature-splatting,13.257519721984863,,0.5284966826438904,,0.5349307656288147,,114462.3046875,,0.2214395105838775,
dish_1561749750,feature-splatting,14.72952651977539,,0.5122014284133911,,0.493105798959732,,114671.546875,,0.2218443155288696,
dish_1561749778,feature-splatting,13.861271858215332,0.7157586812973022,0.4987365901470184,0.01382218580693,0.5263814926147461,0.0059666871093213,735445.4375,879648.0,1.422797441482544,1.701772689819336
dish_1561749818,feature-splatting,13.049009323120115,,0.3894586563110351,,0.5986703634262085,,111989.2578125,,0.2166551351547241,
dish_1561749857,feature-splatting,9.844854354858398,,0.3197703957557678,,0.7150664925575256,,108601.4453125,,0.2101010531187057,
dish_1561749908,feature-splatting,12.707855224609377,0.1978029161691665,0.4332272410392761,0.1091451048851013,0.5333035588264465,0.0154672190546989,777365.875,938300.3125,1.503896951675415,1.815241813659668
dish_1561751897,feature-splatting,17.300840377807617,7.671257972717285,0.7258986234664917,0.3261402249336242,0.3429490029811859,0.3974679112434387,747515.875,896783.9375,1.4461489915847778,1.7349239587783811
dish_1561751958,feature-splatting,12.202505111694336,1.0350193977355957,0.5120013952255249,0.0436754524707794,0.6308784484863281,0.1038364768028259,737566.4375,881690.6875,1.4269006252288818,1.7057243585586548
dish_1561752035,feature-splatting,14.156904220581056,,0.5260190963745117,,0.5052798986434937,,112360.1953125,,0.2173727601766586,
dish_1561752481,feature-splatting,16.61562728881836,,0.7118203639984131,,0.4423789083957672,,113917.015625,,0.2203845828771591,
dish_1561752509,feature-splatting,14.085567474365234,,0.6206640005111694,,0.569191038608551,,112397.625,,0.2174451649188995,
dish_1561752535,feature-splatting,15.23067855834961,,0.5732661485671997,,0.470651626586914,,114450.9609375,,0.221417561173439,
dish_1561752563,feature-splatting,12.969943046569824,,0.3987840414047241,,0.5517895221710205,,15246.5537109375,,0.0294960811734199,
dish_1561752680,feature-splatting,14.850021362304688,0.3983470499515533,0.5678912401199341,0.018599446862936,0.4897252321243286,0.0044909995049238,738298.5,886892.25,1.428316950798035,1.7157875299453735
dish_1561752970,feature-splatting,14.262231826782228,,0.5697121620178223,,0.5709868669509888,,115358.4140625,,0.223173126578331,
dish_1561752996,feature-splatting,15.283100128173828,0.8119242787361145,0.5293755531311035,0.0900512933731079,0.5329750776290894,0.001468522590585,714696.625,851087.5,1.382656812667847,1.6465193033218384
dish_1561753021,feature-splatting,11.578752517700195,2.158460855484009,0.4511889517307281,0.0697619244456291,0.5955165028572083,0.0426880158483982,752436.375,900793.25,1.4556682109832764,1.7426804304122925
dish_1561753075,feature-splatting,17.828655242919922,4.745380401611328,0.689406156539917,0.2924674451351166,0.2925166189670563,0.256211906671524,719090.0,856636.0,1.3911561965942385,1.6572535037994385
dish_1561753168,feature-splatting,18.307861328125,,0.7406991720199585,,0.4539681077003479,,115875.9609375,,0.2241743803024292,
dish_1561753203,feature-splatting,15.464961051940918,,0.6385953426361084,,0.5575348138809204,,39108.33203125,,0.075659230351448,
dish_1561753238,feature-splatting,13.002825736999512,0.4684935808181762,0.5393821597099304,0.0058328709565103,0.482438325881958,0.002118911826983,801925.5625,973189.0,1.5514103174209597,1.882737636566162
dish_1561753275,feature-splatting,14.492645263671877,,0.5517477989196777,,0.4211974143981933,,113859.34375,,0.2202730178833007,
dish_1561753400,feature-splatting,14.813956260681152,1.9015471935272217,0.6793739795684814,0.0596767999231815,0.4110742211341858,0.1174437329173088,897608.8125,680647.9375,1.7365198135375977,1.3167859315872192
dish_1561753432,feature-splatting,12.588237762451172,,0.5225299596786499,,0.580043375492096,,110098.234375,,0.2129967510700225,
dish_1561753477,feature-splatting,13.363720893859863,,0.4788967967033386,,0.4485074877738952,,112746.484375,,0.2181200683116912,
dish_1561753589,feature-splatting,16.677207946777344,,0.7155596613883972,,0.4767660200595855,,114987.390625,,0.2224553376436233,
dish_1561753623,feature-splatting,17.0694580078125,,0.7485798597335815,,0.4662224054336548,,10455.63671875,,0.0202275421470403,
dish_1561753649,feature-splatting,17.447141647338867,,0.6801819801330566,,0.4322001934051513,,58656.55078125,,0.1134773418307304,
dish_1561996122,feature-splatting,15.01258945465088,,0.5194236636161804,,0.5528644323348999,,113150.375,,0.218901440501213,
dish_1561996428,feature-splatting,13.63896656036377,,0.4199070930480957,,0.5093180537223816,,112511.8515625,,0.2176661491394043,
dish_1561996612,feature-splatting,14.17643928527832,,0.5663654208183289,,0.6413042545318604,,112067.2890625,,0.216806098818779,
dish_1561996786,feature-splatting,15.497672080993652,,0.5708857178688049,,0.5276691913604736,,113240.1171875,,0.2190750539302826,
dish_1561996813,feature-splatting,13.411452293395996,,0.5022350549697876,,0.5786696076393127,,111196.9453125,,0.2151223272085189,
dish_1561996836,feature-splatting,12.877202987670898,,0.4395419955253601,,0.5790806412696838,,113707.59375,,0.2199794352054596,
dish_1561996859,feature-splatting,12.289731979370115,,0.446232795715332,,0.5543657541275024,,112300.71875,,0.2172576934099197,
dish_1561996893,feature-splatting,11.454055786132812,,0.4528116881847381,,0.538787305355072,,114378.9140625,,0.2212781757116317,
dish_1561999309,feature-splatting,13.007634162902832,,0.517634391784668,,0.5808696746826172,,112840.40625,,0.218301773071289,
dish_1561999332,feature-splatting,13.647638320922852,,0.5283819437026978,,0.4889045357704162,,114904.7578125,,0.2222954779863357,
dish_1561999355,feature-splatting,13.808034896850586,,0.4642059504985809,,0.5077474117279053,,110074.796875,,0.2129514068365097,
dish_1561999624,feature-splatting,19.691728591918945,,0.6816896200180054,,0.4200036525726318,,110761.34375,,0.2142796069383621,
dish_1561999706,feature-splatting,14.358271598815918,1.631529450416565,0.5377424955368042,0.0059200725518167,0.4795508682727813,0.0235280152410268,661742.625,776331.1875,1.2802114486694336,1.5018951892852783
dish_1562007739,feature-splatting,14.266182899475098,,0.4670653343200683,,0.5426720380783081,,114377.4765625,,0.2212754040956497,
dish_1562007763,feature-splatting,14.19944953918457,1.3329086303710938,0.4883230030536651,0.0413183681666851,0.5405305624008179,0.0243551880121231,670141.5,790786.125,1.2964600324630735,1.5298599004745483
dish_1562007789,feature-splatting,13.14995002746582,2.442554235458374,0.493208110332489,0.0099355299025774,0.5429341793060303,0.0280859861522912,772153.0625,1050381.75,1.4938123226165771,2.0320751667022705
dish_1562007817,feature-splatting,12.530701637268066,0.1319958418607711,0.4855692982673645,0.0314483977854251,0.5110265612602234,0.0270575396716594,817066.5,994281.875,1.5807021856307983,1.92354416847229
dish_1562007842,feature-splatting,17.669944763183594,10.394088745117188,0.662541389465332,0.4002814888954162,0.3502646386623382,0.3949039578437805,669544.9375,925408.25,1.295305848121643,1.790300726890564
dish_1562007904,feature-splatting,12.122154235839844,0.19182750582695,0.4223250150680542,0.0694393962621688,0.4850656390190124,0.0354135520756244,792695.9375,961723.625,1.5335546731948853,1.860556721687317
dish_1562008394,feature-splatting,15.846607208251951,2.1348888874053955,0.6835269331932068,0.1278539896011352,0.545759916305542,0.0185124967247247,819461.8125,1134344.625,1.5853360891342163,2.1945104598999023
dish_1562008429,feature-splatting,11.177337646484377,1.0700910091400146,0.5152893662452698,0.0154512031003832,0.70097416639328,0.0645242109894752,738866.0625,881531.5625,1.429414987564087,1.705416560173035
dish_1562008476,feature-splatting,10.414371490478516,0.0838358104228973,0.4957771599292755,0.0006387354806065,0.6542362570762634,0.0916786715388298,824087.25,1002108.875,1.5942845344543457,1.93868625164032
dish_1562008517,feature-splatting,14.36874008178711,2.8245017528533936,0.6095379590988159,0.041713535785675,0.4498010277748108,0.0226826760917902,834715.5625,1018640.4375,1.6148462295532229,1.9706683158874512
dish_1562008549,feature-splatting,21.885669708251957,14.829060554504396,0.6865292191505432,0.3709580898284912,0.3206618428230285,0.3614414930343628,844691.75,1035685.0,1.6341460943222046,2.0036427974700928
dish_1562008738,feature-splatting,13.418778419494627,,0.5113062858581543,,0.6060527563095093,,112458.8359375,,0.217563584446907,
dish_1562008780,feature-splatting,11.12031364440918,,0.5501871109008789,,0.5101317763328552,,113720.1875,,0.2200037986040115,
dish_1562008813,feature-splatting,12.672613143920898,2.397049188613892,0.5174069404602051,0.0309344809502363,0.5257861614227295,0.0135910520330071,750553.375,999404.75,1.452025294303894,1.9334548711776731
dish_1562008979,feature-splatting,11.47134017944336,0.7124321460723877,0.4388061761856079,0.0261662602424621,0.5713943243026733,0.0568514205515384,803155.75,975893.3125,1.5537903308868408,1.8879694938659668
dish_1562009006,feature-splatting,11.171991348266602,0.9744378328323364,0.4194699823856354,0.003180991159752,0.5563977956771851,0.0374640822410583,838202.75,1029675.875,1.6215922832489014,1.9920175075531008
dish_1562009098,feature-splatting,9.55923843383789,,0.5430572032928467,,0.6079864501953125,,111281.953125,,0.2152867764234542,
dish_1562009120,feature-splatting,10.518892288208008,,0.5455603003501892,,0.5943177938461304,,114243.5546875,,0.2210163176059723,
dish_1562009148,feature-splatting,10.566210746765137,,0.4650551676750183,,0.5531951785087585,,115771.15625,,0.2239716202020645,
dish_1562009894,feature-splatting,13.884466171264648,,0.5219749212265015,,0.4621315598487854,,111116.1640625,,0.2149660438299179,
dish_1562009934,feature-splatting,11.787312507629396,,0.3709193170070648,,0.5711733102798462,,114716.703125,,0.2219316661357879,
dish_1562010048,feature-splatting,14.534136772155762,,0.62389075756073,,0.6047976016998291,,115145.46875,,0.2227611690759658,
dish_1562010085,feature-splatting,15.010315895080566,,0.5849618911743164,,0.6031884551048279,,114820.859375,,0.2221331745386123,
dish_1562010130,feature-splatting,11.621875762939451,,0.3936569392681122,,0.5381603837013245,,96833.9375,,0.1873355507850647,
dish_1562010266,feature-splatting,9.287758827209473,,0.4686059951782226,,0.6089484691619873,,115718.4453125,,0.223869651556015,
dish_1562010293,feature-splatting,12.891767501831056,1.876418113708496,0.4369464516639709,0.0580714456737041,0.5156840085983276,0.0052614440210163,772426.125,934461.5625,1.4943406581878662,1.8078153133392332
dish_1562010315,feature-splatting,12.626967430114746,1.795330286026001,0.4539911150932312,0.0248794537037611,0.4840214252471924,0.0045000403188169,839826.625,1028365.5625,1.6247339248657229,1.9894826412200928
dish_1562010369,feature-splatting,13.324145317077637,,0.5312686562538147,,0.6429768800735474,,114726.046875,,0.2219497412443161,
dish_1562010394,feature-splatting,15.003015518188477,,0.6265662908554077,,0.4373411238193512,,114912.28125,,0.2223100364208221,
dish_1562010418,feature-splatting,12.469070434570312,2.173214912414551,0.562706708908081,0.0797322690486908,0.5055773258209229,0.1149606257677078,736016.4375,1011079.6875,1.423902153968811,1.9560412168502808
dish_1562010440,feature-splatting,13.47709846496582,,0.4772598445415497,,0.522333025932312,,113229.7265625,,0.2190549522638321,
dish_1562010821,feature-splatting,13.564971923828123,1.742981195449829,0.5517368316650391,0.080660343170166,0.5444282293319702,0.018129888921976,767044.6875,923680.9375,1.4839295148849487,1.7869590520858765
dish_1562010865,feature-splatting,12.76206111907959,,0.4380367398262024,,0.5341635346412659,,113651.453125,,0.2198708355426788,
dish_1562011727,feature-splatting,13.614974975585938,0.8024106025695801,0.6450204253196716,0.0357614308595657,0.4931697249412536,0.0439068377017974,779436.0625,940067.5,1.5079020261764526,1.8186606168746948
dish_1562011765,feature-splatting,11.6506929397583,,0.5334643721580505,,0.4924426078796386,,28169.24609375,,0.0544964037835598,
dish_1562011794,feature-splatting,12.345641136169434,4.0697197914123535,0.4966936111450195,0.036911766976118,0.5369225740432739,0.0103087816387414,833987.625,1024261.6875,1.6134377717971802,1.9815433025360107
dish_1562012048,feature-splatting,17.574209213256836,,0.7214895486831665,,0.5021018981933594,,33490.59765625,,0.06479112803936,
dish_1562012076,feature-splatting,16.954998016357422,,0.6480762958526611,,0.5037804841995239,,23854.859375,,0.0461497642099857,
dish_1562085163,feature-splatting,15.223125457763672,1.0239263772964478,0.5856438875198364,0.022268708795309,0.4642474055290222,0.0227913931012153,667861.6875,799942.0,1.2920496463775637,1.5475729703903198
dish_1562085185,feature-splatting,13.217795372009276,,0.4284703135490417,,0.6168568134307861,,110165.7734375,,0.2131274193525314,
dish_1562085672,feature-splatting,14.592270851135254,1.170561671257019,0.5854195356369019,0.0276434011757373,0.5900580883026123,0.0605529248714447,655196.75,770337.6875,1.2675477266311646,1.490300178527832
dish_1562086067,feature-splatting,12.666608810424805,0.4606117904186249,0.5523845553398132,0.0437923446297645,0.522657036781311,0.0256959646940231,719371.5,858480.0,1.3917007446289062,1.6608208417892456
dish_1562086116,feature-splatting,13.095052719116213,2.364666700363159,0.4885336756706238,0.0336412154138088,0.566738486289978,0.0042811925522983,718204.6875,968776.3125,1.3894433975219729,1.874200820922852
dish_1562086501,feature-splatting,16.36297035217285,,0.6372344493865967,,0.5920843482017517,,110228.65625,,0.213249072432518,
dish_1562086564,feature-splatting,16.160337448120117,,0.6143894195556641,,0.4794691801071167,,109885.5390625,,0.2125852704048156,
dish_1562086595,feature-splatting,9.959882736206056,,0.3761866688728332,,0.6276413202285767,,112816.546875,,0.2182556092739105,
dish_1562086702,feature-splatting,10.908656120300291,,0.451343297958374,,0.5740973949432373,,114769.9375,,0.2220346629619598,
dish_1562086740,feature-splatting,13.61750316619873,,0.5433132648468018,,0.5437276363372803,,112961.859375,,0.2185367345809936,
dish_1562094621,feature-splatting,19.38223648071289,,0.7730724215507507,,0.43050217628479,,114308.140625,,0.2211412638425827,
dish_1562094730,feature-splatting,11.444347381591797,,0.3489912152290344,,0.529772162437439,,114549.296875,,0.2216078042984008,
dish_1562094877,feature-splatting,16.845855712890625,0.7792676091194153,0.6548016667366028,0.0880655869841575,0.5567094087600708,0.010934704914689,676613.0,938307.0,1.308979868888855,1.815254807472229
dish_1562094931,feature-splatting,14.875627517700195,2.4220902919769287,0.5634270310401917,0.104520559310913,0.5472615957260132,0.0101500144228339,731965.625,877711.3125,1.416065335273743,1.698025822639465
dish_1562095283,feature-splatting,11.533031463623049,,0.4307379424571991,,0.5858277678489685,,113073.59375,,0.2187529057264328,
dish_1562095340,feature-splatting,10.89405632019043,0.674071729183197,0.3655553758144378,0.0293226167559623,0.5373398065567017,0.032641090452671,824610.4375,1003198.625,1.5952967405319214,1.9407944679260252
dish_1562096372,feature-splatting,11.828458786010742,4.6786065101623535,0.5012290477752686,0.1351039707660675,0.6001704931259155,0.0401001125574111,840250.625,1028696.8125,1.6255542039871216,1.990123391151428
dish_1562096401,feature-splatting,12.120426177978516,,0.4384908080101013,,0.6204912066459656,,112983.0078125,,0.2185776531696319,
dish_1562096512,feature-splatting,17.275096893310547,,0.6621760725975037,,0.5683958530426025,,112912.6796875,,0.2184415906667709,
dish_1562096542,feature-splatting,13.314309120178224,,0.5836567878723145,,0.5856723785400391,,29361.16015625,,0.056802287697792,
dish_1562096584,feature-splatting,15.072881698608398,,0.5183964967727661,,0.5432913303375244,,112317.609375,,0.2172903716564178,
dish_1562096608,feature-splatting,12.348711013793944,2.448161363601685,0.4674376845359802,0.0256710760295391,0.5474068522453308,0.0276146996766328,808549.4375,1115006.375,1.5642248392105105,2.1570985317230225
dish_1562096907,feature-splatting,12.137697219848633,2.9776411056518555,0.5175999999046326,0.0753940716385841,0.604914128780365,0.0043923761695623,741508.125,889557.6875,1.4345263242721558,1.720944046974182
dish_1562096933,feature-splatting,6.94626522064209,,0.3374973237514496,,0.669009804725647,,17369.80078125,,0.0336037278175354,
dish_1562097001,feature-splatting,11.834654808044434,,0.3883755803108215,,0.5777607560157776,,114244.5,,0.2210181355476379,
dish_1562097624,feature-splatting,15.804811477661133,,0.7051371932029724,,0.5742113590240479,,17437.884765625,,0.0337354429066181,
dish_1562097673,feature-splatting,11.951373100280762,,0.4731603562831878,,0.6651987433433533,,114814.765625,,0.222121387720108,
dish_1562099053,feature-splatting,16.011985778808594,,0.6273161172866821,,0.5762262940406799,,112194.8359375,,0.2170528471469879,
dish_1562099076,feature-splatting,13.682847023010254,,0.5109403133392334,,0.6669634580612183,,24458.17578125,,0.0473169423639774,
dish_1562099102,feature-splatting,16.018266677856445,,0.687775731086731,,0.5129321813583374,,113801.078125,,0.2201602905988693,
dish_1562099134,feature-splatting,12.64399242401123,,0.5542725324630737,,0.4607487618923187,,110007.1328125,,0.2128205001354217,
dish_1562099157,feature-splatting,11.700602531433104,,0.4915285110473633,,0.4974600672721863,,111828.3046875,,0.2163437604904174,
dish_1562168427,feature-splatting,14.348341941833496,,0.5395132899284363,,0.646416962146759,,17123.85546875,,0.0331279188394546,
dish_1562168450,feature-splatting,13.429105758666992,,0.4856771826744079,,0.6331203579902649,,34565.47265625,,0.0668705850839614,
dish_1562168471,feature-splatting,12.291744232177734,,0.4696143567562103,,0.5205226540565491,,110039.0234375,,0.2128822058439254,
dish_1562168648,feature-splatting,15.10060977935791,,0.6699762344360352,,0.5782092809677124,,111121.3125,,0.2149759978055954,
dish_1562168673,feature-splatting,12.843816757202148,1.8594954013824463,0.556200385093689,0.0789495185017585,0.5509567856788635,0.0119736669585108,781231.25,944390.8125,1.5113749504089355,1.8270244598388672
dish_1562168800,feature-splatting,12.464092254638672,1.6784237623214722,0.4725794196128845,0.0841159224510192,0.5431002378463745,0.0375842824578285,729701.125,872447.3125,1.4116843938827517,1.6878421306610107
dish_1562169762,feature-splatting,16.25322151184082,,0.6035391092300415,,0.4373555183410644,,112828.2265625,,0.2182782143354416,
dish_1562169818,feature-splatting,13.419629096984863,,0.4140219092369079,,0.6105493903160095,,112968.3828125,,0.2185493558645248,
dish_1562169840,feature-splatting,13.56268310546875,,0.434849739074707,,0.6128759384155273,,113344.6328125,,0.2192772477865219,
dish_1562170207,feature-splatting,14.946194648742676,,0.6327563524246216,,0.59229576587677,,114679.75,,0.221860185265541,
dish_1562170236,feature-splatting,13.240362167358398,,0.5501269102096558,,0.6134297847747803,,29095.3515625,,0.0562880523502826,
dish_1562170331,feature-splatting,14.37564468383789,1.5235978364944458,0.5633503198623657,0.0307427123188972,0.5012707710266113,0.0352037884294986,717418.0,858470.625,1.3879214525222778,1.6608028411865234
dish_1562170356,feature-splatting,12.63808822631836,0.3394567966461181,0.565582811832428,0.0030771414749324,0.4540686905384063,0.0325888283550739,712108.125,985018.3125,1.377648949623108,1.905622720718384
dish_1562172643,feature-splatting,12.347509384155272,,0.469663143157959,,0.6252434253692627,,113714.5859375,,0.2199929654598236,
dish_1562173200,feature-splatting,17.025724411010742,,0.6608257293701172,,0.4993493854999542,,114443.6328125,,0.2214033901691436,
dish_1562173247,feature-splatting,17.135093688964844,0.3296787142753601,0.6493909358978271,0.0105225928127765,0.4856204390525818,0.060881208628416,710844.5625,843813.5625,1.3752044439315796,1.6324471235275269
dish_1562173267,feature-splatting,16.073802947998047,3.825230360031128,0.5647259950637817,0.1116564646363258,0.4828680753707886,0.0631238371133804,773998.375,934997.875,1.4973822832107544,1.8088529109954836
dish_1562173411,feature-splatting,13.28316879272461,1.6301571130752563,0.5482120513916016,0.1039760187268257,0.5164080858230591,0.0111027024686336,750948.75,972073.25,1.4527902603149414,1.880579113960266
dish_1562179966,feature-splatting,11.63878059387207,,0.4453662037849426,,0.6456968188285828,,15276.74609375,,0.0295544918626546,
dish_1562180025,feature-splatting,11.854256629943848,,0.5208526849746704,,0.5454062223434448,,107406.3828125,,0.2077890783548355,
dish_1562180089,feature-splatting,10.738669395446776,1.3065401315689087,0.4353446662425995,0.0478673987090587,0.5619852542877197,0.0860986337065696,737645.3125,1010027.9375,1.4270532131195068,1.9540064334869385
dish_1562180157,feature-splatting,11.785554885864258,0.4645209908485412,0.3954871296882629,0.0723281875252723,0.505034327507019,0.012081435881555,800303.6875,973684.0,1.548272728919983,1.8836952447891235
dish_1562181217,feature-splatting,13.614377975463867,,0.5330097675323486,,0.5784441232681274,,114531.5390625,,0.221573457121849,
dish_1562181247,feature-splatting,14.344273567199709,3.7696127891540527,0.6132980585098267,0.1042824685573577,0.5153689384460449,0.013853795826435,787738.6875,952514.875,1.523964285850525,1.8427413702011108
dish_1562181285,feature-splatting,11.344531059265137,,0.4922758340835571,,0.4596529304981231,,58994.1484375,,0.1141304597258567,
dish_1562183065,feature-splatting,19.292137145996094,,0.7774571180343628,,0.4969078302383423,,110806.3671875,,0.2143667042255401,
dish_1562183125,feature-splatting,13.921497344970703,,0.5056153535842896,,0.5811485648155212,,112827.40625,,0.2182766199111938,
dish_1562183151,feature-splatting,10.473143577575684,,0.4694460332393646,,0.5039178133010864,,18411.748046875,,0.0356194861233234,
dish_1562183175,feature-splatting,11.53769874572754,,0.4316522479057312,,0.5398456454277039,,114416.6484375,,0.2213511765003204,
dish_1562183201,feature-splatting,12.947494506835938,0.990794837474823,0.5299780964851379,0.0165337864309549,0.5231418609619141,0.0765353888273239,754062.625,906122.1875,1.458814263343811,1.752989649772644
dish_1562184604,feature-splatting,17.726654052734375,,0.7838701009750366,,0.4807508587837219,,115633.2109375,,0.2237047553062439,
dish_1562184628,feature-splatting,13.35661506652832,3.450828790664673,0.5665613412857056,0.1218640729784965,0.5315137505531311,0.028850108385086,721055.875,863803.5625,1.3949593305587769,1.6711199283599854
dish_1562184663,feature-splatting,15.67841339111328,3.6407532691955566,0.5782415866851807,0.1201425865292549,0.4207978248596191,0.0893972143530845,746361.75,898792.125,1.4439163208007812,1.7388091087341309
dish_1562184705,feature-splatting,11.110410690307615,2.8158700466156006,0.4270706474781036,0.0201135296374559,0.5676116347312927,0.0694478899240493,765592.75,1064177.875,1.4811207056045532,2.058765172958374
dish_1562602657,feature-splatting,11.890619277954102,,0.4292770028114319,,0.5710062980651855,,15047.9951171875,,0.029111947864294,
dish_1562602803,feature-splatting,15.728907585144045,1.7615939378738403,0.5763715505599976,0.1761917620897293,0.5929335355758667,0.037301268428564,858150.875,1052417.5,1.6601841449737549,2.036013603210449
dish_1562602832,feature-splatting,13.621004104614258,0.2362792789936065,0.5406230092048645,0.0408862344920635,0.5959436893463135,0.0629343464970588,773560.25,940143.0,1.4965347051620483,1.8188066482543943
dish_1562602860,feature-splatting,13.856962203979492,0.2723461985588074,0.5666490793228149,0.0591603107750415,0.5566298961639404,0.0121902590617537,790845.875,957076.25,1.5299755334854126,1.851565957069397
dish_1562602888,feature-splatting,21.447059631347656,14.182377815246582,0.7072335481643677,0.3303742706775665,0.3191385567188263,0.3587421178817749,671042.25,925026.6875,1.298202633857727,1.789562463760376
dish_1562602918,feature-splatting,13.17527198791504,,0.5367356538772583,,0.651802122592926,,10529.4306640625,,0.0203703045845031,
dish_1562602945,feature-splatting,13.991524696350098,,0.5253370404243469,,0.5778895020484924,,111976.390625,,0.2166302502155304,
dish_1562603536,feature-splatting,14.398906707763672,,0.470413327217102,,0.5906636118888855,,115792.921875,,0.2240137308835983,
dish_1562603569,feature-splatting,11.882664680480955,,0.4746847152709961,,0.5944926142692566,,115538.6328125,,0.2235217839479446,
dish_1562603598,feature-splatting,13.766058921813965,,0.5215007066726685,,0.5131794810295105,,113640.0078125,,0.2198486924171447,
dish_1562603626,feature-splatting,12.619948387145996,,0.5017339587211609,,0.5203481912612915,,114738.09375,,0.2219730466604232,
dish_1562603842,feature-splatting,11.500313758850098,3.042386054992676,0.5480090379714966,0.046994999051094,0.558666467666626,0.0803974345326423,681314.6875,940973.0625,1.3180757761001587,1.820412516593933
dish_1562603867,feature-splatting,11.726863861083984,,0.4336348176002502,,0.5601170659065247,,18150.859375,,0.0351147688925266,
dish_1562603895,feature-splatting,13.338021278381348,,0.460646390914917,,0.4921747744083404,,19001.841796875,,0.0367610864341259,
dish_1562605315,feature-splatting,20.509361267089844,,0.7389411330223083,,0.4350074827671051,,53295.078125,,0.1031050011515617,
dish_1562605352,feature-splatting,12.603044509887695,0.2957569062709808,0.4493207931518554,0.0038544768467545,0.601343035697937,0.0332742631435394,745761.75,1026147.875,1.4427555799484253,1.98519229888916
dish_1562605384,feature-splatting,17.38160514831543,,0.6667677164077759,,0.4717364907264709,,112823.6875,,0.2182694226503372,
dish_1562605411,feature-splatting,12.315768241882324,0.1634987592697143,0.4649894833564758,0.0370641089975833,0.5360649824142456,0.0110683944076299,777892.1875,941542.5,1.5049151182174685,1.821514129638672
dish_1562611522,feature-splatting,13.7632474899292,,0.6408013701438904,,0.5464847087860107,,11311.37109375,,0.021883051842451,
dish_1562611580,feature-splatting,13.088191032409668,,0.5671505331993103,,0.6118767261505127,,113578.65625,,0.2197299897670745,
dish_1562611620,feature-splatting,14.707090377807615,3.483493566513061,0.5837759971618652,0.2023638933897018,0.6124228239059448,0.0975828915834426,972569.4375,1212241.125,1.8815391063690183,2.3452093601226807
dish_1562611649,feature-splatting,15.667953491210938,4.832292556762695,0.6180397272109985,0.1150304228067398,0.4930154085159302,0.0524482764303684,817096.375,995488.5625,1.5807600021362305,1.925878643989563
dish_1562611680,feature-splatting,13.1805419921875,1.1019998788833618,0.4615497589111328,0.0090224808081984,0.5371087789535522,0.0782964974641799,811098.75,986302.25,1.5691567659378052,1.9081066846847532
dish_1562611853,feature-splatting,18.74906539916992,8.190119743347168,0.6913071870803833,0.3042181134223938,0.2640172243118286,0.268482357263565,720046.0,980648.5625,1.393005609512329,1.89716899394989
dish_1562612974,feature-splatting,12.222332000732422,0.0030784057453274,0.4836739897727966,0.0443566925823688,0.5587337017059326,0.0440700091421604,746180.0,1028514.75,1.4435646533966064,1.9897713661193848
dish_1562613010,feature-splatting,20.543109893798828,12.576080322265623,0.7073644399642944,0.3170523941516876,0.3199924826622009,0.3227119147777557,789965.625,956294.375,1.52827250957489,1.8500531911849976
dish_1562613045,feature-splatting,12.816686630249023,1.319596290588379,0.4875253438949585,0.020321249961853,0.5218254327774048,0.0279516205191612,817202.5625,997838.8125,1.580965280532837,1.9304254055023196
dish_1562613285,feature-splatting,8.31688117980957,,0.438362181186676,,0.6097419261932373,,16994.177734375,,0.0328770466148853,
dish_1562613340,feature-splatting,10.875601768493652,,0.3654159307479858,,0.5697100162506104,,115162.984375,,0.2227950543165207,
dish_1562613376,feature-splatting,11.416385650634766,,0.5197462439537048,,0.4926863610744476,,116051.1640625,,0.2245133221149444,
dish_1562613403,feature-splatting,12.505516052246094,0.9563820958137512,0.4728485941886902,0.0934430435299873,0.4936848878860473,0.0862861275672912,779458.25,1086769.0,1.507944941520691,2.1024703979492188
dish_1562613867,feature-splatting,13.285722732543944,,0.4320574402809143,,0.5178865194320679,,113662.2734375,,0.219891756772995,
dish_1562613898,feature-splatting,13.210283279418944,,0.5392019748687744,,0.4591173827648163,,115944.3671875,,0.2243067175149917,
dish_1562613918,feature-splatting,11.626724243164062,,0.4674139022827148,,0.4955893158912658,,15106.3232421875,,0.0292247906327247,
dish_1562613974,feature-splatting,15.609500885009766,,0.4711705446243286,,0.4160439372062683,,114576.609375,,0.2216606438159942,
dish_1562614121,feature-splatting,17.005765914916992,,0.6355368494987488,,0.5190317034721375,,115093.1171875,,0.2226598858833313,
dish_1562614158,feature-splatting,9.040328979492188,,0.3301099836826324,,0.597781777381897,,116386.9296875,,0.2251628935337066,
dish_1562614895,feature-splatting,13.125161170959473,,0.4892197549343109,,0.6856192350387573,,115571.078125,,0.2235845476388931,
dish_1562614921,feature-splatting,12.726165771484377,3.545668125152588,0.539721667766571,0.0383375324308872,0.5399383306503296,0.0617777965962886,874189.375,1075537.875,1.6912124156951904,2.080742359161377
dish_1562614952,feature-splatting,12.57463264465332,2.940290927886963,0.5174374580383301,0.0238522496074438,0.5175503492355347,0.0327262915670871,826250.5,1007301.9375,1.5984694957733154,1.9487327337265012
dish_1562614980,feature-splatting,20.016712188720703,11.496981620788574,0.7068712115287781,0.303732693195343,0.2651617527008056,0.312255859375,836507.9375,1021262.9375,1.618313550949097,1.9757417440414429
dish_1562615070,feature-splatting,12.22575855255127,,0.4376319050788879,,0.6073893308639526,,92923.359375,,0.1797701269388198,
dish_1562615103,feature-splatting,15.24687385559082,1.5089253187179563,0.5919338464736938,0.0989165008068084,0.488718569278717,0.0191876906901597,895969.625,1104904.375,1.7333486080169678,2.1375551223754883
dish_1562615128,feature-splatting,14.547551155090332,,0.5349224805831909,,0.4664656519889831,,114925.171875,,0.2223349809646606,
dish_1562615153,feature-splatting,11.700663566589355,,0.360243558883667,,0.5789006948471069,,114287.8671875,,0.2211020439863205,
dish_1562615283,feature-splatting,16.103404998779297,8.640005111694336,0.5190276503562927,0.4444224238395691,0.5586913228034973,0.2886173129081726,1069618.75,1349533.25,2.069291353225708,2.6108157634735107
dish_1562615324,feature-splatting,13.176694869995115,2.235013723373413,0.6105424165725708,0.1111518591642379,0.5198412537574768,0.0555471032857894,864940.9375,1060425.0,1.6733202934265137,2.051504850387573
dish_1562615360,feature-splatting,13.34897518157959,,0.7007807493209839,,0.4316165149211883,,112565.875,,0.2177706658840179,
dish_1562615388,feature-splatting,20.044225692749023,11.10213565826416,0.680998682975769,0.2565934062004089,0.2823133468627929,0.274791270494461,835641.75,1021121.1875,1.616637945175171,1.9754676818847656
dish_1562617370,feature-splatting,17.07315444946289,,0.6187218427658081,,0.5664405226707458,,115749.578125,,0.2239298820495605,
dish_1562617395,feature-splatting,16.02173614501953,2.16851544380188,0.5908066034317017,0.1228154078125953,0.5038068890571594,0.052213180810213,807477.125,981152.5,1.562150478363037,1.898144006729126
dish_1562617416,feature-splatting,14.594005584716797,2.2024500370025635,0.467592179775238,0.1140558645129203,0.5459569692611694,0.0402142889797687,878388.0625,1081021.25,1.6993350982666016,2.091350555419922
dish_1562617446,feature-splatting,14.239521026611328,0.8347159624099731,0.5201592445373535,0.0403746999800205,0.4922568202018738,0.0698617920279502,756737.0625,1030661.25,1.4639883041381836,1.9939237833023071
dish_1562617470,feature-splatting,13.413589477539062,0.3687633574008941,0.4606058001518249,0.0270444732159376,0.5073472857475281,0.0407347604632377,830558.625,1014324.0625,1.6068038940429688,1.962317705154419
dish_1562617492,feature-splatting,11.340982437133787,2.9570937156677246,0.3629317283630371,0.0500190369784832,0.5642843246459961,0.0003335080109536,756628.875,1041794.0625,1.463779091835022,2.0154614448547363
dish_1562617939,feature-splatting,12.373494148254396,,0.4500991702079773,,0.5867288112640381,,111753.8515625,,0.2161997109651565,
dish_1562618000,feature-splatting,13.785873413085938,,0.4151471555233001,,0.5054790377616882,,113124.5625,,0.2188515067100525,
dish_1562686492,feature-splatting,17.65180015563965,,0.6609042882919312,,0.6225716471672058,,114982.2578125,,0.2224454134702682,
dish_1562686520,feature-splatting,19.52583694458008,,0.7500207424163818,,0.4881342649459839,,114808.3203125,,0.2221089154481887,
dish_1562686548,feature-splatting,17.207914352416992,,0.6745495796203613,,0.5077128410339355,,114517.359375,,0.2215460240840912,
dish_1562686577,feature-splatting,11.691682815551758,0.968458354473114,0.427863597869873,0.03569271042943,0.5860685110092163,0.0164880584925413,669275.625,929748.75,1.2947849035263062,1.798697829246521
dish_1562687246,feature-splatting,13.142827987670898,,0.5760592222213745,,0.5808165073394775,,114298.8359375,,0.2211232632398605,
dish_1562687274,feature-splatting,14.6801118850708,,0.6281386613845825,,0.4868103861808777,,113024.1171875,,0.2186571806669235,
dish_1562687299,feature-splatting,11.136069297790527,,0.4671026170253753,,0.6833349466323853,,113296.8515625,,0.2191848158836364,
dish_1562687527,feature-splatting,12.37676239013672,1.007590889930725,0.4888939559459686,0.0725491791963577,0.5718032121658325,0.0490894876420497,821049.3125,1001047.625,1.588407278060913,1.9366332292556765
dish_1562687554,feature-splatting,12.299954414367676,1.1073561906814575,0.5137689113616943,0.0153323067352175,0.490911602973938,0.0069646192714571,741670.5,1027817.0,1.4348405599594116,1.988421440124512
dish_1562688426,feature-splatting,15.173713684082031,,0.6110872626304626,,0.511409342288971,,114330.4375,,0.2211844027042389,
dish_1562688482,feature-splatting,14.168963432312012,,0.5453858971595764,,0.5762732625007629,,114148.8125,,0.2208330184221267,
dish_1562688524,feature-splatting,11.625162124633787,,0.4769143462181091,,0.5437970161437988,,114804.703125,,0.2221019119024276,
dish_1562688552,feature-splatting,14.253426551818848,,0.5476521849632263,,0.5582201480865479,,113225.015625,,0.2190458476543426,
dish_1562689601,feature-splatting,14.360898971557615,,0.627416729927063,,0.5660368204116821,,114015.171875,,0.2205744832754135,
dish_1562689620,feature-splatting,14.46661376953125,,0.6202956438064575,,0.5421725511550903,,114131.65625,,0.220799833536148,
dish_1562689645,feature-splatting,14.95531177520752,,0.6069983243942261,,0.5547233819961548,,113671.359375,,0.2199093401432037,
dish_1562690047,feature-splatting,13.96560001373291,,0.5426756739616394,,0.5795073509216309,,111829.0546875,,0.2163452059030532,
dish_1562690074,feature-splatting,11.910221099853516,,0.5403958559036255,,0.5634389519691467,,113278.734375,,0.2191497683525085,
dish_1562690112,feature-splatting,12.005990982055664,1.728182673454285,0.4926281571388244,0.0385975167155265,0.5643370747566223,0.1301209181547165,759803.125,914763.875,1.4699199199676514,1.7697080373764038
dish_1562690144,feature-splatting,13.006013870239258,1.140462040901184,0.4898220896720886,0.0206104833632707,0.5562673807144165,0.0895568281412124,719881.8125,1002301.0,1.3926879167556765,1.9390579462051392
dish_1562690886,feature-splatting,15.963190078735352,,0.6928219795227051,,0.5013430714607239,,114052.1015625,,0.220645934343338,
dish_1562690917,feature-splatting,12.096717834472656,,0.5099927186965942,,0.579169750213623,,48460.2109375,,0.0937514379620552,
dish_1562690950,feature-splatting,14.925972938537598,3.0536935329437256,0.6122760772705078,0.0887999087572097,0.4852769672870636,0.0312333013862371,736870.0625,879922.125,1.425553560256958,1.7023030519485474
dish_1562691000,feature-splatting,14.4486722946167,,0.5205223560333252,,0.6090536117553711,,111928.203125,,0.2165370136499405,
dish_1562691032,feature-splatting,14.90281867980957,1.7757047414779663,0.5251951813697815,0.0479714795947074,0.5183627009391785,0.0480078719556331,717802.875,856154.5,1.388666033744812,1.656322002410889
dish_1562691064,feature-splatting,14.5543794631958,2.8307995796203613,0.503160297870636,0.0600114651024341,0.5416333079338074,0.0094778994098305,666036.5,922723.9375,1.2885185480117798,1.7851077318191528
dish_1562691383,feature-splatting,13.013928413391112,,0.5214125514030457,,0.5507151484489441,,114382.171875,,0.2212844789028167,
dish_1562691441,feature-splatting,13.375284194946287,3.4893429279327397,0.501284658908844,0.1703492999076843,0.5107988715171814,0.0863369107246398,762756.0625,918488.3125,1.475632667541504,1.7769134044647217
dish_1562691466,feature-splatting,10.550447463989258,,0.3720049560070038,,0.5856339931488037,,114319.0859375,,0.2211624383926391,
dish_1562691538,feature-splatting,13.748394012451172,2.044263362884521,0.6312277317047119,0.1715287715196609,0.4908978939056396,0.1973702907562255,684350.3125,721373.9375,1.3239485025405884,1.395574688911438
dish_1562691566,feature-splatting,13.536491394042969,1.1724882125854492,0.527179479598999,0.0571012236177921,0.5625305771827698,0.000855665304698,730393.0625,872338.625,1.4130231142044067,1.6876318454742432
dish_1562691613,feature-splatting,14.083362579345703,1.1696398258209229,0.551960825920105,0.0692538917064666,0.470984935760498,0.019472686573863,762457.8125,920464.6875,1.4750558137893677,1.7807369232177734
dish_1562691645,feature-splatting,13.14080810546875,0.2325231581926345,0.512606143951416,0.0166276060044765,0.4972307980060577,0.0166696272790431,801945.25,975144.3125,1.5514484643936155,1.886520504951477
dish_1562691674,feature-splatting,18.529733657836918,6.602133274078369,0.74029141664505,0.2439049035310745,0.2672593295574188,0.2646218240261078,785403.5625,952918.375,1.519446849822998,1.843522071838379
dish_1562691737,feature-splatting,11.306894302368164,1.908124089241028,0.3826383054256439,0.0329673923552036,0.597378134727478,0.0003786051529459,754546.375,905696.8125,1.4597502946853638,1.752166748046875
dish_1562698100,feature-splatting,12.638422012329102,,0.4705493450164795,,0.5766990184783936,,113852.9453125,,0.2202606350183487,
dish_1562698132,feature-splatting,12.985722541809082,,0.502780556678772,,0.4729043245315552,,112819.75,,0.2182618081569671,
dish_1562698209,feature-splatting,27.75078392028809,,0.9135310053825378,,0.1015654504299163,,113426.4609375,,0.2194355577230453,
dish_1562698239,feature-splatting,16.156232833862305,,0.607782781124115,,0.4399848580360412,,112905.3828125,,0.2184274792671203,
dish_1562698276,feature-splatting,15.231155395507812,,0.5710960030555725,,0.5955913066864014,,114456.3984375,,0.2214280813932418,
dish_1562699612,feature-splatting,19.69248580932617,,0.7490766048431396,,0.4756036698818207,,114742.6015625,,0.2219817787408828,
dish_1562699652,feature-splatting,13.554682731628418,,0.5513726472854614,,0.5962497591972351,,114176.5546875,,0.220886692404747,
dish_1562699699,feature-splatting,12.15645694732666,,0.4688544273376465,,0.4969845414161682,,113226.984375,,0.219049647450447,
dish_1562700524,feature-splatting,13.843908309936523,,0.5407789945602417,,0.5973256826400757,,15046.732421875,,0.0291095059365034,
dish_1562700568,feature-splatting,16.02571678161621,,0.5341143012046814,,0.4702475070953369,,114284.9765625,,0.2210964560508728,
dish_1562700593,feature-splatting,14.713212013244627,,0.4658769071102142,,0.5214263200759888,,113970.9609375,,0.2204889506101608,
dish_1562700685,feature-splatting,10.36945915222168,1.8923556804656985,0.4168550074100494,0.1342245191335678,0.6895057559013367,0.0121906390413641,790886.9375,1103889.5,1.530054807662964,2.135591506958008
dish_1562700718,feature-splatting,12.036004066467283,,0.5282749533653259,,0.4779742956161499,,116008.0625,,0.2244299352169037,
dish_1562700760,feature-splatting,14.925466537475586,,0.5169925093650818,,0.6121436357498169,,113048.2109375,,0.2187037914991378,
dish_1562700906,feature-splatting,14.672550201416016,,0.5430518388748169,,0.5499364137649536,,112323.640625,,0.2173020392656326,
dish_1562700931,feature-splatting,13.532607078552246,,0.4598269462585449,,0.5385667085647583,,113642.2890625,,0.2198531031608581,
dish_1562700957,feature-splatting,12.823186874389648,,0.4228684306144714,,0.5647637844085693,,112762.3515625,,0.2181507647037506,
dish_1562702007,feature-splatting,14.068527221679688,0.8512011170387268,0.5636100769042969,0.1340139955282211,0.6494452953338623,0.0032888872083276,727685.125,871372.125,1.407784342765808,1.6857621669769287
dish_1562702044,feature-splatting,11.86949062347412,,0.4669431149959564,,0.5818532109260559,,114331.3359375,,0.2211861312389373,
dish_1562702091,feature-splatting,16.502378463745117,5.487288475036621,0.6281898617744446,0.1909065991640091,0.4271111488342285,0.1097378134727478,715237.75,853390.0,1.383703589439392,1.6509737968444824
dish_1562702132,feature-splatting,11.963628768920898,0.8246439099311829,0.4860396385192871,0.0400953292846679,0.5454244613647461,0.0420396700501441,764471.4375,921873.5625,1.478951334953308,1.7834625244140625
dish_1562702355,feature-splatting,14.889412879943848,,0.6408938765525818,,0.5198041200637817,,112097.234375,,0.2168640345335006,
dish_1562702379,feature-splatting,14.5121488571167,,0.51405930519104,,0.6563467979431152,,112874.7265625,,0.2183681726455688,
dish_1562702412,feature-splatting,14.296786308288574,,0.4799923300743103,,0.5915185213088989,,114326.4375,,0.2211766541004181,
dish_1562702469,feature-splatting,14.089276313781738,,0.4828038811683655,,0.5789423584938049,,112746.3359375,,0.2181197851896286,
dish_1562702813,feature-splatting,17.732242584228516,0.4300206005573272,0.8187687397003174,0.0556134842336177,0.2263779193162918,0.0391120016574859,701541.4375,830577.25,1.3572067022323608,1.6068400144577026
dish_1562702853,feature-splatting,12.459461212158203,,0.3949776291847229,,0.635159969329834,,114456.078125,,0.2214274704456329,
dish_1562703345,feature-splatting,16.926815032958984,,0.7001891136169434,,0.4574592709541321,,27000.203125,,0.0522347651422023,
dish_1562703382,feature-splatting,12.721881866455078,1.6433501243591309,0.5499465465545654,0.0563520640134811,0.5455782413482666,0.0369243472814559,804998.375,978812.75,1.5573549270629885,1.893617391586304
dish_1562703408,feature-splatting,13.722309112548828,0.4639862179756164,0.5827755928039551,0.0541536845266819,0.4887723326683044,0.000937451259233,829150.1875,1010887.875,1.6040793657302856,1.9556702375411987
dish_1562704528,feature-splatting,13.384233474731444,,0.4781674742698669,,0.6525313258171082,,113425.5546875,,0.2194337993860244,
dish_1562704564,feature-splatting,13.621868133544922,4.364547729492188,0.5413599014282227,0.2168960124254226,0.5862360596656799,0.12581667304039,748367.375,899392.5625,1.44779634475708,1.739970564842224
dish_1562704616,feature-splatting,15.105279922485352,,0.4975459575653076,,0.5404531955718994,,114554.078125,,0.2216170579195022,
dish_1562704640,feature-splatting,11.474931716918944,2.3350746631622314,0.4919219315052032,0.1500434577465057,0.5538381338119507,0.1833577454090118,1040813.75,628265.375,2.0135650634765625,1.2154462337493896
dish_1562704665,feature-splatting,15.544315338134766,,0.4949495792388916,,0.4706156253814697,,27752.783203125,,0.0536907128989696,
dish_1562774099,feature-splatting,13.463048934936523,1.4739669561386108,0.6308345198631287,0.0321594774723053,0.5063252449035645,0.0115581406280398,813558.8125,989988.4375,1.5739160776138306,1.9152379035949707
dish_1562774129,feature-splatting,13.124313354492188,2.8564248085021973,0.5912188291549683,0.0476960726082325,0.4827404320240021,0.0678525045514106,801543.9375,970821.625,1.5506720542907717,1.8781577348709104
dish_1562774159,feature-splatting,12.384958267211914,1.6452572345733645,0.6011783480644226,0.0190302301198244,0.4963487386703491,0.0494206137955188,773719.8125,935281.75,1.496843338012695,1.8094019889831543
dish_1562774180,feature-splatting,16.35685157775879,2.7302255630493164,0.6910945177078247,0.0982567369937896,0.3507884740829468,0.1143471002578735,714360.875,982780.375,1.382007122039795,1.9012932777404783
dish_1562774206,feature-splatting,14.430871963500977,0.8990846872329712,0.5692571401596069,0.0313744507730007,0.453819215297699,0.0038210966158658,678172.625,927834.4375,1.3119970560073853,1.7949943542480469
dish_1562774346,feature-splatting,14.49188995361328,1.3977601528167725,0.5983169078826904,0.0684791430830955,0.4677832722663879,0.0100171472877264,771617.5,930950.5,1.4927761554718018,1.8010228872299194
dish_1562774456,feature-splatting,17.74685287475586,,0.7277389764785767,,0.3530994653701782,,10165.7900390625,,0.0196668021380901,
dish_1562774475,feature-splatting,15.413341522216797,,0.7648140788078308,,0.3002661168575287,,112812.5859375,,0.2182479500770568,
dish_1562774504,feature-splatting,13.226566314697266,0.9205673933029176,0.570623517036438,0.078704684972763,0.5074779391288757,0.0446855425834655,767066.5,926879.9375,1.4839718341827393,1.7931478023529053
dish_1562774531,feature-splatting,13.02502155303955,,0.557617723941803,,0.4522078037261963,,61790.5859375,,0.1195404604077339,
dish_1562774980,feature-splatting,16.9332218170166,,0.7137812972068787,,0.5106141567230225,,112957.5546875,,0.2185284048318863,
dish_1562775356,feature-splatting,13.44980812072754,,0.591248631477356,,0.597145676612854,,114856.9453125,,0.2222029864788055,
dish_1562775373,feature-splatting,14.54701042175293,2.484360456466675,0.609825611114502,0.116524614393711,0.5725277662277222,0.0877336785197258,733504.75,881004.125,1.4190430641174316,1.7043962478637695
dish_1562775456,feature-splatting,13.879594802856444,2.1642696857452397,0.6381533145904541,0.0961889252066612,0.6470128297805786,0.0136990323662757,749992.625,1032190.3125,1.4509406089782717,1.9968819618225095
dish_1562775488,feature-splatting,13.935470581054688,2.367708683013916,0.5643322467803955,0.0513083934783935,0.6143859028816223,0.0260899942368268,711817.1875,847695.5,1.3770860433578491,1.639957070350647
dish_1562775510,feature-splatting,12.198899269104004,0.8866604566574097,0.525233268737793,0.0211667791008949,0.6034092903137207,0.0700186416506767,695999.75,932311.4375,1.346485614776611,1.803655743598938
dish_1562775549,feature-splatting,13.651342391967772,0.7441251873970032,0.5407372713088989,0.0241751372814178,0.5582583546638489,0.0048036449588835,648808.0625,878245.6875,1.2551881074905396,1.6990596055984497
dish_1562775574,feature-splatting,13.74984359741211,1.114090919494629,0.5324283838272095,0.0325943492352962,0.5115625858306885,0.0213273800909519,713643.875,852824.0,1.380620002746582,1.649878740310669
dish_1562776428,feature-splatting,11.969627380371094,,0.5222668647766113,,0.5784282684326172,,113934.5546875,,0.2204185277223587,
dish_1562776465,feature-splatting,14.8719482421875,1.0336828231811523,0.6180353164672852,0.0736138522624969,0.5014669299125671,0.0109673477709293,750471.25,904886.5,1.4518663883209229,1.7505992650985718
dish_1562776497,feature-splatting,13.257284164428713,,0.5537033081054688,,0.4873421788215637,,111192.0234375,,0.2151128053665161,
dish_1562777000,feature-splatting,14.260165214538574,,0.5745612382888794,,0.4973393976688385,,113567.859375,,0.219709113240242,
dish_1562777037,feature-splatting,15.655630111694336,,0.5508264303207397,,0.5825338363647461,,112866.1015625,,0.2183514833450317,
dish_1562777068,feature-splatting,14.043938636779783,2.7869882583618164,0.5319570302963257,0.0426864549517631,0.5217461585998535,0.025521645322442,837006.1875,1023416.125,1.6192774772644043,1.979907274246216
dish_1562777099,feature-splatting,12.053956985473633,,0.4656438529491424,,0.5181347131729126,,113818.2890625,,0.2201935946941375,
dish_1562777566,feature-splatting,13.506197929382324,,0.5428725481033325,,0.5401171445846558,,112129.1015625,,0.2169256806373596,
dish_1562783691,feature-splatting,16.52877426147461,,0.5500425100326538,,0.5575646758079529,,111199.625,,0.2151275128126144,
dish_1562784242,feature-splatting,14.096712112426758,,0.4860055148601532,,0.6176596879959106,,35940.47265625,,0.0695306658744812,
dish_1562784266,feature-splatting,16.23117446899414,1.505955457687378,0.6575452089309692,0.0768772438168525,0.5494911670684814,0.0356823652982711,817883.375,993372.4375,1.5822824239730835,1.921784520149231
dish_1562784307,feature-splatting,14.980109214782717,3.01282811164856,0.575086772441864,0.1297557502985,0.5148969888687134,0.0474994778633117,865251.875,1061120.125,1.673921823501587,2.052849769592285
dish_1562784347,feature-splatting,15.266517639160156,,0.5076688528060913,,0.4766893088817596,,113619.0859375,,0.2198082059621811,
dish_1562784388,feature-splatting,13.242568016052246,1.1778594255447388,0.4711689949035644,0.0700514987111091,0.4821281433105469,0.0467140488326549,765653.9375,1050026.25,1.4812390804290771,2.0313875675201416
dish_1562785132,feature-splatting,14.313316345214844,2.188904285430908,0.6287997961044312,0.1040456891059875,0.546769380569458,0.1018615588545799,792399.4375,957935.3125,1.532981038093567,1.8532277345657349
dish_1562785159,feature-splatting,12.368386268615724,,0.4326879382133484,,0.5271934270858765,,113612.203125,,0.2197948992252349,
dish_1562785184,feature-splatting,12.018070220947266,1.1330974102020264,0.3767786622047424,0.0559034943580627,0.5447105169296265,0.0088491104543209,775623.8125,1052331.875,1.500526785850525,2.0358479022979736
dish_1562785328,feature-splatting,11.725580215454102,,0.5364639759063721,,0.5028525590896606,,113139.078125,,0.2188795804977417,
dish_1562785369,feature-splatting,10.696167945861816,,0.3970023095607757,,0.5162217020988464,,11021.5263671875,,0.0213223155587911,
dish_1562787745,feature-splatting,16.251665115356445,,0.6941485404968262,,0.5751674771308899,,114771.1796875,,0.222037062048912,
dish_1562787783,feature-splatting,20.309022903442383,11.581465721130373,0.6977659463882446,0.3153282105922699,0.3319714069366455,0.3511470258235931,769752.5,926157.3125,1.4891681671142578,1.7917498350143433
dish_1562787817,feature-splatting,13.426102638244627,0.1164817512035369,0.5153340101242065,0.0064557171426713,0.5437521934509277,0.0408218763768672,747722.4375,896254.0625,1.446548581123352,1.7338988780975342
dish_1562787848,feature-splatting,11.984695434570312,0.5851958394050598,0.4821988344192505,0.0182077549397945,0.5766483545303345,0.0740568563342094,760089.0625,914777.9375,1.4704731702804563,1.7697352170944214
dish_1562787956,feature-splatting,21.339815139770508,15.424416542053224,0.7339235544204712,0.2955666184425354,0.3370197415351867,0.3830015659332275,827105.0,1006521.0625,1.6001226902008057,1.947222113609314
dish_1562787983,feature-splatting,12.369166374206545,0.380314290523529,0.5668891668319702,0.0094596911221742,0.5515488982200623,0.0266259349882602,743235.0625,1025588.875,1.437867283821106,1.9841108322143557
dish_1562788010,feature-splatting,19.964828491210938,9.450054168701172,0.7115927934646606,0.2048789858818054,0.2872443199157715,0.2944627404212951,759535.1875,1045635.25,1.469401717185974,2.022892713546753
dish_1562788032,feature-splatting,19.70481300354004,12.518766403198242,0.7139198184013367,0.2818109393119812,0.3060654997825622,0.3265271782875061,816035.875,999014.125,1.5787081718444824,1.9326990842819212
dish_1562788506,feature-splatting,20.188682556152344,,0.8219298720359802,,0.4674724340438843,,17358.0234375,,0.03358094394207,
dish_1562788536,feature-splatting,13.456754684448242,0.6796566843986511,0.596796989440918,0.0155116841197013,0.5332045555114746,0.0293092131614685,810053.875,984804.8125,1.567135453224182,1.90520977973938
dish_1562788568,feature-splatting,19.35414123535156,13.415559768676758,0.6851891279220581,0.3310550153255462,0.3563509285449981,0.3792484402656555,774522.25,1069709.5,1.4983956813812256,2.0694668292999268
dish_1562788601,feature-splatting,18.01293182373047,7.030881881713867,0.6674969792366028,0.1511944830417633,0.3268373310565948,0.2169236838817596,784618.625,1061314.625,1.5179282426834106,2.0532259941101074
dish_1562788732,feature-splatting,15.035646438598633,2.496838092803955,0.6145729422569275,0.0840382054448127,0.6466450095176697,0.0532824657857418,834235.125,1021394.5,1.6139166355133057,1.9759962558746336
dish_1562788760,feature-splatting,20.619060516357425,8.269598960876465,0.7202541828155518,0.2377048134803772,0.3426072299480438,0.3404052257537842,799623.6875,965252.125,1.5469571352005005,1.8673830032348635
dish_1562788794,feature-splatting,13.757713317871094,,0.4748857617378235,,0.5956533551216125,,113432.1875,,0.2194466441869735,
dish_1562788816,feature-splatting,14.268990516662598,5.2843098640441895,0.5687713027000427,0.1327785104513168,0.5887019634246826,0.1036667078733444,696720.1875,950773.9375,1.3478792905807495,1.839373230934143
dish_1562788845,feature-splatting,13.86190414428711,0.8093773126602173,0.4259344637393951,0.0068023749627172,0.5123859643936157,0.006494112778455,675952.1875,939815.9375,1.3077013492584229,1.818173885345459
dish_1562789207,feature-splatting,14.862525939941406,,0.619042158126831,,0.6179490089416504,,111101.453125,,0.2149375826120376,
dish_1562789240,feature-splatting,23.852310180664062,9.918109893798828,0.7723419070243835,0.2573573291301727,0.3007471859455108,0.3043816387653351,729548.6875,1005723.5625,1.4113895893096924,1.9456791877746584
dish_1562789268,feature-splatting,14.294149398803713,0.585569441318512,0.5388051271438599,0.0068531199358403,0.5932259559631348,0.0772488117218017,752676.9375,906718.6875,1.4561336040496826,1.7541437149047852
dish_1562789301,feature-splatting,11.948680877685549,1.0109039545059204,0.4410372078418731,0.0107072386890649,0.5653105974197388,0.0417849346995353,723603.4375,998700.6875,1.3998878002166748,1.932092785835266
dish_1562789328,feature-splatting,13.035956382751465,,0.488860934972763,,0.4819639325141907,,34672.625,,0.0670778825879097,
dish_1562790170,feature-splatting,11.807098388671877,2.20354437828064,0.5107792615890503,0.0163862109184265,0.5590944886207581,0.0078173978254199,789041.4375,1068822.25,1.5264846086502075,2.0677502155303955
dish_1562790224,feature-splatting,11.416664123535156,4.490951061248779,0.4713815152645111,0.072182759642601,0.5702518224716187,0.0535272136330604,829056.75,1009607.75,1.6038984060287476,1.9531936645507808
dish_1562790259,feature-splatting,12.67470359802246,0.6616873145103455,0.5162314176559448,0.0050688749179244,0.5185081958770752,0.0409367717802524,822118.5625,1000626.1875,1.5904757976531982,1.935817837715149
dish_1562790295,feature-splatting,10.352694511413574,0.2275673598051071,0.4350548982620239,0.0130439437925815,0.590772271156311,0.0325452499091625,829594.0625,1010221.4375,1.60493803024292,1.954380750656128
dish_1562790321,feature-splatting,13.657325744628906,0.203905776143074,0.5281410813331604,0.0094382809475064,0.4519731998443603,0.0085404058918356,758332.5,955250.875,1.4670748710632324,1.8480345010757449
dish_1562790775,feature-splatting,12.296624183654783,1.493348479270935,0.5602236986160278,0.1145409941673278,0.5510077476501465,0.0407141521573066,774888.625,933751.125,1.4991044998168943,1.806440830230713
dish_1562790824,feature-splatting,14.272475242614746,0.6994165182113647,0.5069824457168579,0.0245353672653436,0.4514848589897156,0.0025080114137381,36616.078125,17423.59765625,0.0708376988768577,0.0337078049778938
dish_1562790855,feature-splatting,16.566421508789062,6.827779293060303,0.5876821279525757,0.2692723870277405,0.4051230549812317,0.1790291666984558,993568.75,763992.625,1.9221645593643188,1.4780250787734983
dish_1562859116,feature-splatting,14.77395725250244,2.6577587127685547,0.5893359184265137,0.1489758789539337,0.6157050132751465,0.0341913364827632,683323.6875,938091.5625,1.3219624757766724,1.8148380517959597
dish_1562860045,feature-splatting,11.113591194152832,,0.4405691027641296,,0.6358750462532043,,13962.0205078125,,0.0270110145211219,
dish_1562860073,feature-splatting,11.768060684204102,,0.415274977684021,,0.5352247953414917,,114250.734375,,0.2210302054882049,
dish_1562861125,feature-splatting,14.588610649108888,,0.5397382974624634,,0.5770547389984131,,112946.34375,,0.2185067236423492,
dish_1562862493,feature-splatting,10.170957565307615,,0.4554987549781799,,0.7041593194007874,,111660.8828125,,0.2160198539495468,
dish_1562862529,feature-splatting,14.008092880249023,1.8218625783920288,0.5718960762023926,0.0938617810606956,0.4903071224689483,0.1362456828355789,838000.625,628404.1875,1.6212012767791748,1.2157148122787476
dish_1562862550,feature-splatting,14.117799758911133,,0.4839985966682434,,0.5572962164878845,,111643.0859375,,0.215985432267189,
dish_1562871297,feature-splatting,16.879823684692383,1.7148574590682983,0.7060062885284424,0.0088140862062573,0.6111711263656616,0.1007903516292572,705428.8125,948299.1875,1.3647271394729614,1.834585666656494
dish_1562871363,feature-splatting,16.112144470214844,0.3129723966121673,0.6713427305221558,0.0120733864605426,0.5567152500152588,0.0216183401644229,699879.125,829238.4375,1.3539905548095703,1.6042499542236328
dish_1562871408,feature-splatting,17.457563400268555,1.7168508768081665,0.6578260064125061,0.008738474920392,0.4653265476226806,0.0442392490804195,675247.75,804873.625,1.306338667869568,1.557113766670227
dish_1562871448,feature-splatting,17.75582504272461,0.4275308847427368,0.6446589827537537,0.0043017603456974,0.4667181372642517,0.0611011907458305,693039.4375,825705.0,1.3407585620880127,1.5974141359329224
dish_1562871488,feature-splatting,16.36130142211914,1.141831636428833,0.6085746884346008,0.0334611423313617,0.4472863376140594,0.0229451227933168,675310.5625,797836.8125,1.30646014213562,1.5435001850128174
dish_1562871537,feature-splatting,15.054699897766112,,0.4453064203262329,,0.5148740410804749,,110950.3671875,,0.2146452963352203,
dish_1562872150,feature-splatting,21.176254272460938,,0.8519454002380371,,0.4254929423332214,,116410.90625,,0.2252092808485031,
dish_1562872182,feature-splatting,12.374485969543455,0.0206027291715145,0.5146228075027466,0.0036586413625627,0.5667387247085571,0.0373764559626579,689483.5625,905838.6875,1.3338793516159058,1.7524412870407104
dish_1562872223,feature-splatting,14.914155006408691,4.362263202667236,0.6585688591003418,0.1825164556503296,0.562702476978302,0.1778291910886764,1475183.125,676868.625,2.853898763656616,1.3094743490219116
dish_1562872365,feature-splatting,16.29585075378418,,0.6588847637176514,,0.5636190176010132,,114063.0859375,,0.2206671833992004,
dish_1562872396,feature-splatting,19.27022933959961,0.3531663119792938,0.766207754611969,0.0080939652398228,0.3689294159412384,0.0642921924591064,720968.8125,858690.375,1.3947910070419312,1.661228060722351
dish_1562872432,feature-splatting,12.9384765625,0.7034369707107544,0.5524126887321472,0.0063795996829867,0.5255383253097534,0.0618894025683403,686213.125,933708.5,1.327552318572998,1.8063585758209229
dish_1562872470,feature-splatting,14.35919189453125,0.8957999348640442,0.5414597392082214,0.0864276587963104,0.4836718440055847,0.0937784016132354,728378.6875,871820.125,1.409126043319702,1.686628818511963
dish_1562872498,feature-splatting,17.778799057006836,7.917365074157715,0.6599718928337097,0.2558500170707702,0.3054821491241455,0.2555068433284759,752393.5625,911482.0,1.4555853605270386,1.7633588314056396
dish_1562872662,feature-splatting,11.876619338989258,2.5683257579803467,0.5683416724205017,0.0526991561055183,0.674286961555481,0.0346817560493946,675619.6875,804128.625,1.3070582151412964,1.5556724071502686
dish_1562872746,feature-splatting,14.293399810791016,0.7446593046188354,0.6228656768798828,0.0236292090266942,0.5176939964294434,0.0390045903623104,713980.6875,991175.125,1.3812717199325562,1.9175338745117188
dish_1562872914,feature-splatting,14.812902450561523,2.222467422485352,0.5438036918640137,0.1529337614774704,0.605015754699707,0.0261746253818273,708150.25,841836.5,1.369991898536682,1.6286221742630005
dish_1562872945,feature-splatting,13.334693908691406,0.1194724887609481,0.5046423077583313,0.0281403549015522,0.5823028087615967,0.0212787222117185,699828.5,830467.75,1.3538926839828491,1.6066282987594604
dish_1562872981,feature-splatting,13.599994659423828,,0.4931809604167938,,0.5715256333351135,,10013.3076171875,,0.0193718094378709,
dish_1562873002,feature-splatting,12.17583465576172,0.8875499367713928,0.4778594374656677,0.0441255569458007,0.6083406209945679,0.0855551064014434,704887.875,844579.3125,1.3636806011199951,1.6339285373687744
dish_1562873028,feature-splatting,12.836990356445312,0.211646631360054,0.4290529489517212,0.046251717954874,0.586998462677002,0.0283004287630319,642067.875,889674.0,1.2421486377716064,1.721169114112854
dish_1562873155,feature-splatting,14.28726577758789,,0.593257486820221,,0.4687352180480957,,31194.58203125,,0.0603492371737957,
dish_1562873187,feature-splatting,7.699453830718994,,0.3731954097747803,,0.6767696738243103,,26783.23046875,,0.0518150106072425,
dish_1562873224,feature-splatting,12.853801727294922,1.7519912719726562,0.4609326720237732,0.0298847071826457,0.5395733118057251,0.0644278228282928,779106.125,941422.9375,1.5072635412216189,1.8212827444076536
dish_1562873264,feature-splatting,12.165245056152344,1.2287371158599854,0.3437548875808716,0.0070197260938584,0.5581136345863342,0.0023442921228706,760334.375,918445.625,1.4709477424621582,1.776830792427063
dish_1562873416,feature-splatting,10.20441436767578,1.2634323835372925,0.4217731952667236,0.0240296889096498,0.7047346830368042,0.0676516368985176,680092.25,908628.125,1.3157107830047607,1.7578377723693848
dish_1562873495,feature-splatting,16.388906478881836,0.2539357841014862,0.6028631925582886,0.0041372613050043,0.4900432229042053,0.0243333149701356,732102.0625,873593.0625,1.4163293838500977,1.690058708190918
dish_1562873544,feature-splatting,13.524649620056152,0.0439932160079479,0.5072771310806274,0.0396274998784065,0.5616416931152344,0.0865459814667701,699003.6875,958995.0625,1.352297067642212,1.8552780151367188
dish_1562873790,feature-splatting,17.691909790039062,,0.6320674419403076,,0.5552043914794922,,114428.4375,,0.2213739901781082,
dish_1562873814,feature-splatting,17.324913024902344,4.291326999664307,0.6804118156433105,0.1651456654071808,0.3642039597034454,0.2074312418699264,1008808.8125,652621.4375,1.9516479969024656,1.2625656127929688
dish_1562873838,feature-splatting,13.937271118164062,,0.5503770112991333,,0.570454478263855,,113277.8515625,,0.2191480547189712,
dish_1562874049,feature-splatting,16.79467010498047,1.3457690477371216,0.6315858364105225,0.101707212626934,0.5934211015701294,0.0321039706468582,688022.8125,811939.0,1.3310532569885254,1.5707823038101196
dish_1562874203,feature-splatting,13.479137420654297,0.5651703476905823,0.5989349484443665,0.0284968335181474,0.4704413414001465,0.0666165277361869,842875.1875,1122519.0,1.6306318044662476,2.1716325283050537
dish_1562874250,feature-splatting,15.42123031616211,4.217757225036621,0.6152545213699341,0.315339982509613,0.3743664622306824,0.3409483730792999,989127.9375,1236944.5,1.913573265075684,2.393000602722168
dish_1562874282,feature-splatting,11.21718406677246,2.0565173625946045,0.4808323383331299,0.0783050507307052,0.508858323097229,0.1432015001773834,847968.625,1180960.125,1.6404855251312256,2.2846930027008057
dish_1562875159,feature-splatting,18.32800674438477,4.553980827331543,0.7588093876838684,0.0722598358988761,0.3778471946716308,0.1717990338802337,1184708.75,607052.25,2.291945219039917,1.1744072437286377
dish_1562875211,feature-splatting,21.354103088378903,6.515720844268799,0.7717912793159485,0.198872685432434,0.2550581395626068,0.2168362140655517,718242.625,849870.25,1.389516830444336,1.6441644430160522
dish_1562875241,feature-splatting,19.049474716186523,8.916396141052246,0.6160833835601807,0.2829495668411255,0.3875333964824676,0.3209003210067749,696275.0625,823722.4375,1.347018122673035,1.593578577041626
dish_1562875273,feature-splatting,18.4443473815918,6.8590192794799805,0.6048527956008911,0.1904968470335006,0.3267292380332947,0.1873508691787719,722222.1875,865943.25,1.3972156047821045,1.675259351730347
dish_1562875320,feature-splatting,16.37994956970215,5.137670040130615,0.5252673625946045,0.1516873985528946,0.3911469280719757,0.1335038542747497,730112.9375,1006411.875,1.4124811887741089,1.94701087474823
dish_1562875833,feature-splatting,13.492998123168944,,0.5385491251945496,,0.5718585252761841,,110488.3671875,,0.2137515097856521,
dish_1562875870,feature-splatting,13.116303443908691,,0.5059075355529785,,0.5475853681564331,,109453.703125,,0.2117498368024826,
dish_1562875898,feature-splatting,14.254237174987791,,0.5322687029838562,,0.520264208316803,,110696.4453125,,0.2141540497541427,
dish_1562875940,feature-splatting,13.626890182495115,0.0125665040686726,0.4662534296512604,0.0562768727540969,0.5211239457130432,0.0513008907437324,737905.375,884810.375,1.427556395530701,1.7117596864700315
dish_1562876494,feature-splatting,13.207666397094728,,0.4802803695201874,,0.5924816131591797,,111454.71875,,0.2156210094690323,
dish_1562876531,feature-splatting,14.529434204101562,1.770808219909668,0.5713933706283569,0.0321128219366073,0.5007591247558594,0.0134401666000485,791878.5,982123.0625,1.5319732427597046,1.9000216722488403
dish_1562876618,feature-splatting,18.139009475708008,3.3612306118011475,0.768517255783081,0.0946748778223991,0.5181799530982971,0.0694634392857551,1152684.25,900569.375,2.229990243911743,1.742247223854065
dish_1562876645,feature-splatting,15.188158988952637,,0.6274956464767456,,0.589457631111145,,113070.171875,,0.2187462747097015,
dish_1562876674,feature-splatting,16.39595603942871,2.499526023864746,0.611006498336792,0.1552155911922454,0.5178972482681274,0.1256726682186126,773320.75,933002.25,1.4960713386535645,1.8049920797348025
dish_1562876709,feature-splatting,13.589384078979492,,0.5167202949523926,,0.5562768578529358,,109865.0078125,,0.2125455439090728,
dish_1562876732,feature-splatting,20.77889060974121,9.3975248336792,0.6707225441932678,0.2857420742511749,0.3147040009498596,0.2555500268936157,743535.375,1009417.0625,1.438448190689087,1.952824592590332
dish_1562876756,feature-splatting,12.21448802947998,1.658294439315796,0.3953856229782104,0.0462135784327983,0.5856900215148926,0.0040533887222409,784990.625,950728.25,1.5186479091644287,1.8392847776412964
dish_1562945186,feature-splatting,13.396105766296388,,0.5394569635391235,,0.582299530506134,,112173.6328125,,0.2170118242502212,
dish_1562945332,feature-splatting,14.487147331237791,,0.5452419519424438,,0.5277302861213684,,111910.046875,,0.2165018916130066,
dish_1562945393,feature-splatting,11.918060302734377,2.2711169719696045,0.5037216544151306,0.0971718356013298,0.5949472784996033,0.135293424129486,711282.6875,847533.125,1.3760520219802856,1.6396429538726809
dish_1562945445,feature-splatting,11.285134315490724,1.9487853050231931,0.4993568062782287,0.0927576273679733,0.5857409238815308,0.1274954229593277,707766.4375,840756.1875,1.36924946308136,1.6265323162078855
dish_1562945499,feature-splatting,13.83290958404541,,0.618362307548523,,0.4660428166389465,,36613.0,,0.0708317458629608,
dish_1562945779,feature-splatting,14.22792911529541,,0.6447685956954956,,0.4688361585140228,,113861.9765625,,0.220278114080429,
dish_1562945823,feature-splatting,14.130069732666016,2.5961110591888428,0.6120893955230713,0.005737239960581,0.4578695595264435,0.0042645023204386,708274.625,974068.9375,1.3702325820922852,1.8844401836395264
dish_1562945879,feature-splatting,13.308341979980469,,0.5134543776512146,,0.4643659591674804,,116149.5234375,,0.2247036099433899,
dish_1562945900,feature-splatting,12.670442581176758,0.4223930239677429,0.5061995387077332,0.0450040660798549,0.5043182373046875,0.0612202361226081,872280.375,1071710.5,1.6875191926956177,2.07333779335022
dish_1562946006,feature-splatting,12.95689868927002,0.5287858247756958,0.5513401031494141,0.0288434065878391,0.6026104688644409,0.0236867815256118,677098.5625,799189.0,1.3099192380905151,1.5461162328720093
dish_1562946106,feature-splatting,10.472650527954102,,0.4207968115806579,,0.5828415155410767,,113781.953125,,0.220123291015625,
dish_1562947020,feature-splatting,13.080787658691406,,0.5311213731765747,,0.5005125403404236,,38826.92578125,,0.0751148164272308,
dish_1562947376,feature-splatting,18.248823165893555,,0.7759144306182861,,0.4806891679763794,,112314.7734375,,0.2172848880290985,
dish_1562947409,feature-splatting,15.452173233032228,,0.6753103137016296,,0.5572894811630249,,114723.609375,,0.2219450324773788,
dish_1562947436,feature-splatting,12.93006992340088,,0.5467953085899353,,0.5306234955787659,,113798.6953125,,0.2201556861400604,
dish_1562947469,feature-splatting,14.153190612792969,2.003631591796875,0.6292469501495361,0.0731838271021843,0.505065381526947,0.0295732431113719,763922.8125,923001.5625,1.4778900146484375,1.785644769668579
dish_1562947503,feature-splatting,12.706391334533691,1.2772140502929688,0.4846752285957336,0.0367336757481098,0.540298342704773,0.021678315475583,744855.9375,897121.3125,1.4410030841827393,1.735576629638672
dish_1562949162,feature-splatting,15.809475898742676,,0.6237668395042419,,0.5491234064102173,,113084.375,,0.218773752450943,
dish_1562949205,feature-splatting,16.05965232849121,,0.6252490282058716,,0.5058201551437378,,18001.548828125,,0.0348259136080741,
dish_1562949242,feature-splatting,12.933050155639648,,0.5020992755889893,,0.5663501024246216,,113158.453125,,0.2189170718193054,
dish_1562949467,feature-splatting,15.93881607055664,,0.6314141750335693,,0.616841733455658,,11005.2451171875,,0.0212908182293176,
dish_1562949515,feature-splatting,11.694374084472656,,0.4870409369468689,,0.5332647562026978,,114497.5703125,,0.221507728099823,
dish_1562949541,feature-splatting,13.15574550628662,,0.4705463647842407,,0.4965534210205078,,112972.5,,0.2185573279857635,
dish_1562950018,feature-splatting,18.865249633789062,,0.7910385131835938,,0.4722798466682434,,116168.78125,,0.2247408628463745,
dish_1562950057,feature-splatting,14.271066665649414,,0.5881146788597107,,0.5303340554237366,,109303.421875,,0.2114591002464294,
dish_1562950091,feature-splatting,12.058419227600098,0.7254059314727783,0.4993261396884918,0.0575127899646759,0.6576316356658936,0.0428749360144138,708964.9375,843036.6875,1.371568202972412,1.6309442520141602
dish_1562950895,feature-splatting,13.266700744628906,,0.5615867972373962,,0.5766869187355042,,113809.7578125,,0.2201770842075348,
dish_1562950934,feature-splatting,10.192543029785156,0.2117747664451599,0.4406166076660156,0.0463993176817894,0.7390694618225098,0.0349909029901027,642797.125,887637.6875,1.2435593605041504,1.7172294855117798
dish_1562956486,feature-splatting,16.297985076904297,6.414291858673096,0.6179583072662354,0.1831314712762832,0.3877604603767395,0.252887487411499,696886.375,827612.625,1.348200798034668,1.601104736328125
dish_1562956510,feature-splatting,17.494850158691406,7.449661731719971,0.6221468448638916,0.2019727081060409,0.3551503419876098,0.2919622361660003,730744.125,872915.375,1.4137022495269775,1.688747763633728
dish_1562958563,feature-splatting,13.017847061157228,1.9323925971984863,0.4951516687870025,0.1304226219654083,0.6287118196487427,0.0026794015429913,726319.125,865634.5,1.4051417112350464,1.6746621131896973
dish_1562958603,feature-splatting,14.44379997253418,0.0125071611255407,0.5700889825820923,0.0662572458386421,0.532699465751648,0.0055456403642892,741390.4375,890712.125,1.434298753738403,1.7231773138046265
dish_1562958629,feature-splatting,17.410417556762695,9.100970268249512,0.5702897310256958,0.2963809669017792,0.4250085949897766,0.2771007120609283,693485.9375,960583.5,1.3416223526000977,1.8583509922027588
dish_1562958721,feature-splatting,16.931610107421875,7.744894027709961,0.6985689997673035,0.13757885992527,0.4139123260974884,0.2207313477993011,757066.25,911003.6875,1.4646252393722534,1.762433648109436
dish_1562958775,feature-splatting,10.215293884277344,3.215549230575561,0.5131004452705383,0.0818628147244453,0.5678384304046631,0.0572246313095092,848096.9375,1038579.0625,1.6407337188720703,2.0092415809631348
dish_1562958809,feature-splatting,16.28597068786621,,0.625475287437439,,0.3690899610519409,,12402.455078125,,0.0239938683807849,
dish_1562958998,feature-splatting,14.463546752929688,,0.6316708922386169,,0.5987018942832947,,115161.3671875,,0.2227919250726699,
dish_1562959024,feature-splatting,18.45120620727539,3.647415161132813,0.7002869844436646,0.106115773320198,0.4375977516174316,0.0495963655412197,701712.3125,963782.75,1.3575371503829956,1.8645402193069456
dish_1562959059,feature-splatting,15.929224014282228,0.1493974328041076,0.6191575527191162,0.0235322285443544,0.5308557748794556,0.0331674218177795,761092.3125,917208.9375,1.4724140167236328,1.7744382619857788
dish_1562959103,feature-splatting,23.448081970214844,10.819924354553224,0.7673180103302002,0.2216056883335113,0.3035738468170166,0.2726071178913116,700978.6875,831761.125,1.3561179637908936,1.6091303825378418
dish_1562959129,feature-splatting,11.92520809173584,,0.4595292210578918,,0.6294567584991455,,113905.7421875,,0.2203627824783325,
dish_1562959190,feature-splatting,14.850013732910156,,0.4798333346843719,,0.4828411638736725,,113203.46875,,0.2190041542053222,
dish_1562959295,feature-splatting,18.858814239501957,,0.7593151926994324,,0.4942498207092285,,114983.1015625,,0.2224470525979995,
dish_1562959344,feature-splatting,19.49831199645996,,0.7564415335655212,,0.4543171226978302,,115722.4609375,,0.223877415060997,
dish_1562959379,feature-splatting,10.384334564208984,1.743994116783142,0.4834563136100769,0.0536353215575218,0.6315191984176636,0.0151614435017108,769209.375,925806.0625,1.4881173372268677,1.7910702228546145
dish_1562959485,feature-splatting,19.7802848815918,6.9881439208984375,0.6967530846595764,0.2369754612445831,0.4146228432655334,0.1832693070173263,678238.375,932662.875,1.312124252319336,1.8043354749679563
dish_1562959517,feature-splatting,14.045821189880373,,0.5634790658950806,,0.4763277769088745,,113577.6640625,,0.2197280824184417,
dish_1562959547,feature-splatting,11.876972198486328,,0.4826250672340393,,0.514948844909668,,114579.359375,,0.2216659635305404,
dish_1562959570,feature-splatting,16.16507911682129,6.339702606201172,0.6127306222915649,0.1223327443003654,0.3456703424453735,0.1732921153306961,753595.5,959571.25,1.4579107761383057,1.856392741203308
dish_1562959700,feature-splatting,12.458396911621094,2.5664846897125244,0.5072342753410339,0.0984209850430488,0.6443344354629517,0.0019365212647244,739993.375,887125.875,1.4315959215164185,1.7162394523620603
dish_1562959732,feature-splatting,12.56910514831543,,0.4998145997524261,,0.5431532263755798,,16338.5654296875,,0.0316086933016777,
dish_1562959766,feature-splatting,13.14165210723877,2.018608808517456,0.5044428706169128,0.0213466417044401,0.5596619844436646,0.0488930828869342,788614.0,955377.125,1.5256576538085938,1.848278880119324
dish_1562959799,feature-splatting,13.046664237976074,1.9148898124694824,0.4668417572975158,0.0129388505592942,0.5316663980484009,0.0170808117836713,783712.6875,1066925.25,1.516175627708435,2.0640804767608643
dish_1562960437,feature-splatting,15.686781883239746,1.9530768394470213,0.682949960231781,0.032579768449068,0.5999510288238525,0.0317774154245853,755322.1875,904760.9375,1.4612510204315186,1.7503561973571775
dish_1562960472,feature-splatting,12.559575080871582,3.0088696479797363,0.4782528877258301,0.1213723644614219,0.6518517732620239,0.0379203632473945,705105.125,967582.3125,1.3641009330749512,1.871890902519226
dish_1562960520,feature-splatting,17.729305267333984,7.231088161468506,0.6250946521759033,0.1844891309738159,0.4044025540351867,0.1569751948118209,780205.8125,942690.125,1.509391188621521,1.8237344026565552
dish_1562961588,feature-splatting,18.614595413208008,8.62853717803955,0.7197244167327881,0.2553947269916534,0.4398443102836609,0.3240089416503906,821855.4375,998239.1875,1.5899667739868164,1.9311999082565308
dish_1562961609,feature-splatting,11.82962703704834,3.376495361328125,0.4806560277938843,0.0635085776448249,0.6601711511611938,0.1355355381965637,740220.5,885544.5,1.432035207748413,1.7131800651550293
dish_1562961650,feature-splatting,14.745611190795898,1.2829197645187378,0.5841580033302307,0.0155864944681525,0.5454431176185608,0.1318228393793106,773534.1875,933681.4375,1.4964841604232788,1.8063061237335205
dish_1562963006,feature-splatting,11.808721542358398,6.119359016418457,0.5442304611206055,0.0994370579719543,0.6821809411048889,0.0939755886793136,802876.375,1084487.75,1.5532498359680176,2.0980570316314697
dish_1562963033,feature-splatting,12.52092456817627,0.8673079609870911,0.5768265724182129,0.0002441145479679,0.5960842967033386,0.0939386636018753,839299.0625,1025997.5625,1.6237132549285889,1.984901428222656
dish_1562963059,feature-splatting,13.469680786132812,,0.5951143503189087,,0.4916542172431946,,113194.2578125,,0.2189863324165344,
dish_1562963084,feature-splatting,15.278521537780762,5.899092674255371,0.6072942018508911,0.1201106384396553,0.5006650686264038,0.143662229180336,830217.875,1012687.375,1.606144905090332,1.9591515064239504
dish_1562963109,feature-splatting,13.770801544189451,2.5708565711975098,0.5195180177688599,0.0120330937206745,0.542982816696167,0.0102098630741238,822100.9375,1003532.0,1.5904418230056765,1.941439509391785
dish_1562963153,feature-splatting,11.739286422729492,,0.4603081941604614,,0.5304250717163086,,115525.0625,,0.223495528101921,
dish_1562963246,feature-splatting,17.49944305419922,0.0501810498535633,0.6811738610267639,0.0298526976257562,0.5614715814590454,0.0317800305783748,748969.1875,896004.625,1.448960542678833,1.733416199684143
dish_1562963289,feature-splatting,14.500505447387695,0.1627313494682312,0.5177152156829834,0.0203363187611103,0.5830569267272949,0.0789385586977005,663090.9375,879209.1875,1.2828199863433838,1.7009236812591553
dish_1562963325,feature-splatting,13.126846313476562,,0.5014002323150635,,0.5039644241333008,,112660.59375,,0.2179539054632187,
dish_1562963484,feature-splatting,14.861454963684082,1.3199610710144043,0.6335654854774475,0.0005860941018909,0.460790604352951,0.0130648063495755,686706.0625,863751.6875,1.3285058736801147,1.671019434928894
dish_1562963517,feature-splatting,12.62719440460205,,0.4505978226661682,,0.5284031629562378,,113139.6953125,,0.2188807874917984,
dish_1562963583,feature-splatting,17.7655029296875,,0.6963090896606445,,0.5082573890686035,,112546.96875,,0.217734083533287,
dish_1562963612,feature-splatting,18.19934844970703,2.9093167781829834,0.6815015077590942,0.1325659602880478,0.4766603410243988,0.0977646335959434,710799.3125,843368.0625,1.375116944313049,1.6315852403640747
dish_1562963648,feature-splatting,14.804646492004396,2.76366925239563,0.4996076822280884,0.144386425614357,0.5593398213386536,0.0416325740516185,696547.5,826402.625,1.347545146942139,1.5987637042999268
dish_1562963676,feature-splatting,13.653982162475586,2.561549186706543,0.465426504611969,0.0456839613616466,0.555676281452179,0.0031214798800647,681712.1875,919085.5,1.3188447952270508,1.7780686616897583
dish_1562963704,feature-splatting,11.754152297973633,0.3832200467586517,0.4073084592819214,0.0109522165730595,0.5891003608703613,0.0503814592957496,717565.125,853944.9375,1.388206124305725,1.6520473957061768
dish_1563205877,feature-splatting,16.743371963500977,,0.7076200842857361,,0.557972252368927,,116488.2109375,,0.2253588438034057,
dish_1563205903,feature-splatting,20.07809066772461,5.367441177368164,0.7473136186599731,0.175901859998703,0.468083918094635,0.1790699660778045,783674.8125,944899.5,1.516102313995361,1.8280086517333984
dish_1563205927,feature-splatting,14.959722518920898,1.7663298845291138,0.6382191777229309,0.0469783954322338,0.6092077493667603,0.0787036344408989,704411.875,836614.8125,1.362759709358215,1.6185203790664673
dish_1563205953,feature-splatting,13.360233306884766,,0.4784047603607178,,0.5907242894172668,,113568.296875,,0.21970996260643,
dish_1563205982,feature-splatting,13.03088092803955,0.8351941108703613,0.5283110737800598,0.0094814393669366,0.535473644733429,0.0362301878631114,664607.0625,916048.8125,1.2857531309127808,1.7721939086914062
dish_1563206409,feature-splatting,15.108909606933594,,0.5507217645645142,,0.60334712266922,,25787.46875,,0.0498886033892631,
dish_1563206601,feature-splatting,13.028860092163086,,0.5129076838493347,,0.5031806826591492,,114429.4296875,,0.2213759124279022,
dish_1563207277,feature-splatting,14.703424453735352,1.8986527919769287,0.6071434020996094,0.0699453502893447,0.6016596555709839,0.0427006147801876,714664.25,849224.625,1.3825939893722534,1.6429153680801392
dish_1563207332,feature-splatting,13.716024398803713,,0.5348247289657593,,0.5324150323867798,,113158.71875,,0.218917578458786,
dish_1563207364,feature-splatting,12.846842765808104,,0.4685164093971252,,0.5202532410621643,,37062.8203125,,0.0717019736766815,
dish_1563207389,feature-splatting,12.515026092529297,,0.4141558110713959,,0.5890620350837708,,113286.03125,,0.2191638797521591,
dish_1563207406,feature-splatting,12.607924461364746,,0.5418779253959656,,0.6445332169532776,,32889.81640625,,0.0636288523674011,
dish_1563208094,feature-splatting,14.953866958618164,,0.6432656645774841,,0.5053690671920776,,25987.78125,,0.0502761267125606,
dish_1563208412,feature-splatting,15.124258995056152,,0.5880187749862671,,0.5568252801895142,,114391.9765625,,0.2213034480810165,
dish_1563208439,feature-splatting,9.514923095703123,0.5578024387359619,0.4667235910892486,0.0117991790175437,0.7372881174087524,0.1076999902725219,778553.0,1022539.6875,1.5061936378479004,1.9782118797302248
dish_1563208459,feature-splatting,11.680344581604004,,0.538941502571106,,0.4808979332447052,,19994.6171875,,0.0386817157268524,
dish_1563216412,feature-splatting,11.285966873168944,,0.3982065618038177,,0.6481786966323853,,112670.3359375,,0.2179727554321289,
dish_1563216440,feature-splatting,13.623642921447754,3.80487585067749,0.4960300326347351,0.0542786717414855,0.572441577911377,0.0057373661547899,707882.125,938842.5,1.369473218917847,1.8162907361984253
dish_1563216625,feature-splatting,16.489368438720703,2.759420871734619,0.6915988922119141,0.1207748726010322,0.6247444748878479,0.047890368849039,838942.4375,1022802.4375,1.6230233907699585,1.97872006893158
dish_1563216659,feature-splatting,15.070643424987791,,0.547598123550415,,0.5608075857162476,,17397.283203125,,0.033656895160675,
dish_1563216689,feature-splatting,20.178842544555664,8.504110336303711,0.7320970892906189,0.1798958927392959,0.3198777437210083,0.2325831055641174,739626.375,885426.75,1.430885910987854,1.7129522562026978
dish_1563216717,feature-splatting,13.0074462890625,1.98410165309906,0.5332920551300049,0.0690018311142921,0.5354932546615601,0.0123113896697759,779166.3125,943947.3125,1.507380127906799,1.8261665105819704
dish_1563216739,feature-splatting,14.175800323486328,,0.5660610198974609,,0.4455372095108032,,113296.453125,,0.2191840410232544,
dish_1563217774,feature-splatting,19.552431106567383,8.44848918914795,0.7260352373123169,0.1887306869029998,0.3018296062946319,0.2518166005611419,845571.0,1034014.8125,1.6358469724655151,2.0004115104675293
dish_1563217804,feature-splatting,15.986783027648926,6.297012805938721,0.5439854860305786,0.1878036856651306,0.3819628655910492,0.1936644911766052,804602.0,980458.6875,1.5565881729125977,1.896801710128784
dish_1563217895,feature-splatting,15.550699234008787,2.246721744537353,0.6682360172271729,0.1934101581573486,0.4398456215858459,0.1883918642997741,808538.5625,978458.4375,1.5642037391662598,1.8929319381713867
dish_1563217939,feature-splatting,11.327852249145508,,0.4273384511470794,,0.6380117535591125,,115479.359375,,0.2234071046113968,
dish_1563217968,feature-splatting,12.803489685058594,,0.534944474697113,,0.477010428905487,,84173.078125,,0.1628417819738388,
dish_1563217993,feature-splatting,12.637248039245604,0.2976187765598297,0.4935658574104309,0.0612261369824409,0.4833311438560486,0.0274982694536447,812414.9375,986992.4375,1.5717031955718994,1.9094418287277224
dish_1563218031,feature-splatting,7.852139472961426,,0.3180264830589294,,0.699139416217804,,24144.939453125,,0.0467109531164169,
dish_1563218201,feature-splatting,10.347489356994627,,0.4219818115234375,,0.6637530326843262,,114554.0625,,0.2216170281171798,
dish_1563218408,feature-splatting,11.93502712249756,,0.4735295474529266,,0.6268802881240845,,24882.580078125,,0.0481380000710487,
dish_1563218959,feature-splatting,12.266823768615724,1.1719521284103394,0.521180272102356,0.0197302047163248,0.597454309463501,0.1099424585700035,758188.9375,924562.125,1.4667972326278689,1.7886638641357422
dish_1563218987,feature-splatting,13.076558113098145,0.1147014647722244,0.4747704863548279,0.0215798616409301,0.5944290161132812,0.0426242463290691,734984.625,1017227.0625,1.4219058752059937,1.9679338932037356
dish_1563219009,feature-splatting,10.367568016052246,,0.3824281096458435,,0.6240788698196411,,115412.8671875,,0.2232784777879715,
dish_1563219035,feature-splatting,12.15732192993164,1.7418301105499268,0.4443121552467346,0.0208560936152935,0.5462165474891663,0.0044083916582167,744342.5,1033032.6875,1.4400097131729126,1.9985116720199585
dish_1563219056,feature-splatting,17.180496215820312,4.533502578735352,0.6520906090736389,0.1792177557945251,0.3509690761566162,0.2404052764177322,737575.625,993156.625,1.4269185066223145,1.9213671684265137
dish_1563220058,feature-splatting,18.298641204833984,7.58249044418335,0.7281308770179749,0.201307937502861,0.4631951451301574,0.2797622680664062,887063.5625,1091251.125,1.7161188125610352,2.1111414432525635
dish_1563220087,feature-splatting,16.0472469329834,10.19918441772461,0.603615403175354,0.3352119326591491,0.4993314146995544,0.2890422642230987,810448.375,987852.9375,1.567898511886597,1.9111067056655884
dish_1563220143,feature-splatting,12.698205947875977,0.9439545273780824,0.5185506939888,0.0191978048533201,0.4768736958503723,0.0099892038851976,855946.1875,1052712.0,1.655919075012207,2.036583423614502
dish_1563220171,feature-splatting,20.101917266845703,12.805182456970217,0.6668155789375305,0.2721441686153412,0.2991358041763305,0.2739523351192474,822279.6875,1138535.875,1.5907875299453735,2.2026188373565674
dish_1563220767,feature-splatting,13.644763946533203,4.508828163146973,0.6015225648880005,0.1988503485918045,0.5228239893913269,0.0978409349918365,718232.0625,989130.875,1.3894964456558228,1.913578987121582
dish_1563220802,feature-splatting,12.446918487548828,1.4239963293075562,0.5532138347625732,0.0110842417925596,0.5123549103736877,0.0706903561949729,811380.375,1094674.125,1.5697015523910522,2.1177635192871094
dish_1563220987,feature-splatting,13.567445755004885,4.660327434539795,0.5191643238067627,0.1803111881017685,0.6248520016670227,0.0759687647223472,771171.5625,940572.6875,1.4919135570526123,1.8196380138397217
dish_1563221025,feature-splatting,9.903470993041992,,0.4044219255447387,,0.6572103500366211,,114774.9921875,,0.222044438123703,
dish_1563221054,feature-splatting,18.301172256469727,9.06519603729248,0.6509929895401001,0.2242181599140167,0.3149142563343048,0.2789925932884216,830558.875,1119697.75,1.6068044900894165,2.1661746501922607
dish_1563221086,feature-splatting,17.718202590942383,8.61466121673584,0.6037054657936096,0.1983497440814972,0.3347908854484558,0.2370819300413131,961228.625,1198394.75,1.859598994255066,2.318422079086304
dish_1563221157,feature-splatting,11.15314483642578,1.879510760307312,0.4073650240898132,0.0029999495018273,0.5535163879394531,0.027386263012886,929959.1875,1154181.625,1.7991050481796265,2.2328872680664062
dish_1563221443,feature-splatting,11.894640922546388,2.750770330429077,0.586609959602356,0.1351510733366012,0.7116377353668213,0.0580490231513977,874937.375,1073209.875,1.6926593780517578,2.0762386322021484
dish_1563221495,feature-splatting,11.627901077270508,3.5267107486724854,0.4691160321235657,0.1430975645780563,0.7057926654815674,0.0783177390694618,830454.9375,1012562.6875,1.6066033840179443,1.958910346031189
dish_1563221519,feature-splatting,8.238138198852539,,0.3553777933120727,,0.7057843208312988,,112802.7265625,,0.2182288765907287,
dish_1563221562,feature-splatting,14.25291633605957,3.4258387088775635,0.5439385175704956,0.1134939640760421,0.5550448894500732,0.0117307743057608,692528.8125,956102.625,1.3397706747055054,1.849682331085205
dish_1563221602,feature-splatting,10.677206993103027,,0.3713939189910888,,0.5478536486625671,,38584.76171875,,0.0746463239192962,
dish_1563221640,feature-splatting,10.719916343688965,,0.3801594972610473,,0.531413733959198,,115521.7890625,,0.2234891951084137,
dish_1563222745,feature-splatting,13.966691970825195,,0.5888597369194031,,0.6268518567085266,,19721.642578125,,0.0381536148488521,
dish_1563222775,feature-splatting,13.96741008758545,,0.5423609614372253,,0.5842463970184326,,115290.3984375,,0.2230415493249893,
dish_1563222800,feature-splatting,21.227888107299805,9.066529273986816,0.738394021987915,0.2472606897354126,0.3569112718105316,0.3029192090034485,797573.1875,964181.5625,1.5429902076721191,1.8653119802474976
dish_1563222830,feature-splatting,13.14875602722168,,0.4875461757183075,,0.5227120518684387,,114389.53125,,0.2212987244129181,
dish_1563222850,feature-splatting,13.903257369995115,2.0786266326904297,0.5306380391120911,0.0363655649125576,0.4950267374515533,0.0173867978155612,806859.875,1117246.25,1.5609562397003174,2.1614315509796143
dish_1563294408,feature-splatting,21.173219680786133,,0.8760332465171814,,0.3755458891391754,,115181.6796875,,0.2228312194347381,
dish_1563294491,feature-splatting,16.69573211669922,,0.699498176574707,,0.4831120073795318,,26763.712890625,,0.0517772510647773,
dish_1563294522,feature-splatting,16.30694007873535,,0.6098844408988953,,0.4510022699832916,,29148.095703125,,0.0563900917768478,
dish_1563294547,feature-splatting,14.337799072265623,0.5021806955337524,0.572673499584198,0.0151394847780466,0.4891377091407776,0.0515822619199752,743692.625,889356.875,1.43875253200531,1.720555543899536
dish_1563294987,feature-splatting,13.77248764038086,,0.5738881826400757,,0.536240816116333,,114112.140625,,0.2207620739936828,
dish_1563295044,feature-splatting,10.311939239501951,1.005917191505432,0.4122424721717834,0.0241134129464626,0.6189672946929932,0.0639401823282241,808229.875,985302.25,1.5636066198349,1.9061720371246336
dish_1563295334,feature-splatting,18.576601028442383,4.666809558868408,0.7433059215545654,0.1540291607379913,0.3359043598175049,0.1617395430803299,503899.03125,758396.0625,0.9748462438583374,1.4671978950500488
dish_1563302345,feature-splatting,16.02513885498047,4.735564708709717,0.7014497518539429,0.175318956375122,0.5246716141700745,0.1348118335008621,1414462.125,658866.3125,0.303460955619812,0.1413542181253433
dish_1563302391,feature-splatting,12.036954879760742,,0.6943480372428894,,0.6874108910560608,,276540.53125,,0.059329442679882,
dish_1563302447,feature-splatting,11.307013511657717,,0.5643332600593567,,0.6246719360351562,,847461.625,,0.1818157583475113,
dish_1563303298,feature-splatting,14.219820976257324,4.715237140655518,0.6803553700447083,0.1860228776931762,0.5650248527526855,0.2146215885877609,64364.8203125,40188.58203125,0.0138089302927255,0.0086221229285001
dish_1563303350,feature-splatting,12.079691886901855,,0.6159979104995728,,0.6310849189758301,,207010.5625,,0.0444123744964599,
dish_1563303386,feature-splatting,12.318801879882812,,0.6148213744163513,,0.5824129581451416,,155849.5625,,0.0334362126886844,
dish_1563304261,feature-splatting,15.682758331298828,,0.7074024081230164,,0.5623751878738403,,282642.75,,0.0606386251747608,
dish_1563304301,feature-splatting,18.088991165161133,13.4130859375,0.6836230158805847,0.2934598326683044,0.3970867395401001,0.3676599562168121,1313835.5,610740.875,0.2818723320960998,0.1310293078422546
dish_1563304333,feature-splatting,11.249554634094238,0.6968849897384644,0.5656800866127014,0.0346557535231113,0.6153453588485718,0.0638688281178474,1246474.625,600161.1875,0.2674206495285034,0.1287595331668853
dish_1563304369,feature-splatting,13.610027313232422,4.379859924316406,0.6287460327148438,0.1369116753339767,0.4990022182464599,0.0971537977457046,1241282.0,546873.4375,0.266306608915329,0.1173271015286445
dish_1563304881,feature-splatting,13.669086456298828,2.086256265640259,0.625346302986145,0.1063809618353843,0.6477590203285217,0.0009058200521394,1350933.25,634549.6875,0.2898313403129577,0.1361372917890548
dish_1563304925,feature-splatting,11.749552726745604,,0.4731132388114929,,0.6583511233329773,,915386.0,,0.1963883638381958,
dish_1563304958,feature-splatting,21.58161163330078,12.943671226501465,0.7120523452758789,0.2902605831623077,0.3606687486171722,0.3524524569511413,1319318.5,588173.6875,0.2830486893653869,0.1261877119541168
dish_1563305005,feature-splatting,16.0390625,5.6938557624816895,0.669019341468811,0.1479847133159637,0.4247402846813202,0.1815349459648132,1204229.5,565096.6875,0.2583573162555694,0.1212367564439773
dish_1563305047,feature-splatting,12.552814483642578,0.623001217842102,0.5526546239852905,0.0095152836292982,0.5563216209411621,0.0214218944311141,1194550.75,556195.625,0.2562808394432068,0.1193271055817604
dish_1563305083,feature-splatting,13.12245750427246,0.2315008342266082,0.5682287216186523,0.0192788112908601,0.5386315584182739,0.010249650105834,979479.8125,900736.875,0.2101391553878784,0.193245530128479
dish_1563305354,feature-splatting,10.396245956420898,0.3884698748588562,0.607353687286377,0.0422413013875484,0.7239649891853333,0.036383856087923,1346453.125,701887.6875,0.2888701856136322,0.1505840867757797
dish_1563305401,feature-splatting,18.71356010437012,12.73101043701172,0.7443195581436157,0.2796777188777923,0.3704353272914886,0.3881366848945617,881127.8125,1047934.3125,0.1890385448932647,0.2248254865407943
dish_1563305513,feature-splatting,17.175392150878906,6.908872127532959,0.7255820035934448,0.1905472129583358,0.483054369688034,0.2475619465112686,1233875.75,520728.9375,0.2647176682949066,0.1117180213332176
dish_1563305689,feature-splatting,14.062640190124512,1.54012131690979,0.690904974937439,0.0385507121682167,0.6019705533981323,0.0731183364987373,1301691.5,628466.1875,0.2792669534683227,0.1348321139812469
dish_1563305722,feature-splatting,10.366846084594728,3.551919937133789,0.5395952463150024,0.1105951443314552,0.7148218154907227,0.0189383067190647,1268253.5,560703.0625,0.272093117237091,0.1202941238880157
dish_1563305837,feature-splatting,14.147436141967772,,0.6304594874382019,,0.5669962167739868,,1051219.25,,0.2255302518606186,
dish_1563305883,feature-splatting,16.58095932006836,,0.7511051893234253,,0.5714590549468994,,932647.5625,,0.2000916898250579,
dish_1563305913,feature-splatting,14.422554969787598,,0.7408274412155151,,0.5333151817321777,,202514.0625,,0.0434476882219314,
dish_1563305948,feature-splatting,10.700785636901855,1.1212424039840698,0.5595892667770386,0.0942704007029533,0.6700877547264099,0.0584307052195072,1346389.5,729198.5,0.2888565063476562,0.1564433872699737
dish_1563305982,feature-splatting,12.368072509765623,3.297127485275269,0.7299414277076721,0.116136759519577,0.4858067631721496,0.1552167683839798,1137856.0,706317.5,0.2441174238920211,0.1515344828367233
dish_1563306039,feature-splatting,10.083047866821287,,0.4560227990150451,,0.4874055385589599,,113545.09375,,0.219665065407753,
dish_1563306392,feature-splatting,10.788029670715332,,0.570144772529602,,0.6892414689064026,,869587.75,,0.1865627318620681,
dish_1563307488,feature-splatting,9.602657318115234,,0.53423011302948,,0.6650283932685852,,903809.1875,,0.1939046531915664,
dish_1563307519,feature-splatting,8.52231502532959,,0.4953570365905761,,0.7384170889854431,,932850.9375,,0.2001353204250335,
dish_1563307575,feature-splatting,9.61142635345459,,0.4415775239467621,,0.7153657674789429,,875629.1875,,0.1878588795661926,
dish_1563308353,feature-splatting,17.16472053527832,,0.6986004710197449,,0.4302386045455932,,114447.4765625,,0.2214108258485794,
dish_1563308386,feature-splatting,13.936217308044434,,0.6728118658065796,,0.6782078742980957,,875452.4375,,0.1878209561109542,
dish_1563308428,feature-splatting,11.880868911743164,0.9278956055641174,0.6285474300384521,0.0693696215748786,0.6434104442596436,0.0371768921613693,1168756.5,855605.8125,0.2507468461990356,0.1835630387067794
dish_1563309237,feature-splatting,17.14723777770996,,0.8210241198539734,,0.4718884527683258,,184346.859375,,0.0395500659942626,
dish_1563309285,feature-splatting,13.93000602722168,1.2474684715270996,0.660094141960144,0.0724858343601226,0.550810694694519,0.0925522670149803,1196895.875,469062.65625,0.2567839324474334,0.1006334424018859
dish_1563309315,feature-splatting,10.753233909606934,,0.5743617415428162,,0.6060140132904053,,840589.375,,0.1803413778543472,
dish_1563309353,feature-splatting,10.29075813293457,,0.5362386703491211,,0.6390665173530579,,55392.828125,,0.0118840653449296,
dish_1563309398,feature-splatting,13.206029891967772,4.253119468688965,0.6596201062202454,0.0896495506167411,0.5434346199035645,0.1445359140634536,1296783.875,602472.9375,0.2782140970230102,0.1292555183172226
dish_1563378002,feature-splatting,17.54649543762207,,0.8223999738693237,,0.5401720404624939,,985327.0625,,0.2113936245441436,
dish_1563378029,feature-splatting,15.122114181518556,,0.7353341579437256,,0.5103054046630859,,281244.15625,,0.0603385679423809,
dish_1563378051,feature-splatting,15.66544246673584,0.1057987064123153,0.7525340914726257,0.0051749586127698,0.5230814218521118,0.0395343750715255,1366759.875,678550.625,0.2932268381118774,0.1455773264169693
dish_1563378073,feature-splatting,13.661413192749023,4.801466941833496,0.6280480623245239,0.2443364560604095,0.5712371468544006,0.1709092855453491,1258711.5,1361117.375,0.2700459361076355,0.2920162677764892
dish_1563378110,feature-splatting,15.019009590148926,1.636833906173706,0.7161788940429688,0.0254360027611255,0.5458147525787354,0.0227777585387229,86327.65625,7594.0283203125,0.0185208730399608,0.0016292351065203
dish_1563378344,feature-splatting,16.529081344604492,,0.7807888984680176,,0.5642963647842407,,554632.5625,,0.1189917474985122,
dish_1563378372,feature-splatting,13.383770942687988,,0.7096555233001709,,0.599615216255188,,890927.5625,,0.1911410093307495,
dish_1563378406,feature-splatting,12.326807022094728,0.5943797826766968,0.6211490035057068,0.0091968635097146,0.7042063474655151,0.0692199617624282,1157996.875,517128.8125,0.2484384775161743,0.1109456345438957
dish_1563378435,feature-splatting,20.430219650268555,9.47037124633789,0.7994813919067383,0.1580900102853775,0.3596357703208923,0.2488399446010589,866542.875,996962.0625,0.1859094798564911,0.2138898223638534
dish_1563378660,feature-splatting,12.363557815551758,1.0084891319274902,0.6064885854721069,0.0550247766077518,0.6829270124435425,0.0520088747143745,695362.375,121843.421875,0.1491841375827789,0.0261404756456613
dish_1563378690,feature-splatting,18.14103126525879,9.074320793151855,0.7600090503692627,0.2140973508358001,0.4935522675514221,0.3395692110061645,1297140.0,501635.4375,0.2782904803752899,0.1076216697692871
dish_1563379132,feature-splatting,14.828243255615234,2.213163375854492,0.7034735679626465,0.1018891185522079,0.5866039991378784,0.0430980175733566,838602.5,965054.375,0.179915115237236,0.2070443034172058
dish_1563379163,feature-splatting,12.143903732299805,0.4388990700244903,0.6416899561882019,0.0545531101524829,0.5937139987945557,0.0791997015476226,1101027.0,479888.53125,0.2362160682678222,0.1029560342431068
dish_1563379494,feature-splatting,13.620620727539062,5.555883407592773,0.6797628998756409,0.1320270299911499,0.609725832939148,0.0734264254570007,1223109.625,501820.25,0.262407898902893,0.1076613217592239
dish_1563381461,feature-splatting,20.002220153808597,9.65635585784912,0.8049479126930237,0.204055055975914,0.4101897776126861,0.3384260833263397,1318942.5,506500.5,0.2829680442810058,0.1086654290556907
dish_1563381486,feature-splatting,13.21629524230957,1.4286911487579346,0.6802670955657959,0.0394498296082019,0.5716683864593506,0.0468019247055053,1153379.75,556916.625,0.2474479228258133,0.1194817870855331
dish_1563381512,feature-splatting,13.551076889038086,0.3096862733364105,0.6693637371063232,0.0045097125694155,0.5241811871528625,0.0144368968904018,1088457.625,469357.5,0.233519434928894,0.100696712732315
dish_1563381680,feature-splatting,14.402066230773926,,0.6413736343383789,,0.6442282795906067,,897018.5,,0.1924477666616439,
dish_1563381706,feature-splatting,12.855158805847168,,0.5785013437271118,,0.672725260257721,,909859.0,,0.1952025890350341,
dish_1563381738,feature-splatting,14.5184907913208,,0.7267460823059082,,0.6250976920127869,,916298.1875,,0.1965840607881546,
dish_1563381760,feature-splatting,13.812484741210938,1.0637317895889282,0.7073963284492493,0.0838709622621536,0.5751000046730042,0.0058861444704234,66669.15625,36940.453125,0.0143033061176538,0.0079252636060118
dish_1563382911,feature-splatting,14.79886245727539,0.4300974607467651,0.7361366748809814,0.0082678627222776,0.5810050964355469,0.0289373509585857,1265065.75,524646.5625,0.2714092135429382,0.112558513879776
dish_1563382953,feature-splatting,11.209354400634766,1.827994465827942,0.5944414138793945,0.1593260020017624,0.6684790849685669,0.1136223003268241,1224319.375,591852.0625,0.2626674175262451,0.1269768923521042
dish_1563382987,feature-splatting,13.88113021850586,1.8900636434555051,0.6609463691711426,0.0255116559565067,0.6182888746261597,0.0011302520288154,194703.78125,109901.0234375,0.0417720563709735,0.0235783383250236
dish_1563389042,feature-splatting,13.405152320861816,,0.6449989676475525,,0.7088509202003479,,893723.5625,,0.191740870475769,
dish_1563389079,feature-splatting,16.054471969604492,,0.7351024150848389,,0.5288213491439819,,874014.375,,0.1875124275684356,
dish_1563389114,feature-splatting,12.374191284179688,,0.6264886260032654,,0.5927479863166809,,848431.3125,,0.1820237934589386,
dish_1563389153,feature-splatting,14.780139923095703,2.139643669128418,0.7154151201248169,0.0647894442081451,0.4857818484306335,0.058422528207302,1226980.875,490754.5625,0.2632384300231933,0.1052872613072395
dish_1563389199,feature-splatting,13.315865516662598,0.8218662142753601,0.6508122682571411,0.0075586158782243,0.5505050420761108,0.0181392021477222,1139890.25,493105.34375,0.2445538640022277,0.1057915911078453
dish_1563389446,feature-splatting,10.636293411254885,,0.6378677487373352,,0.5842792987823486,,884179.125,,0.189693197607994,
dish_1563389548,feature-splatting,11.16754150390625,0.8520265221595764,0.5790524482727051,0.0009987116791307,0.7446006536483765,0.0358545333147048,1278168.375,604765.125,0.2742202579975128,0.1297472566366195
dish_1563389600,feature-splatting,14.779555320739746,,0.7089661359786987,,0.6373981237411499,,105189.359375,,0.0225674919784069,
dish_1563389693,feature-splatting,12.583504676818848,2.3363826274871826,0.596982479095459,0.0864160433411598,0.7222994565963745,0.0050074248574674,900740.875,912667.0,0.1932463645935058,0.1958050280809402
dish_1563389719,feature-splatting,10.361693382263184,,0.5689321756362915,,0.7282920479774475,,850083.9375,,0.182378351688385,
dish_1563389742,feature-splatting,10.475641250610352,,0.5826119184494019,,0.6812530159950256,,168853.796875,,0.0362261608242988,
dish_1563389786,feature-splatting,10.354321479797363,,0.5880083441734314,,0.6843990087509155,,829582.25,,0.1779798865318298,
dish_1563391375,feature-splatting,15.61826229095459,2.4812679290771484,0.7710562348365784,0.0546073950827121,0.5336295962333679,0.0231199916452169,1397946.5,679565.8125,0.2999176681041717,0.1457951366901397
dish_1563391413,feature-splatting,13.173826217651367,2.260779857635498,0.655147910118103,0.0880046859383583,0.5783363580703735,0.0361984521150589,1197512.25,555354.6875,0.2569161653518677,0.1191466674208641
dish_1563391453,feature-splatting,12.727781295776367,0.2264479398727417,0.703174889087677,0.0280218385159969,0.5437048077583313,0.0255833901464939,1185046.125,501321.75,0.2542416751384735,0.1075543612241745
dish_1563391647,feature-splatting,18.31328582763672,,0.8155404329299927,,0.4582812786102295,,140391.234375,,0.0301197580993175,
dish_1563391681,feature-splatting,19.092761993408203,10.229622840881348,0.7549123167991638,0.2369931638240814,0.3908329606056213,0.390851229429245,1441981.25,519501.375,0.3093649446964264,0.1114546507596969
dish_1563391708,feature-splatting,11.525477409362791,,0.5795893669128418,,0.6111478805541992,,865036.4375,,0.1855862885713577,
dish_1563391922,feature-splatting,13.853995323181152,,0.6368345618247986,,0.5747917890548706,,893186.5,,0.1916256546974182,
dish_1563391959,feature-splatting,11.16236686706543,2.7953872680664062,0.5801029205322266,0.05730951577425,0.6803977489471436,0.0301132071763277,1154700.25,522589.03125,0.2477312237024307,0.11211708933115
dish_1563391989,feature-splatting,11.29824161529541,,0.5886522531509399,,0.5641981363296509,,824585.8125,,0.176907941699028,
dish_1563392128,feature-splatting,20.28667449951172,11.787032127380373,0.7457759380340576,0.246088370680809,0.4076681435108185,0.3842335641384125,1335771.75,430940.21875,0.2865785956382751,0.0924546048045158
dish_1563393148,feature-splatting,15.78346061706543,0.7935212850570679,0.7701325416564941,0.0154133979231119,0.488058865070343,0.0342885702848434,1275906.5,567231.3125,0.273734986782074,0.1216947063803672
dish_1563393182,feature-splatting,16.327796936035156,6.360641956329346,0.7622191309928894,0.1710033416748047,0.4499416947364807,0.2035118490457534,437903.84375,560378.0625,0.0939485877752304,0.1202244088053703
dish_1563393217,feature-splatting,11.55233669281006,2.5491654872894287,0.5718477964401245,0.0506957881152629,0.670284628868103,0.0092381257563829,1262610.75,600088.9375,0.2708825170993805,0.1287440359592437
dish_1563393244,feature-splatting,21.18426513671875,11.96402072906494,0.8088032007217407,0.1950195431709289,0.3354093432426452,0.2693796157836914,1327770.125,568161.9375,0.2848618924617767,0.1218943670392036
dish_1563393341,feature-splatting,18.70669174194336,10.778564453125,0.773410439491272,0.1987150162458419,0.3802628815174103,0.2965502440929413,960584.3125,92078.296875,0.2060852795839309,0.0197546277195215
dish_1563393366,feature-splatting,14.870808601379396,,0.7513216733932495,,0.448989987373352,,266597.625,,0.0571962781250476,
dish_1563393403,feature-splatting,12.75967788696289,0.4398843050003052,0.702384352684021,0.0333298556506633,0.5268487930297852,0.0251322071999311,1226099.75,570235.625,0.2630493938922882,0.1223392486572265
dish_1563395341,feature-splatting,23.57070541381836,,0.8913722038269043,,0.259075790643692,,1046047.0,,0.2244205772876739,
dish_1563395374,feature-splatting,16.802406311035156,,0.7658195495605469,,0.5437049865722656,,945144.875,,0.2027728855609893,
dish_1563395415,feature-splatting,16.326019287109375,,0.7614055871963501,,0.5046651363372803,,962157.625,,0.206422820687294,
dish_1563395449,feature-splatting,11.279597282409668,,0.5455698370933533,,0.6254624724388123,,873273.9375,,0.1873535811901092,
dish_1563395480,feature-splatting,12.125606536865234,,0.556858479976654,,0.5784351825714111,,828218.8125,,0.1776873767375946,
dish_1563395510,feature-splatting,13.452534675598145,,0.6531057953834534,,0.4907260537147522,,853098.0625,,0.1830250173807144,
dish_1563464389,feature-splatting,13.461220741271973,,0.7043198347091675,,0.6447761654853821,,303760.59375,,0.0651692822575569,
dish_1563464429,feature-splatting,10.235132217407228,,0.528756320476532,,0.7464987635612488,,899345.625,,0.1929470300674438,
dish_1563464457,feature-splatting,12.654081344604492,,0.6166293025016785,,0.6496924161911011,,900000.6875,,0.1930875778198242,
dish_1563464480,feature-splatting,13.1639986038208,5.433287143707275,0.6954562664031982,0.1428656429052353,0.5754982233047485,0.2113705277442932,1374596.75,728044.375,0.2949081659317016,0.1561957895755767
dish_1563464543,feature-splatting,11.429471015930176,,0.6305335164070129,,0.5837376713752747,,240814.15625,,0.051664650440216,
dish_1563464627,feature-splatting,14.40078353881836,0.713591992855072,0.7106186747550964,0.0170061700046062,0.5730206966400146,0.000522578775417,623076.875,301907.59375,0.1336759030818939,0.0647717341780662
dish_1563464651,feature-splatting,21.199886322021484,3.6958200931549072,0.8413608074188232,0.0452675707638263,0.3082109093666076,0.092641070485115,1325851.625,525579.0,0.2844503223896026,0.1127585545182228
dish_1563464670,feature-splatting,12.56504249572754,,0.6190792322158813,,0.6280310153961182,,846717.8125,,0.1816561818122863,
dish_1563465805,feature-splatting,21.237424850463867,11.904776573181152,0.8395645618438721,0.1788200139999389,0.3429606258869171,0.3491465747356415,1516608.75,496801.90625,0.3253756463527679,0.1065846607089042
dish_1563468199,feature-splatting,17.09263038635254,,0.7929252982139587,,0.5865970253944397,,993341.5625,,0.2131130695343017,
dish_1563468269,feature-splatting,11.36503791809082,,0.5991172790527344,,0.7193300724029541,,849761.625,,0.1823092103004455,
dish_1563468327,feature-splatting,13.139240264892578,,0.6294560432434082,,0.6022114753723145,,810970.0625,,0.1739868074655532,
dish_1563468776,feature-splatting,17.150959014892578,,0.7363830804824829,,0.5087320804595947,,920873.125,,0.1975655853748321,
dish_1563475874,feature-splatting,17.852367401123047,,0.8188735246658325,,0.4739198684692383,,921896.4375,,0.1977851241827011,
dish_1563475921,feature-splatting,16.088855743408203,,0.738693118095398,,0.6108181476593018,,855846.9375,,0.1836147606372833,
dish_1563475953,feature-splatting,14.719054222106934,,0.7309233546257019,,0.6391921043395996,,131719.609375,,0.0282593332231044,
dish_1563476323,feature-splatting,14.591526985168455,,0.7050622701644897,,0.631075382232666,,878148.75,,0.1883994191884994,
dish_1563476408,feature-splatting,13.59708309173584,,0.6525222063064575,,0.6473881602287292,,824463.6875,,0.1768817454576492,
dish_1563476463,feature-splatting,15.58927059173584,,0.7305705547332764,,0.5225292444229126,,848282.8125,,0.1819919347763061,
dish_1563476577,feature-splatting,14.086901664733888,,0.6316322684288025,,0.5927274227142334,,806591.4375,,0.1730474084615707,
dish_1563476646,feature-splatting,13.63383960723877,,0.6677255630493164,,0.6498274803161621,,833236.8125,,0.1787639409303665,
dish_1563477659,feature-splatting,14.618285179138184,,0.7386918067932129,,0.5897936224937439,,982581.4375,,0.2108045816421508,
dish_1563477701,feature-splatting,16.070064544677734,,0.7339314222335815,,0.5558468103408813,,887129.4375,,0.1903261542320251,
dish_1563478751,feature-splatting,14.119010925292969,0.443417876958847,0.6358747482299805,0.0264709610491991,0.5463882684707642,0.0976367965340614,1288165.125,691844.75,0.2763649821281433,0.1484294682741165
dish_1563479526,feature-splatting,13.122350692749023,,0.6383593082427979,,0.671886682510376,,195117.15625,,0.041860744357109,
dish_1563479568,feature-splatting,9.573572158813477,,0.587169885635376,,0.6752082109451294,,897583.3125,,0.1925689429044723,
dish_1563479596,feature-splatting,7.72595739364624,,0.5327113270759583,,0.6886407136917114,,902833.6875,,0.1936953663825988,
dish_1563479625,feature-splatting,12.032873153686523,0.1969687491655349,0.6464449763298035,0.0266898293048143,0.5775196552276611,0.0937220752239227,1266950.375,632670.375,0.2718135416507721,0.1357341110706329
dish_1563479655,feature-splatting,12.347467422485352,0.6153844594955444,0.5933583378791809,0.0109945116564631,0.6126035451889038,0.0892507955431938,1254983.625,610370.125,0.2692461609840393,0.130949780344963
dish_1563480476,feature-splatting,13.564969062805176,0.7537394165992737,0.7199319005012512,0.0163174904882907,0.5882860422134399,0.0468170568346977,959234.375,1085562.0,0.2057956606149673,0.2328982055187225
dish_1563480505,feature-splatting,12.809110641479492,1.294335126876831,0.6797139048576355,0.0529995784163475,0.6128969788551331,0.0069047496654093,982864.125,892940.3125,0.2108652293682098,0.1915728151798248
dish_1563480608,feature-splatting,13.210086822509766,3.052276134490967,0.5850870013237,0.0928853303194046,0.5607014298439026,0.1375961452722549,1074805.625,420314.3125,0.2305905073881149,0.0901748910546302
dish_1563481030,feature-splatting,11.093364715576172,2.6524157524108887,0.5826148390769958,0.0825192332267761,0.6713610291481018,0.0149773880839347,969858.8125,966815.0,0.2080750465393066,0.2074220180511474
dish_1563550584,feature-splatting,13.870465278625488,,0.6784027814865112,,0.6507762670516968,,881592.25,,0.1891382038593292,
dish_1563550614,feature-splatting,12.346653938293455,,0.5965644717216492,,0.6569422483444214,,215066.296875,,0.0461406633257865,
dish_1563550922,feature-splatting,15.058944702148438,1.9782367944717407,0.7806485891342163,0.0651589035987854,0.6155951619148254,0.064783327281475,112362.71875,45895.8984375,0.0241064745932817,0.0098465783521533
dish_1563550950,feature-splatting,18.897096633911133,9.805428504943848,0.7790993452072144,0.1817805022001266,0.411001980304718,0.3081833720207214,1318243.25,534104.8125,0.2828179895877838,0.11458770185709
dish_1563550976,feature-splatting,14.239930152893066,,0.717348575592041,,0.595318615436554,,105243.4765625,,0.022579101845622,
dish_1563551006,feature-splatting,15.996706008911133,,0.7059412002563477,,0.5315727591514587,,797449.0,,0.1710859686136245,
dish_1563551105,feature-splatting,14.543816566467283,,0.7292650938034058,,0.5901442766189575,,950225.9375,,0.2038629800081253,
dish_1563551134,feature-splatting,16.08038330078125,1.2910860776901243,0.7622387409210205,0.0339239984750747,0.5932900905609131,0.0296051688492298,1395073.125,787954.75,0.2993012070655823,0.1690490543842315
dish_1563551164,feature-splatting,13.341280937194824,3.131319284439087,0.6728615760803223,0.0636009871959686,0.6599538326263428,0.104800708591938,1100973.375,467351.5625,0.236204594373703,0.1002663522958755
dish_1563551194,feature-splatting,12.720122337341309,1.6189554929733276,0.6271997690200806,0.06341452896595,0.672313928604126,0.0318151377141475,1063417.125,419297.1875,0.2281472086906433,0.0899566859006881
dish_1563551220,feature-splatting,13.935129165649414,,0.6796228289604187,,0.5060427188873291,,817427.9375,,0.1753722876310348,
dish_1563551360,feature-splatting,13.99012279510498,0.1087793335318565,0.7323441505432129,0.0047380221076309,0.6229819655418396,0.1066013500094413,1184546.875,503430.90625,0.2541345655918121,0.1080068722367286
dish_1563551397,feature-splatting,11.587626457214355,1.2600208520889282,0.6762716174125671,0.0111550902947783,0.6257033348083496,0.0739965438842773,1094196.0,455048.53125,0.2347505390644073,0.0976268425583839
dish_1563551432,feature-splatting,13.456279754638672,1.1096699237823486,0.6946582794189453,0.0232003219425678,0.5530111789703369,0.0520261116325855,1133390.875,446199.28125,0.2431594729423523,0.0957283079624176
dish_1563552016,feature-splatting,20.239791870117188,7.686698913574219,0.8119004368782043,0.1280867159366607,0.3936391174793243,0.1632636189460754,1170667.75,471274.03125,0.2511568963527679,0.1011078730225563
dish_1563553735,feature-splatting,11.78528881072998,,0.563285231590271,,0.6471694111824036,,878867.125,,0.1885535418987274,
dish_1563553756,feature-splatting,14.910894393920898,2.228163719177246,0.6965945959091187,0.0658092722296714,0.4782305955886841,0.0571831353008747,1225243.0,531830.3125,0.2628656029701233,0.1140997186303138
dish_1563553780,feature-splatting,14.843355178833008,,0.6822150945663452,,0.5017576217651367,,840721.0625,,0.1803696304559707,
dish_1563555072,feature-splatting,16.189289093017578,0.2317779958248138,0.8029933571815491,0.0380202494561672,0.4787489771842956,0.0248676724731922,1259904.5,551787.3125,0.2703019082546234,0.1183813214302063
dish_1563555100,feature-splatting,15.79518985748291,,0.7151222229003906,,0.5527447462081909,,848930.0625,,0.1821307986974716,
dish_1563555126,feature-splatting,13.496359825134276,1.6061307191848757,0.676943302154541,0.0634017139673233,0.6104162931442261,0.1375555545091629,1229638.125,564234.0625,0.2638085186481476,0.1210516616702079
dish_1563555160,feature-splatting,11.24627685546875,,0.5988267660140991,,0.6669475436210632,,350833.84375,,0.0752684473991394,
dish_1563555510,feature-splatting,13.037766456604004,,0.7007848620414734,,0.6118148565292358,,898346.5625,,0.1927326917648315,
dish_1563555543,feature-splatting,15.071037292480469,1.2312402725219729,0.7498675584793091,0.0541849993169307,0.5717787146568298,0.0659685879945755,1284919.625,567625.25,0.2756686806678772,0.1217792183160781
dish_1563555563,feature-splatting,15.561792373657228,,0.7270891666412354,,0.5001911520957947,,868210.75,,0.1862673163414001,
dish_1563555605,feature-splatting,13.324334144592283,,0.6549206972122192,,0.5543458461761475,,851822.4375,,0.1827513426542282,
dish_1563563264,feature-splatting,10.380692481994627,,0.5938177108764648,,0.6935464143753052,,835664.0,,0.1792846769094467,
dish_1563563289,feature-splatting,12.815035820007324,,0.6497694849967957,,0.621455729007721,,796194.625,,0.1708168536424636,
dish_1563563317,feature-splatting,11.299494743347168,,0.6167275309562683,,0.6747710108757019,,830557.5,,0.1781891286373138,
dish_1563563378,feature-splatting,12.134981155395508,,0.590624213218689,,0.6596781015396118,,806047.9375,,0.1729308068752288,
dish_1563563467,feature-splatting,17.920196533203125,7.913838863372803,0.7747970819473267,0.1343881338834762,0.395144909620285,0.2584860622882843,1330821.875,465658.59375,0.2855166494846344,0.0999031290411949
dish_1563563492,feature-splatting,20.77727508544922,7.538149833679199,0.829872190952301,0.0928406566381454,0.3221335411071777,0.2654265463352203,595401.25,249840.640625,0.1277383267879486,0.0536012090742588
dish_1563563527,feature-splatting,17.867900848388672,6.831557750701904,0.7581278085708618,0.1465139538049698,0.3559361100196838,0.2661817371845245,1165996.5,429789.65625,0.2501547336578369,0.0922077596187591
dish_1563564676,feature-splatting,14.187376976013184,,0.6279083490371704,,0.6168869733810425,,842351.0,,0.1807193160057068,
dish_1563564707,feature-splatting,11.88747215270996,0.7165105938911438,0.5463980436325073,0.0196107178926467,0.6900781393051147,0.0042345779947936,1238551.125,576991.9375,0.2657207250595093,0.1237887591123581
dish_1563564760,feature-splatting,11.298028945922852,,0.5106867551803589,,0.6531474590301514,,243915.375,,0.0523299910128116,
dish_1563564797,feature-splatting,19.14218139648437,7.717679977416992,0.7387017011642456,0.1859217137098312,0.3383814692497253,0.2341149300336837,1155826.875,411022.65625,0.2479729354381561,0.0881814584136009
dish_1563564828,feature-splatting,13.27969455718994,1.1225425004959106,0.5507556200027466,0.0428110398352146,0.5787780284881592,0.0087312255054712,1085456.5,461719.34375,0.2328755557537078,0.099057987332344
dish_1563565289,feature-splatting,16.081907272338867,,0.7826303243637085,,0.4126066863536834,,978144.1875,,0.2098526060581207,
dish_1563565323,feature-splatting,19.96406555175781,9.44660472869873,0.781708836555481,0.2167911231517791,0.3862748742103576,0.381913423538208,1441481.0,532118.625,0.3092576265335083,0.1141615658998489
dish_1563565354,feature-splatting,20.902734756469727,9.062192916870115,0.7918606996536255,0.1791329979896545,0.3665730059146881,0.3569225668907165,1347909.125,449380.1875,0.2891825437545776,0.0964107364416122
dish_1563565415,feature-splatting,13.62976360321045,2.017417907714844,0.6760610342025757,0.0596281811594963,0.5712977647781372,0.0106461672112345,1173874.375,521530.53125,0.2518448829650879,0.1118900030851364
dish_1563565454,feature-splatting,12.730508804321287,,0.6235396265983582,,0.5512778759002686,,842442.75,,0.1807390004396438,
dish_1563565508,feature-splatting,15.733892440795898,5.094160079956055,0.7466762065887451,0.1360194683074951,0.3774370551109314,0.2205629646778106,1230475.625,498706.46875,0.263988196849823,0.1069932729005813
dish_1563565683,feature-splatting,14.214519500732422,2.301306962966919,0.7059944868087769,0.1080569326877594,0.6179662942886353,0.0704192072153091,1387018.75,624149.75,0.2975732088088989,0.1339060664176941
dish_1563565720,feature-splatting,12.643742561340332,,0.6427727937698364,,0.6364375948905945,,852033.375,,0.1827965974807739,
dish_1563565761,feature-splatting,15.449443817138672,2.435142993927002,0.7278953790664673,0.0777207687497139,0.5389838218688965,0.0556262098252773,1231080.625,465538.5625,0.2641180157661438,0.0998773872852325
dish_1563565805,feature-splatting,12.731868743896484,,0.671879768371582,,0.5616780519485474,,262944.59375,,0.0564125515520572,
dish_1563566626,feature-splatting,14.972631454467772,,0.7296068668365479,,0.5512808561325073,,953825.75,,0.2046352922916412,
dish_1563566674,feature-splatting,13.530440330505373,,0.6894528269767761,,0.5836149454116821,,891026.75,,0.1911622881889343,
dish_1563566725,feature-splatting,13.302884101867676,,0.6013697981834412,,0.6338803172111511,,882598.6875,,0.189354121685028,
dish_1563566810,feature-splatting,13.932833671569824,,0.6526776552200317,,0.484583169221878,,880439.5,,0.1888908892869949,
dish_1563566909,feature-splatting,13.302331924438477,0.8521654605865479,0.7140413522720337,0.0687472000718116,0.5713819265365601,0.0560341104865074,1356551.875,546455.3125,0.2910367846488952,0.117237389087677
dish_1563566939,feature-splatting,19.098339080810547,7.076483726501465,0.8134727478027344,0.1160110160708427,0.2976180911064148,0.2135190963745117,1338159.75,507629.53125,0.2870908975601196,0.1089076474308967
dish_1563566965,feature-splatting,14.032262802124023,,0.6812744140625,,0.4864702522754669,,840511.0,,0.1803245693445205,
dish_1563567319,feature-splatting,10.004246711730955,1.296752691268921,0.5623368620872498,0.0344474613666534,0.6805092096328735,0.0184277817606925,1122151.0,392041.46875,0.2407480627298355,0.0841092020273208
dish_1563567372,feature-splatting,12.373432159423828,,0.5421045422554016,,0.6336227655410767,,768599.0,,0.1648964434862136,
dish_1563567599,feature-splatting,13.645293235778809,,0.7210995554924011,,0.4806196093559265,,922290.125,,0.1978695839643478,
dish_1563567663,feature-splatting,11.15926456451416,2.243675708770752,0.5595638155937195,0.0909224674105644,0.6026414632797241,0.1033849567174911,1209791.375,564913.75,0.2595505714416504,0.1211974844336509
dish_1563567722,feature-splatting,12.661206245422363,,0.55631422996521,,0.5442622900009155,,818106.375,,0.1755178421735763,
dish_1563567978,feature-splatting,11.951238632202148,,0.6378046870231628,,0.6200754046440125,,854318.375,,0.1832868158817291,
dish_1563568003,feature-splatting,19.03731346130371,7.107585906982422,0.8096341490745544,0.1401358246803283,0.3323037922382355,0.2798610031604767,678480.625,478441.125,0.1455623209476471,0.1026455238461494
dish_1563568025,feature-splatting,17.2414493560791,8.32584285736084,0.7486512064933777,0.1788648962974548,0.3855869770050049,0.286273717880249,1209740.0,446616.9375,0.2595395445823669,0.0958179086446762
dish_1563568118,feature-splatting,14.120478630065918,0.7104812264442444,0.7182220816612244,0.0891093090176582,0.5696274042129517,0.0755293890833854,212335.203125,106160.0859375,0.045554731041193,0.0227757506072521
dish_1563568148,feature-splatting,14.174842834472656,0.3486967384815216,0.678571879863739,0.0301632359623909,0.5321370363235474,0.0294903609901666,1177074.75,484865.375,0.252531498670578,0.1040237843990325
dish_1563568292,feature-splatting,23.392208099365234,9.17745304107666,0.8433385491371155,0.1459697932004928,0.3168720304965973,0.3224468827247619,1361765.625,452005.3125,0.2921553254127502,0.0969739332795143
dish_1563568319,feature-splatting,18.46994400024414,5.528977870941162,0.7503945827484131,0.1255098134279251,0.4141673445701599,0.2134596854448318,1236540.0,477921.0,0.2652892768383026,0.1025339365005493
dish_1563568338,feature-splatting,14.989425659179688,0.4962342977523803,0.6562153100967407,0.0511583089828491,0.5505642890930176,0.0478251688182354,1157995.625,430395.9375,0.248438224196434,0.0923378244042396
dish_1563568357,feature-splatting,12.157384872436523,0.5910357236862183,0.5812157988548279,0.0226303283125162,0.5782444477081299,0.1015194952487945,1160856.5,505278.9375,0.2490519881248474,0.1084033399820327
dish_1563811412,feature-splatting,13.541876792907717,,0.6168274283409119,,0.5879034996032715,,848875.0625,,0.1821189969778061,
dish_1563811439,feature-splatting,15.507835388183594,,0.7830581665039062,,0.4638553261756897,,996346.5625,,0.2137577682733535,
dish_1563811463,feature-splatting,11.7804594039917,,0.605780303478241,,0.5917902588844299,,847158.0625,,0.1817506402730941,
dish_1563811490,feature-splatting,10.342326164245604,,0.5570186376571655,,0.6823251247406006,,825114.1875,,0.1770213097333908,
dish_1563811515,feature-splatting,10.96092128753662,,0.5944551229476929,,0.6160504817962646,,842398.625,,0.1807295382022857,
dish_1563811611,feature-splatting,14.262524604797363,,0.7245444059371948,,0.5393316745758057,,918833.625,,0.197128027677536,
dish_1563811639,feature-splatting,14.028501510620115,,0.6984105110168457,,0.5177685618400574,,907857.75,,0.1947732418775558,
dish_1563811662,feature-splatting,11.87419891357422,3.9801628589630127,0.6320722103118896,0.0897963494062423,0.6286016702651978,0.0709633231163024,1241705.25,651994.375,0.2663974165916443,0.1398799270391464
dish_1563811686,feature-splatting,17.298194885253906,4.216401100158691,0.778435468673706,0.0943062677979469,0.3483104705810547,0.1845320761203766,1301242.0,599274.5,0.2791705429553985,0.1285693049430847
dish_1563812535,feature-splatting,11.37148666381836,3.231271982192993,0.6652877330780029,0.0486630462110042,0.6883171796798706,0.0842867419123649,966775.875,771943.1875,0.2074136137962341,0.1656139194965362
dish_1563812570,feature-splatting,12.688729286193848,,0.6227754354476929,,0.6458159685134888,,768106.1875,,0.1647907197475433,
dish_1563812615,feature-splatting,12.916592597961426,,0.6154717206954956,,0.6040744781494141,,790872.625,,0.1696750670671463,
dish_1563813221,feature-splatting,15.271692276000977,,0.7655340433120728,,0.5807051658630371,,943787.3125,,0.2024816274642944,
dish_1563813308,feature-splatting,10.907485961914062,1.247632384300232,0.6282126307487488,0.0850903540849685,0.6163187026977539,0.0843473076820373,861320.0,946716.3125,0.1847889572381973,0.2031100243330001
dish_1563813360,feature-splatting,18.85067749023437,11.06413745880127,0.782474160194397,0.1993918120861053,0.339042991399765,0.3191277086734772,1229040.25,499835.875,0.2636802494525909,0.1072355732321739
dish_1563813436,feature-splatting,10.690143585205078,1.2131171226501465,0.6044020056724548,0.013161027804017,0.6180655360221863,0.0829070657491684,1150497.5,488183.8125,0.2468295693397522,0.1047357320785522
dish_1563813501,feature-splatting,11.587430953979492,2.467803239822388,0.6221262216567993,0.0755344033241272,0.576849102973938,0.0478991754353046,864394.1875,954631.375,0.1854485124349594,0.2048081308603286
dish_1563813806,feature-splatting,13.098625183105469,,0.6840409636497498,,0.6401830911636353,,877457.9375,,0.1882512122392654,
dish_1563813833,feature-splatting,10.791631698608398,,0.5483421683311462,,0.7246997356414795,,856026.8125,,0.1836533546447754,
dish_1563820775,feature-splatting,13.855025291442873,,0.7493255138397217,,0.5466873645782471,,890769.1875,,0.1911070346832275,
dish_1563820806,feature-splatting,12.182416915893556,0.2271586954593658,0.6430281400680542,0.0333875939249992,0.6240732669830322,0.0845144167542457,1193363.75,552577.125,0.2560261487960815,0.1185507848858833
dish_1563820834,feature-splatting,11.985376358032228,,0.6452152729034424,,0.5768278241157532,,850842.5,,0.1825411021709442,
dish_1563822546,feature-splatting,13.11622142791748,0.2479785680770874,0.6747359037399292,0.0036595265846699,0.6445892453193665,0.1185605153441429,1274939.875,566903.375,0.2735276222229004,0.1216243430972099
dish_1563822597,feature-splatting,11.797085762023926,,0.6390143632888794,,0.6378421783447266,,872909.3125,,0.1872753500938415,
dish_1563822636,feature-splatting,13.790821075439451,2.035292863845825,0.6523346304893494,0.1182063966989517,0.5873939394950867,0.1734592169523239,1201725.75,574390.25,0.2578201591968536,0.1232306063175201
dish_1563822663,feature-splatting,12.632772445678713,1.8738293647766116,0.6368685960769653,0.0161729250103235,0.5841786861419678,0.0833780169486999,1192453.75,504478.09375,0.2558309137821197,0.1082315370440483
dish_1563823292,feature-splatting,14.393296241760254,,0.6531152725219727,,0.563555896282196,,883577.6875,,0.1895641535520553,
dish_1563823359,feature-splatting,11.29853630065918,1.3814576864242554,0.5531618595123291,0.1163325905799865,0.6573783159255981,0.0877801701426506,1159567.5,443824.46875,0.248775452375412,0.0952188000082969
dish_1563823390,feature-splatting,11.146389961242676,,0.477799504995346,,0.6829575300216675,,807738.625,,0.1732935309410095,
dish_1563823423,feature-splatting,10.815289497375488,,0.5265437960624695,,0.6399290561676025,,799650.8125,,0.1715583503246307,
dish_1563823814,feature-splatting,16.165809631347656,0.7069799900054932,0.7918751239776611,0.0238512381911277,0.5495834350585938,0.0260891951620578,1463411.125,616993.625,0.3139625489711761,0.1323707848787307
dish_1563823860,feature-splatting,13.450275421142578,4.199816703796387,0.6652361750602722,0.1326213777065277,0.6065998673439026,0.1026897877454757,1321659.875,548810.5,0.2835510075092315,0.1177426651120185
dish_1563823894,feature-splatting,9.125171661376951,,0.5997806191444397,,0.6257631778717041,,157276.546875,,0.0337423607707023,
dish_1563824065,feature-splatting,17.0031681060791,,0.7758874893188477,,0.5212461948394775,,935972.5625,,0.2008050382137298,
dish_1563824092,feature-splatting,13.856086730957031,0.8027828335762024,0.6867830753326416,0.0724972561001777,0.6393513679504395,0.003875276306644,137634.171875,14092.7265625,0.0295282527804374,0.0030234765727072
dish_1563824130,feature-splatting,12.422794342041016,2.5020222663879395,0.6666677594184875,0.1004935130476951,0.6370635032653809,0.0820442363619804,1243896.0,531162.25,0.2668674290180206,0.1139563992619514
dish_1563824155,feature-splatting,14.094636917114258,1.3750925064086914,0.6777909994125366,0.0251300167292356,0.5654313564300537,0.0878391340374946,1261804.625,594734.375,0.2707095742225647,0.1275952458381652
dish_1563824304,feature-splatting,24.724271774291992,,0.9339710474014282,,0.1603328734636306,,872512.1875,,0.1871901452541351,
dish_1563824377,feature-splatting,11.16271686553955,,0.6423031687736511,,0.6286768913269043,,857279.9375,,0.1839222013950348,
dish_1563824406,feature-splatting,10.530269622802734,0.824886679649353,0.582389235496521,0.0315792858600616,0.7131788730621338,0.0255685970187187,1162418.0,479821.125,0.2493869960308075,0.1029415801167488
dish_1563826223,feature-splatting,18.56493377685547,6.828458309173584,0.7979773283004761,0.1273041814565658,0.4462663233280182,0.2473324090242386,1446628.75,572085.875,0.3103620111942291,0.1227362155914306
dish_1563826272,feature-splatting,10.92916488647461,1.6834213733673096,0.6060800552368164,0.045188795775175,0.7384151220321655,0.0524286143481731,1208615.375,504130.90625,0.2592982649803161,0.1081570461392402
dish_1563826306,feature-splatting,11.396169662475586,0.6125670075416565,0.6368748545646667,0.007913745008409,0.62422776222229,0.0394460782408714,208808.46875,113971.484375,0.0447980985045433,0.0244516227394342
dish_1563827060,feature-splatting,17.775588989257812,,0.792273998260498,,0.504912257194519,,337886.3125,,0.0724906623363494,
dish_1563827086,feature-splatting,18.33340072631836,6.8920207023620605,0.7772513031959534,0.1443295031785965,0.4410218596458435,0.2293167561292648,819338.9375,970832.0625,0.1757822781801223,0.208283856511116
dish_1563827110,feature-splatting,17.735347747802734,0.7453491687774658,0.8000063300132751,0.0136889591813087,0.4254278838634491,0.0007706551114097,1315457.25,612403.5,0.2822202742099762,0.1313860118389129
dish_1563827132,feature-splatting,15.030717849731444,3.758937120437622,0.6882976293563843,0.1168799549341201,0.5476017594337463,0.0854890868067741,1244056.375,547007.9375,0.266901820898056,0.1173559576272964
dish_1563827162,feature-splatting,17.327037811279297,4.485506534576416,0.7603822946548462,0.1025061905384063,0.4061080813407898,0.0895508229732513,1192943.25,540088.75,0.255935937166214,0.1158714964985847
dish_1563827188,feature-splatting,12.945817947387695,0.5257478952407837,0.6212244033813477,0.0229817070066928,0.5757334232330322,0.0390446297824382,1098728.0,461858.375,0.2357228398323059,0.0990878343582153
dish_1563827425,feature-splatting,13.378860473632812,,0.6914273500442505,,0.6377288103103638,,316002.21875,,0.0677956193685531,
dish_1563827454,feature-splatting,12.04633331298828,1.9422690868377688,0.6699769496917725,0.0483915358781814,0.5938018560409546,0.096585027873516,1194328.25,492026.5625,0.2562330961227417,0.1055601611733436
dish_1563827482,feature-splatting,17.31268882751465,7.159021854400635,0.772093653678894,0.1449602544307708,0.3427576422691345,0.2671285271644592,1251295.0,588788.3125,0.2684547901153564,0.1263195723295211
dish_1563897338,feature-splatting,13.755722999572754,4.094985008239746,0.7118668556213379,0.1136006563901901,0.615413248538971,0.1435878425836563,1380044.5,437575.03125,0.2960769236087799,0.0938780382275581
dish_1563897369,feature-splatting,15.346354484558104,,0.625307559967041,,0.6573923826217651,,111817.6328125,,0.2163231074810028,
dish_1563897395,feature-splatting,12.385220527648926,,0.7161643505096436,,0.5642322301864624,,846051.125,,0.1815131455659866,
dish_1563897439,feature-splatting,15.506912231445312,2.6815261840820312,0.703072190284729,0.082278273999691,0.5787962675094604,0.0378807857632637,1139009.625,491687.625,0.2443649172782898,0.1054874435067176
dish_1563897492,feature-splatting,10.705994606018066,,0.584170937538147,,0.6944283843040466,,795544.9375,,0.1706774681806564,
dish_1563897794,feature-splatting,19.45512008666992,,0.8092087507247925,,0.3623405694961548,,842924.9375,,0.1808424592018127,
dish_1563897837,feature-splatting,14.923681259155272,,0.6479573845863342,,0.6466054916381836,,784053.3125,,0.1682120412588119,
dish_1563897870,feature-splatting,17.55236053466797,,0.7977892160415649,,0.537812352180481,,879110.6875,,0.1886058002710342,
dish_1563897938,feature-splatting,12.38651180267334,,0.7403649091720581,,0.5489404797554016,,1355817.25,,0.2908791899681091,
dish_1563897981,feature-splatting,13.30439281463623,,0.6369355320930481,,0.6221095323562622,,121172.0234375,,0.0259964372962713,
dish_1563898019,feature-splatting,12.93643856048584,,0.6368585824966431,,0.6121394634246826,,854956.5,,0.1834237277507782,
dish_1563898055,feature-splatting,14.01988410949707,0.1029698103666305,0.6771913170814514,0.0080478563904762,0.6272335052490234,0.08730348944664,1092242.125,475549.46875,0.2343313694000244,0.1020251363515853
dish_1563898084,feature-splatting,12.789156913757324,,0.6365041732788086,,0.5990051031112671,,813991.25,,0.1746349781751632,
dish_1563898107,feature-splatting,16.2103214263916,5.4868364334106445,0.713351845741272,0.125503584742546,0.5202447175979614,0.0758762583136558,1131515.625,458294.65625,0.2427571564912796,0.0983232632279396
dish_1563898688,feature-splatting,13.476551055908203,,0.6535525321960449,,0.6194781064987183,,808259.9375,,0.1734053641557693,
dish_1563898722,feature-splatting,13.467153549194336,1.6891127824783323,0.667904257774353,0.0366682633757591,0.5919170379638672,0.0341494418680667,1125454.375,488165.0,0.2414567619562149,0.1047316938638687
dish_1563898786,feature-splatting,11.74977970123291,,0.6396307349205017,,0.5871202349662781,,822217.875,,0.1763999313116073,
dish_1563898813,feature-splatting,15.44459342956543,,0.6437976360321045,,0.5299445390701294,,151403.5,,0.0324823483824729,
dish_1563898880,feature-splatting,10.302811622619627,,0.5236985087394714,,0.7177823185920715,,786661.1875,,0.1687715351581573,
dish_1563900120,feature-splatting,14.803081512451172,2.6408519744873047,0.7324769496917725,0.1025886759161949,0.5768164992332458,0.0972958281636238,918521.375,1101069.375,0.1970610320568084,0.2362251728773117
dish_1563900150,feature-splatting,13.279672622680664,1.3492258787155151,0.6843104958534241,0.0676666796207428,0.5847972631454468,0.0437410548329353,1223844.125,607967.9375,0.2625654637813568,0.1304343938827514
dish_1563908923,feature-splatting,22.48977279663086,7.508123397827148,0.8291182518005371,0.1268315017223358,0.2832296788692474,0.238277330994606,1499785.25,692492.6875,0.3217662870883941,0.1485684663057327
dish_1563908957,feature-splatting,12.857995986938477,0.1016912385821342,0.6340487003326416,0.0296935085207223,0.5949039459228516,0.0260712392628192,1306780.875,574029.125,0.2803588211536407,0.1231531202793121
dish_1563908996,feature-splatting,11.8036527633667,0.6905151009559631,0.5785990953445435,0.0146464090794324,0.6282232999801636,0.0535858832299709,546653.4375,382500.34375,0.1172798871994018,0.082062229514122
dish_1563909469,feature-splatting,11.711021423339844,1.3314499855041504,0.7062854766845703,0.0171082913875579,0.6031384468078613,0.1060362830758094,1388274.5,707807.375,0.2978426218032837,0.1518540978431701
dish_1563909507,feature-splatting,13.147130966186523,0.3171283900737762,0.7176625728607178,0.0327027104794979,0.5166254043579102,0.076067179441452,1271164.375,610813.4375,0.2727176249027252,0.1310448795557022
dish_1563909550,feature-splatting,18.71136283874512,9.530902862548828,0.7779170274734497,0.1579149216413498,0.3214415311813354,0.2455845177173614,1218053.875,592270.375,0.2613232135772705,0.1270666122436523
dish_1563909919,feature-splatting,11.672861099243164,,0.6690100431442261,,0.6236191987991333,,506040.59375,,0.1085667535662651,
dish_1563909951,feature-splatting,10.833812713623049,4.119546890258789,0.6202131509780884,0.1450693309307098,0.6185529232025146,0.0859588310122489,1317504.625,650036.4375,0.2826595306396484,0.1394598484039306
dish_1563909982,feature-splatting,7.885218143463135,,0.6035645008087158,,0.7927866578102112,,1207513.875,,0.2590619325637817,
dish_1563910106,feature-splatting,17.940082550048828,,0.875235915184021,,0.2123932391405105,,1050167.25,,0.2253045439720153,
dish_1563910137,feature-splatting,16.213037490844727,,0.8061787486076355,,0.3184956908226013,,963181.25,,0.2066424340009689,
dish_1563910171,feature-splatting,11.179376602172852,,0.557021975517273,,0.5812815427780151,,868233.125,,0.1862721145153045,
dish_1563910276,feature-splatting,19.3945369720459,6.146698951721191,0.8189446926116943,0.1423737853765487,0.3777596354484558,0.2479817569255828,1339879.25,464171.3125,0.2874598503112793,0.099584050476551
dish_1563910530,feature-splatting,14.74747085571289,1.585883378982544,0.7317562103271484,0.1042230427265167,0.5591511130332947,0.0878558009862899,1370083.125,604957.8125,0.2939397990703583,0.1297885924577713
dish_1563910639,feature-splatting,12.755395889282228,,0.664691150188446,,0.4956920444965362,,342222.875,,0.0734210386872291,
dish_1563910676,feature-splatting,16.748804092407227,5.17598819732666,0.7559686899185181,0.1623448133468628,0.4488333165645599,0.3815242052078247,1241003.0,562088.1875,0.2662467360496521,0.1205912977457046
dish_1563910708,feature-splatting,13.360947608947754,0.2867145538330078,0.6661553382873535,0.0053384462371468,0.5335275530815125,0.0705090835690498,466900.71875,480145.375,0.1001696214079856,0.1030111461877822
dish_1563911156,feature-splatting,14.205435752868652,,0.7116243839263916,,0.5380052924156189,,327439.4375,,0.0702493786811828,
dish_1563911185,feature-splatting,19.65472221374512,10.48443603515625,0.717778205871582,0.2748354971408844,0.4092483520507812,0.3592764139175415,1366468.125,515544.53125,0.2931642532348633,0.110605739057064
dish_1563911215,feature-splatting,11.928053855895996,0.622616171836853,0.6229656934738159,0.0194529201835393,0.6603881120681763,0.0873098522424697,1190371.75,503519.25,0.255384236574173,0.1080258190631866
dish_1563911255,feature-splatting,13.129013061523438,0.8742935657501221,0.6704593896865845,0.0639091208577156,0.5439469814300537,0.0172924734652042,514456.59375,432855.8125,0.1103723347187042,0.0928655713796615
dish_1563913588,feature-splatting,15.073511123657228,,0.7056561708450317,,0.5829198956489563,,166530.78125,,0.0357277765870094,
dish_1563913627,feature-splatting,18.35193252563477,,0.8165842294692993,,0.4008776545524597,,318477.59375,,0.0683266893029213,
dish_1563913675,feature-splatting,13.892621040344238,,0.6340281963348389,,0.542482852935791,,208969.390625,,0.0448326244950294,
dish_1563913709,feature-splatting,13.679122924804688,2.5637764930725098,0.6171396374702454,0.051353994756937,0.5699595212936401,0.0051593221724033,1127755.875,501372.6875,0.2419505417346954,0.1075652986764907
dish_1563913741,feature-splatting,13.076435089111328,2.21138858795166,0.5829900503158569,0.0348546430468559,0.5626193284988403,0.0080004837363958,843322.875,900870.5,0.1809278279542923,0.1932741850614547
dish_1563984140,feature-splatting,17.032939910888672,,0.7510086297988892,,0.5284475088119507,,966637.75,,0.2073839902877807,
dish_1563984242,feature-splatting,13.570267677307127,,0.629744291305542,,0.606835126876831,,799673.4375,,0.1715632081031799,
dish_1563984296,feature-splatting,12.042577743530272,,0.5154901146888733,,0.6620084643363953,,830090.3125,,0.1780888885259628,
dish_1563984729,feature-splatting,15.22304344177246,,0.672778844833374,,0.5451314449310303,,288270.25,,0.0618459582328796,
dish_1563984771,feature-splatting,9.92595386505127,,0.5470119714736938,,0.6705418229103088,,212230.703125,,0.0455323122441768,
dish_1563984835,feature-splatting,11.601028442382812,,0.5765644907951355,,0.6087096333503723,,782256.9375,,0.1678266376256942,
dish_1563986062,feature-splatting,15.761116027832031,1.730769395828247,0.7543520927429199,0.0478732138872146,0.5433217287063599,0.0041217510588467,1271439.375,411306.28125,0.2727766335010528,0.088242307305336
dish_1563986093,feature-splatting,12.949731826782228,1.509297490119934,0.6614075899124146,0.0502592325210571,0.6376198530197144,0.1258486360311508,1119848.25,533235.375,0.2402540147304535,0.1144011616706848
dish_1563996279,feature-splatting,13.799967765808104,0.2675482034683227,0.7317399978637695,0.0356683731079101,0.5790138244628906,0.0023305099457502,1224870.0,454083.8125,0.2627855539321899,0.097419872879982
dish_1563996308,feature-splatting,16.468425750732422,3.4678237438201904,0.7393038272857666,0.0723484382033348,0.4767630100250244,0.0479106828570365,1192506.875,449856.0625,0.2558423280715942,0.096512846648693
dish_1563996464,feature-splatting,12.474213600158691,,0.6361148357391357,,0.5974099040031433,,857020.6875,,0.1838665753602981,
dish_1563996509,feature-splatting,13.439087867736816,,0.6118422150611877,,0.5774703621864319,,802359.5625,,0.1721394956111908,
dish_1563996596,feature-splatting,18.07962417602539,10.037482261657717,0.7430737018585205,0.1887420564889907,0.4370476603507995,0.3437004089355469,1178690.375,407998.125,0.2528780996799469,0.0875325575470924
dish_1563996625,feature-splatting,11.606380462646484,1.6923915147781372,0.6231566071510315,0.0472669303417205,0.6310144066810608,0.020470218732953,1190504.75,519106.4375,0.255412757396698,0.1113699153065681
dish_1563996656,feature-splatting,19.471471786499023,12.095476150512695,0.7629386186599731,0.2108900099992752,0.3764601349830627,0.3362186551094055,1234205.5,429003.59375,0.264788419008255,0.0920391157269477
dish_1563997327,feature-splatting,12.216992378234863,,0.607681155204773,,0.6320971250534058,,822830.125,,0.1765312850475311,
dish_1563997386,feature-splatting,11.262323379516602,1.362370252609253,0.5963435769081116,0.0294855143874883,0.6479637622833252,0.0635063201189041,1125511.875,468558.78125,0.2414691150188446,0.1005253419280052
dish_1563997418,feature-splatting,9.84674072265625,,0.5058609843254089,,0.7319517135620117,,806964.6875,,0.1731274873018264,
dish_1563998210,feature-splatting,15.73128890991211,0.1154789924621582,0.7647032737731934,0.0057963719591498,0.5507127642631531,0.0204855594784021,1463133.25,757046.75,0.3139029145240783,0.1624180078506469
dish_1563998244,feature-splatting,14.264721870422363,,0.7528495192527771,,0.5486685633659363,,990854.875,,0.2125795781612396,
dish_1563998279,feature-splatting,15.372846603393556,,0.7603310346603394,,0.5279759764671326,,857700.0,,0.1840123236179351,
dish_1563998323,feature-splatting,15.538830757141112,,0.6856104135513306,,0.5421362519264221,,820429.6875,,0.1760162860155105,
dish_1563998513,feature-splatting,14.541698455810549,,0.6624951362609863,,0.5469298362731934,,824056.9375,,0.176794484257698,
dish_1564000202,feature-splatting,13.875350952148438,,0.7108187079429626,,0.5871690511703491,,872688.3125,,0.1872279345989227,
dish_1564000417,feature-splatting,16.534732818603516,,0.7849026918411255,,0.5450781583786011,,312559.59375,,0.0670570284128189,
dish_1564000459,feature-splatting,12.851252555847168,,0.6426784992218018,,0.604637861251831,,875393.625,,0.1878083348274231,
dish_1564000490,feature-splatting,13.128212928771973,,0.614585280418396,,0.5705720782279968,,184353.75,,0.0395515449345111,
dish_1564000536,feature-splatting,11.852063179016112,,0.5536807775497437,,0.6057504415512085,,801052.5625,,0.1718590855598449,
dish_1564073641,feature-splatting,15.011833190917969,1.0063109397888184,0.7607254385948181,0.1496861279010772,0.5349818468093872,0.1084262207150459,828923.25,172429.75,0.1778385043144226,0.0369933545589447
dish_1564073677,feature-splatting,14.305217742919922,0.1383104473352432,0.6919557452201843,0.0147352125495672,0.6564415097236633,0.0236102435737848,1416900.5,765076.9375,0.3039840757846832,0.1641408056020736
dish_1564073716,feature-splatting,12.886024475097656,,0.589840829372406,,0.6805336475372314,,48231.06640625,,0.010347569361329,
dish_1564073860,feature-splatting,12.114330291748049,1.7905795574188232,0.6241774559020996,0.0651364400982856,0.6272116303443909,0.0302992854267358,1202364.125,520940.0625,0.2579571008682251,0.1117633134126663
dish_1564082178,feature-splatting,11.357887268066406,,0.6312466859817505,,0.6750174760818481,,225798.828125,,0.0484432391822338,
dish_1564082212,feature-splatting,10.778501510620115,,0.5359808206558228,,0.7133306264877319,,915124.4375,,0.1963322460651397,
dish_1564082323,feature-splatting,12.550082206726074,0.9541142582893372,0.6157000064849854,0.0096480883657932,0.615307092666626,0.043050393462181,1156514.5,501250.0625,0.2481204271316528,0.1075389832258224
dish_1564082462,feature-splatting,16.26572036743164,5.326229572296143,0.6541099548339844,0.1411277502775192,0.4407137334346771,0.19728784263134,1120245.25,449281.9375,0.2403391748666763,0.0963896512985229
dish_1564083459,feature-splatting,12.14588737487793,,0.6438864469528198,,0.6617573499679565,,137467.953125,,0.0294925924390554,
dish_1564083480,feature-splatting,11.863548278808594,,0.6153392791748047,,0.638108491897583,,875325.4375,,0.1877937018871307,
dish_1564083508,feature-splatting,11.998979568481444,,0.6360398530960083,,0.6625308394432068,,860875.75,,0.1846936494112014,
dish_1564083534,feature-splatting,10.392826080322266,,0.6084768176078796,,0.6883688569068909,,858458.6875,,0.1841750890016555,
dish_1564086602,feature-splatting,13.205240249633787,,0.6456387042999268,,0.6159985661506653,,991377.6875,,0.2126917392015457,
dish_1564086624,feature-splatting,13.195106506347656,,0.6438632607460022,,0.6426653265953064,,183171.4375,,0.0392978899180889,
dish_1564086658,feature-splatting,14.58261775970459,,0.6516377925872803,,0.517021119594574,,876360.8125,,0.1880158334970474,
dish_1564086709,feature-splatting,12.214012145996094,,0.5638813376426697,,0.601998507976532,,159932.0625,,0.0343120768666267,
dish_1564086748,feature-splatting,11.978144645690918,,0.6044141054153442,,0.5668668746948242,,239692.078125,,0.0514239184558391,
dish_1564086778,feature-splatting,11.25799560546875,,0.4757615923881531,,0.6188358068466187,,804932.75,,0.1726915538311004,
dish_1564159520,feature-splatting,13.327215194702148,2.664742946624756,0.6805890798568726,0.1264048516750335,0.6040335893630981,0.1245946437120437,892421.375,946536.1875,0.1914614886045456,0.2030713707208633
dish_1564159543,feature-splatting,13.559192657470703,1.4674797058105469,0.6896179914474487,0.0428611524403095,0.6242756247520447,0.0402901954948902,1157384.25,468023.84375,0.2483070641756057,0.1004105880856514
dish_1564159588,feature-splatting,11.131675720214844,,0.6037551760673523,,0.6399245858192444,,867369.0625,,0.1860867291688919,
dish_1564159636,feature-splatting,10.448227882385254,,0.593073308467865,,0.6381046175956726,,259756.515625,,0.0557285733520984,
dish_1564160043,feature-splatting,14.19640827178955,1.616897463798523,0.7149398326873779,0.0737205296754837,0.5521509647369385,0.0716463103890419,1181457.375,471979.59375,0.2534717321395874,0.1012592539191246
dish_1564160161,feature-splatting,11.877442359924316,,0.6304909586906433,,0.6394214630126953,,195916.0,,0.0420321300625801,
dish_1564168695,feature-splatting,12.8709716796875,0.2943785488605499,0.6711587905883789,0.0099277747794985,0.625209391117096,0.0074940468184649,1261193.25,615442.25,0.270578384399414,0.1320379674434662
dish_1564168739,feature-splatting,18.19660377502441,1.3637155294418335,0.7921220064163208,0.0106556927785277,0.3870132565498352,0.0317675769329071,851887.8125,879093.8125,0.1827653646469116,0.1886021792888641
dish_1564169197,feature-splatting,13.407297134399414,1.3909673690795898,0.6783288717269897,0.0901175066828727,0.6367406249046326,0.0405568182468414,1378992.75,615029.75,0.2958512902259826,0.1319494545459747
dish_1564169254,feature-splatting,15.608877182006836,3.753489017486572,0.7523298859596252,0.1181781589984893,0.5516718029975891,0.1430711299180984,1284470.25,418790.625,0.275572270154953,0.0898480117321014
dish_1564169298,feature-splatting,10.982749938964844,1.255000352859497,0.609081506729126,0.1045695766806602,0.6551282405853271,0.0594324097037315,1160670.5,490862.53125,0.2490120828151703,0.1053104251623153
dish_1564169340,feature-splatting,11.028422355651855,,0.5840557813644409,,0.6305936574935913,,804329.0,,0.1725620180368423,
dish_1564169644,feature-splatting,16.069631576538086,0.3251066207885742,0.7562044262886047,0.0764933302998542,0.537251353263855,0.0931342095136642,1241657.625,431764.71875,0.2663871943950653,0.0926314815878868
dish_1564169878,feature-splatting,12.704950332641602,,0.6840171813964844,,0.5844870209693909,,197552.0,,0.0423831194639205,
dish_1564169932,feature-splatting,12.837544441223145,,0.6515792608261108,,0.5742092132568359,,837475.0625,,0.1796732246875763,
dish_1564169958,feature-splatting,12.086538314819336,,0.6329587697982788,,0.5849375128746033,,831153.8125,,0.178317055106163,
dish_1564170010,feature-splatting,11.785802841186523,1.50600266456604,0.5193172693252563,0.0018695920007303,0.6096012592315674,0.033161100000143,1137656.875,486515.28125,0.2440747022628784,0.1043777540326118
dish_1564170283,feature-splatting,9.99250030517578,2.369493007659912,0.6151546239852905,0.0068109729327261,0.7531130313873291,0.0294013042002916,1308732.0,585763.8125,0.2807774245738983,0.1256706863641739
dish_1564170474,feature-splatting,12.857215881347656,,0.6886153221130371,,0.6131601333618164,,887910.875,,0.1904938071966171,
dish_1564170542,feature-splatting,13.556182861328123,,0.6544255614280701,,0.5607684850692749,,838745.9375,,0.1799458861351013,
dish_1564170836,feature-splatting,16.454627990722656,0.3157520592212677,0.8129197955131531,0.0488130487501621,0.4913088083267212,0.0418282188475132,1563528.875,714070.0,0.3354419469833374,0.153197705745697
dish_1564170880,feature-splatting,19.85733795166016,9.456047058105469,0.7678641676902771,0.1705479770898819,0.3964053988456726,0.3456410765647888,1279336.125,511368.34375,0.2744708061218261,0.1097097769379615
dish_1564170923,feature-splatting,12.606193542480469,,0.6664120554924011,,0.5273573398590088,,860753.4375,,0.1846674084663391,
dish_1564170967,feature-splatting,10.583215713500977,0.3288553357124328,0.6105208992958069,0.0192665886133909,0.5908147096633911,0.0030589760281145,1202620.75,539130.25,0.2580121457576751,0.1156658604741096
dish_1564171888,feature-splatting,12.578495979309082,,0.701164722442627,,0.608454167842865,,880096.125,,0.1888172179460525,
dish_1564171935,feature-splatting,11.38650894165039,,0.5924596786499023,,0.7467475533485413,,901030.1875,,0.1933084428310394,
dish_1564171970,feature-splatting,10.358020782470703,1.2461453676223757,0.5889089703559875,0.0451992079615592,0.6825673580169678,0.1016973555088043,1193980.25,523788.5625,0.2561584413051605,0.1123744249343872
dish_1564171996,feature-splatting,13.87000560760498,,0.6498808860778809,,0.5054810047149658,,828358.5625,,0.1777173578739166,
dish_1565023128,feature-splatting,12.90087604522705,,0.5927283763885498,,0.6461589336395264,,342360.5625,,0.0734505802392959,
dish_1565023157,feature-splatting,13.046695709228516,0.285498708486557,0.6560901403427124,0.0291282348334789,0.6391332745552063,0.0860745683312416,1233377.5,571080.9375,0.2646107673645019,0.1225206181406974
dish_1565023182,feature-splatting,13.240545272827148,,0.6362142562866211,,0.5585896968841553,,109261.203125,,0.0234410725533962,
dish_1565024675,feature-splatting,13.733389854431152,,0.6584004759788513,,0.5685909390449524,,915241.375,,0.1963573396205902,
dish_1565024707,feature-splatting,10.650781631469728,,0.4079850316047668,,0.759656548500061,,914915.8125,,0.1962874829769134,
dish_1565024741,feature-splatting,13.170668601989746,,0.6612775921821594,,0.5680820345878601,,593358.0,,0.127299964427948,
dish_1565030350,feature-splatting,14.844101905822754,,0.6774191856384277,,0.5653280019760132,,867904.75,,0.18620166182518,
dish_1565030391,feature-splatting,13.665319442749023,1.297837734222412,0.6274220943450928,0.0118994880467653,0.5280671715736389,0.031888473778963,1189307.625,510096.0,0.2551559507846832,0.109436810016632
dish_1565031283,feature-splatting,11.45851707458496,0.7104630470275879,0.6619952917098999,0.0977406948804855,0.6379924416542053,0.0183985326439142,1390595.5,685673.9375,0.2983405888080597,0.1471055746078491
dish_1565031338,feature-splatting,13.302441596984863,,0.6217823624610901,,0.6053659319877625,,857441.5625,,0.1839568763971328,
dish_1565031376,feature-splatting,11.902010917663574,1.6486188173294067,0.6134194731712341,0.0260620098561048,0.6447572112083435,0.036476831883192,1176276.5,495647.96875,0.2523602247238159,0.1063371002674102
dish_1565032714,feature-splatting,12.151896476745604,0.1567134410142898,0.6125530004501343,0.06497273594141,0.6334820985794067,0.0018679904751479,1364064.75,694728.25,0.2926486134529114,0.1490480899810791
dish_1565032748,feature-splatting,11.322275161743164,0.5707195997238159,0.5227572917938232,0.0718390271067619,0.6645369529724121,0.0475509613752365,1352104.875,751405.0625,0.2900827527046203,0.1612076312303543
dish_1565033110,feature-splatting,10.801961898803713,,0.5221652984619141,,0.6629695296287537,,842237.375,,0.1806949377059936,
dish_1565033139,feature-splatting,10.999252319335938,,0.5073360204696655,,0.6239738464355469,,263627.84375,,0.0565591342747211,
dish_1565033189,feature-splatting,9.98567008972168,2.267064094543457,0.4910629093647003,0.0068585989065468,0.7098971605300903,0.0781211629509925,1145913.625,365097.03125,0.2458461374044418,0.0783285051584243
dish_1565033220,feature-splatting,8.698026657104492,,0.5397732257843018,,0.7396425008773804,,771185.4375,,0.1654513478279113,
dish_1565033265,feature-splatting,11.20647144317627,,0.5150400996208191,,0.6399193406105042,,837409.6875,,0.1796592026948928,
dish_1565034234,feature-splatting,14.06687831878662,,0.7054020166397095,,0.5950721502304077,,962315.1875,,0.2064566314220428,
dish_1565034281,feature-splatting,13.172890663146973,,0.6284562349319458,,0.6353213787078857,,882710.375,,0.1893780827522277,
dish_1565034330,feature-splatting,13.312427520751951,,0.6691950559616089,,0.5071817636489868,,920171.5625,,0.1974150687456131,
dish_1565034605,feature-splatting,11.127761840820312,,0.5899430513381958,,0.638943076133728,,892456.5625,,0.1914690434932708,
dish_1565034661,feature-splatting,12.987553596496582,,0.5463638305664062,,0.6658175587654114,,937451.125,,0.2011222541332245,
dish_1565034681,feature-splatting,8.967436790466309,,0.315616101026535,,0.7642176151275635,,979646.0625,,0.2101748138666153,
dish_1565035715,feature-splatting,15.687116622924805,,0.7057141065597534,,0.5744694471359253,,935266.0625,,0.200653463602066,
dish_1565035746,feature-splatting,19.55124855041504,,0.8643087148666382,,0.393678069114685,,318271.46875,,0.0682824626564979,
dish_1565035774,feature-splatting,12.542234420776367,,0.5888503789901733,,0.6434783935546875,,951194.3125,,0.2040707319974899,
dish_1565035802,feature-splatting,15.817378997802734,,0.706836462020874,,0.5373027920722961,,933016.0,,0.2001707255840301,
dish_1565035830,feature-splatting,12.832616806030272,3.703135967254639,0.6297820210456848,0.12066600471735,0.6136187314987183,0.0196046065539121,1262333.125,555353.5,0.2708229422569275,0.1191464215517044
dish_1565035858,feature-splatting,9.682846069335938,,0.4233207106590271,,0.5868527889251709,,112408.734375,,0.217466652393341,
dish_1565036788,feature-splatting,16.34785270690918,,0.6573626399040222,,0.5486908555030823,,113427.8203125,,0.2194381952285766,
dish_1565036821,feature-splatting,16.319311141967773,,0.7204635143280029,,0.5563302040100098,,114916.5703125,,0.2223183363676071,
dish_1565036865,feature-splatting,16.398414611816406,1.1078801155090332,0.6773563623428345,0.0144736915826797,0.468761682510376,0.001271633664146,754476.5625,904255.875,1.4596152305603027,1.7493791580200195
dish_1565036890,feature-splatting,13.000959396362305,0.1288729310035705,0.5480737686157227,0.0791030153632164,0.5823153257369995,0.0090532274916768,891741.8125,1100593.25,1.7251694202423096,2.1292147636413574
dish_1565036922,feature-splatting,12.444660186767578,3.933988094329834,0.4508817791938782,0.158330038189888,0.6210536956787109,0.1525482386350631,777396.0625,1080932.125,1.5039554834365845,2.0911781787872314
dish_1565036953,feature-splatting,13.11037254333496,1.401717185974121,0.4619417190551758,0.0735708624124527,0.5641093850135803,0.0906147956848144,700065.0,829260.5625,1.3543500900268557,1.6042927503585815
dish_1565107066,feature-splatting,14.032478332519531,,0.5755589008331299,,0.6237912774085999,,112069.109375,,0.2168096154928207,
dish_1565107092,feature-splatting,19.74263000488281,,0.7427253723144531,,0.4976799190044403,,112178.0859375,,0.2170204520225525,
dish_1565107143,feature-splatting,14.979744911193848,,0.5080463290214539,,0.5435080528259277,,16295.970703125,,0.0315262898802757,
dish_1565107171,feature-splatting,11.876733779907228,,0.4322117269039154,,0.6280896663665771,,114308.6953125,,0.2211423367261886,
dish_1565109606,feature-splatting,14.307100296020508,,0.5297459363937378,,0.5768885612487793,,114424.0703125,,0.2213655412197113,
dish_1565109637,feature-splatting,15.108869552612305,,0.5473498106002808,,0.5768958330154419,,113524.7421875,,0.2196256965398788,
dish_1565109659,feature-splatting,13.991201400756836,4.73958158493042,0.5270299911499023,0.1356062144041061,0.6106586456298828,0.1862342357635498,678688.0,930110.9375,1.312994122505188,1.7993985414505005
dish_1565117429,feature-splatting,27.116687774658203,13.16523551940918,0.7957227230072021,0.2508687973022461,0.2619471848011017,0.3169009387493133,699936.4375,827557.375,1.354101538658142,1.600997805595398
dish_1565117463,feature-splatting,15.746910095214844,0.9482764601707458,0.5536621809005737,0.0578266978263855,0.5099080801010132,0.0048483205027878,660640.6875,914499.1875,1.278079628944397,1.7691960334777832
dish_1565117892,feature-splatting,13.87904930114746,,0.5025076270103455,,0.5756028294563293,,114585.328125,,0.2216775119304657,
dish_1565117934,feature-splatting,12.80043601989746,1.5449881553649902,0.4189113974571228,0.0802005603909492,0.6414065361022949,0.0302041172981262,736672.9375,883432.9375,1.425172209739685,1.7090950012207031
dish_1565117962,feature-splatting,12.9988374710083,0.2498869746923446,0.4064266085624695,0.0016868854872882,0.6146355867385864,0.071602776646614,733248.125,1014834.1875,1.4185465574264526,1.9633046388626096
dish_1565117990,feature-splatting,12.791086196899414,,0.4560452401638031,,0.5055834650993347,,114086.9765625,,0.2207133919000625,
dish_1565118029,feature-splatting,12.743600845336914,,0.4321574866771698,,0.5237573385238647,,113171.1171875,,0.2189415693283081,
dish_1565118067,feature-splatting,13.781452178955078,0.7359042167663574,0.4933422207832336,0.0779926776885986,0.508556067943573,0.0345404371619224,749508.125,901155.3125,1.450003147125244,1.743380784988403
dish_1565118096,feature-splatting,14.065935134887695,0.0944028720259666,0.5322248935699463,0.0385402590036392,0.5239856243133545,0.0678964629769325,764662.8125,920467.875,1.4793214797973633,1.7807430028915403
dish_1565118782,feature-splatting,12.072185516357422,,0.4391034543514251,,0.5691736936569214,,114781.3359375,,0.2220567017793655,
dish_1565118999,feature-splatting,20.221254348754883,,0.7117189168930054,,0.2380523681640625,,31223.287109375,,0.0604047700762748,
dish_1565119418,feature-splatting,20.10185432434082,6.480360984802246,0.7250146865844727,0.1838927268981933,0.3461708128452301,0.3185133039951324,698946.5625,824570.375,1.3521864414215088,1.5952190160751345
dish_1565119439,feature-splatting,14.458169937133787,4.078114986419678,0.6420822143554688,0.137683093547821,0.4728474020957947,0.2525951564311981,733475.6875,876263.4375,1.418986678123474,1.6952248811721802
dish_1565119464,feature-splatting,14.271316528320312,2.435718297958374,0.5329374074935913,0.0944155603647232,0.52042555809021,0.1074509844183921,760627.5,914816.0625,1.4715148210525513,1.769809007644653
dish_1565119493,feature-splatting,10.80772876739502,,0.3231266736984253,,0.6546294689178467,,23287.2578125,,0.0450516790151596,
dish_1565119642,feature-splatting,14.649742126464844,,0.5842690467834473,,0.5864877104759216,,17644.486328125,,0.0341351367533206,
dish_1565119669,feature-splatting,15.564620971679688,,0.6019752025604248,,0.5187902450561523,,16657.173828125,,0.0322250761091709,
dish_1565119698,feature-splatting,11.90135383605957,,0.4988653361797333,,0.5750897526741028,,32261.99609375,,0.0624142661690712,
dish_1565119739,feature-splatting,14.03029441833496,,0.5282251834869385,,0.5119497179985046,,113640.453125,,0.219849556684494,
dish_1565123783,feature-splatting,15.64020824432373,,0.6811041831970215,,0.5434594750404358,,112338.9609375,,0.2173316776752472,
dish_1565123816,feature-splatting,15.192995071411133,,0.5601678490638733,,0.6161401271820068,,110478.234375,,0.213731899857521,
dish_1565123845,feature-splatting,15.12366771697998,,0.5855733156204224,,0.5677386522293091,,110787.3359375,,0.2143298983573913,
dish_1565123881,feature-splatting,13.553449630737305,,0.4821659028530121,,0.5350610017776489,,113766.0234375,,0.2200924754142761,
dish_1565194684,feature-splatting,12.68722438812256,,0.4551630616188049,,0.6288865804672241,,12910.3330078125,,0.0249764136970043,
dish_1565194781,feature-splatting,13.49527072906494,,0.513882040977478,,0.6119883060455322,,21810.8515625,,0.0421954132616519,
dish_1565194823,feature-splatting,14.61998462677002,,0.523245632648468,,0.5678173303604126,,114026.1796875,,0.2205957770347595,
dish_1565194852,feature-splatting,13.961014747619627,,0.4892062842845917,,0.5975592732429504,,113520.40625,,0.2196173071861267,
dish_1565194906,feature-splatting,13.02314281463623,0.7438575029373169,0.5108018517494202,0.0229889992624521,0.5283921957015991,0.0160024836659431,762407.9375,917541.5,1.474959373474121,1.7750816345214844
dish_1565195362,feature-splatting,12.9502592086792,,0.5278400182723999,,0.5811522603034973,,115394.328125,,0.2232426106929779,
dish_1565195398,feature-splatting,15.677122116088867,,0.5496873259544373,,0.5286309719085693,,114634.640625,,0.2217729091644287,
dish_1565195436,feature-splatting,13.283287048339844,3.853959083557129,0.544273316860199,0.1374060660600662,0.5708223581314087,0.1880199611186981,749797.5625,1033522.625,1.4505630731582642,1.9994593858718872
dish_1565195493,feature-splatting,12.582505226135254,,0.4445465505123138,,0.585067093372345,,34406.90625,,0.0665638223290443,
dish_1565203015,feature-splatting,14.277388572692873,,0.5133311152458191,,0.5393142700195312,,53742.296875,,0.1039701923727989,
dish_1565203094,feature-splatting,14.642443656921388,,0.5058228969573975,,0.5421500205993652,,23339.275390625,,0.0451523102819919,
dish_1565204855,feature-splatting,9.507451057434082,0.8610297441482544,0.4690580368041992,0.0195961780846118,0.6718326210975647,0.076707012951374,742391.1875,887860.5,1.4362348318099976,1.7176605463027954
dish_1565204891,feature-splatting,12.021551132202148,,0.4508672654628753,,0.6010452508926392,,22885.2265625,,0.0442739054560661,
dish_1565204931,feature-splatting,14.217028617858888,,0.4101127386093139,,0.5585601925849915,,111551.8671875,,0.2158089578151703,
dish_1565207631,feature-splatting,13.638629913330078,,0.4823706150054931,,0.6036608815193176,,114899.6171875,,0.2222855389118194,
dish_1565207662,feature-splatting,12.746952056884766,0.0739640071988105,0.5257535576820374,0.0281661488115787,0.6146768927574158,0.0657545626163482,831049.75,1020363.375,1.6077542304992676,1.9740015268325808
dish_1565207694,feature-splatting,12.598870277404783,0.5415175557136536,0.5129063129425049,0.044006410986185,0.5816560983657837,0.0922591164708137,882617.0,1094327.875,1.7075165510177612,2.117093563079834
dish_1565207727,feature-splatting,13.504291534423828,1.445458173751831,0.4897161722183227,0.092847503721714,0.5530358552932739,0.123918667435646,869962.4375,1072014.625,1.683034896850586,2.073926448822021
dish_1565207815,feature-splatting,18.30306625366211,,0.7454420924186707,,0.4849037230014801,,114548.8359375,,0.2216069102287292,
dish_1565207865,feature-splatting,14.05353832244873,0.6593331694602966,0.5276105999946594,0.1109612733125686,0.5520802140235901,0.0020391489379107,912673.5,1129202.125,1.7656641006469729,2.184561491012573
dish_1565207896,feature-splatting,10.935340881347656,0.1498897075653076,0.335918128490448,0.0321797281503677,0.5904281139373779,0.0542566068470478,845752.875,1034177.625,1.636198878288269,2.0007266998291016
dish_1565208562,feature-splatting,12.5760498046875,,0.4610520303249359,,0.6496100425720215,,16981.16015625,,0.0328518599271774,
dish_1565208611,feature-splatting,14.294797897338867,1.4741679430007937,0.5042669773101807,0.0990422889590263,0.5749107599258423,0.030868224799633,808906.375,983643.875,1.5649155378341677,1.9029637575149536
dish_1565208637,feature-splatting,16.13553810119629,0.7652465105056763,0.5655888319015503,0.0020028182771056,0.5185325145721436,0.0890025943517685,873415.5,1076079.75,1.6897151470184326,2.0817906856536865
dish_1565209922,feature-splatting,14.165457725524902,0.2568907737731933,0.5833572745323181,0.0113418009132146,0.5981492400169373,0.0072929221205413,784795.5,950543.0,1.5182703733444214,1.8389265537261963
dish_1565209963,feature-splatting,11.76034450531006,,0.514539361000061,,0.6074163913726807,,113899.4921875,,0.2203506827354431,
dish_1565210009,feature-splatting,14.108549118041992,,0.5358232855796814,,0.5174530148506165,,114351.453125,,0.2212250530719757,
dish_1565210037,feature-splatting,13.64219093322754,2.5484204292297363,0.5180874466896057,0.0791208669543266,0.5603187084197998,0.100149892270565,725676.25,870340.75,1.403898000717163,1.6837668418884275
dish_1565210073,feature-splatting,15.17965316772461,1.8574048280715945,0.4824959635734558,0.0408164635300636,0.4903388023376465,0.0707663297653198,754485.5,907078.625,1.4596325159072876,1.7548401355743408
dish_1565369938,feature-splatting,12.756202697753906,,0.542542576789856,,0.6707428097724915,,114231.2421875,,0.2209924906492233,
dish_1565369971,feature-splatting,14.159500122070312,,0.5390711426734924,,0.515235424041748,,116634.1796875,,0.2256412357091903,
dish_1565370004,feature-splatting,13.145257949829102,,0.4979079663753509,,0.4933961033821106,,113062.78125,,0.2187319844961166,
dish_1565378680,feature-splatting,15.835498809814451,,0.5724389553070068,,0.5729011297225952,,115543.859375,,0.223531886935234,
dish_1565378731,feature-splatting,16.54237937927246,,0.6411454677581787,,0.4223731160163879,,116005.4296875,,0.2244248539209365,
dish_1565378770,feature-splatting,12.05226230621338,,0.473014235496521,,0.6736548542976379,,114712.859375,,0.2219242304563522,
dish_1565379251,feature-splatting,12.945192337036133,1.82184100151062,0.5537218451499939,0.0447785817086696,0.6602932214736938,0.0667554661631584,790749.375,960733.75,1.529788851737976,1.8586417436599727
dish_1565379320,feature-splatting,15.131933212280272,,0.5665102601051331,,0.5319834351539612,,113880.390625,,0.2203137278556823,
dish_1565379377,feature-splatting,14.494296073913574,,0.4900079667568207,,0.5243492126464844,,114223.1484375,,0.2209768295288086,
dish_1565379788,feature-splatting,14.11691188812256,,0.503584623336792,,0.6232151389122009,,114570.21875,,0.2216482758522033,
dish_1565379868,feature-splatting,12.458941459655762,,0.4371255338191986,,0.5798904299736023,,113144.421875,,0.2188899219036102,
dish_1565382762,feature-splatting,16.345088958740234,,0.6101917028427124,,0.5544046759605408,,113434.140625,,0.2194504141807556,
dish_1565382803,feature-splatting,18.13284111022949,,0.6678299903869629,,0.5025327801704407,,114228.546875,,0.2209872752428054,
dish_1565382833,feature-splatting,15.108349800109863,1.144275426864624,0.5969396829605103,0.0320347659289836,0.5500863790512085,0.0659462884068489,764517.875,921571.25,1.4790412187576294,1.7828776836395264
dish_1565382856,feature-splatting,14.447102546691896,1.549458384513855,0.5200168490409851,0.0347254425287246,0.5484776496887207,0.0625315085053443,803479.625,976707.1875,1.5544167757034302,1.889543890953064
dish_1565382886,feature-splatting,14.368783950805664,1.3448296785354614,0.493118941783905,0.0271316971629858,0.5327023863792419,0.0221796110272407,737762.375,883902.4375,1.4272798299789429,1.71000337600708
dish_1565382969,feature-splatting,10.460223197937012,,0.4050223231315613,,0.5261939764022827,,108274.921875,,0.2094693630933761,
dish_1565382995,feature-splatting,11.527013778686523,0.1505748480558395,0.4210096001625061,0.0471463091671466,0.5549395084381104,0.0262712687253952,722105.6875,863304.125,1.396990180015564,1.6701536178588867
dish_1565383026,feature-splatting,12.472805976867676,,0.4172107577323913,,0.5139186978340149,,115455.4453125,,0.2233608514070511,
dish_1565383062,feature-splatting,11.213168144226074,,0.3207404017448425,,0.5415132641792297,,35764.484375,,0.0691902041435241,
dish_1565383097,feature-splatting,12.91162109375,,0.3953924179077148,,0.5121808052062988,,115280.21875,,0.223021849989891,
dish_1565383128,feature-splatting,11.76997184753418,0.259494423866272,0.3746156096458435,0.0022255855146795,0.5499852895736694,0.0277530681341886,860281.9375,1058486.75,1.6643069982528689,2.047755479812622
dish_1565383159,feature-splatting,11.924552917480469,,0.3056455552577972,,0.5491659045219421,,113610.4453125,,0.2197915017604828,
dish_1565637162,feature-splatting,12.339580535888672,,0.3691418170928955,,0.581975519657135,,114694.8125,,0.221889317035675,
dish_1565637504,feature-splatting,19.092863082885746,,0.8028904795646667,,0.4143000841140747,,116533.5078125,,0.2254464775323867,
dish_1565637548,feature-splatting,15.739474296569824,2.401397943496704,0.6134330630302429,0.0761563181877136,0.5586746335029602,0.1240741908550262,884596.5,1234931.625,1.7113460302352903,2.389106750488281
dish_1565637578,feature-splatting,15.637948989868164,2.62168025970459,0.5696369409561157,0.0880201086401939,0.5748093128204346,0.1063676476478576,769678.375,927837.5625,1.489024639129639,1.795000433921814
dish_1565637608,feature-splatting,14.227657318115234,,0.4748198688030243,,0.7203013300895691,,114945.7421875,,0.2223747670650482,
dish_1565638287,feature-splatting,17.0034236907959,,0.594281017780304,,0.4957787096500397,,113218.0703125,,0.2190324068069458,
dish_1565638323,feature-splatting,12.762574195861816,,0.4428242146968841,,0.5798850059509277,,114954.734375,,0.2223921716213226,
dish_1565638365,feature-splatting,15.534244537353516,,0.5172073245048523,,0.5008865594863892,,12404.43359375,,0.0239976961165666,
dish_1565638478,feature-splatting,15.418081283569336,,0.5691167712211609,,0.5450139045715332,,112670.796875,,0.2179736495018005,
dish_1565638515,feature-splatting,10.811774253845217,,0.3685231804847717,,0.6507751941680908,,112199.28125,,0.2170614451169967,
dish_1565638550,feature-splatting,15.153704643249512,,0.5157021880149841,,0.5232676863670349,,110739.3046875,,0.2142369747161865,
dish_1565638599,feature-splatting,12.674705505371094,2.0402791500091557,0.4461583495140075,0.019966036081314,0.5648757219314575,0.0427468493580818,780645.8125,942810.8125,1.5102424621582031,1.8239679336547847
dish_1565640227,feature-splatting,14.352628707885742,,0.5514158010482788,,0.5505563020706177,,17390.3671875,,0.0336435176432132,
dish_1565640365,feature-splatting,12.750954627990724,,0.453776091337204,,0.546882152557373,,114894.2578125,,0.2222751677036285,
dish_1565640427,feature-splatting,11.13855266571045,,0.4401950240135193,,0.6436974406242371,,113773.4921875,,0.2201069295406341,
dish_1565640576,feature-splatting,15.576723098754885,,0.5476168990135193,,0.4979480803012848,,116066.765625,,0.2245435118675232,
dish_1565640601,feature-splatting,13.830828666687012,,0.4615165889263153,,0.5702247023582458,,113433.4140625,,0.2194490134716034,
dish_1565640723,feature-splatting,11.215572357177734,,0.2965496480464935,,0.6182311773300171,,115561.1953125,,0.2235654294490814,
dish_1565640772,feature-splatting,12.021997451782228,,0.4345768392086029,,0.5645325183868408,,114720.0,,0.2219380438327789,
dish_1565640812,feature-splatting,12.370543479919434,,0.4111899137496948,,0.5875688195228577,,113648.9453125,,0.2198659777641296,
dish_1565640842,feature-splatting,11.958112716674805,,0.3938102722167969,,0.5728858113288879,,113095.03125,,0.2187943756580352,
dish_1565640868,feature-splatting,22.738115310668945,,0.859316349029541,,0.1069041863083839,,114336.75,,0.2211966067552566,
dish_1565640894,feature-splatting,14.906494140625,,0.4378919303417206,,0.5221492648124695,,112606.4765625,,0.2178492099046707,
dish_1565640914,feature-splatting,12.160222053527832,,0.410760760307312,,0.5917706489562988,,114017.8046875,,0.2205795794725418,
dish_1565641844,feature-splatting,13.59596061706543,,0.5247514247894287,,0.5889453291893005,,114599.8984375,,0.2217057049274444,
dish_1565641885,feature-splatting,13.921828269958496,,0.5358569025993347,,0.5679382085800171,,114196.8515625,,0.2209259569644928,
dish_1565641915,feature-splatting,12.68429183959961,1.0921623706817627,0.4417824745178222,0.0082154115661978,0.5948779582977295,0.0222284588962793,769830.5625,927902.1875,1.4893192052841189,1.7951256036758425
dish_1565641943,feature-splatting,13.999408721923828,1.8386788368225095,0.4935483038425445,0.047925729304552,0.5439573526382446,0.0564841516315937,746882.9375,894043.625,1.4449244737625122,1.729622483253479
dish_1565711083,feature-splatting,14.518111228942873,,0.5445559024810791,,0.5221264362335205,,112281.796875,,0.2172210812568664,
dish_1565711115,feature-splatting,15.975180625915527,,0.5546703338623047,,0.5305383801460266,,113993.2265625,,0.2205320298671722,
dish_1565711154,feature-splatting,13.683456420898438,,0.515051007270813,,0.4752988219261169,,113732.4765625,,0.2200275808572769,
dish_1565711183,feature-splatting,13.7108793258667,,0.4575756192207336,,0.50409996509552,,113153.9140625,,0.2189082950353622,
dish_1565711326,feature-splatting,12.492846488952637,1.5789018869400024,0.5235562920570374,0.0350750274956226,0.6432005167007446,0.1348252743482589,627389.625,851389.25,1.213752031326294,1.647103190422058
dish_1565711358,feature-splatting,16.51508331298828,,0.5581064224243164,,0.5126476883888245,,111699.7265625,,0.2160950005054474,
dish_1565711453,feature-splatting,14.159893035888672,,0.5750654935836792,,0.6366655826568604,,111630.9921875,,0.2159620374441146,
dish_1565711498,feature-splatting,15.443665504455566,,0.6373882293701172,,0.4793731272220611,,112781.3203125,,0.218187466263771,
dish_1565711527,feature-splatting,11.857220649719238,,0.4941824078559875,,0.5798500776290894,,107351.578125,,0.2076830565929412,
dish_1565711570,feature-splatting,14.68936824798584,0.298635721206665,0.4751431047916412,0.0077670742757618,0.5405780673027039,0.0558735728263855,701607.875,831690.1875,1.357335090637207,1.6089930534362793
dish_1565721800,feature-splatting,17.412269592285156,,0.6656438112258911,,0.473454475402832,,54821.78125,,0.1060585677623748,
dish_1565721828,feature-splatting,17.630069732666016,8.49771499633789,0.66991126537323,0.3035436272621155,0.3962806463241577,0.3434934318065643,761165.875,915382.625,1.4725563526153564,1.7709051370620728
dish_1565721855,feature-splatting,11.499235153198242,1.9448963403701784,0.4322239458560943,0.0152606153860688,0.6539449691772461,0.0129813980311155,716575.25,853775.5625,1.3862911462783811,1.6517196893692017
dish_1565724050,feature-splatting,13.167573928833008,,0.4980635643005371,,0.5521814227104187,,112679.1171875,,0.2179897427558899,
dish_1565724087,feature-splatting,15.960830688476562,4.051571369171143,0.603689432144165,0.0961689502000808,0.3514035046100616,0.1705499142408371,788226.25,952810.3125,1.5249075889587402,1.8433130979537964
dish_1565724196,feature-splatting,18.30798721313477,7.012942314147949,0.6876434087753296,0.1842138022184372,0.3651211261749267,0.3197991549968719,777639.125,938772.625,1.5044256448745728,1.8161554336547847
dish_1565724235,feature-splatting,16.699989318847656,5.910953044891357,0.6448870897293091,0.1916039586067199,0.4030493199825287,0.3059107363224029,851912.25,1044962.25,1.648114800453186,2.0215907096862797
dish_1565724269,feature-splatting,14.420477867126465,0.8875546455383301,0.5603735446929932,0.004494497552514,0.5139836668968201,0.0505655966699123,730453.0,874151.0,1.4131391048431396,1.6911381483078003
dish_1565724509,feature-splatting,12.507908821105955,2.4548678398132324,0.576610803604126,0.064932681620121,0.646964430809021,0.0752311497926712,950278.8125,567594.1875,1.8384156227111816,1.0980714559555054
dish_1565724552,feature-splatting,12.030027389526367,,0.4868699014186859,,0.5060322880744934,,28228.654296875,,0.0546113364398479,
dish_1565724588,feature-splatting,12.113462448120115,,0.4737940728664398,,0.5297091007232666,,114661.6015625,,0.2218250632286071,
dish_1565724620,feature-splatting,11.63921070098877,2.0006346702575684,0.4412631690502167,0.0566187687218189,0.5991222262382507,0.1485987305641174,795439.75,966596.375,1.5388628244400024,1.8699836730957031
dish_1565725123,feature-splatting,11.058034896850586,0.9053810834884644,0.3562689423561096,0.0604160092771053,0.6314063668251038,0.0404401533305645,721846.875,858096.875,1.3964896202087402,1.6600797176361084
dish_1565725156,feature-splatting,9.831767082214355,,0.3802400231361389,,0.6413486003875732,,112678.265625,,0.2179880887269973,
dish_1565725188,feature-splatting,10.994134902954102,,0.3733022212982178,,0.6158663034439087,,112422.609375,,0.2174935042858123,
dish_1565725244,feature-splatting,11.288287162780762,,0.4300027787685394,,0.5741077065467834,,113277.1875,,0.2191467732191085,
dish_1565726812,feature-splatting,14.434982299804688,,0.5131077170372009,,0.6192377805709839,,114035.84375,,0.2206144779920578,
dish_1565726848,feature-splatting,15.452855110168455,,0.5744292140007019,,0.4624920189380646,,113322.4453125,,0.2192343324422836,
dish_1565726887,feature-splatting,14.703516006469728,,0.5478090643882751,,0.4910626113414764,,115290.0234375,,0.2230408191680908,
dish_1565726915,feature-splatting,13.510530471801758,,0.5126429200172424,,0.4837170243263244,,30489.126953125,,0.0589844621717929,
dish_1565726949,feature-splatting,11.859000205993652,0.0216263905167579,0.4258272051811218,0.1072842106223106,0.5519631505012512,0.0837506577372551,788242.8125,956945.875,1.5249396562576294,1.8513137102127075
dish_1565727765,feature-splatting,12.202669143676758,,0.4368080496788025,,0.5135608315467834,,113552.1796875,,0.2196787744760513,
dish_1565727791,feature-splatting,10.659098625183104,,0.3882952630519867,,0.5545933842658997,,114385.09375,,0.2212901413440704,
dish_1565727821,feature-splatting,11.021955490112305,,0.3703224062919616,,0.5693342089653015,,113765.65625,,0.2200917750597,
dish_1565727851,feature-splatting,12.545125961303713,,0.4287020564079284,,0.5092006325721741,,59701.16015625,,0.1154982447624206,
dish_1565727875,feature-splatting,9.522137641906738,,0.3651262521743774,,0.6206737756729126,,112890.921875,,0.2183994948863983,
dish_1565727921,feature-splatting,12.324137687683104,,0.4277114272117615,,0.5391783714294434,,114065.03125,,0.2206709384918213,
dish_1565728388,feature-splatting,16.477548599243164,,0.6907846331596375,,0.5209382772445679,,112956.796875,,0.2185269445180893,
dish_1565728415,feature-splatting,17.025745391845703,,0.6143908500671387,,0.5566104650497437,,111892.1796875,,0.216467335820198,
dish_1565728453,feature-splatting,16.18767738342285,,0.669531524181366,,0.4897718429565429,,114234.2734375,,0.2209983617067337,
dish_1565728494,feature-splatting,15.95355987548828,1.3459161520004272,0.6656766533851624,0.0141961546614766,0.5205228328704834,0.0417656525969505,761024.25,914371.3125,1.4722822904586792,1.7689485549926758
dish_1565728562,feature-splatting,15.979228973388672,1.1265960931777954,0.6190808415412903,0.0050079729408025,0.4923900961875915,0.0605658441781997,743356.25,891525.0625,1.4381016492843628,1.72475004196167
dish_1565728591,feature-splatting,13.794729232788086,0.9239526391029358,0.5320799350738525,0.0510659217834472,0.5533090829849243,0.0079698003828525,670762.75,917640.4375,1.2976619005203247,1.7752729654312134
dish_1565728634,feature-splatting,13.964422225952148,,0.5275174975395203,,0.5185976624488831,,114107.421875,,0.2207529544830322,
dish_1565728684,feature-splatting,14.459228515625,,0.4748967289924621,,0.4547644853591919,,40210.39453125,,0.0777912884950637,
dish_1565797671,feature-splatting,17.899261474609375,9.214951515197754,0.6852513551712036,0.3481579720973968,0.45595782995224,0.4018822312355041,784773.875,947855.0625,1.518228530883789,1.833726406097412
dish_1565797699,feature-splatting,13.798687934875488,,0.5386722087860107,,0.5211770534515381,,95900.1171875,,0.1855289787054062,
dish_1565797723,feature-splatting,13.306249618530272,,0.5226134657859802,,0.5034355521202087,,111635.8125,,0.215971365571022,
dish_1565798531,feature-splatting,13.00046157836914,,0.4778615832328796,,0.6160554885864258,,114245.0078125,,0.2210191190242767,
dish_1565798591,feature-splatting,13.081761360168455,,0.4853646159172058,,0.5793948173522949,,112747.859375,,0.2181227356195449,
dish_1565798617,feature-splatting,14.492128372192385,,0.5212826728820801,,0.5100963711738586,,112540.3515625,,0.2177212834358215,
dish_1565799507,feature-splatting,14.31031894683838,,0.5985039472579956,,0.5957525968551636,,112107.625,,0.2168841361999511,
dish_1565799565,feature-splatting,12.640996932983398,,0.4888125360012054,,0.5731786489486694,,114694.2890625,,0.2218883037567138,
dish_1565799597,feature-splatting,12.336352348327637,,0.4862678945064544,,0.5887771844863892,,112673.890625,,0.2179796248674392,
dish_1565799617,feature-splatting,12.777563095092772,,0.467698186635971,,0.5275287628173828,,110361.8828125,,0.2135068029165268,
dish_1565799663,feature-splatting,13.401448249816896,,0.4752302765846252,,0.5334506034851074,,113181.8671875,,0.2189623713493347,
dish_1565808975,feature-splatting,11.30803108215332,,0.4472881555557251,,0.6162328124046326,,113976.9140625,,0.2205004692077636,
dish_1565809033,feature-splatting,14.123491287231444,,0.5692315101623535,,0.4781007170677185,,111311.5703125,,0.2153440713882446,
dish_1565809080,feature-splatting,11.293350219726562,,0.3655757308006286,,0.6161229610443115,,113014.5234375,,0.2186386287212371,
dish_1565809120,feature-splatting,14.614314079284668,1.9707555770874023,0.4958370923995971,0.1442594081163406,0.4856865704059601,0.0798375532031059,704680.4375,836330.3125,1.3632793426513672,1.617969989776611
dish_1565810146,feature-splatting,10.54368495941162,3.6296401023864746,0.5204756259918213,0.141838327050209,0.5731390118598938,0.1285968720912933,1054956.875,818058.875,2.040926456451416,1.582621932029724
dish_1565810237,feature-splatting,13.909354209899902,,0.4966298043727875,,0.46231609582901,,114865.28125,,0.2222191095352172,
dish_1565810969,feature-splatting,14.007085800170898,3.150794744491577,0.6506705284118652,0.0998654291033744,0.5073344111442566,0.226516306400299,716374.3125,728543.6875,1.3859024047851562,1.4094454050064087
dish_1565811000,feature-splatting,14.061816215515137,,0.4425654113292694,,0.516692042350769,,113090.75,,0.2187860906124115,
dish_1565811025,feature-splatting,11.801136016845703,,0.4236124455928802,,0.5195584297180176,,114311.0234375,,0.2211468368768692,
dish_1565811061,feature-splatting,14.03841495513916,,0.4859921932220459,,0.4703027904033661,,114828.7578125,,0.222148448228836,
dish_1565811091,feature-splatting,25.134424209594727,7.007389545440674,0.8390049934387207,0.2032874673604965,0.1333200633525848,0.112971231341362,1061303.875,823940.875,2.0532052516937256,1.594001293182373
dish_1565811287,feature-splatting,14.053030014038086,,0.519499659538269,,0.5692466497421265,,113256.71875,,0.2191071808338165,
dish_1565811335,feature-splatting,13.78275203704834,,0.558599591255188,,0.5193228125572205,,113848.6328125,,0.2202522903680801,
dish_1565811390,feature-splatting,19.39860343933105,7.988218307495117,0.7318103313446045,0.1532008051872253,0.304705262184143,0.2537297010421753,757441.0,911608.125,1.4653501510620115,1.76360285282135
dish_1565811423,feature-splatting,12.48983669281006,,0.5001174211502075,,0.5374218821525574,,113823.265625,,0.2202032208442688,
dish_1565811529,feature-splatting,12.473999977111816,,0.4500064253807068,,0.5725447535514832,,113040.1015625,,0.2186881005764007,
dish_1565811588,feature-splatting,13.019968032836914,,0.5010084509849548,,0.5134305357933044,,17823.0234375,,0.0344805344939231,
dish_1565812116,feature-splatting,19.675294876098636,,0.7831554412841797,,0.2975547313690185,,110218.7734375,,0.2132299393415451,
dish_1565812146,feature-splatting,14.015363693237305,,0.5513961911201477,,0.5265902280807495,,113394.359375,,0.2193734496831894,
dish_1565812186,feature-splatting,11.002894401550291,,0.4491100311279297,,0.5503114461898804,,113883.8984375,,0.2203205227851867,
dish_1565813414,feature-splatting,11.310795783996582,,0.4708113372325897,,0.552982747554779,,113422.0,,0.2194269299507141,
dish_1565813446,feature-splatting,13.205175399780272,,0.4605695903301239,,0.5023407340049744,,112844.0546875,,0.2183088362216949,
dish_1565884692,feature-splatting,19.832979202270508,,0.9109479188919068,,0.1691015064716339,,113224.3046875,,0.2190444618463516,
dish_1565884766,feature-splatting,16.385225296020508,,0.6109182834625244,,0.5268558859825134,,112910.46875,,0.2184373140335083,
dish_1565884833,feature-splatting,12.110967636108398,1.1664798259735107,0.4280112087726593,0.0697333514690399,0.6146501302719116,0.0451694093644619,690943.3125,817802.875,1.3367033004760742,1.5821266174316406
dish_1565894858,feature-splatting,15.881872177124023,,0.617953896522522,,0.5190550684928894,,115578.46875,,0.2235988527536392,
dish_1565894910,feature-splatting,13.964008331298828,,0.509117841720581,,0.5452858805656433,,112485.6328125,,0.2176154255867004,
dish_1565895808,feature-splatting,11.201122283935549,,0.4173429906368255,,0.6524513959884644,,115025.3125,,0.2225287109613418,
dish_1565895879,feature-splatting,12.076068878173828,,0.4323017597198486,,0.5413008332252502,,112487.875,,0.2176197618246078,
dish_1565895966,feature-splatting,10.424115180969238,,0.4485500752925873,,0.5470600724220276,,117303.0234375,,0.2269351780414581,
dish_1565896039,feature-splatting,10.197808265686035,,0.32850182056427,,0.5596389174461365,,113488.84375,,0.2195562422275543,
dish_1565896662,feature-splatting,11.259441375732422,,0.4837513566017151,,0.6160891056060791,,20322.515625,,0.0393160693347454,
dish_1565896701,feature-splatting,12.71761417388916,,0.5101272463798523,,0.5295355916023254,,113115.78125,,0.2188345193862915,
dish_1565896745,feature-splatting,12.350859642028809,,0.5177247524261475,,0.4781202375888824,,34261.8984375,,0.0662832856178283,
dish_1565897569,feature-splatting,14.24380111694336,,0.5880210399627686,,0.5350097417831421,,112461.3828125,,0.2175685167312622,
dish_1565897617,feature-splatting,10.179365158081056,,0.4123300015926361,,0.6554533839225769,,113947.40625,,0.22044338285923,
dish_1565897680,feature-splatting,11.344919204711914,,0.5160609483718872,,0.4835697710514068,,114353.4296875,,0.2212288826704025,
dish_1565898128,feature-splatting,19.36379623413086,10.325234413146973,0.7057704925537109,0.2387486696243286,0.415624737739563,0.313965380191803,712522.0625,845976.4375,1.37844979763031,1.6366314888000488
dish_1565898158,feature-splatting,13.109256744384766,0.1461787521839141,0.536229133605957,0.0388935767114162,0.5895244479179382,0.0075628305785357,684583.6875,952148.5,1.3243999481201172,1.8420326709747317
dish_1565898230,feature-splatting,14.727866172790527,,0.5310611128807068,,0.4563303887844085,,113381.1796875,,0.2193479537963867,
dish_1565898331,feature-splatting,14.294303894042969,,0.4859025478363037,,0.6173211336135864,,113496.8984375,,0.219571828842163,
dish_1565898361,feature-splatting,12.535666465759276,,0.4562179744243622,,0.6116995215415955,,111721.3984375,,0.2161369323730468,
dish_1565898544,feature-splatting,12.748456954956056,,0.5183194875717163,,0.5537582039833069,,110992.0546875,,0.2147259414196014,
dish_1565898590,feature-splatting,15.054594039916992,3.1534852981567383,0.5884996652603149,0.1511958837509155,0.4441643953323364,0.1096979826688766,762244.5625,918405.4375,1.4746432304382324,1.776753067970276
dish_1565898659,feature-splatting,14.417006492614746,,0.439757227897644,,0.5509818196296692,,38344.51171875,,0.0741815418004989,
dish_1565898723,feature-splatting,14.49560832977295,,0.4951507449150085,,0.4903604388236999,,115481.0546875,,0.2234103828668594,
dish_1565898758,feature-splatting,12.201921463012695,1.3954761028289795,0.3873063325881958,0.0753498598933219,0.6263096332550049,0.1211604326963424,817667.875,995888.3125,1.5818655490875244,1.9266518354415891
dish_1565972429,feature-splatting,13.255861282348633,,0.4048310220241546,,0.5854983329772949,,112929.1015625,,0.2184733599424362,
dish_1565972591,feature-splatting,14.570234298706056,,0.6079930067062378,,0.5639544725418091,,113803.28125,,0.2201645523309707,
dish_1565972628,feature-splatting,10.32639980316162,,0.3879456222057342,,0.6961074471473694,,113140.5546875,,0.2188824415206909,
dish_1565972674,feature-splatting,13.764969825744627,2.0622122287750244,0.4770097732543945,0.0521395914256572,0.5513901710510254,0.0093557573854923,700339.4375,836371.25,1.3548812866210938,1.6180492639541626
dish_1565972715,feature-splatting,9.637358665466309,,0.3009194731712341,,0.632017195224762,,113783.4765625,,0.2201262414455413,
dish_1565974409,feature-splatting,9.387704849243164,3.370593309402466,0.4002279639244079,0.0526645742356777,0.6950178146362305,0.1430818140506744,776887.75,937112.1875,1.502971887588501,1.8129432201385496
dish_1565981802,feature-splatting,14.58135986328125,,0.5041223764419556,,0.5687888860702515,,114070.078125,,0.2206806987524032,
dish_1565981848,feature-splatting,11.37215805053711,1.091088891029358,0.4081084132194519,0.0125076882541179,0.687835156917572,0.0825010240077972,732022.5,871849.75,1.416175365447998,1.6866861581802368
dish_1565981898,feature-splatting,12.774520874023438,,0.4322966039180755,,0.515404462814331,,115656.765625,,0.2237503230571746,
dish_1565984299,feature-splatting,15.442051887512209,,0.618192195892334,,0.5409184694290161,,46114.7578125,,0.0892139077186584,
dish_1565984345,feature-splatting,13.78675937652588,,0.549454927444458,,0.5765902996063232,,109581.6875,,0.2119974344968795,
dish_1565986702,feature-splatting,14.421833038330078,1.229588747024536,0.6114325523376465,0.0299154538661241,0.5302205085754395,0.0090300887823104,742249.9375,887360.0625,1.4359614849090576,1.7166924476623535
dish_1565986733,feature-splatting,11.835616111755373,,0.4835078716278076,,0.5767897963523865,,113912.6875,,0.2203762233257293,
dish_1565986761,feature-splatting,19.431007385253903,11.313880920410156,0.6676568388938904,0.3140102028846741,0.3647083342075348,0.3068947494029999,722239.4375,862276.8125,1.3972491025924685,1.6681663990020752
dish_1565987015,feature-splatting,17.387500762939453,,0.6477994322776794,,0.3437325954437256,,21362.560546875,,0.0413281470537185,
dish_1565987054,feature-splatting,14.56941032409668,,0.5192495584487915,,0.3973701596260071,,114483.890625,,0.2214812636375427,
dish_1565987081,feature-splatting,18.75669479370117,8.31267261505127,0.6799046993255615,0.3567210435867309,0.3145018219947815,0.3485057950019836,723464.625,866671.9375,1.3996193408966064,1.676669001579285
dish_1565987116,feature-splatting,11.92940902709961,,0.417715311050415,,0.5674179196357727,,13406.4716796875,,0.0259362459182739,
dish_1565987142,feature-splatting,14.15622615814209,,0.5422284007072449,,0.4511848390102386,,112265.546875,,0.2171896547079086,
dish_1565987269,feature-splatting,12.866474151611328,,0.4806575775146484,,0.6971153020858765,,113113.0859375,,0.2188293039798736,
dish_1565987298,feature-splatting,18.008007049560547,3.060681104660034,0.6858294010162354,0.1272859722375869,0.4791812896728515,0.0737274810671806,679205.0,936713.6875,1.313994288444519,1.812172293663025
dish_1566230222,feature-splatting,16.082359313964844,,0.6502053737640381,,0.5059093832969666,,110457.0625,,0.2136909365653991,
dish_1566230258,feature-splatting,13.311540603637695,1.005096435546875,0.5359855890274048,0.0100309075787663,0.611339807510376,0.0826243013143539,657218.0,774533.0625,1.2714582681655884,1.498416781425476
dish_1566230300,feature-splatting,12.244943618774414,,0.5238627791404724,,0.5236771702766418,,112012.3671875,,0.2166998386383056,
dish_1566230377,feature-splatting,12.099069595336914,2.3456900119781494,0.4968817830085754,0.0676887854933738,0.5350853204727173,0.1105038300156593,749214.5625,1042006.75,1.4494352340698242,2.0158729553222656
dish_1566242164,feature-splatting,11.307581901550291,,0.4384387731552124,,0.6361812949180603,,111184.28125,,0.2150978296995163,
dish_1566242195,feature-splatting,12.01540756225586,,0.4467218518257141,,0.6015048027038574,,113400.34375,,0.219385027885437,
dish_1566242234,feature-splatting,11.614377975463867,0.5445285439491272,0.4309743642807007,0.0161706712096929,0.6466781497001648,0.0335147529840469,703516.0625,835528.0625,1.3610267639160156,1.6164180040359497
dish_1566242273,feature-splatting,11.86977767944336,,0.3917380571365356,,0.6041379570960999,,112030.578125,,0.2167350798845291,
dish_1566242298,feature-splatting,11.41151237487793,,0.4197573065757751,,0.5993945002555847,,114662.6875,,0.2218271642923355,
dish_1566244815,feature-splatting,14.50942611694336,,0.6498146057128906,,0.5188075304031372,,113583.375,,0.2197391241788864,
dish_1566244863,feature-splatting,11.965028762817385,2.673842668533325,0.5567033290863037,0.1307539194822311,0.5982375741004944,0.1712189614772796,827531.875,1013001.0,1.600948452949524,1.959758162498474
dish_1566244904,feature-splatting,13.699335098266602,1.872532606124878,0.5712321996688843,0.0297553371638059,0.5044643878936768,0.0635568127036094,744295.8125,892666.375,1.4399194717407229,1.7269580364227295
dish_1566244964,feature-splatting,13.587862014770508,,0.5071321725845337,,0.4701186418533325,,114187.65625,,0.2209081798791885,
dish_1566245365,feature-splatting,15.003252983093262,1.430077314376831,0.7312943935394287,0.0860635787248611,0.4091483056545257,0.1391514390707016,1238327.0,976800.0,2.3956754207611084,1.889723539352417
dish_1566245398,feature-splatting,15.411625862121582,,0.561778724193573,,0.5442317128181458,,113245.59375,,0.2190856486558914,
dish_1566245437,feature-splatting,11.56783676147461,0.0284831766039133,0.3875209093093872,0.0430005118250846,0.5529427528381348,0.0185623578727245,805963.5625,1112788.0,1.5592222213745115,2.1528067588806152
dish_1566246415,feature-splatting,12.154423713684082,,0.4182718694210052,,0.5673942565917969,,114310.0,,0.2211448550224304,
dish_1566246478,feature-splatting,20.891300201416016,11.728959083557127,0.6544209122657776,0.3716656863689422,0.3493543565273285,0.3512029647827148,672986.5625,913329.4375,1.3019641637802124,1.7669330835342407
dish_1566246513,feature-splatting,12.595004081726074,,0.386714905500412,,0.5725182890892029,,114119.25,,0.2207758277654647,
dish_1566246541,feature-splatting,20.078453063964844,10.825448036193848,0.6360024213790894,0.3444786369800567,0.3187097311019897,0.2971207201480865,682688.8125,934918.25,1.3207341432571411,1.8086987733840945
dish_1566246573,feature-splatting,11.152276039123535,,0.3497153222560882,,0.5628744959831238,,112352.1875,,0.217357262969017,
dish_1566246626,feature-splatting,11.730098724365234,0.3023722767829895,0.3616967797279358,0.0332456864416599,0.5929979681968689,0.0365151017904281,737612.625,881790.9375,1.4269901514053345,1.7059184312820437
dish_1566246902,feature-splatting,18.174156188964844,0.9936324954032898,0.7278764247894287,0.0641073808073997,0.534784734249115,0.0208783689886331,790547.0625,956094.75,1.5293974876403809,1.8496670722961424
dish_1566246946,feature-splatting,17.62049674987793,1.4409501552581787,0.6466805934906006,0.0540382452309131,0.6184897422790527,0.0330041423439979,763536.375,918011.9375,1.4771424531936646,1.775991916656494
dish_1566246972,feature-splatting,15.170455932617188,0.1665987372398376,0.617222785949707,0.0515184961259365,0.5326355695724487,0.0058880834840238,763733.3125,919472.8125,1.4775233268737793,1.778817892074585
dish_1566247003,feature-splatting,13.682361602783203,0.119041584432125,0.4470808506011963,0.0072606587782502,0.5412324666976929,0.035004012286663,709414.375,841978.875,1.3724377155303955,1.6288979053497314
dish_1566316496,feature-splatting,23.852649688720703,4.068495273590088,0.8767738342285156,0.0761913880705833,0.164414495229721,0.1231092885136604,654649.625,765048.1875,1.2664893865585327,1.480067014694214
dish_1566316525,feature-splatting,17.089872360229492,12.638672828674316,0.7170228362083435,0.2186045795679092,0.4277157187461853,0.3605140149593353,678743.6875,799221.0,1.3131017684936523,1.5461779832839966
dish_1566316558,feature-splatting,12.71298885345459,,0.5251044034957886,,0.5274998545646667,,113712.0546875,,0.219988077878952,
dish_1566316612,feature-splatting,10.44191074371338,,0.3597096800804138,,0.588774561882019,,114554.8515625,,0.2216185480356216,
dish_1566316681,feature-splatting,15.326129913330078,3.8083221912384033,0.6886570453643799,0.1633677780628204,0.4876400232315063,0.1841012984514236,657317.25,647961.1875,1.2716501951217651,1.2535499334335327
dish_1566316726,feature-splatting,19.43180084228516,,0.7293393015861511,,0.4151042997837066,,113651.40625,,0.2198707461357116,
dish_1566316757,feature-splatting,11.358912467956545,,0.4403424263000488,,0.5992652177810669,,114405.7109375,,0.2213300168514251,
dish_1566317801,feature-splatting,15.81150245666504,,0.6173605918884277,,0.5886821150779724,,114472.4921875,,0.221459224820137,
dish_1566328724,feature-splatting,22.54647254943848,10.337271690368652,0.7719466686248779,0.2571624219417572,0.2826646864414215,0.3088554441928863,677474.375,797437.375,1.3106461763381958,1.5427274703979492
dish_1566328745,feature-splatting,20.975547790527344,12.779163360595703,0.6570709943771362,0.3803733289241791,0.3583450317382812,0.3927583992481231,694897.3125,826607.9375,1.3443527221679688,1.59916090965271
dish_1566328776,feature-splatting,13.678789138793944,0.8693498969078064,0.478459745645523,0.0141533333808183,0.5527065396308899,0.0683211386203765,634707.5,872068.0625,1.2279092073440552,1.6871085166931152
dish_1566328805,feature-splatting,21.2869815826416,14.110209465026855,0.6531093716621399,0.4064671695232391,0.3289217352867126,0.3746053278446197,705353.375,838398.9375,1.3645812273025513,1.6219720840454102
dish_1566328831,feature-splatting,12.29790496826172,0.929681956768036,0.4378079175949096,0.0064225895330309,0.568588137626648,0.0338701754808425,666648.5,902219.25,1.2897024154663086,1.7454391717910769
dish_1566328894,feature-splatting,15.617996215820312,,0.5964058637619019,,0.6597538590431213,,114717.8203125,,0.221933826804161,
dish_1566328929,feature-splatting,13.204055786132812,0.2992271184921264,0.5270105004310608,0.0121697336435318,0.6407343149185181,0.0073958025313913,753986.5625,904177.375,1.458667278289795,1.7492274045944214
dish_1566328961,feature-splatting,11.960798263549805,0.9743757843971252,0.4604015946388244,0.0646388530731201,0.6879626512527466,0.0798623785376548,825571.0,1008846.625,1.5971548557281494,1.9517210721969604
dish_1566328988,feature-splatting,12.858383178710938,0.5861709713935852,0.4648824334144592,0.0519983582198619,0.5427700281143188,0.0428276062011718,705853.3125,911904.8125,1.3655482530593872,1.764176845550537
dish_1566329021,feature-splatting,13.874555587768556,3.4380640983581543,0.5546860694885254,0.0178534053266048,0.4373478293418884,0.0376632660627365,806570.5,979555.6875,1.560396432876587,1.8950546979904173
dish_1566329049,feature-splatting,10.781001091003418,0.8445068597793579,0.4002799391746521,0.0128500685095787,0.5679320693016052,0.0114131141453981,708435.0,985934.0625,1.3705427646636963,1.907394289970398
dish_1566329234,feature-splatting,14.068037033081056,,0.4985625743865967,,0.5633783936500549,,109560.7578125,,0.2119569480419159,
dish_1566329257,feature-splatting,12.907843589782717,1.0725975036621094,0.4617199599742889,0.0405145436525344,0.6279812455177307,0.0534773543477058,675540.3125,910049.125,1.306904673576355,1.7605869770050049
dish_1566330399,feature-splatting,20.426658630371094,8.862442016601562,0.7206920981407166,0.2758567631244659,0.3366090357303619,0.3016616404056549,725706.0625,863497.5,1.4039556980133057,1.6705278158187866
dish_1566330428,feature-splatting,13.48237133026123,1.0557279586791992,0.514258861541748,0.0865426957607269,0.6165997385978699,0.0064341379329562,720226.8125,858151.0625,1.393355369567871,1.660184621810913
dish_1566330466,feature-splatting,12.352481842041016,0.9654777646064758,0.5029314756393433,0.0173374004662036,0.5601093173027039,0.0310009457170963,637046.125,868330.8125,1.232433557510376,1.6798783540725708
dish_1566331801,feature-splatting,12.066906929016112,1.1391490697860718,0.5554020404815674,0.0539134070277214,0.6785407066345215,0.0847348496317863,673360.625,934192.75,1.3026877641677856,1.8072952032089236
dish_1566331828,feature-splatting,10.705733299255373,4.0052361488342285,0.4165199697017669,0.1205998808145523,0.6969239115715027,0.0211207121610641,740252.375,885610.375,1.4320969581604004,1.713307499885559
dish_1566331868,feature-splatting,13.11216163635254,0.2533268332481384,0.5007263422012329,0.0434784144163131,0.5077789425849915,0.0273095555603504,821952.875,1001005.5,1.5901552438735962,1.9365516901016235
dish_1566331914,feature-splatting,11.722456932067873,0.2271708399057388,0.4288744032382965,0.0371322594583034,0.5655804872512817,0.0161123182624578,773700.125,1068666.75,1.496805191040039,2.0674495697021484
dish_1566332040,feature-splatting,10.816939353942873,1.1279535293579102,0.4066950976848602,0.0856548324227333,0.6007648706436157,0.0954930856823921,754690.375,905777.6875,1.4600287675857544,1.7523232698440552
dish_1566332085,feature-splatting,11.96497631072998,,0.4999684691429138,,0.537767231464386,,113248.1953125,,0.2190906852483749,
dish_1566332116,feature-splatting,12.594975471496582,,0.4671760201454162,,0.5453367233276367,,116210.4296875,,0.2248214483261108,
dish_1566332154,feature-splatting,10.276737213134766,,0.3846693933010101,,0.5953075885772705,,24426.498046875,,0.0472556613385677,
dish_1566332193,feature-splatting,11.214292526245115,,0.3904092311859131,,0.6291351914405823,,114324.75,,0.2211733907461166,
dish_1566332268,feature-splatting,13.080974578857422,0.6110193729400635,0.4282110929489136,0.1146642342209816,0.5499654412269592,0.0748722776770591,710176.25,843232.0625,1.3739116191864014,1.631322145462036
dish_1566333118,feature-splatting,13.537907600402832,,0.5334441661834717,,0.653230607509613,,113129.3203125,,0.2188607156276703,
dish_1566333167,feature-splatting,13.38589096069336,,0.4984346628189087,,0.653091549873352,,115597.5234375,,0.2236357033252716,
dish_1566333194,feature-splatting,14.552873611450195,,0.5415191650390625,,0.6164075136184692,,113934.40625,,0.2204182296991348,
dish_1566333228,feature-splatting,16.167564392089844,2.773306369781494,0.5677624940872192,0.0117633957415819,0.411290168762207,0.119486503303051,697974.9375,831958.4375,1.350306749343872,1.609512209892273
dish_1566333255,feature-splatting,12.79749870300293,0.8257923126220703,0.4532343745231628,0.0030667942482978,0.5831106901168823,0.0213990937918424,726797.0,871164.0625,1.4060660600662231,1.6853594779968262
dish_1566333291,feature-splatting,12.202878952026367,,0.4157311916351318,,0.5908120274543762,,113236.8984375,,0.2190688252449035,
dish_1566333324,feature-splatting,12.332839965820312,0.0657605454325676,0.3674701154232025,0.0730885788798332,0.5438529253005981,0.0127066429704427,762615.25,919632.375,1.4753602743148804,1.779126524925232
dish_1566402160,feature-splatting,13.198257446289062,,0.4293956458568573,,0.5834635496139526,,113156.4921875,,0.218913272023201,
dish_1566402232,feature-splatting,13.42957592010498,,0.4810025095939636,,0.5277240872383118,,109944.09375,,0.2126985490322113,
dish_1566413321,feature-splatting,13.146282196044922,0.5244126915931702,0.4314488768577575,0.0154436165466904,0.5557974576950073,0.0325806513428688,716460.375,851633.75,1.3860688209533691,1.6475762128829956
dish_1566413356,feature-splatting,19.16346549987793,10.701295852661133,0.6547802090644836,0.3621166944503784,0.3340308964252472,0.3633784651756286,715939.125,991519.25,1.3850605487823486,1.9181995391845703
dish_1566413388,feature-splatting,17.258668899536133,4.423792839050293,0.683229923248291,0.1651172488927841,0.3473298549652099,0.1445775032043457,1132446.875,570216.375,2.1908390522003174,1.1031441688537598
dish_1566413419,feature-splatting,13.210671424865724,,0.432435929775238,,0.5295495986938477,,48287.62890625,,0.0934175550937652,
dish_1566413445,feature-splatting,16.48373031616211,7.748822212219238,0.5711344480514526,0.2471209168434143,0.3614842891693115,0.3236604928970337,791400.4375,964953.0,1.5310484170913696,1.8668042421340945
dish_1566413469,feature-splatting,19.879077911376957,10.125436782836914,0.6599803566932678,0.3303636908531189,0.3253409266471863,0.3237263262271881,749424.75,901889.25,1.4498419761657717,1.744800686836243
dish_1566413510,feature-splatting,12.226728439331056,0.5505848526954651,0.4031111001968384,0.0238746087998151,0.5811026096343994,0.049023400992155,759530.875,915114.0625,1.4693933725357056,1.7703856229782104
dish_1566414225,feature-splatting,22.806442260742188,6.63170337677002,0.7765859961509705,0.1772437691688537,0.2890212535858154,0.2778537571430206,783336.0,943012.25,1.5154469013214111,1.8243576288223269
dish_1566414291,feature-splatting,20.547985076904297,,0.6927904486656189,,0.3317385613918304,,114175.640625,,0.2208849340677261,
dish_1566414342,feature-splatting,15.764577865600586,6.860816955566406,0.5110143423080444,0.2006696164608001,0.4167099595069885,0.2728454768657684,838430.3125,1025965.0625,1.6220325231552124,1.9848384857177732
dish_1566414412,feature-splatting,12.60365390777588,0.5096019506454468,0.3884672224521637,0.0450705327093601,0.5439766049385071,0.031895387917757,777839.6875,938905.3125,1.5048136711120603,1.816412210464477
dish_1566414611,feature-splatting,10.79637050628662,,0.45634326338768,,0.6665341854095459,,114239.3515625,,0.2210081815719604,
dish_1566414642,feature-splatting,18.899511337280277,12.543824195861816,0.6425470113754272,0.3686255216598511,0.3831129372119903,0.3976591825485229,738328.5,880841.5,1.4283751249313354,1.7040815353393557
dish_1566414686,feature-splatting,19.491527557373047,9.871707916259766,0.6587072610855103,0.3768628239631653,0.3126884698867798,0.2823242247104645,846514.4375,1032867.0625,1.6376723051071167,1.9981913566589355
dish_1566414723,feature-splatting,11.850793838500977,0.1757098734378814,0.3904208838939667,0.0246457494795322,0.5489912033081055,0.0592999830842018,822366.1875,1004967.4375,1.5909548997879028,1.94421648979187
dish_1566414754,feature-splatting,13.039417266845703,,0.4663520455360412,,0.5196323990821838,,114229.3359375,,0.2209888100624084,
dish_1566414780,feature-splatting,15.987016677856444,,0.5533757209777832,,0.3865078091621399,,115145.515625,,0.222761258482933,
dish_1566414862,feature-splatting,16.840280532836914,,0.642281174659729,,0.5722965002059937,,114850.359375,,0.2221902459859848,
dish_1566414891,feature-splatting,16.816457748413086,,0.6831430196762085,,0.2913491427898407,,113860.484375,,0.2202752232551574,
dish_1566414924,feature-splatting,12.003103256225586,,0.4487071633338928,,0.5283597707748413,,112365.4921875,,0.2173829972743988,
dish_1566415520,feature-splatting,12.158037185668944,,0.4484713971614837,,0.5715343356132507,,113218.4453125,,0.2190331369638443,
dish_1566415558,feature-splatting,13.412052154541016,,0.495166540145874,,0.4941306710243225,,114778.359375,,0.2220509499311447,
dish_1566415591,feature-splatting,13.252507209777832,1.2421910762786863,0.4719203114509582,0.0365766361355781,0.5308457612991333,0.0194627828896045,869560.6875,1069783.75,1.6822576522827148,2.069610595703125
dish_1566416299,feature-splatting,14.392450332641602,,0.4751378297805786,,0.5734653472900391,,112844.921875,,0.2183105051517486,
dish_1566416339,feature-splatting,19.976926803588867,,0.6794328093528748,,0.3148642778396606,,115282.75,,0.2230267524719238,
dish_1566416388,feature-splatting,14.302286148071287,2.1360082626342773,0.5157787799835205,0.0739888548851013,0.5336666703224182,0.0801329389214515,823647.25,1002614.6875,1.5934332609176636,1.9396648406982424
dish_1566416421,feature-splatting,19.94300079345703,8.696125984191895,0.6887269020080566,0.2703381776809692,0.3206492662429809,0.2894656658172607,816414.1875,994591.25,1.5794401168823242,1.924142599105835
dish_1566416455,feature-splatting,15.43387508392334,,0.5376472473144531,,0.4828439056873321,,113583.828125,,0.2197400033473968,
dish_1566417442,feature-splatting,10.879734992980955,,0.3664870858192444,,0.603510320186615,,113327.953125,,0.2192449867725372,
dish_1566417475,feature-splatting,11.987228393554688,,0.3974641263484955,,0.5710861086845398,,111206.3671875,,0.215140551328659,
dish_1566417516,feature-splatting,13.017412185668944,0.520518958568573,0.381301075220108,0.0818966403603553,0.5508393049240112,0.0230926368385553,53482.875,13767.388671875,0.1034683138132095,0.0266344752162694
dish_1566419510,feature-splatting,16.257511138916016,0.4867549538612366,0.6189230680465698,0.0420564450323581,0.5446812510490417,0.0675887688994407,835387.75,1020089.875,1.6161465644836426,1.973472595214844
dish_1566419546,feature-splatting,16.8797664642334,0.6650894284248352,0.6276165246963501,0.0030885632149875,0.5026190280914307,0.0054519264958798,812541.5625,988166.75,1.5719481706619265,1.9117138385772705
dish_1566419577,feature-splatting,13.587194442749023,3.971345186233521,0.5203260779380798,0.0885118395090103,0.5982403755187988,0.1284973174333572,817335.4375,996041.1875,1.581222414970398,1.9269477128982544
dish_1566419603,feature-splatting,16.99696159362793,2.823366165161133,0.5540862679481506,0.1784491688013076,0.4536954164505005,0.1422997564077377,782100.1875,945004.25,1.5130560398101809,1.8282111883163448
dish_1566419635,feature-splatting,22.611387252807617,10.39577865600586,0.7060126066207886,0.2820132076740265,0.2823456525802612,0.3062528371810913,787930.625,951236.625,1.5243357419967651,1.8402684926986692
dish_1566488928,feature-splatting,18.268091201782227,,0.6069815158843994,,0.3902188837528229,,115472.765625,,0.2233943492174148,
dish_1566488956,feature-splatting,17.20648765563965,,0.6711708903312683,,0.4562247991561889,,113524.3984375,,0.2196250259876251,
dish_1566499633,feature-splatting,15.66352081298828,0.4674395620822906,0.5119310617446899,0.0277842134237289,0.5126856565475464,0.0236726198345422,808429.5625,989618.3125,1.563992977142334,1.9145219326019287
dish_1566499686,feature-splatting,16.854082107543945,,0.5355892181396484,,0.4893314242362976,,116181.8515625,,0.2247661501169204,
dish_1566500963,feature-splatting,11.745389938354492,,0.3817523419857025,,0.6038421988487244,,114643.0859375,,0.2217892557382583,
dish_1566500988,feature-splatting,18.0024471282959,5.717286586761475,0.5761897563934326,0.1553889811038971,0.3893588185310364,0.2231432199478149,766015.125,923080.1875,1.4819377660751345,1.785796880722046
dish_1566501041,feature-splatting,19.237472534179688,6.309377193450928,0.663970410823822,0.2997579276561737,0.3169398605823517,0.2958489954471588,769799.8125,932132.3125,1.4892596006393433,1.8033090829849243
dish_1566501067,feature-splatting,18.442949295043945,6.700210094451904,0.6640605330467224,0.3044804036617279,0.3516914248466491,0.3319729566574096,741112.1875,899621.6875,1.4337602853775024,1.740413784980774
dish_1566501126,feature-splatting,13.869779586791992,,0.3715604245662689,,0.620312511920929,,113401.2734375,,0.2193868309259414,
dish_1566501153,feature-splatting,14.413835525512695,1.2250362634658811,0.4293116331100464,0.0083113582804799,0.5629442930221558,0.0127612650394439,756345.125,909865.375,1.4632301330566406,1.760231375694275
dish_1566501258,feature-splatting,12.90428638458252,,0.3880828619003296,,0.6230961680412292,,112864.7109375,,0.2183488011360168,
dish_1566501382,feature-splatting,10.124034881591797,,0.3342572152614593,,0.6558525562286377,,114398.296875,,0.2213156819343567,
dish_1566501447,feature-splatting,11.168092727661133,,0.3692400455474853,,0.6195319890975952,,112373.5703125,,0.2173986285924911,
dish_1566501473,feature-splatting,19.672107696533203,10.626293182373049,0.6700831651687622,0.3662670254707336,0.3037470579147339,0.3502578437328338,716143.75,991827.375,1.3854563236236572,1.9187957048416135
dish_1566501575,feature-splatting,12.359137535095217,0.1255827695131302,0.5671980381011963,0.0433608889579772,0.4540349245071411,0.0485528968274593,797036.5,965760.25,1.5419520139694214,1.868366003036499
dish_1566501594,feature-splatting,11.265213966369627,,0.4047898650169372,,0.6309665441513062,,114794.171875,,0.2220815420150756,
dish_1566502000,feature-splatting,17.730899810791016,,0.5748046636581421,,0.4914422035217285,,115152.859375,,0.2227754592895507,
dish_1566502033,feature-splatting,21.41472053527832,7.395028114318848,0.6720846891403198,0.2411224991083145,0.3244334459304809,0.2606043517589569,808265.5625,978795.875,1.5636756420135498,1.8935846090316768
dish_1566502061,feature-splatting,19.477672576904297,8.30923843383789,0.6546061038970947,0.3231293261051178,0.3431300520896911,0.3466252982616424,719829.5625,987505.25,1.3925869464874268,1.910434007644653
dish_1566502211,feature-splatting,14.97000789642334,,0.5077490210533142,,0.5058848857879639,,112050.4140625,,0.2167734503746032,
dish_1566502271,feature-splatting,10.211787223815918,0.6757724285125732,0.3316990435123443,0.1192594841122627,0.6466934084892273,0.0276210214942693,781149.3125,945273.875,1.511216402053833,1.8287328481674197
dish_1566502315,feature-splatting,12.183971405029297,0.734807014465332,0.3641448616981506,0.0122988931834697,0.5558788180351257,0.0486599691212177,857945.5,1054457.625,1.6597869396209717,2.0399603843688965
dish_1566502437,feature-splatting,15.35872745513916,,0.5014165639877319,,0.516004741191864,,114421.84375,,0.2213612347841262,
dish_1566502505,feature-splatting,12.680452346801758,0.6182011961936951,0.4616057872772217,0.0308431275188922,0.5411208271980286,0.0666456297039985,912413.75,1128815.125,1.7651615142822266,2.183813095092773
dish_1566502537,feature-splatting,14.003156661987305,1.134651780128479,0.4757286310195923,0.0205416791141033,0.5107868909835815,0.0096267191693186,862174.6875,1201944.25,1.6679686307907104,2.325289011001587
dish_1566502573,feature-splatting,13.223699569702148,,0.4684957265853882,,0.5730388164520264,,112751.6640625,,0.2181300967931747,
dish_1566587143,feature-splatting,17.44837188720703,2.796569585800171,0.6424530148506165,0.1000329330563545,0.4159908592700958,0.0739462673664093,804222.8125,973279.5,1.5558546781539917,1.882912755012512
dish_1566587182,feature-splatting,13.53625774383545,,0.4729223251342773,,0.5444416999816895,,114978.9765625,,0.2224390655755996,
dish_1566587689,feature-splatting,14.825336456298828,,0.529438853263855,,0.5419281721115112,,114384.53125,,0.2212890535593032,
dish_1566587714,feature-splatting,15.238664627075195,,0.4983088374137878,,0.5627759695053101,,112588.671875,,0.2178147733211517,
dish_1566587958,feature-splatting,14.779316902160645,0.3432749509811401,0.5702928304672241,0.0361573174595832,0.5915991067886353,0.0854770988225936,788452.0,953047.5625,1.5253442525863647,1.8437719345092771
dish_1566588016,feature-splatting,9.111863136291504,,0.372938722372055,,0.6420561075210571,,112581.9921875,,0.2178018391132354,
dish_1566588066,feature-splatting,12.400875091552734,,0.431922048330307,,0.6281659603118896,,115100.9140625,,0.2226749658584594,
dish_1566589933,feature-splatting,10.603002548217772,,0.4706178307533264,,0.5830000042915344,,113653.421875,,0.2198746353387832,
dish_1566589967,feature-splatting,15.045467376708984,2.846285820007324,0.5185003876686096,0.1552478373050689,0.5423425436019897,0.081196092069149,793708.0625,963945.9375,1.5355128049850464,1.8648560047149656
dish_1566590007,feature-splatting,12.771947860717772,1.4212348461151123,0.4020062685012817,0.0667440667748451,0.5941542387008667,0.0490292198956012,845039.1875,1036497.1875,1.634818196296692,2.005213975906372
dish_1566590056,feature-splatting,12.778325080871582,0.1049490272998809,0.390638530254364,0.0212094951421022,0.6168371438980103,0.0162133444100618,862785.0,1058253.875,1.669149398803711,2.047304630279541
dish_1566590566,feature-splatting,14.913267135620115,,0.5976741313934326,,0.5111608505249023,,115134.609375,,0.2227401584386825,
dish_1566590946,feature-splatting,13.904653549194336,,0.5566365718841553,,0.577048659324646,,114069.375,,0.2206793427467346,
dish_1566590987,feature-splatting,10.912979125976562,1.2194445133209229,0.396295964717865,0.0427896715700626,0.6723282337188721,0.022082082927227,748138.0,894621.25,1.4473525285720823,1.730739951133728
dish_1566591022,feature-splatting,11.797405242919922,2.631479263305664,0.4089598357677459,0.1025646477937698,0.6207355260848999,0.0923226326704025,693977.625,820230.0625,1.3425735235214231,1.586822271347046
dish_1566591048,feature-splatting,12.25233268737793,1.7891950607299805,0.4096410274505615,0.0690109953284263,0.5911688208580017,0.0230238959193229,701773.375,830288.3125,1.3576552867889404,1.606281042098999
dish_1566591080,feature-splatting,12.89587688446045,,0.4326076507568359,,0.58493971824646,,113902.609375,,0.2203567177057266,
dish_1566592456,feature-splatting,13.701231002807615,1.9294369220733645,0.5565788745880127,0.0134271848946809,0.5802181959152222,0.0280246622860431,679488.375,800977.8125,1.3145426511764526,1.5495768785476685
dish_1566835603,feature-splatting,16.645299911499023,,0.6330142021179199,,0.5755233764648438,,112768.0234375,,0.2181617468595504,
dish_1566835641,feature-splatting,15.412589073181152,,0.5266890525817871,,0.5645769834518433,,111680.375,,0.2160575687885284,
dish_1566835701,feature-splatting,12.700681686401367,0.609078586101532,0.474971055984497,0.0249922592192888,0.5611892342567444,0.0112896235659718,628383.4375,833490.5,1.215674638748169,1.612476110458374
dish_1566838378,feature-splatting,12.71717929840088,,0.5238469839096069,,0.5017954707145691,,114494.9375,,0.2215026468038559,
dish_1566838407,feature-splatting,20.031984329223636,,0.7725383639335632,,0.1979716718196869,,113449.4765625,,0.2194800823926925,
dish_1566844766,feature-splatting,11.322683334350586,1.8416588306427,0.4120112359523773,0.0215967204421758,0.6373584866523743,0.0217136349529027,757134.625,909862.625,1.4647574424743652,1.7602260112762451
dish_1566844803,feature-splatting,11.959257125854492,0.9883449673652648,0.375279426574707,0.0182729344815015,0.5663416981697083,0.0138102574273943,832125.1875,1017188.0625,1.6098346710205078,1.9678585529327397
dish_1566844850,feature-splatting,11.35833740234375,,0.3635284304618835,,0.5356438755989075,,114053.9140625,,0.2206494361162185,
dish_1566846997,feature-splatting,15.1494722366333,,0.590509831905365,,0.5306555032730103,,114295.046875,,0.2211159318685531,
dish_1566847043,feature-splatting,11.827835083007812,,0.4697787463665008,,0.5201358795166016,,114005.484375,,0.2205557376146316,
dish_1566847431,feature-splatting,16.07320213317871,0.0532196685671806,0.6566915512084961,0.0651047006249427,0.5286787152290344,0.0092499684542417,759466.0625,918932.375,1.4692678451538086,1.7777725458145142
dish_1566847454,feature-splatting,10.845687866210938,2.072580337524414,0.489942193031311,0.0219750925898551,0.6583922505378723,0.073732204735279,721144.5625,859338.8125,1.3951308727264404,1.6624823808670044
dish_1566847483,feature-splatting,13.94958782196045,1.9261568784713743,0.5814241766929626,0.0102909114211797,0.4578319489955902,0.0043857167474925,865989.3125,1063651.5,1.6753485202789309,2.0577471256256104
dish_1566849208,feature-splatting,12.620036125183104,,0.5264798998832703,,0.4898198544979095,,113461.65625,,0.21950364112854,
dish_1566849233,feature-splatting,11.348405838012695,1.555042028427124,0.4649738669395447,0.0394525043666362,0.5136036276817322,0.0234563443809747,815958.1875,994325.125,1.5785579681396484,1.9236277341842647
dish_1566849269,feature-splatting,12.279706954956056,0.4073361456394195,0.4150382280349731,0.0467362813651561,0.5919674634933472,0.0001784497580956,752293.75,906276.375,1.455392360687256,1.7532880306243896
dish_1566849295,feature-splatting,10.261638641357422,,0.3805442452430725,,0.5774771571159363,,112331.34375,,0.2173169404268264,
dish_1566849387,feature-splatting,11.818608283996582,,0.3090512752532959,,0.6082374453544617,,108567.109375,,0.2100346237421035,
dish_1566849923,feature-splatting,9.645116806030272,,0.4017586410045624,,0.698632538318634,,112144.2578125,,0.2169550061225891,
dish_1566849955,feature-splatting,9.540178298950195,,0.4064343869686126,,0.6688944101333618,,113844.84375,,0.2202449589967727,
dish_1566849987,feature-splatting,16.96625518798828,10.170392990112305,0.6406148672103882,0.3814862668514251,0.3865035772323608,0.4022269248962402,709845.6875,844935.0,1.3732720613479614,1.634616732597351
dish_1566850031,feature-splatting,11.712272644042969,0.3389388918876648,0.4373190999031067,0.0518544688820838,0.6846957206726074,0.1034025698900222,657860.1875,888533.875,1.272700548171997,1.7189632654190063
dish_1566850099,feature-splatting,17.94963264465332,5.60452938079834,0.6752587556838989,0.1548647582530975,0.3389660120010376,0.2237444967031479,753405.0,904692.0,1.4575421810150146,1.7502230405807495
dish_1566850142,feature-splatting,13.2423095703125,0.4092000424861908,0.4883787930011749,0.0548633523285388,0.4738974571228027,0.032578270882368,787286.8125,950148.125,1.523090124130249,1.8381626605987549
dish_1566851115,feature-splatting,13.153848648071287,1.911083102226257,0.5800174474716187,0.0351313799619674,0.5492874979972839,0.0192778836935758,707347.5625,967634.3125,1.3684390783309937,1.871991515159607
dish_1566851155,feature-splatting,15.071935653686523,6.119381904602051,0.5728194117546082,0.1670305728912353,0.4373638033866882,0.202632263302803,795422.1875,968374.625,1.53882896900177,1.873423933982849
dish_1566851198,feature-splatting,15.58316707611084,4.387343883514404,0.5735890865325928,0.165062740445137,0.4311951100826263,0.2153093218803405,666359.8125,930579.5,1.2891439199447632,1.8003051280975342
dish_1566851222,feature-splatting,13.380288124084473,0.5399800539016724,0.465926319360733,0.0329285748302936,0.5068875551223755,0.0318425968289375,781394.3125,944083.4375,1.511690378189087,1.826429843902588
dish_1566851549,feature-splatting,16.425813674926758,,0.64352947473526,,0.5467064380645752,,114697.3203125,,0.2218941748142242,
dish_1566851584,feature-splatting,14.539764404296877,0.0865682810544967,0.6071493625640869,0.1329035609960556,0.5445408225059509,0.0538339167833328,671194.375,889545.625,1.298496961593628,1.7209205627441406
dish_1566851616,feature-splatting,14.7042236328125,,0.5320391654968262,,0.5295210480690002,,114565.703125,,0.2216395437717437,
dish_1566851677,feature-splatting,19.77567672729492,0.3540335297584533,0.726662278175354,0.0153040690347552,0.252683013677597,0.0148433297872543,666940.5,791040.375,1.2902673482894895,1.5303518772125244
dish_1566851704,feature-splatting,13.989042282104492,,0.4469975233078003,,0.4982210993766784,,115042.1953125,,0.2225613743066787,
dish_1566920304,feature-splatting,17.17359161376953,,0.6825125217437744,,0.4375587105751037,,112943.265625,,0.2185007631778717,
dish_1566920365,feature-splatting,13.61137580871582,0.1487642079591751,0.4371276497840881,0.0172467641532421,0.5907260179519653,0.0276764445006847,684225.8125,808719.375,1.3237075805664062,1.5645537376403809
dish_1566922978,feature-splatting,19.92789649963379,,0.7626827955245972,,0.3867034912109375,,113069.71875,,0.2187454104423523,
dish_1566923004,feature-splatting,19.41364860534668,5.790060520172119,0.7670885324478149,0.1130044236779213,0.346251368522644,0.205665647983551,768255.125,929051.1875,1.4862712621688845,1.7973484992980957
dish_1566923030,feature-splatting,13.503729820251465,0.4393826723098755,0.6542410850524902,0.0597004294395446,0.4637669026851654,0.1464061737060547,938630.5625,549554.8125,1.81588077545166,1.0631723403930664
dish_1566923060,feature-splatting,16.430522918701172,,0.6018413305282593,,0.4325609505176544,,32868.08203125,,0.063586801290512,
dish_1566931116,feature-splatting,16.054471969604492,,0.6189349889755249,,0.5575898289680481,,113718.3515625,,0.2200002521276474,
dish_1566931140,feature-splatting,15.491125106811523,1.2167370319366455,0.6408931016921997,0.0062046903185546,0.4927018284797668,0.028768828138709,713585.375,850288.125,1.3805068731307983,1.644972801208496
dish_1566931179,feature-splatting,17.54138946533203,4.670039176940918,0.614383339881897,0.1166611313819885,0.3641974627971649,0.2145739644765854,764109.75,920049.5625,1.478251576423645,1.7799336910247805
dish_1566931217,feature-splatting,17.416833877563477,7.493006229400635,0.6816843748092651,0.2666349112987518,0.2955219745635986,0.2938283383846283,812569.25,987794.125,1.5720016956329346,1.9109928607940676
dish_1566931482,feature-splatting,12.685617446899414,,0.4914838075637817,,0.4999054670333862,,114692.03125,,0.221883937716484,
dish_1566931519,feature-splatting,17.495262145996094,8.391037940979004,0.6303852796554565,0.1983965337276458,0.3323688209056854,0.2165383845567703,881052.3125,1086262.625,1.7044894695281982,2.1014907360076904
dish_1566931548,feature-splatting,11.196944236755373,,0.4201194643974304,,0.5610055923461914,,115697.90625,,0.223829910159111,
dish_1566931586,feature-splatting,12.26642894744873,0.1718822717666626,0.4130410254001617,0.0561378337442874,0.562828540802002,0.0565239377319812,795010.25,963907.4375,1.5380319356918335,1.8647814989089968
dish_1566931620,feature-splatting,11.791030883789062,1.4982995986938477,0.434628814458847,0.0661072880029678,0.5402497053146362,0.0273563396185636,779311.4375,1084998.125,1.507660984992981,2.0990443229675293
dish_1566931650,feature-splatting,17.299903869628906,9.836492538452148,0.6318736672401428,0.3269773721694946,0.3868968784809112,0.3255550265312195,670978.5,790254.25,1.298079252243042,1.5288310050964355
dish_1566931674,feature-splatting,11.32982349395752,,0.4315950870513916,,0.56145179271698,,116010.609375,,0.2244348675012588,
dish_1566933180,feature-splatting,14.280898094177246,,0.5609306693077087,,0.5990477800369263,,114209.6015625,,0.2209506332874298,
dish_1566933226,feature-splatting,14.7469482421875,1.5278427600860596,0.59685218334198,0.0360090881586074,0.5229271054267883,0.0795354023575782,727512.25,870799.5,1.4074499607086182,1.6846543550491333
dish_1566933401,feature-splatting,12.757304191589355,,0.5267506837844849,,0.5973424315452576,,114046.0390625,,0.2206341922283172,
dish_1566933454,feature-splatting,11.642906188964844,,0.4310836493968963,,0.5346749424934387,,113935.8046875,,0.2204209417104721,
dish_1566933498,feature-splatting,18.09730529785156,7.224882125854492,0.6251519918441772,0.178768128156662,0.3182279169559479,0.254133403301239,785622.8125,951259.125,1.5198709964752195,1.840312123298645
dish_1566934057,feature-splatting,14.522345542907717,0.8145131468772888,0.6655232310295105,0.0226857103407382,0.5043109059333801,0.1079033464193344,716680.75,852286.8125,1.3864952325820925,1.6488395929336548
dish_1566934085,feature-splatting,12.408985137939451,0.3160683214664459,0.516952633857727,0.0094862021505832,0.571799635887146,0.0044088130816817,737665.625,882165.6875,1.427092671394348,1.7066434621810913
dish_1566934120,feature-splatting,12.16905403137207,1.5433967113494873,0.4451253712177276,0.0450004413723945,0.6090340614318848,0.0358828566968441,737650.8125,882647.3125,1.4270639419555664,1.7075750827789309
dish_1566934152,feature-splatting,12.076431274414062,1.090829849243164,0.4440510272979736,0.0126703539863228,0.601184606552124,0.022245991975069,694002.3125,960985.9375,1.3426213264465332,1.859129548072815
dish_1566934366,feature-splatting,14.879270553588867,,0.6412491202354431,,0.5877202153205872,,109736.484375,,0.2122969031333923,
dish_1566934401,feature-splatting,20.25074577331543,8.685310363769531,0.7429782748222351,0.260374367237091,0.3308639526367187,0.2878935635089874,741195.5625,885838.0,1.4339216947555542,1.7137479782104492
dish_1566934430,feature-splatting,12.184179306030272,0.7355704307556152,0.4935013055801391,0.0113388504832983,0.5940028429031372,0.0326427780091762,749111.375,901157.0,1.4492356777191162,1.7433841228485107
dish_1566934455,feature-splatting,13.858089447021484,0.492669016122818,0.5276339054107666,0.0040302923880517,0.558677077293396,0.024512480944395,72012.0703125,24508.880859375,0.1393150240182876,0.0474150404334068
dish_1566934487,feature-splatting,15.318683624267578,2.972524881362915,0.5446763038635254,0.0862829834222793,0.4711791276931762,0.0857165530323982,667986.1875,902513.875,1.2922903299331665,1.7460092306137085
dish_1566936266,feature-splatting,16.54821014404297,0.0158081036061048,0.6517541408538818,0.007350958418101,0.5629041194915771,0.008495582267642,750864.8125,901047.0,1.4526278972625732,1.7431713342666626
dish_1566936297,feature-splatting,15.55787467956543,1.56477689743042,0.5718268156051636,0.0130932135507464,0.5546104907989502,0.0108157666400074,766340.875,923092.1875,1.4825679063796997,1.7858200073242188
dish_1566936323,feature-splatting,16.125865936279297,0.0703494995832443,0.6224101781845093,0.0581764318048954,0.5028958320617676,0.0191871002316474,739516.5,885559.125,1.430673360824585,1.7132083177566528
dish_1566936352,feature-splatting,15.717992782592772,0.3336580693721771,0.5964915752410889,0.0801857709884643,0.4875523746013641,0.0066035259515047,690931.5,933460.875,1.33668053150177,1.8058793544769287
dish_1566937992,feature-splatting,15.100543022155762,0.9722084403038024,0.5887691378593445,0.0153184402734041,0.5961316823959351,0.0429895743727684,703614.375,978316.1875,1.3612167835235596,1.8926568031311035
dish_1566938026,feature-splatting,16.887815475463867,1.6977216005325315,0.6112616062164307,0.0291298795491457,0.5346616506576538,0.0941966027021408,745445.125,892508.1875,1.4421429634094238,1.7266521453857422
dish_1566938059,feature-splatting,15.235628128051758,,0.5309373736381531,,0.5081023573875427,,114809.828125,,0.2221118360757827,
dish_1566938088,feature-splatting,12.35826015472412,1.1479884386062622,0.3884491622447967,0.0026228826027363,0.59464430809021,0.0058314800262451,736565.0,882421.0,1.424963355064392,1.7071373462677002
dish_1567007814,feature-splatting,12.8170804977417,,0.5388216376304626,,0.570171058177948,,115236.21875,,0.2229367345571518,
dish_1567019993,feature-splatting,17.22527503967285,,0.6735345125198364,,0.4586994647979736,,115648.265625,,0.2237338721752166,
dish_1567020054,feature-splatting,13.13102912902832,3.765891075134277,0.5362337827682495,0.0927261859178543,0.5418452620506287,0.0758902877569198,667827.4375,896087.5,1.2919832468032837,1.7335765361785889
dish_1567020091,feature-splatting,18.382322311401367,10.776906967163086,0.6614536643028259,0.333391785621643,0.3188255727291107,0.2773965299129486,781997.5625,949725.875,1.512857437133789,1.8373457193374636
dish_1567020340,feature-splatting,12.770135879516602,,0.5494661331176758,,0.5279375314712524,,113252.078125,,0.2190981954336166,
dish_1567020366,feature-splatting,13.783617973327637,1.035597324371338,0.516850471496582,0.0689076334238052,0.5014044046401978,0.0510072521865367,797215.375,966427.9375,1.5422979593276978,1.8696577548980715
dish_1567020394,feature-splatting,17.495697021484375,10.23791217803955,0.6191732287406921,0.2553909420967102,0.3458261787891388,0.2900638580322265,807716.0,982119.6875,1.562612533569336,1.9000149965286253
dish_1567020417,feature-splatting,19.915964126586918,13.463165283203123,0.6634750366210938,0.3668980896472931,0.3005098104476928,0.3164385557174682,839349.1875,1025808.375,1.6238104104995728,1.9845354557037356
dish_1567021799,feature-splatting,15.309699058532717,,0.589653491973877,,0.4525694251060486,,112054.546875,,0.2167814522981643,
dish_1567021831,feature-splatting,11.965744972229004,,0.3974545896053314,,0.5843949913978577,,92689.5859375,,0.1793178617954254,
dish_1567022180,feature-splatting,13.067771911621094,,0.4176427125930786,,0.6047317385673523,,111737.6796875,,0.2161684334278106,
dish_1567022212,feature-splatting,9.887408256530762,,0.4189331531524658,,0.643944263458252,,109195.84375,,0.2112509757280349,
dish_1567022296,feature-splatting,10.12709140777588,,0.3305346369743347,,0.6379954814910889,,106564.671875,,0.206160694360733,
dish_1567022383,feature-splatting,10.150238990783691,,0.3429836928844452,,0.6404779553413391,,29934.1328125,,0.0579107664525508,
dish_1567023132,feature-splatting,15.369939804077148,,0.6111378073692322,,0.5280399918556213,,13962.3544921875,,0.0270116608589887,
dish_1567023161,feature-splatting,24.25889587402344,9.13791275024414,0.7857946157455444,0.2163611054420471,0.2731154263019562,0.2851839959621429,756923.25,908866.3125,1.4643484354019165,1.7582985162734983
dish_1567023184,feature-splatting,16.787620544433594,7.227890968322754,0.6359196901321411,0.1517885476350784,0.3557106256484985,0.2154354900121688,729442.875,1005768.9375,1.411184787750244,1.945766925811768
dish_1567023262,feature-splatting,14.17185401916504,1.9321106672286987,0.5899909734725952,0.0652559250593185,0.5434043407440186,0.0977057516574859,766481.875,921147.25,1.4828407764434814,1.7820574045181274
dish_1567023296,feature-splatting,12.246659278869627,,0.5421196222305298,,0.51569664478302,,111662.234375,,0.2160224765539169,
dish_1567023335,feature-splatting,13.155313491821287,,0.5019515752792358,,0.5093961954116821,,15246.671875,,0.0294963084161281,
dish_1567023375,feature-splatting,21.427186965942383,0.5748587250709534,0.7205361127853394,0.014998166821897,0.1788045167922973,0.0002164240722777,695676.375,924915.3125,1.3458600044250488,1.7893471717834473
dish_1567024066,feature-splatting,17.522279739379883,,0.6247144341468811,,0.4971790909767151,,114334.375,,0.2211920171976089,
dish_1567024112,feature-splatting,16.90848159790039,,0.6563329100608826,,0.531013011932373,,113903.8046875,,0.2203590273857116,
dish_1567024135,feature-splatting,15.549869537353516,0.4820297956466675,0.5633550882339478,0.0312781445682048,0.6046962141990662,0.0209790151566267,722372.5625,862631.4375,1.3975067138671875,1.6688523292541504
dish_1567024187,feature-splatting,14.185017585754396,,0.5812267065048218,,0.5274311900138855,,112832.1015625,,0.2182857096195221,
dish_1567024224,feature-splatting,12.45875072479248,,0.4713201522827148,,0.5858637094497681,,47601.32421875,,0.0920898243784904,
dish_1567024252,feature-splatting,19.757692337036133,8.059137344360352,0.6723121404647827,0.3155630230903625,0.3113943934440613,0.3205389976501465,740977.875,886929.3125,1.4335006475448608,1.7158591747283936
dish_1567106646,feature-splatting,11.41750431060791,,0.4433632791042328,,0.6002681255340576,,113257.671875,,0.2191090136766433,
dish_1567106668,feature-splatting,15.219392776489258,,0.5431275367736816,,0.5262007117271423,,112700.71875,,0.2180315405130386,
dish_1567106794,feature-splatting,18.41122817993164,,0.6907934546470642,,0.3235863447189331,,22990.09375,,0.04447678104043,
dish_1567106825,feature-splatting,13.537266731262209,,0.5105897188186646,,0.5192158818244934,,109408.96875,,0.2116632908582687,
dish_1567106870,feature-splatting,14.74272346496582,0.4679412841796875,0.5745097994804382,0.0084648570045828,0.4876447916030884,0.0402242988348007,657392.75,906155.1875,1.2717962265014648,1.7530536651611328
dish_1567107049,feature-splatting,11.990537643432615,,0.4542369842529297,,0.6575947999954224,,110553.2109375,,0.2138769477605819,
dish_1567110631,feature-splatting,16.801498413085938,3.971882581710816,0.595202624797821,0.0694837123155593,0.3956605195999145,0.1188936233520507,765085.5,925680.9375,1.4801393747329712,1.7908282279968262
dish_1567110665,feature-splatting,19.17711639404297,8.42072582244873,0.6941956877708435,0.3255266547203064,0.272609531879425,0.2958323657512665,761969.4375,1044729.6875,1.4741109609603882,2.021140813827514
dish_1567110756,feature-splatting,16.010860443115234,,0.627244770526886,,0.5632343292236328,,10023.353515625,,0.019391244277358,
dish_1567110783,feature-splatting,11.31650447845459,,0.5921300649642944,,0.6078692674636841,,31732.033203125,,0.0613889954984188,
dish_1567110811,feature-splatting,14.86705207824707,0.2560532391071319,0.5791028738021851,0.0108786495402455,0.5013112425804138,0.0275780949741601,793505.125,969229.6875,1.535120129585266,1.8750779628753664
dish_1567110848,feature-splatting,8.679604530334473,,0.3289781212806701,,0.5746334195137024,,113538.8046875,,0.2196529060602188,
dish_1567525637,feature-splatting,12.534050941467283,,0.5262160301208496,,0.5384522676467896,,14486.7763671875,,0.0280262101441621,
dish_1567525681,feature-splatting,11.464836120605469,,0.4186228215694427,,0.5669317841529846,,114110.53125,,0.2207589596509933,
dish_1567525712,feature-splatting,11.177322387695312,1.0498827695846558,0.4031640589237213,0.0304112266749143,0.5919315814971924,0.078440636396408,771709.9375,933077.6875,1.492954969406128,1.805138111114502
dish_1567525744,feature-splatting,13.49382781982422,0.0899663269519805,0.4549407064914703,0.0570997931063175,0.5674908757209778,0.0167822856456041,722964.0625,864996.375,1.398650884628296,1.6734274625778198
dish_1567526738,feature-splatting,22.75151252746582,,0.7725560665130615,,0.2648472785949707,,112963.1015625,,0.2185391336679458,
dish_1567526785,feature-splatting,14.86305332183838,,0.5153830051422119,,0.5538325905799866,,111732.796875,,0.2161589860916137,
dish_1567526814,feature-splatting,14.138739585876465,,0.450910210609436,,0.5455788969993591,,113813.8046875,,0.2201849222183227,
dish_1567526845,feature-splatting,17.127063751220703,,0.6193917989730835,,0.3958709836006164,,112305.3046875,,0.21726655960083,
dish_1567526888,feature-splatting,16.893579483032227,,0.6178270578384399,,0.3485115766525268,,110380.5234375,,0.2135428637266159,
dish_1567537185,feature-splatting,11.981104850769045,2.431874513626098,0.5516428351402283,0.0960048735141754,0.547113299369812,0.1795664429664611,736442.125,979529.8125,1.4247255325317385,1.8950045108795168
dish_1567537212,feature-splatting,11.878913879394531,2.0919835567474365,0.488939106464386,0.1270674616098404,0.5499616861343384,0.1365005820989608,729453.5,1013939.3125,1.4112054109573364,1.9615734815597532
dish_1567537252,feature-splatting,13.3812894821167,,0.4916691184043884,,0.4905669689178467,,28661.4140625,,0.0554485544562339,
dish_1567537280,feature-splatting,16.087419509887695,4.356379985809326,0.5659210085868835,0.0777808278799057,0.3596085608005523,0.1579630523920059,720874.375,988866.5,1.3946081399917605,1.91306746006012
dish_1567537352,feature-splatting,20.318233489990234,12.360548973083496,0.7512860298156738,0.2229915559291839,0.2942005693912506,0.2903618216514587,789129.875,955591.875,1.5266557931900024,1.8486942052841189
dish_1567537387,feature-splatting,13.19482707977295,,0.563983142375946,,0.5211693644523621,,17536.998046875,,0.0339271873235702,
dish_1567537422,feature-splatting,12.417547225952148,0.1819752603769302,0.5738259553909302,0.0156887006014585,0.4551547169685364,0.024516737088561,808286.5,1093788.75,1.5637162923812866,2.116050720214844
dish_1567537457,feature-splatting,11.779041290283203,0.4235340058803558,0.4283143281936645,0.1161675676703453,0.4930050373077392,0.0154377790167927,866778.3125,1063364.25,1.6768749952316284,2.0571913719177246
dish_1567538263,feature-splatting,11.173194885253906,,0.4076527059078216,,0.6038541793823242,,10015.3505859375,,0.0193757619708776,
dish_1567538303,feature-splatting,10.156911849975586,0.245441660284996,0.4388275742530823,0.0390014089643955,0.5871254801750183,0.1075332164764404,866429.6875,1064732.75,1.676200270652771,2.0598385334014893
dish_1567542778,feature-splatting,24.79625701904297,,0.899223804473877,,0.1266550868749618,,37604.62890625,,0.0727501586079597,
dish_1567542813,feature-splatting,16.43389320373535,2.7967658042907715,0.6472575664520264,0.029599605128169,0.5572407841682434,0.110817976295948,772653.25,931156.9375,1.4947799444198608,1.8014222383499146
dish_1567542843,feature-splatting,16.262672424316406,1.917797565460205,0.6250056028366089,0.0080860834568738,0.4886221289634704,0.0030853177886456,781695.1875,972673.1875,1.512272596359253,1.881739854812622
dish_1567542876,feature-splatting,22.087203979492188,,0.7525710463523865,,0.2608448266983032,,115111.1328125,,0.2226947396993637,
dish_1567542914,feature-splatting,20.91831970214844,5.067448616027832,0.7231550216674805,0.1468400806188583,0.3269683122634887,0.2140599638223648,754441.0,1043789.125,1.459546446800232,2.0193212032318115
dish_1567542953,feature-splatting,12.392683029174805,2.9368929862976074,0.4705578088760376,0.1849063336849212,0.5783970952033997,0.1010566800832748,816671.375,995911.6875,1.5799376964569092,1.926697015762329
dish_1567542986,feature-splatting,10.901423454284668,0.4902467429637909,0.3356072902679443,0.010610026307404,0.6193318367004395,0.0408337637782096,707708.8125,972397.4375,1.36913800239563,1.8812063932418823
dish_1567612954,feature-splatting,14.800264358520508,1.950903296470642,0.6124317646026611,0.0939578339457511,0.5860739350318909,0.1263847649097442,984681.125,582389.0,1.9049705266952517,1.1266934871673584
dish_1567612986,feature-splatting,15.48437786102295,,0.5378086566925049,,0.5870245695114136,,111195.1640625,,0.2151188850402832,
dish_1567613019,feature-splatting,19.69144058227539,8.7277193069458,0.7327755093574524,0.2850375473499298,0.3367127776145935,0.3078197538852691,678096.625,798473.25,1.3118501901626587,1.5447314977645874
dish_1567613057,feature-splatting,22.71146774291992,10.232892036437988,0.7567218542098999,0.2507282197475433,0.2797083854675293,0.2710296809673309,700516.625,830536.8125,1.3552240133285522,1.606761813163757
dish_1567625294,feature-splatting,16.58181381225586,,0.7005470991134644,,0.4954882264137268,,114956.90625,,0.2223963737487793,
dish_1567625343,feature-splatting,10.111335754394531,1.821266531944275,0.4836456775665283,0.0430173277854919,0.6472495794296265,0.0083920694887638,790867.625,956890.8125,1.530017614364624,1.851207137107849
dish_1567625392,feature-splatting,12.816133499145508,0.3446081578731537,0.5642977952957153,0.0085362121462821,0.4681666791439056,0.0069903498515486,791643.0625,955332.3125,1.531517744064331,1.8481919765472408
dish_1567625434,feature-splatting,12.779718399047852,0.041579719632864,0.4499790668487549,0.051202792674303,0.5242547988891602,0.0335016436874866,832328.8125,1015339.125,1.6102286577224731,1.964281678199768
dish_1567628069,feature-splatting,10.617775917053224,,0.4638813138008117,,0.6117358207702637,,112810.515625,,0.2182439416646957,
dish_1567628099,feature-splatting,13.349010467529297,2.154555559158325,0.51216721534729,0.0179349593818187,0.5451679229736328,0.0100636975839734,771114.625,931707.0625,1.4918032884597778,1.8024864196777344
dish_1567628157,feature-splatting,13.02862548828125,0.0535251498222351,0.5016156435012817,0.0450237914919853,0.4917752742767334,0.0401441156864166,706234.6875,958598.4375,1.3662861585617063,1.85451078414917
dish_1567628193,feature-splatting,16.46683120727539,6.895005226135254,0.5283151865005493,0.1546730697154998,0.3598910868167877,0.1924737393856048,809470.375,983428.0625,1.5660066604614258,1.9025462865829468
dish_1567629081,feature-splatting,15.452780723571776,3.5759828090667725,0.6324880123138428,0.0421489961445331,0.59187912940979,0.1308593451976776,710856.5,971116.9375,1.3752275705337524,1.878728985786438
dish_1567629106,feature-splatting,15.030281066894531,1.3515071868896484,0.5439797639846802,0.0343367010354995,0.558333158493042,0.0242959726601839,737794.5625,882533.6875,1.427342176437378,1.7073553800582886
dish_1567629129,feature-splatting,21.32027053833008,7.769225120544434,0.6773474216461182,0.1883060485124588,0.2771241366863251,0.2812864780426025,730005.5,872880.75,1.4122732877731323,1.6886807680130005
dish_1567711272,feature-splatting,23.740190505981445,8.651657104492188,0.7998746633529663,0.195788636803627,0.2890993654727936,0.3164132237434387,766793.9375,917231.75,1.4834444522857666,1.774482488632202
dish_1567711356,feature-splatting,17.669645309448242,8.28860092163086,0.6837801933288574,0.2682274878025055,0.3333282470703125,0.2969783246517181,731677.0625,871445.375,1.4155070781707764,1.6859039068222046
dish_1567711402,feature-splatting,11.942418098449709,1.099058985710144,0.4145166873931885,0.0040238439105451,0.5340812802314758,0.0118999099358916,778935.375,939519.375,1.506933331489563,1.8176002502441408
dish_1567714745,feature-splatting,17.06745147705078,8.127012252807617,0.6610727906227112,0.3402293622493744,0.3106620907783508,0.3021149337291717,768748.5,929785.25,1.4872257709503174,1.7987685203552246
dish_1567714780,feature-splatting,16.297012329101562,6.332982063293457,0.6202365159988403,0.2155175954103469,0.3335477411746979,0.2222958505153656,746610.0625,896947.375,1.4443966150283811,1.7352402210235596
dish_1567714813,feature-splatting,12.095203399658203,2.2400712966918945,0.4503271281719208,0.0972747132182121,0.5296688675880432,0.024221708998084,748887.25,1006124.0,1.44880211353302,1.9464539289474487
dish_1567714839,feature-splatting,12.805075645446776,,0.4598538279533386,,0.5292366743087769,,113675.8671875,,0.2199180573225021,
dish_1567714875,feature-splatting,11.240020751953123,2.400842905044556,0.3973761200904846,0.0095810955390334,0.559152364730835,0.0265720281749963,719276.6875,856098.3125,1.3915174007415771,1.656213402748108
dish_1567714934,feature-splatting,18.11580848693848,12.674084663391112,0.6210704445838928,0.4277661740779876,0.3770219981670379,0.422013908624649,694029.125,963255.6875,1.3426733016967771,1.863520622253418
dish_1567785130,feature-splatting,15.719478607177734,,0.639753520488739,,0.5043475031852722,,24092.26953125,,0.0466090589761734,
dish_1567785223,feature-splatting,15.2347993850708,,0.5987465381622314,,0.459347128868103,,17015.443359375,,0.0329181849956512,
dish_1567785622,feature-splatting,11.824727058410645,,0.4803931713104248,,0.6351866722106934,,113022.9140625,,0.2186548560857772,
dish_1567785654,feature-splatting,11.73396110534668,,0.4938261210918426,,0.5817239880561829,,112622.6640625,,0.2178805321455001,
dish_1567785709,feature-splatting,11.61253261566162,,0.462385356426239,,0.6016514897346497,,112524.6953125,,0.2176910042762756,
dish_1567785739,feature-splatting,14.300705909729004,,0.5753488540649414,,0.4986341595649719,,39296.15625,,0.07602259516716,
dish_1567789154,feature-splatting,15.416977882385254,,0.6013935804367065,,0.5293964147567749,,24237.55078125,,0.0468901209533214,
dish_1567789190,feature-splatting,16.47327423095703,0.1421947032213211,0.6503886580467224,0.0006024470785632,0.3993130028247833,0.0346549525856971,747646.125,897456.9375,1.4464008808135986,1.7362258434295654
dish_1567789230,feature-splatting,18.12371635437012,9.551090240478516,0.7101117372512817,0.3082393407821655,0.324196308851242,0.314227283000946,712379.875,986258.4375,1.3781746625900269,1.9080218076705933
dish_1567789256,feature-splatting,12.44664192199707,,0.530728816986084,,0.4952682256698608,,115546.3203125,,0.2235366553068161,
dish_1567798511,feature-splatting,18.506511688232425,8.23154067993164,0.7032021284103394,0.2604739665985107,0.3424919247627258,0.3098193407058716,714076.875,981508.25,1.3814575672149658,1.898832082748413
dish_1567801468,feature-splatting,15.931405067443848,5.460391998291016,0.73422771692276,0.0866434350609779,0.4792910516262054,0.2242003977298736,1156200.375,516378.3125,2.23679256439209,0.9989888072013856
dish_1567801520,feature-splatting,11.03733730316162,,0.457926869392395,,0.5513401031494141,,113119.421875,,0.218841552734375,
dish_1567801716,feature-splatting,27.29996109008789,10.151503562927246,0.8648528456687927,0.1348672956228256,0.1579840779304504,0.1412808448076248,794487.125,967498.6875,1.537019968032837,1.8717291355133057
dish_1567801748,feature-splatting,15.063111305236816,,0.6135154962539673,,0.465095579624176,,33507.12890625,,0.064823105931282,
dish_1567801791,feature-splatting,25.666942596435547,4.613218784332275,0.8581734895706177,0.0875726789236068,0.1344755291938781,0.0805032402276992,724956.75,863369.75,1.4025059938430786,1.6702808141708374
dish_1567801830,feature-splatting,15.228876113891602,0.7594181299209595,0.5376601815223694,0.003726371563971,0.5307461619377136,0.0221947841346263,649792.375,869930.1875,1.2570924758911133,1.6829725503921509
dish_1568044496,feature-splatting,13.310317039489746,,0.5906080603599548,,0.5348589420318604,,114852.6640625,,0.2221947014331817,
dish_1568044528,feature-splatting,14.175820350646973,,0.5714430809020996,,0.5154920816421509,,113982.875,,0.2205120027065277,
dish_1568044634,feature-splatting,19.18868637084961,7.693957805633545,0.6600646376609802,0.2155230492353439,0.3456775546073913,0.2356218695640564,750853.9375,905352.0,1.4526067972183228,1.7514997720718384
dish_1568047932,feature-splatting,10.908061981201172,,0.5101726055145264,,0.606940746307373,,110339.015625,,0.2134625613689422,
dish_1568047973,feature-splatting,20.434478759765625,10.083658218383787,0.7448816895484924,0.2567746937274933,0.2953445613384247,0.2802110016345978,686242.3125,811920.0625,1.3276087045669556,1.5707457065582275
dish_1568048018,feature-splatting,14.161103248596191,,0.5014441013336182,,0.5029305815696716,,113784.296875,,0.2201278358697891,
dish_1568056019,feature-splatting,13.937958717346191,,0.4611773192882538,,0.6554651260375977,,110768.421875,,0.2142933011054992,
dish_1568056046,feature-splatting,15.145224571228027,,0.5341812968254089,,0.5905649065971375,,113130.859375,,0.2188636809587478,
dish_1568056217,feature-splatting,14.402570724487305,2.42532730102539,0.5409613847732544,0.0999210327863693,0.5579096674919128,0.2034221887588501,711919.875,848218.625,1.3772847652435305,1.6409690380096436
dish_1568056258,feature-splatting,10.423262596130373,1.3497228622436523,0.3492994904518127,0.0061936266720294,0.6613950729370117,0.0008626195485703,687117.0,917980.8125,1.3293009996414185,1.775931477546692
dish_1568060414,feature-splatting,18.956077575683597,1.962072730064392,0.7963763475418091,0.0133163388818502,0.3130241632461548,0.0692204236984252,763348.8125,915320.125,1.476779580116272,1.7707841396331787
dish_1568060461,feature-splatting,12.825638771057127,,0.4550653398036957,,0.5890423655509949,,115289.1640625,,0.2230391502380371,
dish_1568060501,feature-splatting,17.974058151245117,6.730180740356445,0.6213579773902893,0.2216200083494186,0.4084687232971191,0.313644140958786,658165.5,888647.25,1.2732912302017212,1.7191826105117798
dish_1568060542,feature-splatting,12.123285293579102,2.140935182571411,0.3922834694385528,0.0359396710991859,0.5195308327674866,0.0349351018667221,783369.4375,945642.125,1.5155115127563477,1.8294453620910645
dish_1568060616,feature-splatting,13.922175407409668,4.451755046844482,0.561677873134613,0.1044293716549873,0.4653211832046509,0.2445748150348663,685958.8125,934151.0625,1.327060341835022,1.807214617729187
dish_1568060646,feature-splatting,13.485145568847656,0.4038706719875335,0.4940626323223114,0.0178051460534334,0.490975946187973,0.0377018302679061,801148.5625,971750.625,1.549907088279724,1.8799549341201784
dish_1568060697,feature-splatting,16.125673294067383,4.989782333374023,0.5914776921272278,0.156102567911148,0.3851273655891418,0.1678443700075149,768343.0,929073.8125,1.4864412546157837,1.7973922491073608
dish_1568060722,feature-splatting,12.820880889892578,,0.4464526176452636,,0.5354627966880798,,113706.7578125,,0.2199778258800506,
dish_1568060746,feature-splatting,12.22173309326172,0.9355353116989136,0.4190894365310669,0.0675705671310424,0.5472301244735718,0.0629899427294731,795332.125,968239.3125,1.5386546850204468,1.8731619119644165
dish_1568061097,feature-splatting,15.919248580932615,2.2527356147766118,0.6557393670082092,0.0033870050683617,0.5912835597991943,0.0837195292115211,742135.625,885069.8125,1.435740351676941,1.71226167678833
dish_1568061145,feature-splatting,20.37029266357422,5.644057750701904,0.7182143926620483,0.1227282956242561,0.3289653956890106,0.2395619750022888,753113.875,905446.875,1.4569789171218872,1.751683235168457
dish_1568061174,feature-splatting,18.462736129760746,,0.6934521198272705,,0.3966872990131378,,114414.7421875,,0.2213474959135055,
dish_1568061202,feature-splatting,21.392414093017575,7.392434597015381,0.7428919076919556,0.1884646415710449,0.2783468663692474,0.2260178923606872,732949.25,876834.875,1.4179682731628418,1.696330428123474
dish_1568061234,feature-splatting,14.26109790802002,2.4903337955474854,0.526630699634552,0.0682000070810318,0.5088898539543152,0.0336883775889873,661092.25,912792.0625,1.2789534330368042,1.7658934593200684
dish_1568061272,feature-splatting,13.74647045135498,,0.5491567850112915,,0.4929602742195129,,114012.359375,,0.2205690443515777,
dish_1568061320,feature-splatting,13.64360237121582,0.5660200119018555,0.4508562088012695,0.060055211186409,0.5265952944755554,0.0081910714507102,684047.5,808801.8125,1.3233627080917358,1.5647131204605105
dish_1568132484,feature-splatting,13.309714317321776,,0.6849406957626343,,0.5513184070587158,,111462.21875,,0.2156355232000351,
dish_1568132521,feature-splatting,19.94612693786621,,0.7675353288650513,,0.2796480059623718,,112721.53125,,0.2180718034505844,
dish_1568132561,feature-splatting,9.871294021606444,,0.458194226026535,,0.575359582901001,,116596.8125,,0.2255689352750778,
dish_1568132601,feature-splatting,14.681684494018556,1.5116995573043823,0.5529962778091431,0.0797318071126937,0.4721938073635101,0.0935080498456955,793387.25,961923.5,1.534891963005066,1.86094331741333
dish_1568141871,feature-splatting,15.738910675048828,1.8798168897628784,0.6370589733123779,0.0392548590898513,0.5753875970840454,0.0499580092728138,750351.5,1043975.6875,1.4516348838806152,2.0196821689605717
dish_1568141915,feature-splatting,15.053136825561523,0.9829002618789672,0.5582566857337952,0.022003773599863,0.5433130264282227,0.0701380893588066,782654.9375,949616.375,1.5141292810440063,1.8371341228485107
dish_1568141951,feature-splatting,21.71395301818848,10.668021202087402,0.7104945778846741,0.2722611427307129,0.2792774140834808,0.2769871354103088,849181.5,1040544.75,1.6428319215774536,2.013044595718384
dish_1568143252,feature-splatting,11.3761625289917,,0.4181348979473114,,0.6644254922866821,,114604.40625,,0.2217144221067428,
dish_1568143288,feature-splatting,10.280675888061523,,0.4212062060832977,,0.6485960483551025,,113992.6796875,,0.2205309718847274,
dish_1568143326,feature-splatting,15.424327850341797,1.0300642251968384,0.5735303163528442,0.0599346309900283,0.5327692031860352,0.0332729965448379,763387.875,917774.25,1.4768551588058472,1.7755320072174072
dish_1568143362,feature-splatting,13.910381317138672,0.2276563644409179,0.5088381767272949,0.024556228891015,0.4735230207443237,0.0315147154033184,668784.9375,908243.5625,1.2938355207443235,1.7570937871932983
dish_1568143527,feature-splatting,13.664339065551758,,0.61046302318573,,0.6121911406517029,,115339.6015625,,0.2231367379426956,
dish_1568143572,feature-splatting,13.95753574371338,1.3238965272903442,0.4802806675434112,0.0305279325693845,0.5513875484466553,0.0234630666673183,761623.5625,915247.875,1.4734418392181396,1.7706444263458252
dish_1568143612,feature-splatting,12.725884437561035,0.1627745032310485,0.4314851760864258,0.049504529684782,0.5400148630142212,0.0399120524525642,774579.8125,933481.25,1.4985071420669556,1.80591881275177
dish_1568144612,feature-splatting,15.9699068069458,,0.6385592222213745,,0.4507841765880584,,114477.5,,0.221468910574913,
dish_1568144643,feature-splatting,12.209100723266602,3.609188318252564,0.4596914649009704,0.1648145169019699,0.5933886170387268,0.0801257938146591,736953.125,882043.625,1.4257142543792725,1.7064073085784912
dish_1568144688,feature-splatting,12.534789085388184,3.5935981273651123,0.395579069852829,0.1577594876289367,0.4896799623966217,0.0882081687450409,789836.125,956157.9375,1.528022050857544,1.8497891426086424
dish_1568144774,feature-splatting,14.017298698425291,,0.5373904705047607,,0.6106348037719727,,113379.5390625,,0.2193447798490524,
dish_1568144803,feature-splatting,11.591537475585938,,0.5093250870704651,,0.728988766670227,,114342.34375,,0.2212074249982834,
dish_1568144855,feature-splatting,13.461307525634766,,0.4520426392555237,,0.631183922290802,,114690.265625,,0.2218805253505706,
dish_1568144925,feature-splatting,10.285202980041504,,0.3875303268432617,,0.6171374917030334,,115713.4921875,,0.2238600701093673,
dish_1568144954,feature-splatting,10.291267395019531,0.1758939772844314,0.2894177436828613,0.0501171760261058,0.6854778528213501,0.0161564052104949,671373.6875,931178.9375,1.2988438606262207,1.801464796066284
dish_1568145027,feature-splatting,12.947232246398926,,0.5443032383918762,,0.6361876130104065,,115031.2421875,,0.2225401848554611,
dish_1568145059,feature-splatting,16.920499801635742,8.059139251708984,0.6603134870529175,0.2659244835376739,0.4266051650047302,0.3384541273117065,705146.1875,982350.625,1.364180326461792,1.9004617929458616
dish_1568145100,feature-splatting,18.849102020263672,5.798396110534668,0.7023673057556152,0.1677761971950531,0.3039753437042236,0.1532279103994369,709785.1875,843073.0625,1.3731549978256226,1.6310144662857056
dish_1568145136,feature-splatting,13.680375099182127,5.318709850311279,0.5799070596694946,0.2205585688352584,0.473606526851654,0.2079708576202392,733929.875,875286.8125,1.419865369796753,1.6933355331420898
dish_1568145177,feature-splatting,13.029696464538574,,0.494797796010971,,0.4946490526199341,,110554.4453125,,0.2138793319463729,
dish_1568146905,feature-splatting,23.78118133544922,13.11933708190918,0.7365514636039734,0.3122472167015075,0.2921821475028991,0.3391514718532562,630526.1875,864850.875,1.2198199033737185,1.6731460094451904
dish_1568146942,feature-splatting,12.243634223937988,1.231000900268555,0.4008287787437439,0.0102753387764096,0.639900803565979,0.0356385745108127,726119.875,866524.25,1.4047561883926392,1.676383376121521
dish_1568146977,feature-splatting,12.862548828125,0.2756720781326294,0.4151568114757538,0.0219492353498935,0.5803210735321045,0.0566927790641784,748939.4375,1024054.5625,1.4489030838012695,1.9811426401138303
dish_1568147009,feature-splatting,12.563047409057615,0.9862787127494812,0.4312721788883209,0.0091020753607153,0.5356257557868958,0.0176480654627084,861516.5,1059579.0,1.6666953563690186,2.04986834526062
dish_1568147044,feature-splatting,12.712638854980469,,0.423113077878952,,0.5408294200897217,,114644.25,,0.2217915058135986,
dish_1568217267,feature-splatting,11.247297286987305,,0.4752167463302612,,0.5767958164215088,,112572.4609375,,0.2177834063768386,
dish_1568217325,feature-splatting,11.672493934631348,,0.4884877204895019,,0.5606533288955688,,113029.1796875,,0.2186669707298278,
dish_1568217372,feature-splatting,12.813018798828123,0.8723945617675781,0.5166268348693848,0.0376736782491207,0.5386635065078735,0.0283195208758115,649224.9375,763348.5625,1.2559947967529297,1.4767791032791138
dish_1568217417,feature-splatting,12.721355438232422,0.5337578058242798,0.4711951017379761,0.0254721008241176,0.5334542989730835,0.0201324541121721,715512.375,856073.875,1.3842347860336304,1.6561659574508667
dish_1568217465,feature-splatting,18.046361923217773,6.108445167541504,0.7040651440620422,0.2851543724536896,0.2813798189163208,0.2482486218214035,707094.6875,971551.75,1.3679498434066772,1.8795701265335083
dish_1568229399,feature-splatting,14.799627304077148,5.0326433181762695,0.5968701243400574,0.1234900131821632,0.4216296076774597,0.1496987640857696,723115.5625,986876.3125,1.3989440202713013,1.909217357635498
dish_1568229442,feature-splatting,12.36042022705078,0.7187730073928833,0.4688203930854797,0.0202769543975591,0.510009765625,0.0442024767398834,795897.4375,965523.9375,1.5397484302520752,1.867908954620361
dish_1568233444,feature-splatting,10.356738090515137,,0.3482741713523865,,0.6072338223457336,,114679.625,,0.2218599319458007,
dish_1568233478,feature-splatting,12.07052230834961,0.6324441432952881,0.4288918673992157,0.0044354922138154,0.569499135017395,0.0537696853280067,761250.625,916807.8125,1.4727203845977783,1.7736622095108032
dish_1568233509,feature-splatting,11.940217971801758,1.1978518962860107,0.4206274151802063,0.0036237228196114,0.5397000312805176,0.0353797078132629,850503.6875,1042175.625,1.6453897953033447,2.0161995887756348
dish_1568305198,feature-splatting,11.169415473937988,,0.4663488864898681,,0.6908144950866699,,111641.6171875,,0.215982586145401,
dish_1568305225,feature-splatting,13.78442668914795,,0.474590390920639,,0.5263149738311768,,113557.1796875,,0.2196884453296661,
dish_1568305257,feature-splatting,12.799360275268556,0.6001259684562683,0.4584563374519348,0.0332261100411415,0.5133093595504761,0.0092280106619,661055.4375,901826.5625,1.2788821458816528,1.7446794509887695
dish_1568313487,feature-splatting,12.546869277954102,,0.3332764506340027,,0.5981312394142151,,13360.2158203125,,0.0258467588573694,
dish_1568313527,feature-splatting,12.378390312194824,,0.3154149949550628,,0.5955510139465332,,112431.1640625,,0.2175100445747375,
dish_1568314823,feature-splatting,16.917686462402344,,0.7671724557876587,,0.527813732624054,,115727.453125,,0.2238870710134506,
dish_1568314857,feature-splatting,16.235097885131836,,0.6557997465133667,,0.5544533133506775,,113079.4296875,,0.2187641859054565,
dish_1568314907,feature-splatting,14.906593322753906,,0.6141892075538635,,0.529838502407074,,115314.328125,,0.2230878323316574,
dish_1568314951,feature-splatting,15.84708023071289,,0.5785171389579773,,0.4581952691078186,,112984.5078125,,0.2185805588960647,
dish_1568315001,feature-splatting,14.724653244018556,,0.5270121097564697,,0.5229514837265015,,18368.01171875,,0.0355348736047744,
dish_1568315040,feature-splatting,13.44845962524414,,0.470425546169281,,0.5238257050514221,,114272.3203125,,0.2210719585418701,
dish_1568315088,feature-splatting,13.58583164215088,,0.4290914535522461,,0.5071970224380493,,115072.8359375,,0.2226206511259079,
dish_1568315132,feature-splatting,13.970958709716797,,0.4060587584972381,,0.494067519903183,,111910.046875,,0.2165018916130066,
dish_1568315177,feature-splatting,13.594045639038086,,0.3578517436981201,,0.5538824200630188,,113359.0546875,,0.219305157661438,
dish_1568315988,feature-splatting,15.18130111694336,,0.692827582359314,,0.5915544033050537,,16491.912109375,,0.031905360519886,
dish_1568316041,feature-splatting,15.089874267578123,8.84093952178955,0.5201209187507629,0.336817979812622,0.4298437833786011,0.3658701479434967,799567.4375,969393.4375,1.5468482971191406,1.8753947019577024
dish_1568316085,feature-splatting,12.154120445251465,2.5184473991394043,0.4095860719680786,0.1024976149201393,0.5742841362953186,0.0553313083946704,748638.25,897663.875,1.4483205080032349,1.736626386642456
dish_1568318286,feature-splatting,9.89431381225586,0.8365353941917419,0.3602500855922699,0.0451637618243694,0.6275036334991455,0.0467419102787971,755821.5625,908013.4375,1.462217092514038,1.7566485404968262
dish_1568318316,feature-splatting,11.234054565429688,,0.4409335553646087,,0.5696828961372375,,112874.8203125,,0.2183683514595031,
dish_1568318361,feature-splatting,12.411613464355469,1.229882836341858,0.4356481432914734,0.0462661124765872,0.5256602168083191,0.0080034332349896,815139.4375,996951.5625,1.5769739151000977,1.928708791732788
dish_1568318408,feature-splatting,12.032546043395996,0.1200531050562858,0.3801727890968323,0.1070119217038154,0.5788649320602417,0.0791934207081794,723483.4375,999297.125,1.399655818939209,1.9332467317581177
dish_1568318480,feature-splatting,13.855979919433594,5.059150695800781,0.4863946139812469,0.1661836355924606,0.468093067407608,0.151662528514862,757800.4375,911540.8125,1.466045618057251,1.7634727954864502
dish_1568319725,feature-splatting,10.42860221862793,,0.4818833470344543,,0.6326160430908203,,113952.0,,0.2204522639513015,
dish_1568319769,feature-splatting,12.204099655151367,3.216907024383545,0.5584274530410767,0.132024198770523,0.5240963697433472,0.0437978655099868,742321.625,888504.125,1.4361001253128052,1.7189058065414429
dish_1568319838,feature-splatting,13.662223815917969,2.069767713546753,0.4884352087974548,0.0805902779102325,0.5125012397766113,0.0622721798717975,730965.5,869896.5,1.4141305685043335,1.6829073429107666
dish_1568320296,feature-splatting,15.226314544677734,,0.5662565231323242,,0.4798572361469269,,113971.28125,,0.2204895764589309,
dish_1568320338,feature-splatting,16.376407623291016,,0.6200721859931946,,0.498872697353363,,113026.046875,,0.2186609208583831,
dish_1568320383,feature-splatting,20.282203674316406,4.712893009185791,0.7228348255157471,0.1914171576499939,0.3211394846439361,0.2431135177612304,718526.25,861127.25,1.3900654315948486,1.6659421920776367
dish_1568320427,feature-splatting,12.47935390472412,1.7577852010726929,0.3932371139526367,0.0293681137263774,0.6058271527290344,0.0235242638736963,690188.75,916416.375,1.335243582725525,1.7729049921035769
dish_1568320470,feature-splatting,13.292545318603516,,0.4446637034416199,,0.5557830929756165,,24276.19921875,,0.0469648912549018,
dish_1568400935,feature-splatting,12.256268501281738,,0.4641647338867187,,0.537993848323822,,114102.2734375,,0.2207429856061935,
dish_1568400967,feature-splatting,9.984304428100586,,0.3560071885585785,,0.6285859942436218,,114845.3828125,,0.2221806198358535,
dish_1568401018,feature-splatting,11.87159824371338,,0.4397954642772674,,0.5425612926483154,,112360.1640625,,0.2173727005720138,
dish_1568401064,feature-splatting,11.114456176757812,,0.3738009631633758,,0.6470469832420349,,19182.9453125,,0.0371114499866962,
dish_1568401090,feature-splatting,11.660621643066406,,0.4100621938705444,,0.551278293132782,,113197.828125,,0.2189932465553283,
dish_1568401167,feature-splatting,14.99162483215332,4.76115608215332,0.5670585632324219,0.1562474220991134,0.5934063196182251,0.053827803581953,652834.125,885065.625,1.2629770040512085,1.7122535705566406
dish_1568401199,feature-splatting,12.685989379882812,,0.5550526976585388,,0.5445535778999329,,111307.9921875,,0.2153371572494506,
dish_1568401233,feature-splatting,13.576334953308104,,0.4984768331050873,,0.4979831576347351,,115241.9140625,,0.222947746515274,
dish_1568401261,feature-splatting,12.767141342163086,0.5531372427940369,0.4771117568016052,0.0274749193340539,0.5371938943862915,0.0085195219144225,737362.375,881845.25,1.4265059232711792,1.7060235738754272
dish_1568401302,feature-splatting,12.081048965454102,1.0399718284606934,0.4238738417625427,0.0620317310094833,0.5430099964141846,0.0674790441989898,713814.3125,850308.1875,1.3809497356414795,1.6450116634368896
dish_1568404850,feature-splatting,15.192764282226562,,0.6889445185661316,,0.6121640801429749,,110089.2890625,,0.2129794508218765,
dish_1568404889,feature-splatting,15.047415733337402,3.0231564044952397,0.5639315843582153,0.1016491577029228,0.5332774519920349,0.0288716033101081,700666.0625,830162.25,1.3555129766464231,1.606037139892578
dish_1568405183,feature-splatting,12.202150344848633,,0.5027363300323486,,0.595190167427063,,112981.6328125,,0.2185749858617782,
dish_1568405214,feature-splatting,9.42164421081543,2.1576361656188965,0.3821375370025635,0.0268875192850828,0.6215564012527466,0.0309085175395011,767452.0,927967.5,1.4847174882888794,1.7952518463134766
dish_1568405273,feature-splatting,19.71156311035156,8.70664119720459,0.6724197268486023,0.2441260069608688,0.2646355330944061,0.2683851718902588,722648.6875,992262.6875,1.3980408906936646,1.9196377992630005
dish_1568405306,feature-splatting,12.762415885925291,0.72193843126297,0.422520101070404,0.0218961089849472,0.4798552393913269,0.00248091109097,802774.5625,974678.375,1.5530529022216797,1.885619044303894
dish_1568405405,feature-splatting,11.284445762634276,,0.4487800002098083,,0.6248836517333984,,112721.828125,,0.2180723696947097,
dish_1568405430,feature-splatting,10.624921798706056,1.6326704025268557,0.4252330660820007,0.0337105877697467,0.6564376354217529,0.0148701248690485,688637.5,823574.3125,1.332242488861084,1.5932921171188354
dish_1568405466,feature-splatting,13.100046157836914,3.378804922103882,0.5115141272544861,0.1050455421209335,0.5183467268943787,0.0289964415132999,674480.0,919741.1875,1.304853439331055,1.7793371677398682
dish_1568405499,feature-splatting,17.419822692871094,7.054134845733643,0.5929176211357117,0.1443808823823928,0.3502079546451568,0.2888075411319732,656901.0,907084.875,1.2708449363708496,1.7548521757125854
dish_1568649312,feature-splatting,10.912528038024902,,0.4085015952587127,,0.7117010951042175,,112244.296875,,0.2171485424041748,
dish_1568649354,feature-splatting,9.810415267944336,,0.3826414048671722,,0.7000086903572083,,15881.5537109375,,0.0307245552539825,
dish_1568649387,feature-splatting,19.03175163269043,,0.7383688688278198,,0.2807635962963104,,112627.4375,,0.2178897559642791,
dish_1568649430,feature-splatting,11.664586067199709,,0.4118244051933288,,0.6267327070236206,,113024.90625,,0.2186587154865265,
dish_1568660810,feature-splatting,15.784088134765623,,0.6445357203483582,,0.6024593114852905,,114448.5390625,,0.2214128822088241,
dish_1568664931,feature-splatting,11.180331230163574,,0.3704628646373749,,0.6021326780319214,,23090.859375,,0.0446717254817485,
dish_1568664972,feature-splatting,17.497560501098633,2.8605239391326904,0.7448659539222717,0.1573781669139862,0.2486809492111206,0.1561538726091385,1066336.25,635984.625,2.062940835952759,1.230379939079285
dish_1568665012,feature-splatting,11.91798496246338,,0.4397020041942596,,0.5709617137908936,,108833.9296875,,0.2105508148670196,
dish_1568665052,feature-splatting,11.301788330078123,0.5786020755767822,0.3914316296577453,0.0362682901322841,0.6072171926498413,0.0108251655474305,778974.6875,1060737.625,1.507009506225586,2.052109956741333
dish_1568665935,feature-splatting,23.519100189208984,10.546990394592283,0.765830397605896,0.2657244205474853,0.3118250966072082,0.3505360782146454,807998.75,1075445.125,1.563159465789795,2.080562829971313
dish_1568665970,feature-splatting,15.290518760681152,,0.5184459686279297,,0.5082534551620483,,30005.751953125,,0.0580493211746215,
dish_1568666000,feature-splatting,14.949788093566896,1.1914232969284058,0.4842240214347839,0.055529061704874,0.5365267992019653,0.0148879950866103,756897.375,925009.875,1.4642984867095947,1.7895301580429075
dish_1568666032,feature-splatting,13.002683639526367,1.360954761505127,0.3926099240779876,0.0707856714725494,0.6536538600921631,0.0198815539479255,801057.0625,972868.75,1.5497300624847412,1.8821181058883667
dish_1568666061,feature-splatting,19.185436248779297,1.0739327669143677,0.6661104559898376,0.0116015942767262,0.3555561602115631,0.0414829924702644,778501.4375,939111.5625,1.5060938596725464,1.816811203956604
dish_1568666089,feature-splatting,13.34194278717041,1.5540506839752195,0.420424610376358,0.0348677933216095,0.5562784671783447,0.0410904362797737,781194.75,943516.8125,1.511304259300232,1.825333595275879
dish_1568666184,feature-splatting,14.281306266784668,,0.4366956949234009,,0.4789627492427826,,22032.103515625,,0.0426234491169452,
dish_1568666230,feature-splatting,12.897470474243164,2.464796304702759,0.4132584035396576,0.1629564464092254,0.580213189125061,0.0017874056939035,836625.375,1023186.0,1.6185407638549805,1.9794621467590328
dish_1568666263,feature-splatting,11.153721809387209,,0.3972559869289398,,0.574863851070404,,111585.578125,,0.2158741801977157,
dish_1568666303,feature-splatting,10.092033386230469,,0.3786325454711914,,0.5846421718597412,,111977.0859375,,0.2166315913200378,
dish_1568666357,feature-splatting,13.345536231994627,,0.4123190343379974,,0.558449387550354,,114302.4453125,,0.2211302369832992,
dish_1571931623,feature-splatting,13.531280517578123,,0.3135170936584472,,0.7151919007301331,,110148.4296875,,0.2130938619375229,
dish_1571931678,feature-splatting,16.436635971069336,,0.4958539009094238,,0.5688198208808899,,22864.333984375,,0.0442334860563278,
dish_1571931809,feature-splatting,14.670980453491213,,0.4806957244873047,,0.6058187484741211,,112841.921875,,0.2183047086000442,
dish_1571932398,feature-splatting,15.801401138305664,,0.4976447820663452,,0.5816856622695923,,24323.47265625,,0.0470563471317291,
dish_1571944487,feature-splatting,13.419021606445312,,0.5027155876159668,,0.5807240605354309,,114678.7265625,,0.2218582034111023,
dish_1571944507,feature-splatting,12.909346580505373,,0.4896557927131653,,0.5831519961357117,,28959.611328125,,0.0560254491865634,
dish_1571944531,feature-splatting,12.645282745361328,,0.4905515313148498,,0.5449219346046448,,14338.7177734375,,0.0277397762984037,
dish_1571944648,feature-splatting,11.53754711151123,,0.4457210302352905,,0.575372576713562,,114558.9296875,,0.2216264456510543,
dish_1572029300,feature-splatting,12.583791732788086,,0.4058964848518371,,0.6559980511665344,,82045.4140625,,0.1587255895137787,
dish_1572031211,feature-splatting,12.539068222045898,,0.3782255053520202,,0.6121159195899963,,111876.8203125,,0.2164376080036163,
dish_1572031254,feature-splatting,12.699661254882812,0.4997361898422241,0.4279000759124756,0.0278361178934574,0.6014058589935303,0.0368543416261673,617613.625,841873.0,1.194839358329773,1.6286929845809937
dish_1572032356,feature-splatting,11.561301231384276,,0.4778488278388977,,0.5926147103309631,,111726.3046875,,0.2161464244127273,
dish_1572035359,feature-splatting,12.352938652038574,,0.3371524512767792,,0.6397415399551392,,112200.421875,,0.2170636504888534,
dish_1572376778,feature-splatting,13.300968170166016,,0.4637603163719177,,0.6523420810699463,,24271.658203125,,0.0469561070203781,
dish_1572376802,feature-splatting,14.204793930053713,,0.4739522933959961,,0.6280857920646667,,70243.03125,,0.1358926147222519,
dish_1572464354,feature-splatting,11.77871799468994,,0.3620282113552093,,0.7016957998275757,,111112.7265625,,0.2149593979120254,
dish_1572464738,feature-splatting,11.48124885559082,,0.3786819577217102,,0.6901201605796814,,20253.681640625,,0.0391829013824462,
dish_1572540208,feature-splatting,13.653519630432127,,0.443173348903656,,0.5848046541213989,,110952.4609375,,0.214649349451065,
dish_1572548822,feature-splatting,11.63970184326172,,0.2295886725187301,,0.6122435927391052,,115457.921875,,0.2233656346797943,
dish_1572548878,feature-splatting,15.059173583984377,,0.4934474229812622,,0.5583399534225464,,113584.8515625,,0.2197419852018356,
dish_1572625898,feature-splatting,12.777708053588867,,0.4644051492214203,,0.5459153652191162,,114059.0546875,,0.2206593751907348,
dish_1572627130,feature-splatting,12.49187183380127,,0.2825704216957092,,0.6292475461959839,,113157.25,,0.2189147472381591,
dish_1572984755,feature-splatting,14.1251220703125,,0.4759374558925628,,0.5791770219802856,,115164.671875,,0.2227983176708221,
dish_1572988741,feature-splatting,13.59420394897461,,0.3646905422210693,,0.6027407050132751,,116726.0078125,,0.2258188873529434,
dish_1572988785,feature-splatting,12.315922737121582,,0.2986390590667724,,0.6083710789680481,,20471.80078125,,0.0396048761904239,
dish_1573072410,feature-splatting,11.249469757080078,,0.3972591757774353,,0.6085272431373596,,113062.6640625,,0.2187317609786987,
dish_1573073741,feature-splatting,13.152995109558104,,0.4296373128890991,,0.6019827723503113,,113788.7578125,,0.2201364636421203,
dish_1573159511,feature-splatting,14.97196102142334,,0.4250226616859436,,0.5968459844589233,,111644.0703125,,0.2159873396158218,
dish_1573159903,feature-splatting,18.820316314697266,7.12903356552124,0.6451088190078735,0.1971908211708068,0.3795775473117828,0.2313886135816574,708114.9375,847186.6875,1.369923710823059,1.6389727592468262
dish_1573234760,feature-splatting,14.144471168518066,,0.4874505996704101,,0.5555817484855652,,113588.546875,,0.2197491377592086,
dish_1573491352,feature-splatting,16.480403900146484,,0.5787121653556824,,0.5715876817703247,,111326.5078125,,0.2153729796409607,
dish_1573579470,feature-splatting,16.069988250732422,,0.508505642414093,,0.5138344764709473,,112676.28125,,0.2179842591285705,
dish_1573579635,feature-splatting,13.040188789367676,,0.4755709171295166,,0.6072576642036438,,107268.1953125,,0.2075217366218567,
dish_1573665025,feature-splatting,12.999852180480955,,0.397116869688034,,0.6152649521827698,,107652.90625,,0.2082660049200058,
dish_1573665056,feature-splatting,13.341527938842772,,0.4410396516323089,,0.5791112780570984,,110478.515625,,0.2137324512004852,
dish_1573666680,feature-splatting,15.81189250946045,,0.5350368618965149,,0.5245973467826843,,113261.9296875,,0.2191172540187835,
dish_1573679123,feature-splatting,11.303522109985352,,0.3666253983974457,,0.5921790599822998,,110956.4921875,,0.2146571427583694,
dish_1573762582,feature-splatting,12.3785400390625,,0.3921638131141662,,0.6102268099784851,,113345.0234375,,0.2192780077457428,
dish_1573851615,feature-splatting,12.579794883728027,1.125544786453247,0.4068593978881836,0.0163079854100942,0.5913975238800049,0.0265325363725423,762458.25,1057420.125,1.475056767463684,2.045691967010498
dish_1574109245,feature-splatting,12.736642837524414,,0.3789279162883758,,0.6134116053581238,,112896.3125,,0.218409925699234,
dish_1574193218,feature-splatting,11.291200637817385,,0.3430495262145996,,0.6798048615455627,,112539.1875,,0.2177190333604812,
dish_1574197731,feature-splatting,13.653704643249512,,0.4468652606010437,,0.5970368385314941,,112177.3046875,,0.2170189321041107,
dish_1574280343,feature-splatting,14.171235084533691,,0.4697591960430145,,0.5888741612434387,,114241.7109375,,0.2210127413272857,
dish_1574280383,feature-splatting,15.16976833343506,,0.4617147445678711,,0.5411684513092041,,112694.765625,,0.2180200219154358,
dish_1574359160,feature-splatting,14.277597427368164,,0.5270208716392517,,0.5042505264282227,,114555.84375,,0.2216204702854156,
dish_1574455517,feature-splatting,15.649063110351562,,0.4714383482933044,,0.5483261942863464,,113576.8828125,,0.2197265625,
dish_1574702427,feature-splatting,16.810562133789062,,0.565356433391571,,0.5048277378082275,,114948.3984375,,0.2223799079656601,
dish_1574711451,feature-splatting,15.67986297607422,,0.4749498069286346,,0.5419641137123108,,113852.7890625,,0.2202603369951248,
dish_1574711517,feature-splatting,16.037134170532227,,0.5392262935638428,,0.4954491555690765,,115143.7265625,,0.2227577865123748,
dish_1574728191,feature-splatting,14.361129760742188,,0.4426526427268982,,0.5932537317276001,,112648.4609375,,0.2179304361343383,
dish_1575997268,feature-splatting,14.351139068603516,,0.4461492896080017,,0.6406503319740295,,113247.2265625,,0.2190888077020645,
dish_1575999037,feature-splatting,11.062131881713867,,0.3989352583885193,,0.7094464302062988,,115883.28125,,0.2241885364055633,
dish_1576258685,feature-splatting,17.337093353271484,,0.6397013068199158,,0.4447830617427826,,115758.3203125,,0.2239467948675155,
