dish_id,psnr,psnr_std,ssim,ssim_std,lpips,lpips_std,num_rays_per_sec,num_rays_per_sec_std,fps,fps_std
dish_1550704750,15.391668319702,2.5061311721802,0.53183150291443,0.09137038141489,0.52783024311066,0.29239097237587,165812.6875,78420.5859375,1.2794188261032,0.60509705543518
dish_1550704903,24.540767669678,5.8281002044678,0.82150542736053,0.084276035428047,0.13472856581211,0.0933558344841,209913.171875,36285.6640625,1.6197004318237,0.27998197078705
dish_1550705288,25.016714096069,3.8376567363739,0.85182213783264,0.055663105100393,0.11182290315628,0.067644149065018,207065.09375,36260.375,1.5977244377136,0.27978682518005
dish_1550705370,23.115432739258,6.0445446968079,0.82587558031082,0.066854879260063,0.13512130081654,0.08086671680212,212521.015625,34842.73828125,1.6398227214813,0.26884829998016
dish_1550705445,24.17561340332,4.9347348213196,0.85178107023239,0.056136429309845,0.12000304460526,0.06774140894413,209084.1875,33954.39453125,1.613303899765,0.26199379563332
dish_1550705477,26.802827835083,2.8092133998871,0.87775683403015,0.027721118181944,0.064399898052216,0.025818113237619,213309.453125,38000.02734375,1.645906329155,0.29321005940437
dish_1550705504,25.339015960693,4.9801921844482,0.83459371328354,0.075988225638866,0.1018145903945,0.079715698957443,212672.21875,37500.140625,1.6409893035889,0.28935295343399
dish_1550705535,26.417682647705,4.6110997200012,0.87961876392365,0.033966917544603,0.072580739855766,0.037211909890175,209551.828125,31584.59375,1.6169122457504,0.24370828270912
dish_1550705580,26.506769180298,3.0388112068176,0.85741680860519,0.04361305385828,0.086474798619747,0.032728210091591,207371.703125,36251.796875,1.600090265274,0.27972063422203
dish_1550705623,26.245664596558,5.2863254547119,0.85613656044006,0.059566110372543,0.10027489811182,0.06689540296793,209054.28125,36910.72265625,1.6130731105804,0.28480497002602
dish_1550705669,27.73205947876,2.1448771953583,0.87421572208405,0.045144323259592,0.067656718194485,0.030599584802985,214889.0625,38706.234375,1.6580946445465,0.29865923523903
dish_1550705724,25.431697845459,4.6087484359741,0.851487159729,0.05239150673151,0.087883375585079,0.04441449418664,213168.921875,37323.28125,1.6448220014572,0.28798827528954
dish_1550705786,24.014398574829,3.8114433288574,0.85203814506531,0.040440764278173,0.1016778126359,0.053864635527134,212700.671875,37016.59765625,1.6412088871002,0.28562191128731
dish_1550705888,23.725856781006,5.9483904838562,0.839959025383,0.05434786900878,0.11192509531975,0.056621491909027,207320.4375,36344.6953125,1.5996947288513,0.2804374396801
dish_1550705939,28.129280090332,3.1820075511932,0.87993210554123,0.041335716843605,0.066155806183815,0.029939606785774,206678.578125,35348.26953125,1.5947421789169,0.27274897694588
dish_1550705995,26.380575180054,4.2598180770874,0.87091773748398,0.044508211314678,0.071938440203667,0.040553491562605,184706.125,80656.5234375,1.4252015352249,0.62234967947006
dish_1550706037,24.985298156738,5.7117094993591,0.81039863824844,0.12297196686268,0.14027523994446,0.13025335967541,215571.640625,40630.7265625,1.6633614301682,0.31350865960121
dish_1550706096,26.442436218262,3.2662177085876,0.86538118124008,0.028176583349705,0.079545445740223,0.048092037439346,208271.78125,36401.2421875,1.607035279274,0.28087377548218
dish_1550706177,14.337036132812,3.3179724216461,0.57826864719391,0.10569049417973,0.52332174777985,0.17728410661221,210374.125,39218.02734375,1.6232571601868,0.30260825157166
dish_1550706237,29.036067962646,5.3304138183594,0.88776397705078,0.054784942418337,0.070966720581055,0.052697475999594,206171.03125,35494.05078125,1.5908257961273,0.27387383580208
dish_1550706283,25.425127029419,2.568058013916,0.8271831870079,0.070863679051399,0.098240882158279,0.057530377060175,220065.359375,39536.04296875,1.6980352401733,0.30506208539009
dish_1550706325,27.485446929932,3.6686434745789,0.850142121315,0.064639829099178,0.075776875019073,0.044860452413559,216277.375,38213.35546875,1.6688069105148,0.29485613107681
dish_1550706448,27.783926010132,4.2032551765442,0.88101476430893,0.03490237146616,0.063180528581142,0.026213057339191,206828.25,35091.52734375,1.5958969593048,0.27076795697212
dish_1550706583,27.189649581909,2.0725224018097,0.84720635414124,0.03177210688591,0.07344862818718,0.038176998496056,210870.546875,36254.03515625,1.6270875930786,0.27973794937134
dish_1550706639,27.920221328735,3.3315942287445,0.87254530191422,0.03157065063715,0.07772134244442,0.042877435684204,206150.453125,36126.92578125,1.5906670093536,0.27875715494156
dish_1550706705,25.457590103149,5.3604407310486,0.82374846935272,0.072925589978695,0.10317170619965,0.061592876911163,217081.796875,39376.16796875,1.6750137805939,0.3038284778595
dish_1550706766,25.303035736084,4.6807880401611,0.82421338558197,0.060923259705305,0.10338941961527,0.060653444379568,217503.703125,38722.9609375,1.6782693862915,0.29878827929497
dish_1550706891,27.644889831543,6.9300036430359,0.87330144643784,0.070155948400497,0.094085238873959,0.073356740176678,209437.265625,36792.04296875,1.6160283088684,0.28388923406601
dish_1550706945,25.20238494873,3.921261548996,0.85682451725006,0.034774456173182,0.085181079804897,0.042331624776125,209512.5,34629.359375,1.6166087388992,0.26720184087753
dish_1550707056,25.640754699707,4.5124626159668,0.84960246086121,0.047493111342192,0.08633203804493,0.040983453392982,212795.921875,37692.93359375,1.6419438123703,0.29084053635597
dish_1550707110,25.602348327637,6.0582661628723,0.80998432636261,0.10547009110451,0.12394516915083,0.096585012972355,218949.859375,39392.2734375,1.6894279718399,0.30395272374153
dish_1550707156,26.605316162109,4.387779712677,0.83162850141525,0.079401709139347,0.091876395046711,0.068762429058552,217054.5625,38233.40625,1.6748037338257,0.29501083493233
dish_1550707236,25.484994888306,5.8054986000061,0.85758477449417,0.045152608305216,0.086977869272232,0.051494214683771,200977.171875,72518.34375,1.5507497787476,0.55955511331558
dish_1550707357,28.792518615723,3.0763928890228,0.88313263654709,0.033646561205387,0.069623723626137,0.033103309571743,206908.921875,36485.16796875,1.5965194702148,0.28152137994766
dish_1550707504,28.423290252686,6.0266304016113,0.87923902273178,0.067922927439213,0.081067681312561,0.058513630181551,211308.9375,34497.6171875,1.6304701566696,0.26618528366089
dish_1550707578,29.033338546753,3.7732231616974,0.87886875867844,0.062438108026981,0.063538178801537,0.045172173529863,214155.609375,38102.921875,1.6524353027344,0.2940040230751
dish_1550707638,28.193822860718,3.9716377258301,0.86324399709702,0.052055299282074,0.077541865408421,0.043856170028448,214385.71875,37335.65234375,1.6542108058929,0.28808373212814
dish_1550707756,27.414247512817,5.9467911720276,0.85719710588455,0.081173755228519,0.10360586643219,0.0988929271698,209040.296875,33474.73046875,1.6129652261734,0.25829267501831
dish_1550707850,18.779090881348,7.6287612915039,0.67101097106934,0.24596561491489,0.35013017058372,0.32658383250237,211571.984375,37376.27734375,1.6324998140335,0.28839716315269
dish_1550707914,24.637783050537,4.0376391410828,0.809954226017,0.065549455583096,0.1317216604948,0.07478591054678,211952.359375,36941.23828125,1.6354348659515,0.28504037857056
dish_1550707958,26.492860794067,4.6992568969727,0.84911489486694,0.064086362719536,0.086823701858521,0.052795492112637,217942.546875,38629.96875,1.6816554069519,0.29807072877884
dish_1550707995,25.475021362305,5.4882626533508,0.81376945972443,0.11799703538418,0.12506447732449,0.1177890598774,216412.046875,37854.43359375,1.6698460578918,0.29208666086197
dish_1550708152,13.602396011353,2.5433986186981,0.51806765794754,0.09774174541235,0.65469586849213,0.11159130930901,200345.53125,70920.7734375,1.5458760261536,0.54722815752029
dish_1550708221,28.070945739746,4.8800935745239,0.87542712688446,0.047227568924427,0.0733752399683,0.059908252209425,205509.125,34491.69140625,1.5857185125351,0.26613962650299
dish_1550708280,22.107616424561,4.5689945220947,0.792984187603,0.068751111626625,0.15210528671741,0.085991688072681,206286.0,36705.9765625,1.5917129516602,0.28322511911392
dish_1550708327,27.707958221436,5.2351303100586,0.87783122062683,0.053469348698854,0.068333148956299,0.047012709081173,211229.328125,38056.765625,1.6298558712006,0.29364788532257
dish_1550708366,27.788238525391,4.507417678833,0.86177498102188,0.066998459398746,0.067139022052288,0.04764262586832,209466.140625,35701.94921875,1.6162509918213,0.27547800540924
dish_1550708440,22.833993911743,4.9491024017334,0.74805098772049,0.12950889766216,0.21842715144157,0.21161615848541,204149.546875,35476.35546875,1.5752279758453,0.27373731136322
dish_1550708487,26.764381408691,5.4375,0.86834770441055,0.072268038988113,0.095720693469048,0.06590624153614,207792.84375,36231.08984375,1.6033397912979,0.27956089377403
dish_1550708556,27.742374420166,5.1503324508667,0.88222467899323,0.060636390000582,0.078612126410007,0.050611045211554,207244.015625,35902.69140625,1.5991051197052,0.27702695131302
dish_1550708638,25.796489715576,2.6132488250732,0.85344302654266,0.03786638751626,0.092112503945827,0.034602537751198,210864.40625,37280.33984375,1.6270401477814,0.28765693306923
dish_1550708702,25.66121673584,4.5334396362305,0.81398797035217,0.078840486705303,0.11676996201277,0.06326999515295,207125.25,36273.75,1.5981886386871,0.27989003062248
dish_1550708875,27.97744178772,5.0155534744263,0.88307553529739,0.042159721255302,0.069144316017628,0.045696515589952,208955.6875,34256.80859375,1.6123124361038,0.26432722806931
dish_1550708945,23.14984703064,4.1555919647217,0.83660936355591,0.066623747348785,0.11935472488403,0.098951801657677,207981.578125,34481.84375,1.6047961711884,0.26606360077858
dish_1550708985,20.384622573853,5.2476072311401,0.71729028224945,0.12530337274075,0.21024549007416,0.15892870724201,215133.8125,38805.6328125,1.6599831581116,0.29942619800568
dish_1550709028,27.055763244629,4.492431640625,0.85198950767517,0.069974258542061,0.074758186936378,0.054516162723303,217479.0,39801.13671875,1.6780786514282,0.30710753798485
dish_1550709129,26.058742523193,4.2685785293579,0.84487217664719,0.05232997611165,0.077812023460865,0.035280287265778,216062.75,38267.44921875,1.6671508550644,0.29527351260185
dish_1550710177,17.74568939209,3.1945521831512,0.61373245716095,0.14017038047314,0.4902663230896,0.18375720083714,209669.65625,37688.7890625,1.6178214550018,0.29080855846405
dish_1550710207,23.736927032471,5.0960936546326,0.81297075748444,0.07452255487442,0.13115100562572,0.079988643527031,209204.34375,37528.01953125,1.6142311096191,0.28956806659698
dish_1550710279,28.010921478271,5.2169561386108,0.8681532740593,0.055223200470209,0.078243933618069,0.064705081284046,207864.5,36023.4609375,1.6038926839828,0.27795878052711
dish_1550710318,24.552997589111,4.6777038574219,0.81087827682495,0.082525514066219,0.12353463470936,0.081187777221203,213275.03125,37250.421875,1.6456407308578,0.28742611408234
dish_1550710342,25.507394790649,5.4199433326721,0.81982463598251,0.071412652730942,0.10745935887098,0.061897035688162,213674.1875,35251.15625,1.6487205028534,0.27199965715408
dish_1550710402,23.379932403564,3.9981076717377,0.78601920604706,0.073463462293148,0.16378259658813,0.087646521627903,206940.8125,36104.66796875,1.5967655181885,0.27858540415764
dish_1550710448,25.842325210571,5.6539254188538,0.86034554243088,0.053960870951414,0.092272780835629,0.065017178654671,208353.421875,32738.56640625,1.6076653003693,0.25261241197586
dish_1550710507,24.031251907349,7.6780242919922,0.80575394630432,0.11671813577414,0.15015253424644,0.14265994727612,209733.96875,34091.109375,1.6183177232742,0.26304867863655
dish_1550710542,29.064241409302,4.3192777633667,0.87371093034744,0.060157105326653,0.069610349833965,0.047564692795277,209884.8125,36507.7109375,1.6194814443588,0.28169527649879
dish_1550710577,28.609848022461,2.4459767341614,0.87678176164627,0.034753493964672,0.058914072811604,0.032093491405249,203118.109375,38253.80078125,1.5672694444656,0.29516822099686
dish_1550710612,25.797660827637,3.4654171466827,0.85901367664337,0.037036251276731,0.093746319413185,0.048097860068083,210887.5,37315.44921875,1.62721824646,0.28792783617973
dish_1550710664,27.335285186768,3.2344355583191,0.87157279253006,0.029347041621804,0.068353019654751,0.031394679099321,208180.984375,34504.80859375,1.6063346862793,0.2662408053875
dish_1550710715,24.286979675293,5.329128742218,0.81690180301666,0.071412198245525,0.10617828369141,0.086586572229862,211204.1875,36956.71875,1.6296619176865,0.28515988588333
dish_1550710758,26.791486740112,4.5760006904602,0.84917342662811,0.070511423051357,0.081498123705387,0.061015743762255,215739.71875,40035.7734375,1.6646583080292,0.30891799926758
dish_1550710793,25.699935913086,4.1109819412231,0.82785987854004,0.089931830763817,0.084556274116039,0.068860426545143,216186.90625,37919.48828125,1.6681088209152,0.29258865118027
dish_1550710845,27.069406509399,5.034966468811,0.85742449760437,0.040996313095093,0.081670299172401,0.062383122742176,202495.484375,35134.26171875,1.5624651908875,0.27109768986702
dish_1550710917,27.933958053589,5.0718245506287,0.85581612586975,0.063185252249241,0.091667361557484,0.067572630941868,209368.734375,36734.48828125,1.61549949646,0.28344514966011
dish_1550711017,27.398241043091,6.3628807067871,0.87419700622559,0.055503763258457,0.083023153245449,0.067979142069817,208912.46875,36478.8203125,1.6119790077209,0.28147238492966
dish_1550711066,23.02784538269,3.4456491470337,0.80286437273026,0.051915403455496,0.12188294529915,0.066732302308083,213090.34375,35441.05078125,1.6442157030106,0.27346488833427
dish_1550711094,24.038425445557,2.738205909729,0.79847633838654,0.079904370009899,0.10433437675238,0.048530858010054,215494.40625,38499.03125,1.6627655029297,0.2970604300499
dish_1550711129,27.283784866333,2.4720706939697,0.85212153196335,0.046878471970558,0.083321087062359,0.030939385294914,207224.859375,36804.796875,1.5989571809769,0.28398761153221
dish_1550711187,28.093006134033,6.6340312957764,0.8520587682724,0.10464286059141,0.10018710792065,0.12228202074766,205316.25,39548.26953125,1.5842303037643,0.30515637993813
dish_1550711244,28.767837524414,4.002854347229,0.88013410568237,0.036941960453987,0.063802368938923,0.03124569542706,209895.953125,36722.6640625,1.6195675134659,0.28335389494896
dish_1550711314,25.070850372314,2.9448823928833,0.82893085479736,0.042652312666178,0.10457427054644,0.035975191742182,215925.9375,38107.33203125,1.6660951375961,0.29403805732727
dish_1550711385,25.3981590271,5.7483797073364,0.84113943576813,0.098274663090706,0.10075831413269,0.1080089956522,215973.140625,35217.4375,1.666459441185,0.27173948287964
dish_1550711488,28.300619125366,6.2245836257935,0.86880141496658,0.073845684528351,0.088081583380699,0.076058968901634,207807.625,36841.859375,1.603453874588,0.28427359461784
dish_1550711598,22.058622360229,5.0966095924377,0.74061650037766,0.11999246478081,0.25126188993454,0.16161480545998,207087.5625,35403.35546875,1.5978978872299,0.27317404747009
dish_1550711688,25.850660324097,5.5215530395508,0.85923290252686,0.060829136520624,0.091060429811478,0.055593643337488,209109.765625,37034.8828125,1.6135011911392,0.28576299548149
dish_1550711746,26.744379043579,5.9328112602234,0.82727742195129,0.094316884875298,0.11189234256744,0.089791692793369,212336.421875,35142.02734375,1.6383982896805,0.27115762233734
dish_1550711788,27.870544433594,3.4546890258789,0.87462967634201,0.047936867922544,0.065746992826462,0.039067558944225,211099.125,35387.58984375,1.6288512945175,0.27305239439011
dish_1550711845,13.979887008667,2.2471137046814,0.53157317638397,0.099410653114319,0.58250045776367,0.14626576006413,196014.40625,35421.390625,1.5124568939209,0.27331322431564
dish_1550711973,24.831111907959,5.627555847168,0.8096227645874,0.11433175951242,0.11559854447842,0.10404355078936,212384.78125,35100.80078125,1.6387715339661,0.27083951234818
dish_1550712024,12.060542106628,1.6493300199509,0.49088916182518,0.050480160862207,0.69059157371521,0.047418583184481,211844.21875,36149.0703125,1.634600520134,0.27892801165581
dish_1550712079,20.99934387207,4.7890815734863,0.6956490278244,0.142967030406,0.2175999879837,0.1624316573143,219281.0,38921.796875,1.6919829845428,0.30032250285149
dish_1550712143,23.319087982178,5.3466539382935,0.75818032026291,0.12418435513973,0.15629017353058,0.11684860289097,216884.6875,39352.3125,1.6734930276871,0.30364441871643
dish_1550712315,23.649555206299,6.1906552314758,0.82719135284424,0.093184515833855,0.10939829796553,0.089437782764435,207885.890625,36248.4921875,1.6040577888489,0.27969515323639
dish_1550712369,27.072849273682,4.9182934761047,0.86989295482635,0.047133404761553,0.083421625196934,0.066124208271503,207572.5625,35927.77734375,1.6016401052475,0.27722051739693
dish_1550712403,24.819972991943,3.6030323505402,0.8308230638504,0.052528861910105,0.10750407725573,0.047853108495474,208462.53125,33453.7421875,1.6085072755814,0.25813075900078
dish_1550712459,26.332098007202,4.2476816177368,0.85078418254852,0.068471357226372,0.087761327624321,0.065680965781212,216425.84375,39145.16015625,1.6699525117874,0.30204600095749
dish_1550712486,25.583065032959,3.6620833873749,0.87324577569962,0.030041975900531,0.067681849002838,0.032671459019184,213160.59375,36131.47265625,1.6447576284409,0.27879223227501
dish_1550712524,28.431694030762,3.2460422515869,0.87876832485199,0.029278464615345,0.069698676466942,0.025282902643085,211823.140625,37004.0546875,1.6344377994537,0.28552511334419
dish_1550712556,25.068302154541,3.6483976840973,0.85113453865051,0.048912066966295,0.085277915000916,0.057529881596565,205752.0,36944.0546875,1.5875926017761,0.28506216406822
dish_1550712585,23.655033111572,3.8383047580719,0.84132438898087,0.078693568706512,0.096432194113731,0.067510277032852,209742.609375,35879.65625,1.6183843612671,0.27684918045998
dish_1550712622,23.761037826538,3.9150495529175,0.8088082075119,0.070361360907555,0.10412212461233,0.066089607775211,206520.953125,39215.609375,1.5935258865356,0.30258956551552
dish_1550712654,24.792676925659,3.8430919647217,0.86065411567688,0.028508562594652,0.068727783858776,0.020368186756968,216109.9375,37010.09375,1.6675149202347,0.28557172417641
dish_1550712681,25.008594512939,4.3718066215515,0.83004558086395,0.061853285878897,0.084098987281322,0.04915863648057,205322.140625,38211.99609375,1.584275841713,0.29484564065933
dish_1550712729,28.562046051025,5.7824764251709,0.87120521068573,0.081586576998234,0.071664407849312,0.082938723266125,205214.5,35934.859375,1.5834451913834,0.27727514505386
dish_1550712805,22.979377746582,6.9826006889343,0.81022620201111,0.13636255264282,0.1544623374939,0.16940692067146,209338.015625,34630.65625,1.615262389183,0.26721185445786
dish_1550712839,22.016494750977,4.421911239624,0.79866343736649,0.12108597159386,0.12126222252846,0.10440850257874,213700.34375,37059.29296875,1.6489224433899,0.28595134615898
dish_1550712877,23.890047073364,4.0527329444885,0.80836182832718,0.064939618110657,0.10672764480114,0.052197463810444,216397.25,37897.5,1.6697318553925,0.29241895675659
dish_1550712913,25.142492294312,3.7979426383972,0.85549569129944,0.023079028353095,0.095825128257275,0.044608738273382,206650.09375,35699.62109375,1.594522356987,0.27546003460884
dish_1550712961,12.5047082901,1.4727956056595,0.44301396608353,0.057469315826893,0.75631481409073,0.05264588445425,210908.828125,43076.34765625,1.6273829936981,0.33237925171852
dish_1550713065,26.875860214233,4.4389963150024,0.87910270690918,0.036622650921345,0.074291750788689,0.058376152068377,209594.96875,35978.48046875,1.6172451972961,0.27761173248291
dish_1550713114,24.981014251709,4.9303593635559,0.83822554349899,0.081287682056427,0.091460339725018,0.080836772918701,215311.515625,36958.01171875,1.66135430336,0.28516983985901
dish_1550713174,25.541631698608,5.4623260498047,0.84922415018082,0.05629151314497,0.093228898942471,0.061862088739872,212860.5,37360.91796875,1.6424421072006,0.2882786989212
dish_1550713388,28.319766998291,4.3429536819458,0.87444579601288,0.042967855930328,0.08437541872263,0.032459940761328,207250.46875,35793.83984375,1.5991548299789,0.27618703246117
dish_1550713423,24.49468421936,5.9981651306152,0.84833639860153,0.10076243430376,0.10481552779675,0.11034632474184,211077.078125,34599.55859375,1.6286811828613,0.26697188615799
dish_1550713462,26.113433837891,3.7328572273254,0.845194876194,0.039408940821886,0.093752510845661,0.038536868989468,206228.25,35851.3515625,1.5912673473358,0.27663081884384
dish_1550713503,26.829256057739,4.7221827507019,0.86673265695572,0.047018211334944,0.073953837156296,0.047072064131498,202640.125,37032.703125,1.5635812282562,0.28574615716934
dish_1550713566,28.249742507935,3.9483420848846,0.865025639534,0.064915418624878,0.063273251056671,0.049533639103174,208855.5,35863.5234375,1.6115393638611,0.27672472596169
dish_1550769483,24.449726104736,3.1768579483032,0.85179316997528,0.057561073452234,0.10421925783157,0.060635387897491,210885.375,37941.671875,1.6272019147873,0.29275980591774
dish_1550769725,26.041820526123,2.422016620636,0.88776540756226,0.033606842160225,0.091237522661686,0.040847938507795,209915.09375,34523.265625,1.6197152137756,0.26638320088387
dish_1550769827,17.521869659424,5.7505388259888,0.67389422655106,0.16671481728554,0.45598274469376,0.34286427497864,208518.75,36826.73828125,1.6089409589767,0.28415694832802
dish_1550769882,25.746089935303,3.7074666023254,0.85679692029953,0.049226369708776,0.09553124755621,0.042739197611809,205335.0,38146.08203125,1.5843750238419,0.29433703422546
dish_1550769948,26.228374481201,5.0080609321594,0.86682307720184,0.050158865749836,0.090309105813503,0.050617724657059,184568.859375,73701.203125,1.4241424798965,0.56868207454681
dish_1550770222,17.712129592896,7.7500829696655,0.61113744974136,0.26935383677483,0.41133257746696,0.34458911418915,213535.796875,39131.79296875,1.6476527452469,0.30194285511971
dish_1550770265,26.49934387207,5.6282801628113,0.86176514625549,0.073301658034325,0.10175272077322,0.079473383724689,207278.9375,36215.62890625,1.5993744134903,0.27944156527519
dish_1550770447,25.004400253296,5.3093776702881,0.8478194475174,0.077684089541435,0.11377673596144,0.083261594176292,206415.25,36163.5390625,1.5927102565765,0.27903965115547
dish_1550770482,23.680238723755,4.5900907516479,0.80473184585571,0.089978940784931,0.12415820360184,0.11584850400686,211933.140625,38689.37109375,1.6352865695953,0.29852911829948
dish_1550770511,25.261966705322,4.2043271064758,0.83709251880646,0.063645154237747,0.095164135098457,0.058317381888628,214918.0625,38586.18359375,1.6583182811737,0.29773288965225
dish_1550770616,28.305955886841,3.1981999874115,0.88059973716736,0.032227758318186,0.073733597993851,0.044659625738859,206207.4375,37155.0703125,1.5911067724228,0.28669035434723
dish_1550770699,25.443859100342,2.3231024742126,0.86185264587402,0.042825486510992,0.086312398314476,0.043707109987736,205447.125,35418.23046875,1.5852402448654,0.27328881621361
dish_1550770751,23.459667205811,5.3413238525391,0.81057322025299,0.082846716046333,0.15589193999767,0.11452174186707,202698.96875,34966.84765625,1.5640352964401,0.26980590820312
dish_1550770802,27.308910369873,4.2301487922668,0.86839932203293,0.049681514501572,0.071589730679989,0.044042509049177,210947.78125,36692.98046875,1.6276835203171,0.28312483429909
dish_1550770866,27.611616134644,2.6589043140411,0.87921613454819,0.045037187635899,0.063433520495892,0.028926389291883,204236.84375,38883.1953125,1.5759015083313,0.30002465844154
dish_1550771191,26.39587020874,4.9603357315063,0.8760911822319,0.051410004496574,0.086815983057022,0.050673607736826,207260.0,36112.8203125,1.5992283821106,0.2786483168602
dish_1550771267,25.974817276001,2.6272525787354,0.85805600881577,0.04106679931283,0.090551190078259,0.036709640175104,204899.78125,38110.828125,1.5810167789459,0.29406499862671
dish_1550771330,26.750862121582,4.8827037811279,0.88511806726456,0.03805860131979,0.072365626692772,0.043612658977509,208163.40625,35294.20703125,1.6061990261078,0.27233183383942
dish_1550771387,26.10463142395,4.5804014205933,0.84920102357864,0.063644759356976,0.086382813751698,0.049096155911684,215527.328125,37492.953125,1.6630195379257,0.28929749131203
dish_1550771421,25.655303955078,3.1981344223022,0.8553484082222,0.032505989074707,0.078399211168289,0.027498543262482,217358.890625,36318.11328125,1.6771519184113,0.28023234009743
dish_1550771487,23.200304031372,5.2659907341003,0.82949817180634,0.077228203415871,0.13061831891537,0.099300175905228,205943.109375,36008.40625,1.5890672206879,0.27784261107445
dish_1550771562,23.232048034668,3.9979503154755,0.80390930175781,0.075850918889046,0.13139840960503,0.073787599802017,207820.90625,36273.28125,1.6035562753677,0.27988642454147
dish_1550771606,24.693775177002,4.2381548881531,0.84780263900757,0.063959740102291,0.10963236540556,0.071026191115379,206908.9375,37301.20703125,1.5965195894241,0.28781795501709
dish_1550771648,23.706651687622,4.687548160553,0.78453230857849,0.094525411725044,0.15290528535843,0.10196625441313,210887.875,39176.921875,1.6272212266922,0.30229106545448
dish_1550771707,26.059688568115,6.2299823760986,0.85570120811462,0.090582802891731,0.086598098278046,0.083023957908154,214762.765625,37703.77734375,1.6571199893951,0.29092419147491
dish_1550771796,23.681879043579,4.3579807281494,0.83496487140656,0.083365179598331,0.14507512748241,0.12329211086035,202064.71875,35600.265625,1.5591412782669,0.27469339966774
dish_1550771869,20.826009750366,7.8945388793945,0.75673687458038,0.15539343655109,0.2453878223896,0.2590526342392,209402.484375,37427.578125,1.6157598495483,0.28879302740097
dish_1550771938,27.033115386963,4.0961136817932,0.88304817676544,0.052644032984972,0.074567072093487,0.044806107878685,206213.140625,36972.51953125,1.5911507606506,0.2852817773819
dish_1550771984,23.658033370972,4.2132930755615,0.83620274066925,0.048807293176651,0.10166169703007,0.049287140369415,216158.40625,37955.46875,1.6678889989853,0.29286625981331
dish_1550772027,22.644487380981,5.6370258331299,0.83490824699402,0.074220761656761,0.1115720719099,0.072592601180077,214964.0625,37951.80859375,1.658673286438,0.29283800721169
dish_1550772088,25.75905418396,5.5384912490845,0.85525327920914,0.070101663470268,0.093590818345547,0.067889250814915,184917.53125,73970.0859375,1.4268327951431,0.5707568526268
dish_1550772168,26.607845306396,4.4216656684875,0.84454935789108,0.050508718937635,0.097178652882576,0.050517030060291,208733.890625,36361.00390625,1.6106009483337,0.28056329488754
dish_1550772199,26.202354431152,4.7624454498291,0.86269271373749,0.055015176534653,0.094955086708069,0.062238395214081,209971.375,38522.5546875,1.6201494932175,0.29724192619324
dish_1550772270,27.922548294067,3.345046043396,0.88580667972565,0.040275182574987,0.054170645773411,0.039850350469351,213815.875,36662.12890625,1.6498138904572,0.28288680315018
dish_1550772314,25.757316589355,5.610390663147,0.8544220328331,0.09808336943388,0.095899060368538,0.098608173429966,219110.25,39330.51953125,1.6906654834747,0.3034762442112
dish_1550772367,26.063537597656,3.4592399597168,0.84724795818329,0.049383111298084,0.099535867571831,0.046883415430784,213665.59375,37545.05859375,1.6486543416977,0.28969952464104
dish_1550772454,25.886331558228,3.1493620872498,0.87420690059662,0.028828701004386,0.069422371685505,0.025169380009174,211886.765625,37625.49609375,1.6349287033081,0.29032018780708
dish_1550772505,28.737972259521,4.0369219779968,0.89548593759537,0.034976474940777,0.062550447881222,0.036714121699333,203254.21875,35333.06640625,1.5683196783066,0.27263167500496
dish_1550772551,25.672945022583,2.4172782897949,0.84623432159424,0.040786650031805,0.074258357286453,0.013406910002232,216177.296875,38572.9375,1.6680346727371,0.29763066768646
dish_1550772617,26.96883392334,4.4378395080566,0.88160103559494,0.034137964248657,0.065671972930431,0.030364546924829,213377.0,37952.84375,1.6464273929596,0.29284599423409
dish_1550772701,27.072504043579,5.486114025116,0.87261819839478,0.055768694728613,0.085605472326279,0.043744746595621,212757.859375,37503.49609375,1.6416501998901,0.28937882184982
dish_1550772753,25.465070724487,4.876359462738,0.86247146129608,0.071761086583138,0.10956047475338,0.077044777572155,211374.046875,37466.60546875,1.6309725046158,0.2890941798687
dish_1550772809,23.929471969604,3.2417888641357,0.84342759847641,0.022670891135931,0.10330585390329,0.028150636702776,211961.6875,37198.17578125,1.6355068683624,0.2870229780674
dish_1550772849,26.588634490967,3.1698830127716,0.8770899772644,0.034076262265444,0.060781463980675,0.033358749002218,216310.984375,37526.87109375,1.6690661907196,0.28955918550491
dish_1550772892,25.808351516724,4.8801999092102,0.85205441713333,0.047854699194431,0.091770075261593,0.052029632031918,220721.90625,40126.4921875,1.7031011581421,0.30961799621582
dish_1550772960,27.199981689453,3.7394018173218,0.8736857175827,0.03876731544733,0.082020863890648,0.04763787612319,206853.3125,36131.15234375,1.5960903167725,0.27878975868225
dish_1550773038,23.492877960205,2.6949582099915,0.82292520999908,0.046822279691696,0.12464156001806,0.043002065271139,211278.140625,37152.00390625,1.6302325725555,0.28666669130325
dish_1550773162,26.960283279419,2.5794668197632,0.89385575056076,0.017122173681855,0.070095181465149,0.036627452820539,209167.21875,36388.37890625,1.6139445304871,0.28077453374863
dish_1550773200,26.97974395752,2.5732417106628,0.86742174625397,0.040837235748768,0.066723935306072,0.043466489762068,215457.859375,37639.78515625,1.6624834537506,0.29043045639992
dish_1550773284,23.106517791748,5.3567810058594,0.81793439388275,0.065275341272354,0.12103655189276,0.062660127878189,217288.375,39836.66015625,1.6766077280045,0.30738165974617
dish_1550773349,25.648973464966,4.3988752365112,0.87181115150452,0.05195401981473,0.10353627055883,0.061385929584503,206630.0625,36063.58984375,1.5943678617477,0.27826845645905
dish_1550773394,27.060920715332,3.7202060222626,0.865891456604,0.043129820376635,0.07826092839241,0.033421404659748,214514.90625,38286.55859375,1.6552076339722,0.29542100429535
dish_1550773430,27.523834228516,3.2733809947968,0.88514220714569,0.045123588293791,0.083331882953644,0.033822067081928,186904.390625,70769.8046875,1.4421634674072,0.54606330394745
dish_1550773506,25.613681793213,4.0767459869385,0.85172080993652,0.064002588391304,0.081342130899429,0.048646107316017,212551.015625,37262.44140625,1.6400541067123,0.28751882910728
dish_1550773591,22.295141220093,4.5140972137451,0.80521923303604,0.075995020568371,0.12181961536407,0.088966429233551,214107.59375,39809.41015625,1.6520646810532,0.3071713745594
dish_1550773771,26.567577362061,1.8275871276855,0.88514572381973,0.022123705595732,0.072572059929371,0.02586523629725,206310.359375,35813.26953125,1.5919009447098,0.27633693814278
dish_1550773839,24.719661712646,5.1959495544434,0.83431488275528,0.072392031550407,0.11396850645542,0.069151490926743,212742.171875,38044.5625,1.641529083252,0.29355373978615
dish_1550773917,28.968687057495,2.7623698711395,0.88802295923233,0.035353153944016,0.057347491383553,0.030063472688198,203003.78125,34713.37890625,1.5663871765137,0.26785013079643
dish_1550773949,26.992223739624,3.0515446662903,0.85886389017105,0.041144765913486,0.077485769987106,0.04431301727891,214047.859375,38349.43359375,1.651603937149,0.29590612649918
dish_1550773995,26.253763198853,4.5385403633118,0.8549582362175,0.058261584490538,0.080339774489403,0.041620217263699,216715.390625,38371.4453125,1.6721866130829,0.29607596993446
dish_1550774244,28.425260543823,2.6341602802277,0.89156049489975,0.032063115388155,0.075631186366081,0.042334709316492,202797.25,35081.24609375,1.564793586731,0.27068862318993
dish_1550774296,25.413372039795,3.9895217418671,0.87220764160156,0.041813377290964,0.084439650177956,0.038348291069269,208236.890625,36539.09765625,1.6067662239075,0.28193747997284
dish_1550774815,11.507764816284,1.3312799930573,0.48659071326256,0.07561518996954,0.75558465719223,0.052129946649075,211106.03125,40698.484375,1.6289045810699,0.31403151154518
dish_1550774895,25.948066711426,3.1442527770996,0.8520148396492,0.038807921111584,0.080973267555237,0.021337131038308,211592.421875,34795.98046875,1.6326575279236,0.26848751306534
dish_1550775126,26.742336273193,3.6306614875793,0.86743348836899,0.060413092374802,0.069295488297939,0.046830300241709,212013.46875,36416.27734375,1.6359063386917,0.28098979592323
dish_1550775219,19.496971130371,5.1985154151917,0.72177612781525,0.13395522534847,0.4153638780117,0.24077378213406,192841.75,71667.34375,1.4879765510559,0.55298870801926
dish_1550775273,25.210828781128,3.2727329730988,0.86816263198853,0.038970477879047,0.08804127573967,0.046748448163271,207844.828125,37776.046875,1.6037409305573,0.29148185253143
dish_1550775318,24.08402633667,3.6138122081757,0.86577016115189,0.048079326748848,0.095686450600624,0.049322128295898,208717.046875,36790.125,1.6104710102081,0.28387439250946
dish_1550775363,23.954168319702,4.9429450035095,0.84230649471283,0.062602713704109,0.10932637751102,0.061312228441238,215423.71875,38341.22265625,1.6622200012207,0.29584276676178
dish_1550775393,26.340900421143,4.0164561271667,0.86806744337082,0.041364978998899,0.082863755524158,0.060006741434336,188729.0,80137.09375,1.4562423229218,0.61834180355072
dish_1550775472,30.521535873413,4.8147912025452,0.896329164505,0.064905650913715,0.081665620207787,0.057223372161388,204926.421875,36964.9921875,1.5812222957611,0.28522372245789
dish_1550776767,26.629423141479,4.7364010810852,0.87547671794891,0.062831565737724,0.087640352547169,0.07371860742569,204729.515625,34585.6796875,1.5797030925751,0.26686480641365
dish_1550776854,27.50545501709,4.1835517883301,0.87985861301422,0.06978902220726,0.087182343006134,0.081840105354786,204798.703125,35423.8203125,1.5802369117737,0.2733319401741
dish_1550776907,27.839504241943,1.6832489967346,0.87281370162964,0.034103203564882,0.077833652496338,0.035516981035471,205512.046875,37125.59765625,1.5857410430908,0.28646296262741
dish_1550776957,26.582807540894,4.6744651794434,0.85882872343063,0.060160484164953,0.10116160660982,0.085119478404522,213850.78125,37903.58203125,1.6500831842422,0.29246592521667
dish_1550777025,28.279308319092,4.4775967597961,0.89620822668076,0.044912032783031,0.092347607016563,0.059498973190784,205147.734375,35376.30859375,1.5829299688339,0.27296537160873
dish_1550777124,13.660669326782,0.6319352388382,0.49895745515823,0.03882896527648,0.6894206404686,0.04534999281168,213004.1875,38951.90625,1.6435508728027,0.30055484175682
dish_1550777181,26.387403488159,2.9365284442902,0.88291776180267,0.024000683799386,0.060599941760302,0.025068700313568,209021.046875,36940.42578125,1.6128166913986,0.28503414988518
dish_1550777218,25.835363388062,2.424441576004,0.85596013069153,0.043590802699327,0.07353687286377,0.023531133309007,215341.515625,39136.86328125,1.6615858078003,0.301981985569
dish_1550777256,27.005254745483,4.2548551559448,0.88141632080078,0.034834116697311,0.064507521688938,0.040834963321686,212207.53125,37373.3984375,1.637403845787,0.28837499022484
dish_1550777319,28.329090118408,4.6152420043945,0.88548111915588,0.050446227192879,0.079471208155155,0.050253331661224,203917.65625,36199.1875,1.5734387636185,0.27931472659111
dish_1550777418,25.108182907104,3.8135757446289,0.86308157444,0.047000534832478,0.11150550097227,0.059294108301401,204843.40625,35239.58984375,1.5805817842484,0.27191039919853
dish_1550777469,26.105911254883,5.2443766593933,0.87398076057434,0.050935063511133,0.095954716205597,0.054688170552254,206962.65625,36167.296875,1.5969340801239,0.27906864881516
dish_1550777511,26.114068984985,4.2014775276184,0.86268705129623,0.047716617584229,0.085085317492485,0.047691017389297,211727.71875,36661.0859375,1.6337015628815,0.28287875652313
dish_1550777566,26.97642326355,4.2783164978027,0.86191529035568,0.059177700430155,0.080174952745438,0.04959774017334,212181.75,36821.1953125,1.6372048854828,0.28411418199539
dish_1550777646,12.09125328064,1.3867458105087,0.43579232692719,0.046208750456572,0.65663504600525,0.048362735658884,221627.046875,39571.09765625,1.710085272789,0.30533257126808
dish_1550777713,15.379623413086,0.94399970769882,0.62166678905487,0.03146681189537,0.6977162361145,0.052553985267878,207144.328125,36829.53125,1.5983357429504,0.28417846560478
dish_1550777791,27.063436508179,4.0955047607422,0.88279777765274,0.037267833948135,0.078640505671501,0.044329680502415,192469.890625,72930.75,1.4851071834564,0.56273728609085
dish_1550777827,27.719596862793,6.3611888885498,0.87464541196823,0.081877171993256,0.077290378510952,0.084475576877594,211522.109375,37827.125,1.6321150064468,0.29187592864037
dish_1550777860,26.685564041138,3.0012843608856,0.8715854883194,0.031814645975828,0.065158002078533,0.025086069479585,215375.296875,36727.34765625,1.6618465185165,0.28339004516602
dish_1550777919,28.095888137817,5.6182088851929,0.87709313631058,0.064122021198273,0.083619147539139,0.051599461585283,210788.5625,34638.75,1.626454949379,0.26727432012558
dish_1550778007,19.512424468994,6.5976500511169,0.68164253234863,0.17992137372494,0.40151461958885,0.33819055557251,206282.671875,37708.33984375,1.5916872024536,0.29095941781998
dish_1550778058,12.97881603241,0.72183787822723,0.53473031520844,0.04260665550828,0.74025934934616,0.039974130690098,210188.640625,36596.38671875,1.6218259334564,0.28237953782082
dish_1550778118,27.187326431274,4.2932715415955,0.88449096679688,0.046701185405254,0.066806182265282,0.03711698949337,213843.09375,37668.89453125,1.6500238180161,0.29065504670143
dish_1550778172,25.806011199951,4.8682527542114,0.85118901729584,0.061715431511402,0.094784557819366,0.049830473959446,204675.5625,39827.4296875,1.579286813736,0.30731040239334
dish_1550778312,26.017644882202,3.7016038894653,0.87477052211761,0.034331038594246,0.089866921305656,0.050867691636086,208079.421875,35914.62890625,1.6055511236191,0.27711907029152
dish_1550778355,25.12060546875,5.6511607170105,0.85546088218689,0.097744598984718,0.11435641348362,0.15453714132309,206962.40625,37108.1328125,1.596932053566,0.28632819652557
dish_1550778401,27.245676040649,2.3571424484253,0.89019227027893,0.029246784746647,0.068959929049015,0.028644504025578,205734.921875,35144.046875,1.5874607563019,0.27117317914963
dish_1550778435,26.444890975952,3.9787352085114,0.85955935716629,0.071874000132084,0.091384030878544,0.093416690826416,209501.09375,41291.55859375,1.6165207624435,0.31860768795013
dish_1550778469,26.72389793396,3.1571910381317,0.88448250293732,0.02806843817234,0.062845297157764,0.033751673996449,209386.40625,41909.16796875,1.6156358718872,0.32337322831154
dish_1550778535,28.677314758301,3.7598085403442,0.89364361763,0.041589312255383,0.074457935988903,0.045247081667185,204047.5,34592.33203125,1.5744405984879,0.26691615581512
dish_1550778583,27.338808059692,5.0807070732117,0.88814008235931,0.048245303332806,0.070924803614616,0.040540456771851,208369.21875,36489.97265625,1.6077872514725,0.28155842423439
dish_1550778619,27.970653533936,3.7353932857513,0.89013189077377,0.039558075368404,0.06177930533886,0.034624308347702,209516.65625,37385.515625,1.6166408061981,0.28846848011017
dish_1550778646,25.663654327393,4.8666019439697,0.86569839715958,0.064530797302723,0.084932342171669,0.056314658373594,214256.96875,38390.01171875,1.6532173156738,0.2962192595005
dish_1550778694,24.306346893311,5.9942865371704,0.82790035009384,0.069899864494801,0.11385671049356,0.073727510869503,217318.421875,38460.3515625,1.6768397092819,0.29676195979118
dish_1550778856,26.835781097412,3.7210948467255,0.87677949666977,0.037252601236105,0.088822454214096,0.054173212498426,205692.625,36146.3203125,1.5871344804764,0.27890679240227
dish_1550778922,24.388975143433,4.645941734314,0.85493052005768,0.056800663471222,0.11939234286547,0.071620963513851,206024.921875,35919.203125,1.589698433876,0.2771543264389
dish_1550778981,27.317195892334,2.1717267036438,0.89034813642502,0.027300838381052,0.070148073136806,0.04345140978694,205645.546875,35627.30078125,1.5867712497711,0.27490198612213
dish_1550779014,26.712749481201,4.5017113685608,0.87152767181396,0.063742987811565,0.081152155995369,0.064419627189636,208736.53125,39501.99609375,1.6106214523315,0.30479937791824
dish_1550779058,25.254308700562,3.9339354038239,0.86061632633209,0.036809410899878,0.084017299115658,0.038723472505808,218303.734375,36261.0546875,1.6844424009323,0.27979207038879
dish_1550779153,26.205322265625,6.3645286560059,0.8572786450386,0.10669121146202,0.10436265170574,0.10567127168179,215021.71875,39370.71484375,1.6591182947159,0.30378636717796
dish_1550779219,11.607353210449,0.78905463218689,0.50776743888855,0.03514688462019,0.74496173858643,0.073483183979988,214195.046875,38428.3984375,1.6527396440506,0.29651543498039
dish_1550779282,23.050231933594,4.6556935310364,0.8249117732048,0.089892446994781,0.15486009418964,0.14504262804985,212910.375,38586.37109375,1.6428269147873,0.29773434996605
dish_1550779336,26.021413803101,4.3434791564941,0.84939932823181,0.057829950004816,0.086971111595631,0.054343309253454,222460.84375,39467.78125,1.7165188789368,0.30453535914421
dish_1550779388,24.017288208008,4.772819519043,0.81000471115112,0.082390554249287,0.11114915460348,0.085963875055313,218686.578125,38307.1953125,1.6873964071274,0.29558020830154
dish_1550780717,26.04186630249,4.5618472099304,0.86848026514053,0.062258955091238,0.090634673833847,0.052705120295286,210211.78125,34691.2578125,1.6220045089722,0.26767945289612
dish_1550781280,11.174423217773,1.9579765796661,0.49402284622192,0.040356699377298,0.67480438947678,0.15934979915619,215335.765625,40489.59765625,1.6615414619446,0.31241971254349
dish_1550781317,28.143960952759,3.1148998737335,0.88436019420624,0.034032370895147,0.080384463071823,0.052470561116934,203862.359375,35597.33203125,1.5730119943619,0.27467074990273
dish_1550781347,24.304599761963,3.9050719738007,0.83060973882675,0.068652108311653,0.10581487417221,0.073135666549206,217227.953125,43235.71484375,1.6761416196823,0.33360889554024
dish_1550781372,26.1826171875,3.5012247562408,0.86479997634888,0.043686412274837,0.071731418371201,0.037458803504705,203161.953125,35674.6484375,1.5676076412201,0.27526733279228
dish_1550785292,21.812421798706,9.1377973556519,0.72804176807404,0.22776412963867,0.22557877004147,0.22857394814491,215014.609375,43644.82421875,1.6590633392334,0.33676561713219
dish_1550785404,23.57618522644,3.9534418582916,0.83014088869095,0.060846123844385,0.10438772290945,0.065843038260937,211737.203125,36595.52734375,1.6337747573853,0.28237289190292
dish_1550785481,28.736654281616,3.186927318573,0.89204043149948,0.024352438747883,0.063948385417461,0.024560643360019,209481.75,36753.71484375,1.616371512413,0.28359347581863
dish_1550785526,25.777393341064,4.0256872177124,0.83759146928787,0.063744194805622,0.09354966878891,0.059033047407866,220727.640625,38124.2890625,1.7031453847885,0.29416888952255
dish_1550785599,27.303342819214,3.8852729797363,0.85916846990585,0.055769864469767,0.069138810038567,0.039269883185625,221014.40625,40150.39453125,1.7053580284119,0.30980241298676
dish_1550785697,23.241689682007,4.322172164917,0.83476269245148,0.057523228228092,0.10146883875132,0.051383133977652,203541.265625,43288.95703125,1.5705344676971,0.33401972055435
dish_1550785808,27.667808532715,7.3915972709656,0.8669536113739,0.098796382546425,0.11644469946623,0.1553740799427,210148.328125,34004.96875,1.62151491642,0.26238402724266
dish_1550785876,26.663232803345,3.8254981040955,0.85956054925919,0.037932302802801,0.077381297945976,0.035538464784622,207894.09375,35614.30859375,1.6041210889816,0.27480176091194
dish_1550785915,26.255184173584,4.1630830764771,0.86739009618759,0.044530317187309,0.068959303200245,0.047500010579824,217198.625,37636.703125,1.6759153604507,0.29040664434433
dish_1550785975,24.157678604126,5.1000967025757,0.82997661828995,0.066832073032856,0.10004512220621,0.069468058645725,217722.078125,37263.18359375,1.67995429039,0.28752455115318
dish_1550788191,28.780403137207,3.852062702179,0.8841038942337,0.048025257885456,0.067146860063076,0.047765526920557,209484.0625,36385.48046875,1.6163893938065,0.28075215220451
dish_1550788264,29.001546859741,4.2207202911377,0.89056724309921,0.035053838044405,0.058156065642834,0.028749195858836,207929.28125,36152.21875,1.6043926477432,0.27895227074623
dish_1550788398,28.366117477417,3.0608770847321,0.87623858451843,0.038440778851509,0.068129308521748,0.045260533690453,205153.765625,37237.40625,1.5829765796661,0.28732565045357
dish_1550788505,27.863798141479,3.193107843399,0.87791752815247,0.041155703365803,0.061997689306736,0.031148267909884,215216.703125,34943.3046875,1.66062271595,0.26962426304817
dish_1550788591,25.544525146484,2.5879278182983,0.84908682107925,0.035989236086607,0.082017742097378,0.032757867127657,211112.1875,36081.421875,1.6289520263672,0.27840602397919
dish_1550788827,26.470699310303,5.2131590843201,0.87257778644562,0.051811117678881,0.08369655162096,0.061799615621567,204494.53125,35372.78515625,1.577889919281,0.27293816208839
dish_1550788957,26.150444030762,3.8834185600281,0.85567837953568,0.041088372468948,0.080654710531235,0.043962575495243,209913.234375,37364.453125,1.6197007894516,0.28830596804619
dish_1550789186,24.080984115601,4.5091795921326,0.82484924793243,0.049729526042938,0.10693640261889,0.07376766949892,210580.734375,36348.98828125,1.6248513460159,0.28047057986259
dish_1550789255,24.824840545654,3.9076693058014,0.84272807836533,0.055154848843813,0.094764918088913,0.056455478072166,215014.5625,37292.06640625,1.6590629816055,0.28774741292
dish_1550789321,25.947305679321,6.1730918884277,0.84974420070648,0.086807794868946,0.088086932897568,0.080945685505867,217801.390625,36851.1171875,1.6805661916733,0.28434503078461
dish_1550789705,23.997552871704,5.3208317756653,0.85100466012955,0.05037983879447,0.099345900118351,0.056154347956181,210494.265625,37583.0625,1.6241841316223,0.28999277949333
dish_1550789814,21.764762878418,7.8377366065979,0.69267946481705,0.19097037613392,0.33953273296356,0.24555219709873,208967.0625,36921.15234375,1.6124001741409,0.28488543629646
dish_1550789860,27.270353317261,4.9020562171936,0.87159568071365,0.062755189836025,0.081182017922401,0.057219199836254,213977.296875,37460.1328125,1.6510593891144,0.28904423117638
dish_1550790042,23.651845932007,4.8605732917786,0.81688088178635,0.074400343000889,0.13549011945724,0.091899260878563,215639.296875,36445.17578125,1.6638835668564,0.28121277689934
dish_1550790252,26.975618362427,3.4405398368835,0.8701274394989,0.041253115981817,0.082711473107338,0.033628940582275,205739.828125,35754.5546875,1.587498664856,0.27588391304016
dish_1550790347,26.956510543823,3.340601682663,0.85917627811432,0.049196034669876,0.08560585975647,0.043766029179096,205738.609375,35947.9140625,1.5874892473221,0.27737587690353
dish_1550790442,25.771308898926,4.8036661148071,0.84194928407669,0.066716089844704,0.10829927772284,0.061094891279936,214273.875,39637.8984375,1.6533477306366,0.30584800243378
dish_1550790511,27.18115234375,5.0063424110413,0.87727522850037,0.057693406939507,0.074731417000294,0.067019432783127,216912.578125,37751.47265625,1.6737080812454,0.29129222035408
dish_1550790554,27.028573989868,3.8518667221069,0.8674293756485,0.059143178164959,0.08450722694397,0.076662696897984,211112.96875,42426.37890625,1.628958106041,0.32736402750015
dish_1550790874,26.899709701538,3.5872611999512,0.87371462583542,0.036348279565573,0.073274031281471,0.034892778843641,204316.65625,34729.66015625,1.5765174627304,0.26797577738762
dish_1550791105,21.698265075684,4.4485530853271,0.7837221622467,0.10357552021742,0.16582424938679,0.12424309551716,209608.0,35592.98828125,1.6173456907272,0.27463725209236
dish_1550791160,15.957914352417,2.209513425827,0.60295534133911,0.083904720842838,0.58070468902588,0.12945809960365,210712.0,32994.7890625,1.62586414814,0.25458940863609
dish_1550791214,20.256525039673,3.7865414619446,0.78917509317398,0.076871298253536,0.15678308904171,0.12332675606012,213273.671875,37692.6171875,1.6456302404404,0.29083806276321
dish_1550791302,24.64829826355,3.3474373817444,0.84121596813202,0.04188172891736,0.084516979753971,0.038512799888849,214813.828125,39813.89453125,1.6575140953064,0.30720597505569
dish_1550791644,28.610403060913,3.7635626792908,0.90166515111923,0.023926366120577,0.053028214722872,0.021426299586892,206015.125,33206.7890625,1.5896228551865,0.25622519850731
dish_1550791701,25.221006393433,4.5487275123596,0.85329926013947,0.052674140781164,0.088151574134827,0.043943412601948,210785.34375,36041.265625,1.6264301538467,0.27809619903564
dish_1550791822,28.91717338562,2.6799983978271,0.89873445034027,0.025907443836331,0.060234677046537,0.043009325861931,206486.75,33136.76171875,1.5932619571686,0.25568488240242
dish_1550791884,26.135982513428,6.9796051979065,0.87392175197601,0.080314718186855,0.079306900501251,0.072423160076141,213192.453125,35400.80859375,1.6450034379959,0.27315437793732
dish_1550791942,27.403154373169,5.7111077308655,0.88562685251236,0.069522120058537,0.066814124584198,0.069065779447556,215188.453125,35966.359375,1.6604046821594,0.27751821279526
dish_1550792023,28.755548477173,3.5594575405121,0.87706792354584,0.05697401240468,0.08653761446476,0.040006477385759,204166.90625,36167.97265625,1.5753618478775,0.27907386422157
dish_1550792143,27.886831283569,3.2908225059509,0.88631522655487,0.030661320313811,0.062624610960484,0.029286872595549,206975.765625,39522.09765625,1.5970351696014,0.30495446920395
dish_1550792194,26.61766242981,3.8743970394135,0.85858482122421,0.050310857594013,0.11213910579681,0.059141144156456,206193.609375,36234.94140625,1.5910000801086,0.27959063649178
dish_1550792315,22.174478530884,3.785416841507,0.80215400457382,0.080222979187965,0.13701602816582,0.070059098303318,215654.921875,36576.1953125,1.6640039682388,0.28222373127937
dish_1550792365,27.357246398926,2.5445971488953,0.8910875916481,0.027394158765674,0.065266340970993,0.027138052508235,210138.4375,36447.015625,1.6214386224747,0.28122696280479
dish_1550792493,27.392793655396,3.7377157211304,0.8932089805603,0.016965957358479,0.072838850319386,0.032621197402477,206521.953125,35698.88671875,1.5935335159302,0.27545434236526
dish_1550792595,26.388301849365,5.5714902877808,0.87233871221542,0.069271899759769,0.084748908877373,0.064964167773724,208376.34375,36711.5546875,1.607842206955,0.28326818346977
dish_1550792734,27.054553985596,3.5928113460541,0.88420802354813,0.025286912918091,0.074042923748493,0.038752179592848,206312.421875,35003.234375,1.5919167995453,0.27008670568466
dish_1550792824,27.757453918457,3.5070188045502,0.89230966567993,0.029280042275786,0.056137844920158,0.03534159809351,208371.703125,40250.71484375,1.6078063249588,0.31057649850845
dish_1550792864,27.132978439331,2.8281502723694,0.87489718198776,0.036399237811565,0.067793972790241,0.029612908139825,210101.78125,40807.81640625,1.6211557388306,0.31487515568733
dish_1550793023,26.60516166687,6.7945857048035,0.88097268342972,0.061411999166012,0.08597981184721,0.056878011673689,208963.859375,34436.18359375,1.612375497818,0.26571130752563
dish_1550793093,26.718557357788,5.5148181915283,0.86538577079773,0.067682042717934,0.10669270902872,0.084814637899399,204184.71875,35634.03515625,1.5754992961884,0.27495396137238
dish_1550793192,27.857007980347,4.1393151283264,0.89193040132523,0.03814622014761,0.067918017506599,0.040570754557848,184827.140625,66499.9765625,1.42613530159,0.51311707496643
dish_1550793245,27.536275863647,5.1988000869751,0.86835408210754,0.063632287085056,0.081471897661686,0.045270379632711,204037.65625,35008.19140625,1.5743646621704,0.27012491226196
dish_1550793300,28.805570602417,4.8184885978699,0.88986134529114,0.067342966794968,0.070863373577595,0.061412021517754,208758.609375,37273.44921875,1.6107918024063,0.28760376572609
dish_1550793485,26.804084777832,2.1437916755676,0.88216829299927,0.026475802063942,0.06940583139658,0.019578643143177,208600.140625,36707.74609375,1.6095689535141,0.2832387983799
dish_1550793525,10.611898422241,1.0416221618652,0.3905286192894,0.079333752393723,0.74506920576096,0.084735810756683,222973.609375,40026.3828125,1.720475435257,0.30884554982185
dish_1550793582,25.603622436523,4.1543431282043,0.84852564334869,0.046347800642252,0.094098187983036,0.055189624428749,205501.296875,36130.6328125,1.5856581926346,0.27878576517105
dish_1550793621,26.567691802979,2.8548412322998,0.87515079975128,0.033490389585495,0.072456628084183,0.035306423902512,217177.625,39910.6484375,1.675753235817,0.30795252323151
dish_1550793673,26.007680892944,6.3492045402527,0.85282212495804,0.087463438510895,0.091251455247402,0.085023880004883,221220.625,37675.26953125,1.7069493532181,0.29070425033569
dish_1550795331,19.309833526611,7.809467792511,0.66341882944107,0.19511345028877,0.45439484715462,0.36903515458107,204105.8125,36946.41796875,1.5748904943466,0.2850803732872
dish_1550795361,25.571004867554,4.2559714317322,0.86905509233475,0.046070069074631,0.079864002764225,0.051965411752462,207443.0625,36628.60546875,1.6006408929825,0.28262814879417
dish_1550795423,27.599250793457,4.9595293998718,0.88353770971298,0.057608749717474,0.063337296247482,0.056484218686819,209601.5,37899.234375,1.6172956228256,0.29243236780167
dish_1550795455,23.446277618408,3.2570033073425,0.80763453245163,0.048317581415176,0.094243563711643,0.048940427601337,213311.671875,39101.1796875,1.6459233760834,0.30170661211014
dish_1550795497,22.568626403809,5.711407661438,0.78607589006424,0.12497825920582,0.13133829832077,0.15169775485992,215064.1875,38186.6328125,1.6594458818436,0.29464992880821
dish_1550795690,17.434886932373,6.1104459762573,0.61961299180984,0.17452177405357,0.48915874958038,0.29957553744316,212885.234375,32196.83203125,1.6426329612732,0.24843233823776
dish_1550795856,15.630301475525,1.7477195262909,0.63455820083618,0.064372487366199,0.5704146027565,0.16474622488022,208180.609375,39669.11328125,1.6063319444656,0.30608883500099
dish_1550796058,27.654317855835,3.4176330566406,0.89507079124451,0.02310131303966,0.055567983537912,0.018471639603376,210332.359375,34942.1953125,1.6229348182678,0.26961567997932
dish_1550796152,24.591577529907,5.2149701118469,0.81517565250397,0.080825090408325,0.12020295113325,0.068324610590935,214092.203125,35405.98828125,1.6519460678101,0.27319437265396
dish_1550796330,26.025426864624,5.987823009491,0.83869248628616,0.078182324767113,0.10421216487885,0.094335183501244,214539.5,37717.3671875,1.6553972959518,0.29102909564972
dish_1550796634,27.436618804932,4.3911447525024,0.88035398721695,0.04550826177001,0.075413197278976,0.054883107542992,204837.0625,35990.07421875,1.5805329084396,0.27770119905472
dish_1550796686,21.25790977478,8.4177045822144,0.70013678073883,0.18580727279186,0.33936360478401,0.31374272704124,205517.390625,35393.68359375,1.585782289505,0.27309939265251
dish_1550796731,25.763858795166,5.3711385726929,0.83189910650253,0.1035103276372,0.13545526564121,0.12433446198702,207880.59375,33924.3828125,1.6040169000626,0.26176220178604
dish_1550796763,26.817073822021,4.8699922561646,0.85433226823807,0.06315702944994,0.087539747357368,0.074424892663956,207948.421875,36431.32421875,1.6045402288437,0.28110587596893
dish_1550796794,28.947053909302,4.7715654373169,0.89373123645782,0.036120072007179,0.063610047101974,0.040896411985159,207277.71875,35929.33203125,1.5993651151657,0.27723249793053
dish_1550796973,21.940118789673,9.0947456359863,0.69500058889389,0.19886742532253,0.35938280820847,0.29022961854935,183209.421875,74575.0859375,1.4136528968811,0.57542508840561
dish_1550797031,18.923892974854,7.0519971847534,0.66057866811752,0.17726969718933,0.40917059779167,0.29869896173477,210521.875,37386.73046875,1.6243971586227,0.2884778380394
dish_1550797094,20.864336013794,7.695652961731,0.69419467449188,0.20174115896225,0.31423616409302,0.28571265935898,210847.234375,35264.7890625,1.6269075870514,0.27210485935211
dish_1550797130,25.422142028809,3.9547283649445,0.84215724468231,0.04259031265974,0.077556222677231,0.04098716750741,205535.953125,41289.828125,1.585925579071,0.31859436631203
dish_1550797169,23.907341003418,4.0122289657593,0.80477237701416,0.060028702020645,0.10098151117563,0.069775484502316,210881.546875,38596.609375,1.6271724700928,0.2978133559227
dish_1550797474,28.883066177368,4.0178289413452,0.87947672605515,0.05976102873683,0.075610041618347,0.060222998261452,209485.515625,34438.0625,1.6164005994797,0.26572579145432
dish_1550797692,25.964879989624,4.3181519508362,0.84766161441803,0.062598183751106,0.1051090285182,0.069408446550369,209948.375,37716.03125,1.6199719905853,0.29101875424385
dish_1550797753,28.15513420105,2.6769049167633,0.88544911146164,0.020190183073282,0.057629507035017,0.024896400049329,207904.65625,37102.89453125,1.6042026281357,0.28628778457642
dish_1550797791,26.567712783813,4.2597942352295,0.85924100875854,0.054922372102737,0.070643946528435,0.03499885648489,204862.0625,37851.1328125,1.5807257890701,0.29206120967865
dish_1550797833,28.596326828003,3.2049973011017,0.88777929544449,0.033187095075846,0.048594158142805,0.025365903973579,211978.078125,37136.65625,1.6356333494186,0.28654828667641
dish_1550859356,25.85022354126,5.8309044837952,0.87274670600891,0.071175508201122,0.10972161591053,0.078888081014156,205235.390625,35449.75,1.5836063623428,0.27353200316429
dish_1550859396,27.373321533203,5.0527791976929,0.89721304178238,0.041138909757137,0.069146513938904,0.043184522539377,208472.0625,34490.03515625,1.6085807085037,0.26612681150436
dish_1550859544,20.019605636597,6.617657661438,0.74405950307846,0.17445646226406,0.32091256976128,0.28134191036224,205560.453125,36334.8984375,1.5861146450043,0.28036186099052
dish_1550859578,25.499410629272,4.4208812713623,0.85579037666321,0.058488857001066,0.089068368077278,0.053724061697721,215724.671875,38722.8515625,1.6645421981812,0.29878741502762
dish_1550859622,25.283700942993,4.7235765457153,0.87156105041504,0.041994880884886,0.084069319069386,0.040274001657963,212402.265625,37701.046875,1.6389063596725,0.29090312123299
dish_1550859694,20.775032043457,8.8533239364624,0.72141802310944,0.16738379001617,0.30080273747444,0.24580998718739,209921.140625,37039.5703125,1.6197619438171,0.28579914569855
dish_1550859927,28.035011291504,3.7293541431427,0.89688777923584,0.023792991414666,0.064405702054501,0.031586546450853,207476.1875,36326.59375,1.6008964776993,0.28029781579971
dish_1550859977,26.120262145996,3.7645680904388,0.88975262641907,0.041898261755705,0.084439069032669,0.051378455013037,208529.859375,33977.08984375,1.6090266704559,0.26216888427734
dish_1550860041,25.376523971558,3.7604448795319,0.85323125123978,0.05867400765419,0.087342150509357,0.048529900610447,212744.390625,37189.7265625,1.6415462493896,0.28695774078369
dish_1550860107,25.182765960693,5.1886239051819,0.84206879138947,0.073709689080715,0.10818806290627,0.078794397413731,211839.359375,38987.32421875,1.6345629692078,0.30082809925079
dish_1550860188,26.254459381104,4.653525352478,0.89306497573853,0.034204140305519,0.099833652377129,0.054897047579288,207289.40625,36934.99609375,1.5994552373886,0.2849922478199
dish_1550860307,25.481727600098,6.2347989082336,0.86021947860718,0.073591709136963,0.11757007986307,0.10252287238836,207384.21875,33601.3125,1.6001869440079,0.25926938652992
dish_1550860361,25.704137802124,5.4480013847351,0.86243242025375,0.058600001037121,0.095559820532799,0.05319019779563,207544.359375,40797.94140625,1.6014225482941,0.31479895114899
dish_1550860444,25.222108840942,4.5287790298462,0.85878074169159,0.070045806467533,0.095098935067654,0.066016025841236,218370.203125,36210.15625,1.6849553585052,0.27939936518669
dish_1550860513,26.924718856812,4.4559364318848,0.86292856931686,0.073942460119724,0.096466869115829,0.076741777360439,212253.421875,38435.79296875,1.637757897377,0.29657247662544
dish_1550860631,19.432954788208,5.6171708106995,0.7108142375946,0.11467199772596,0.44591197371483,0.26902711391449,205132.40625,42668.7578125,1.582811832428,0.32923424243927
dish_1550860747,23.416458129883,4.6101317405701,0.80943334102631,0.076586648821831,0.18210941553116,0.091307498514652,200597.84375,34088.08984375,1.5478229522705,0.26302537322044
dish_1550860787,25.707706451416,5.8172187805176,0.87769562005997,0.062228158116341,0.10407242923975,0.069919742643833,208160.484375,31883.4609375,1.6061766147614,0.24601437151432
dish_1550860820,24.989688873291,3.8411471843719,0.83938884735107,0.064887374639511,0.10744835436344,0.060541190207005,207818.25,37043.17578125,1.6035357713699,0.28582695126534
dish_1550860858,26.598516464233,4.7744898796082,0.87227064371109,0.058572441339493,0.080559238791466,0.06574273109436,209665.609375,34159.9765625,1.617790222168,0.26358008384705
dish_1550860919,23.679147720337,5.8576731681824,0.84556615352631,0.067624755203724,0.11400575935841,0.072246305644512,212041.46875,37434.54296875,1.6361224651337,0.28884679079056
dish_1550861027,19.815277099609,5.4444470405579,0.70841860771179,0.14118838310242,0.36794897913933,0.2219273597002,206133.3125,36435.609375,1.5905349254608,0.28113895654678
dish_1550861074,19.311813354492,6.9609789848328,0.71234291791916,0.16996508836746,0.34602573513985,0.2908935546875,206953.28125,34033.60546875,1.5968617200851,0.26260498166084
dish_1550861124,26.217540740967,3.7090277671814,0.86249792575836,0.05307125300169,0.079136520624161,0.041990976780653,211846.828125,36947.37109375,1.6346205472946,0.28508773446083
dish_1550861187,27.24941444397,5.2136902809143,0.84667015075684,0.088506542146206,0.087188810110092,0.077046468853951,216585.140625,35221.34375,1.671181678772,0.2717696428299
dish_1550861324,16.059844970703,1.4987374544144,0.64584481716156,0.067706063389778,0.52764499187469,0.12748698890209,209583.578125,36193.5546875,1.6171572208405,0.27927124500275
dish_1550861388,23.951181411743,4.2043228149414,0.84407341480255,0.061192709952593,0.13731826841831,0.077487632632256,205822.375,34855.41015625,1.58813560009,0.26894608139992
dish_1550861432,19.243755340576,5.2102680206299,0.74704504013062,0.12104414403439,0.28166726231575,0.17758975923061,183413.859375,79253.40625,1.415230512619,0.61152321100235
dish_1550861458,24.323482513428,2.5104351043701,0.85030734539032,0.024581644684076,0.10781900584698,0.027292935177684,211298.15625,38143.14453125,1.6303870677948,0.29431435465813
dish_1550861520,22.346618652344,4.565484046936,0.81616008281708,0.076383158564568,0.14992398023605,0.095558620989323,206324.171875,38980.109375,1.5920073986053,0.3007724583149
dish_1550861584,17.095834732056,3.0727472305298,0.68598449230194,0.10007289797068,0.52522951364517,0.21213619410992,208253.28125,36452.0546875,1.6068925857544,0.28126582503319
dish_1550861605,16.18239402771,5.6633758544922,0.63103622198105,0.16538068652153,0.49834191799164,0.26029190421104,205135.65625,34059.69921875,1.5828368663788,0.26280629634857
dish_1550861670,26.25364112854,6.1431312561035,0.86333793401718,0.077637888491154,0.10780723392963,0.081932321190834,212776.125,35154.66796875,1.6417909860611,0.27125513553619
dish_1550861703,25.742094039917,5.8928356170654,0.8524261713028,0.11096163094044,0.12649664282799,0.12636335194111,205806.421875,35422.87890625,1.5880125761032,0.27332466840744
dish_1550861835,26.604730606079,2.6031787395477,0.8740302324295,0.041327487677336,0.080622904002666,0.037190470844507,208297.9375,36435.22265625,1.6072372198105,0.28113594651222
dish_1550861903,25.72899055481,4.3392734527588,0.87160331010818,0.04984413459897,0.098545759916306,0.060199074447155,207307.75,34194.25390625,1.5995967388153,0.26384454965591
dish_1550861950,21.693941116333,5.5782785415649,0.79167109727859,0.1028349250555,0.19088622927666,0.11999974399805,209815.53125,34222.3203125,1.6189470291138,0.26406109333038
dish_1550861994,20.900957107544,7.0965204238892,0.72865104675293,0.14895834028721,0.37082371115685,0.24388958513737,208993.953125,39015.9609375,1.612607717514,0.3010490834713
dish_1550862036,26.459276199341,4.911518573761,0.87386411428452,0.055089965462685,0.085766270756721,0.060809310525656,207779.234375,34101.78515625,1.6032347679138,0.26313102245331
dish_1550862106,26.451330184937,3.0591592788696,0.87389522790909,0.047884255647659,0.090106680989265,0.053452353924513,207013.234375,32907.01171875,1.5973243713379,0.25391212105751
dish_1550862190,16.36047744751,4.6300692558289,0.66449344158173,0.19459085166454,0.4959369301796,0.34611362218857,209314.8125,37503.21875,1.6150834560394,0.28937670588493
dish_1550862217,19.712051391602,5.403687953949,0.75173985958099,0.1238866224885,0.32919067144394,0.24881260097027,205658.203125,35568.80859375,1.5868688821793,0.27445068955421
dish_1550862272,24.519660949707,6.2624745368958,0.84806704521179,0.055380828678608,0.13020211458206,0.08065640181303,209172.171875,37282.39453125,1.613982796669,0.28767278790474
dish_1550862349,26.272117614746,4.9637608528137,0.84680205583572,0.079491034150124,0.10973918437958,0.069073528051376,207503.078125,35891.51953125,1.6011040210724,0.27694073319435
dish_1550862399,25.100730895996,4.7813453674316,0.83945602178574,0.049449812620878,0.095098979771137,0.067925371229649,211191.078125,35952.91796875,1.6295607089996,0.27741450071335
dish_1550862495,19.628242492676,5.7557444572449,0.7257953286171,0.15507237613201,0.34653416275978,0.29293465614319,212230.8125,37512.32421875,1.6375833749771,0.28944697976112
dish_1550862580,27.345617294312,3.5521943569183,0.87759155035019,0.035990513861179,0.10458961129189,0.067514799535275,203523.84375,34078.37890625,1.5704001188278,0.26295045018196
dish_1550862648,14.979250907898,0.9574903845787,0.61596393585205,0.081977263092995,0.6376668214798,0.080450400710106,206036.640625,34139.57421875,1.5897889137268,0.26342263817787
dish_1550862681,24.542304992676,5.3019261360168,0.83905005455017,0.09892749786377,0.11224397271872,0.097808107733727,205869.5,36114.51953125,1.5884991884232,0.27866140007973
dish_1550862733,26.43713760376,5.6412038803101,0.871950507164,0.067618884146214,0.09080047160387,0.059659816324711,208267.25,36590.38671875,1.6070004701614,0.28233322501183
dish_1550862840,19.329301834106,4.99369764328,0.73628097772598,0.13520281016827,0.39606004953384,0.27094721794128,208150.71875,40194.88671875,1.6061011552811,0.31014573574066
dish_1550862908,21.7744140625,4.3161859512329,0.79864978790283,0.076671034097672,0.17367154359818,0.12224653363228,205647.15625,35463.10546875,1.5867835283279,0.27363508939743
dish_1550862993,15.480829238892,1.2230706214905,0.65489393472672,0.067434065043926,0.62114906311035,0.13785187900066,206698.78125,35699.3671875,1.5948979854584,0.27545806765556
dish_1550863037,26.558488845825,3.2002418041229,0.87321215867996,0.021986002102494,0.067127071321011,0.031327079981565,207060.671875,36152.203125,1.5976904630661,0.27895215153694
dish_1550863078,27.123519897461,5.0257472991943,0.86495631933212,0.069946900010109,0.084917776286602,0.065399251878262,207396.578125,36422.7265625,1.6002823114395,0.28103956580162
dish_1550863155,21.031938552856,4.3438639640808,0.77100670337677,0.085049539804459,0.26274594664574,0.17045998573303,207540.078125,35452.62109375,1.6013895273209,0.27355417609215
dish_1550863247,17.359701156616,3.6029996871948,0.65970033407211,0.086590901017189,0.49442929029465,0.18660767376423,207058.390625,33652.60546875,1.597672700882,0.25966516137123
dish_1550863285,22.553649902344,7.077073097229,0.79291939735413,0.13885267078876,0.20296610891819,0.19769664108753,206620.03125,36183.76953125,1.5942903757095,0.27919575572014
dish_1550863309,14.745287895203,2.2107245922089,0.55875557661057,0.09297813475132,0.65131556987762,0.13883058726788,205336.4375,36035.37890625,1.5843861103058,0.278050750494
dish_1550863381,28.437520980835,4.4089994430542,0.89600914716721,0.036299075931311,0.073643855750561,0.049905374646187,208123.34375,33545.52734375,1.6058900356293,0.25883895158768
dish_1550873044,14.833528518677,0.96922379732132,0.63880431652069,0.045975409448147,0.74748635292053,0.057570524513721,207539.765625,37316.125,1.6013870239258,0.28793305158615
dish_1550873218,25.126359939575,5.7765274047852,0.81222248077393,0.12289950996637,0.16257052123547,0.13510859012604,203361.75,36240.734375,1.5691492557526,0.27963528037071
dish_1550873264,19.476543426514,7.3153605461121,0.69856435060501,0.18200944364071,0.38997831940651,0.26216220855713,206613.703125,38922.0,1.5942414999008,0.30032408237457
dish_1550873303,29.635927200317,4.4895873069763,0.90826731920242,0.028722632676363,0.058718338608742,0.033848818391562,208461.671875,37171.84375,1.6085005998611,0.28681978583336
dish_1550873338,26.988222122192,5.3235077857971,0.87824010848999,0.065863057971001,0.093208394944668,0.076647341251373,206062.5,38218.23046875,1.5899884700775,0.29489374160767
dish_1550873434,28.425222396851,2.9107482433319,0.88649088144302,0.02965266443789,0.084929831326008,0.039418641477823,194800.3125,75523.0546875,1.5030888319016,0.58273959159851
dish_1550873486,28.365226745605,3.3560039997101,0.8913060426712,0.049915440380573,0.082424446940422,0.058683425188065,209343.234375,35778.828125,1.6153026819229,0.27607122063637
dish_1550873572,20.217082977295,6.0906610488892,0.73343747854233,0.14835241436958,0.32348516583443,0.24872018396854,207599.859375,34820.91796875,1.6018508672714,0.26867991685867
dish_1550873668,26.776386260986,3.9838643074036,0.88771635293961,0.03636571764946,0.068464756011963,0.04068373516202,213596.453125,34568.08203125,1.6481207609177,0.26672902703285
dish_1550873788,26.416618347168,5.6910309791565,0.86999517679214,0.077321343123913,0.096152827143669,0.078757308423519,208715.34375,39671.609375,1.6104578971863,0.30610811710358
dish_1550873952,26.760047912598,4.5550045967102,0.86801147460938,0.060991927981377,0.10556552559137,0.081093057990074,204374.546875,35793.37109375,1.5769641399384,0.27618342638016
dish_1550874079,29.211122512817,4.07652759552,0.90123051404953,0.034202765673399,0.076344013214111,0.037917140871286,206140.59375,37298.09375,1.5905909538269,0.28779393434525
dish_1550874153,15.680776596069,2.405989408493,0.65324747562408,0.093442887067795,0.60319471359253,0.12169287353754,210120.8125,38005.28515625,1.6213026046753,0.29325065016747
dish_1550874191,25.409873962402,6.3211369514465,0.85800457000732,0.078892789781094,0.11109864711761,0.091712556779385,209116.546875,35821.5703125,1.6135536432266,0.27640098333359
dish_1550874267,26.061136245728,4.9428815841675,0.86119097471237,0.054374009370804,0.10420709103346,0.070898413658142,210283.53125,35463.80859375,1.6225581169128,0.27364048361778
dish_1550874464,27.907926559448,5.676652431488,0.87646377086639,0.063047118484974,0.089079305529594,0.080278448760509,209147.15625,33781.0,1.6137897968292,0.26065587997437
dish_1550874640,26.972389221191,2.6769304275513,0.87329977750778,0.03167849779129,0.084336079657078,0.033005394041538,209678.484375,37013.71875,1.6178895235062,0.28559970855713
dish_1550874679,21.854675292969,8.6912231445312,0.74311125278473,0.15405890345573,0.31670114398003,0.29352641105652,209177.59375,38054.87890625,1.6140246391296,0.29363334178925
dish_1550874729,26.853960037231,1.7446798086166,0.87079071998596,0.026606384664774,0.086858548223972,0.029046520590782,207463.71875,35351.59765625,1.6008002758026,0.27277466654778
dish_1550874756,20.56845664978,5.4602274894714,0.75967633724213,0.1198733150959,0.28205460309982,0.23362796008587,208604.78125,33959.71875,1.6096048355103,0.26203489303589
dish_1550874829,27.102634429932,5.6889204978943,0.85129332542419,0.081071920692921,0.12456972897053,0.12186339497566,206178.84375,35749.3984375,1.5908862352371,0.27584412693977
dish_1550874872,26.39168548584,6.0821175575256,0.87065470218658,0.071094371378422,0.12109948694706,0.13072553277016,206018.28125,34415.484375,1.5896472930908,0.26555156707764
dish_1550874918,28.322153091431,2.6839971542358,0.88600122928619,0.043196436017752,0.07110220938921,0.030330423265696,203552.359375,35293.9609375,1.570620059967,0.27232995629311
dish_1550874950,29.108190536499,4.0891580581665,0.89754456281662,0.032438583672047,0.059961840510368,0.035926774144173,208176.578125,38121.58203125,1.6063007116318,0.29414802789688
dish_1550875058,24.246240615845,2.30881690979,0.84930807352066,0.034166920930147,0.10782358795404,0.042697887867689,209103.546875,36877.0703125,1.6134532690048,0.28454530239105
dish_1550875168,29.257932662964,3.565043926239,0.89426720142365,0.049974866211414,0.07618360221386,0.057616751641035,206127.90625,33999.60546875,1.5904932022095,0.26234266161919
dish_1550875229,25.49481010437,4.7862358093262,0.82550096511841,0.087495945394039,0.14833034574986,0.12387865781784,202964.578125,36616.22265625,1.5660847425461,0.28253257274628
dish_1550875293,30.741540908813,5.9279699325562,0.90917617082596,0.028548192232847,0.06629778444767,0.050437711179256,206361.265625,37568.984375,1.5922936201096,0.28988415002823
dish_1550875347,27.566982269287,2.9630036354065,0.87100845575333,0.050141263753176,0.080784156918526,0.033528726547956,206972.125,36479.5,1.5970071554184,0.2814776301384
dish_1550875400,28.082054138184,5.3061847686768,0.88619273900986,0.055390682071447,0.079546399414539,0.055123116821051,210775.96875,33504.94921875,1.626357793808,0.25852584838867
dish_1550875891,25.118719100952,4.4756531715393,0.84807705879211,0.068419151008129,0.11753004044294,0.065484099090099,210165.625,36563.43359375,1.6216484308243,0.2821252644062
dish_1550875931,25.234222412109,4.345477104187,0.84995746612549,0.055316597223282,0.11045429855585,0.053600560873747,208691.5,33406.36328125,1.6102738380432,0.25776514410973
dish_1550875968,20.964344024658,4.4933648109436,0.74328351020813,0.14818933606148,0.36837112903595,0.23870584368706,209299.28125,32746.7109375,1.6149635314941,0.25267523527145
dish_1550876012,28.549865722656,3.6567070484161,0.89232438802719,0.030808033421636,0.066042363643646,0.035680361092091,206209.3125,35993.3984375,1.5911211967468,0.27772685885429
dish_1550876055,25.03236579895,6.6390047073364,0.85349065065384,0.080785192549229,0.10544446855783,0.083337560296059,208467.609375,36111.41796875,1.6085463762283,0.27863746881485
dish_1550876249,28.021800994873,4.7768096923828,0.89975583553314,0.035562057048082,0.078922659158707,0.04664983227849,206169.0,35166.66015625,1.5908101797104,0.27134767174721
dish_1550876298,28.454996109009,3.5254204273224,0.89273947477341,0.039954740554094,0.07253585755825,0.04677015915513,204793.953125,36602.6875,1.5802001953125,0.28242817521095
dish_1550876376,26.809293746948,7.7611770629883,0.85191279649734,0.11609105020761,0.18249858915806,0.20084810256958,204776.484375,34854.4375,1.5800654888153,0.26893857121468
dish_1550876416,27.028877258301,3.5767676830292,0.88514423370361,0.04144673794508,0.082526102662086,0.038959477096796,207993.765625,36579.58203125,1.6048901081085,0.28224983811378
dish_1550876467,25.70532989502,4.7138123512268,0.88462948799133,0.05368473008275,0.087364353239536,0.078405737876892,209671.65625,33593.890625,1.6178368330002,0.25921210646629
dish_1550876619,26.236616134644,4.1943759918213,0.86290967464447,0.058847952634096,0.12144038081169,0.076542884111404,203311.546875,36345.140625,1.5687619447708,0.2804408967495
dish_1550876748,29.310724258423,2.4282503128052,0.91171956062317,0.023530820384622,0.062947757542133,0.041908983141184,209219.609375,33195.3828125,1.6143487691879,0.25613722205162
dish_1550876819,29.554521560669,3.7235431671143,0.88615250587463,0.045832268893719,0.092187412083149,0.054224651306868,207587.296875,37749.4453125,1.6017538309097,0.29127657413483
dish_1550876892,30.230321884155,2.6754002571106,0.91104382276535,0.022275188937783,0.050564061850309,0.023775650188327,205196.734375,35313.43359375,1.5833081007004,0.27248018980026
dish_1550876969,26.406803131104,3.7083418369293,0.88049292564392,0.048666752874851,0.092212833464146,0.050374131649733,210696.34375,34717.640625,1.6257433891296,0.26788303256035
dish_1551122493,25.644170761108,3.3739042282104,0.87529760599136,0.045561693608761,0.096180722117424,0.050174813717604,208161.34375,33570.64453125,1.6061832904816,0.25903275609016
dish_1551122567,26.32862663269,3.7872529029846,0.87338495254517,0.035817459225655,0.09260393679142,0.04804489761591,207254.9375,35747.37109375,1.5991892814636,0.27582848072052
dish_1551122614,21.925933837891,5.0632667541504,0.79905617237091,0.11216156929731,0.16709823906422,0.12802967429161,213312.421875,38035.20703125,1.6459292173386,0.293481528759
dish_1551122662,27.9232006073,3.6818370819092,0.87736880779266,0.0671701207757,0.080859914422035,0.07490261644125,214828.96875,38978.37890625,1.6576309204102,0.30075910687447
dish_1551122713,26.279552459717,4.0591840744019,0.86749243736267,0.04272523149848,0.079602092504501,0.031970102339983,219290.84375,39055.3671875,1.6920589208603,0.30135315656662
dish_1551122795,25.321016311646,4.5233445167542,0.85695892572403,0.064895339310169,0.11147103458643,0.060808945447206,210355.78125,37841.9765625,1.6231156587601,0.29199054837227
dish_1551122844,24.067102432251,2.8842074871063,0.83964937925339,0.048600975424051,0.12287256866693,0.066224917769432,205054.25,39064.63671875,1.5822086334229,0.30142465233803
dish_1551122871,23.671054840088,5.5387001037598,0.83036065101624,0.091180145740509,0.12449282407761,0.09983204305172,215278.859375,35314.76953125,1.6611022949219,0.27249050140381
dish_1551122914,27.53507232666,2.2960240840912,0.87875956296921,0.035406988114119,0.059499718248844,0.014959907159209,215699.453125,38000.71875,1.6643476486206,0.2932154238224
dish_1551122952,28.110361099243,2.8360407352448,0.88000679016113,0.040338534861803,0.064288757741451,0.027995731681585,219197.828125,38968.17578125,1.6913412809372,0.30068036913872
dish_1551123023,28.997053146362,4.9556365013123,0.89094793796539,0.045677024871111,0.080166533589363,0.043972451239824,206458.65625,35304.25390625,1.5930452346802,0.27240934967995
dish_1551123072,28.443408966064,3.8360371589661,0.89138787984848,0.040064927190542,0.085067138075829,0.056352432817221,200077.078125,38563.3359375,1.543804526329,0.29755660891533
dish_1551123396,15.903049468994,5.8398752212524,0.56455743312836,0.24272201955318,0.62228840589523,0.25931775569916,211426.78125,39866.5234375,1.6313794851303,0.30761206150055
dish_1551123455,27.376512527466,4.7226486206055,0.8701633810997,0.061065789312124,0.10301248729229,0.078551933169365,211017.421875,36095.7421875,1.6282209157944,0.2785165309906
dish_1551123633,24.529222488403,3.4330096244812,0.82994562387466,0.062343772500753,0.12012935429811,0.064240217208862,208830.421875,35709.10546875,1.6113458871841,0.27553322911263
dish_1551123904,26.064561843872,2.5583550930023,0.8779718875885,0.030826071277261,0.081334561109543,0.02986435033381,208783.890625,36383.015625,1.610986828804,0.28073316812515
dish_1551123986,18.647197723389,7.6428427696228,0.69257885217667,0.19922424852848,0.37367689609528,0.29374021291733,206313.3125,36203.125,1.5919237136841,0.27934509515762
dish_1551124062,27.748010635376,3.3434562683105,0.86857163906097,0.043963342905045,0.09977725148201,0.041678354144096,207312.875,36063.0703125,1.5996363162994,0.27826443314552
dish_1551124116,27.82021522522,4.5116138458252,0.88357239961624,0.050845496356487,0.070572428405285,0.038774833083153,211768.5625,34809.27734375,1.634016752243,0.268590092659
dish_1551124157,27.848888397217,3.848078250885,0.89106899499893,0.046983160078526,0.067387618124485,0.038291782140732,209625.625,35890.046875,1.6174817085266,0.27692937850952
dish_1551124221,28.880041122437,4.3795237541199,0.90010392665863,0.034498501569033,0.060472436249256,0.032248787581921,206845.5625,36539.73828125,1.5960304737091,0.28194242715836
dish_1551124267,24.358392715454,5.2750878334045,0.8321795463562,0.070389583706856,0.1146317794919,0.074516199529171,214143.828125,37977.9609375,1.6523443460464,0.29303982853889
dish_1551124322,25.850471496582,6.660126209259,0.85479360818863,0.093155406415462,0.10706193745136,0.11000525206327,213956.90625,36393.04296875,1.6509020328522,0.28081050515175
dish_1551124362,23.339767456055,6.9619040489197,0.81584900617599,0.11861333996058,0.1369117051363,0.13000223040581,216099.6875,40000.671875,1.6674358844757,0.30864715576172
dish_1551124407,25.241775512695,6.1043968200684,0.837258040905,0.11851526796818,0.11782536655664,0.1488211452961,219623.8125,37588.80859375,1.6946281194687,0.29003709554672
dish_1551124481,26.783126831055,5.8519282341003,0.88094091415405,0.069922931492329,0.078373305499554,0.060889709740877,210239.78125,36760.94921875,1.6222206354141,0.28364926576614
dish_1551124591,22.312936782837,5.1604681015015,0.81181627511978,0.059415109455585,0.16282516717911,0.093150623142719,205345.625,35802.9375,1.5844569206238,0.27625724673271
dish_1551124637,28.181676864624,4.6657061576843,0.88701301813126,0.051897644996643,0.074367813766003,0.040848273783922,210087.796875,35491.68359375,1.6210478544235,0.27385559678078
dish_1551124687,27.070211410522,4.3594312667847,0.87323915958405,0.051980879157782,0.079342395067215,0.046801876276731,215501.65625,36820.68359375,1.6628214120865,0.28411021828651
dish_1551124723,24.945302963257,5.1949124336243,0.83452022075653,0.090361051261425,0.1079153418541,0.098272599279881,218050.28125,39122.75,1.6824867725372,0.30187305808067
dish_1551125258,27.994548797607,4.9950470924377,0.88222992420197,0.050809819251299,0.076163657009602,0.068247608840466,192195.671875,73611.03125,1.4829913377762,0.567986369133
dish_1551125305,25.917055130005,4.9554233551025,0.87165099382401,0.046921242028475,0.06976730376482,0.037843875586987,214366.625,36323.82421875,1.6540634632111,0.28027641773224
dish_1551125357,27.666385650635,3.6450619697571,0.88175737857819,0.03738572075963,0.088744312524796,0.048535514622927,205574.375,35950.90234375,1.5862220525742,0.27739894390106
dish_1551125384,25.761560440063,5.1681814193726,0.85643470287323,0.06490258872509,0.085185959935188,0.065079502761364,214760.5,39419.9375,1.6571025848389,0.30416619777679
dish_1551125436,24.648635864258,4.678126335144,0.81269079446793,0.091256350278854,0.11513684689999,0.080425292253494,217855.703125,39072.46484375,1.6809853315353,0.30148509144783
dish_1551133789,16.042318344116,1.0295100212097,0.58258241415024,0.04563545435667,0.63354867696762,0.089038453996181,206598.484375,32992.421875,1.5941240787506,0.25457113981247
dish_1551133870,19.0393409729,3.881005525589,0.69016712903976,0.11101883649826,0.44587609171867,0.24050669372082,206950.96875,34801.60546875,1.5968438386917,0.26853090524673
dish_1551134053,30.344186782837,5.21994972229,0.91021418571472,0.038909815251827,0.055267665535212,0.042606521397829,208418.0625,34155.578125,1.6081640720367,0.26354613900185
dish_1551134138,31.327068328857,3.3776681423187,0.91488397121429,0.035745084285736,0.051187191158533,0.033503714948893,210047.140625,33945.8515625,1.6207340955734,0.26192787289619
dish_1551134208,28.067867279053,3.7771317958832,0.86824011802673,0.047602187842131,0.084336012601852,0.047587346285582,210059.625,36942.78125,1.6208304166794,0.28505229949951
dish_1551134442,23.869138717651,5.9001188278198,0.82927304506302,0.11249009519815,0.13248458504677,0.12921063601971,212484.25,34528.81640625,1.6395390033722,0.26642608642578
dish_1551134622,15.894070625305,1.9850455522537,0.58595234155655,0.045373491942883,0.67469811439514,0.13483940064907,208681.734375,33169.6796875,1.6101986169815,0.25593885779381
dish_1551134757,28.871673583984,4.347571849823,0.90357273817062,0.031625214964151,0.068567290902138,0.037619233131409,208946.828125,35920.73828125,1.6122440099716,0.27716618776321
dish_1551134824,27.905502319336,4.5843005180359,0.87887167930603,0.057459380477667,0.084756970405579,0.058466650545597,189070.84375,77470.0390625,1.4588799476624,0.59776264429092
dish_1551134895,25.135948181152,4.1912627220154,0.84881263971329,0.063067428767681,0.10943453758955,0.058264661580324,213933.84375,37925.5859375,1.6507241725922,0.29263570904732
dish_1551134987,29.603496551514,4.1854343414307,0.91368782520294,0.029799168929458,0.050685089081526,0.019065534695983,186251.703125,65269.78125,1.4371273517609,0.50362485647202
dish_1551135179,28.476034164429,5.9892511367798,0.91215252876282,0.0380176641047,0.062725678086281,0.041579578071833,208795.453125,36238.91015625,1.6110761165619,0.27962121367455
dish_1551135297,22.973850250244,5.5524888038635,0.80710542201996,0.15447206795216,0.17139272391796,0.19696074724197,203811.046875,34852.046875,1.5726161003113,0.26892012357712
dish_1551135363,28.724641799927,3.1740369796753,0.91014659404755,0.012558373622596,0.046607445925474,0.011713723652065,213328.625,33615.96875,1.6460542678833,0.25938245654106
dish_1551135415,29.006563186646,3.6694347858429,0.89752078056335,0.032455656677485,0.059815622866154,0.024744352325797,212273.59375,36644.3203125,1.6379135847092,0.28274941444397
dish_1551135536,28.367444992065,5.4579095840454,0.89291381835938,0.058270253241062,0.070339120924473,0.05443012714386,206801.703125,36742.4765625,1.5956921577454,0.28350675106049
dish_1551135590,28.976396560669,3.1864287853241,0.90941423177719,0.02435614541173,0.058718219399452,0.032024424523115,211138.34375,34643.5078125,1.6291538476944,0.26731103658676
dish_1551135656,27.142353057861,4.4187459945679,0.89134240150452,0.032909195870161,0.083208493888378,0.032441213726997,207046.5,36390.109375,1.5975810289383,0.28078788518906
dish_1551135718,26.885929107666,4.279393196106,0.87348055839539,0.042128566652536,0.077174484729767,0.043793972581625,212770.6875,39313.83203125,1.6417491436005,0.30334749817848
dish_1551135767,27.775323867798,5.7813653945923,0.88669782876968,0.057344108819962,0.072685472667217,0.063852928578854,212537.78125,39423.125,1.6399520635605,0.30419078469276
dish_1551135896,27.095750808716,4.6193523406982,0.88002353906631,0.045410476624966,0.093928277492523,0.053688265383244,208011.640625,36668.2734375,1.6050281524658,0.2829342186451
dish_1551136043,27.055648803711,5.3499178886414,0.8823037147522,0.051287885755301,0.088070511817932,0.052725479006767,206349.328125,32983.046875,1.592201590538,0.25449880957603
dish_1551136264,29.089290618896,5.5962824821472,0.90456211566925,0.043891597539186,0.071759261190891,0.052086032927036,207174.015625,36375.38671875,1.5985649824142,0.28067427873611
dish_1551136315,27.566066741943,6.1569747924805,0.85510802268982,0.10856661200523,0.097733743488789,0.12376222759485,215000.75,35066.86328125,1.6589564085007,0.27057763934135
dish_1551136396,24.717454910278,4.1516280174255,0.85116136074066,0.054456196725368,0.094723626971245,0.046966075897217,213772.015625,37953.4375,1.6494753360748,0.29285058379173
dish_1551136531,25.503450393677,6.5522398948669,0.8604194521904,0.079005785286427,0.11110036075115,0.093769103288651,206743.484375,33599.5390625,1.595242857933,0.25925567746162
dish_1551136610,28.427892684937,7.0756864547729,0.88218241930008,0.0706757158041,0.092148907482624,0.076697073876858,207822.140625,33678.8046875,1.6035658121109,0.25986734032631
dish_1551136683,26.997011184692,7.5608816146851,0.85790657997131,0.093345671892166,0.12253590673208,0.10825931280851,208085.390625,34479.515625,1.6055972576141,0.26604562997818
dish_1551136769,27.781909942627,5.8167943954468,0.88823765516281,0.069702140986919,0.069571860134602,0.062498345971107,212717.5,35674.80859375,1.6413387060165,0.2752685546875
dish_1551136814,26.164602279663,7.1592197418213,0.86374545097351,0.093166753649712,0.10782642662525,0.10546151548624,210218.46875,34482.17578125,1.6220560073853,0.26606619358063
dish_1551136891,25.7096118927,6.4675488471985,0.86366677284241,0.070613645017147,0.10435488820076,0.078251503407955,212143.140625,33885.515625,1.6369069814682,0.26146233081818
dish_1551137091,30.10689163208,4.1533246040344,0.91696107387543,0.027090715244412,0.056600317358971,0.02874555811286,211002.71875,36605.5546875,1.6281074285507,0.28245025873184
dish_1551137173,28.8625831604,5.3126606941223,0.88664191961288,0.056961461901665,0.068031042814255,0.047041218727827,212000.734375,37417.0078125,1.6358081102371,0.28871148824692
dish_1551137277,26.864740371704,6.4859819412231,0.8625493645668,0.098041325807571,0.10776986926794,0.11165975034237,218221.8125,35662.56640625,1.6838102340698,0.27517414093018
dish_1551137348,26.366718292236,3.7547063827515,0.86083137989044,0.048920441418886,0.081065371632576,0.047179508954287,217752.1875,38458.6015625,1.6801866292953,0.29674845933914
dish_1551137431,31.49084854126,5.3066053390503,0.91993623971939,0.035246714949608,0.05553213506937,0.034916289150715,206746.8125,35280.65625,1.5952686071396,0.27222728729248
dish_1551138110,29.482780456543,6.6562128067017,0.89869892597198,0.058320105075836,0.078389681875706,0.072053350508213,204394.40625,35500.35546875,1.5771174430847,0.27392250299454
dish_1551138180,22.134128570557,6.2926988601685,0.78086286783218,0.1534218788147,0.21445283293724,0.21484336256981,206578.171875,34606.80859375,1.5939674377441,0.26702782511711
dish_1551138237,28.242343902588,3.0038568973541,0.89254802465439,0.032188095152378,0.065127909183502,0.025342823937535,210715.28125,34558.265625,1.6258895397186,0.26665326952934
dish_1551138312,24.928447723389,4.4613189697266,0.82522916793823,0.049115154892206,0.10108111053705,0.054258745163679,210990.78125,33780.08984375,1.6280152797699,0.26064884662628
dish_1551139066,26.246421813965,7.7338805198669,0.87904751300812,0.078473284840584,0.1069673448801,0.11942831426859,205450.9375,36110.671875,1.5852695703506,0.27863174676895
dish_1551139192,17.479164123535,4.788694858551,0.63929361104965,0.18229664862156,0.50362473726273,0.29178994894028,206850.921875,35593.73828125,1.5960719585419,0.2746430337429
dish_1551139260,27.611797332764,6.2774357795715,0.89087706804276,0.078917250037193,0.081149995326996,0.08964765816927,210547.0,34280.24609375,1.6245909929276,0.26450806856155
dish_1551139325,24.851482391357,7.1059565544128,0.85564297437668,0.083455838263035,0.10825058072805,0.083002351224422,211029.53125,38387.46875,1.6283142566681,0.29619958996773
dish_1551139367,28.312564849854,3.514298915863,0.89491951465607,0.039356701076031,0.05096023902297,0.023132702335715,203312.125,37833.1953125,1.5687663555145,0.2919228374958
dish_1551139415,26.793285369873,6.7214384078979,0.88356250524521,0.079315923154354,0.088247753679752,0.12158874422312,196749.28125,38260.01171875,1.5181272029877,0.29521614313126
dish_1551139487,26.166505813599,5.1145377159119,0.88836336135864,0.046050876379013,0.081861212849617,0.047293115407228,207100.171875,35932.81640625,1.5979951620102,0.27725937962532
dish_1551139535,28.395868301392,4.7107691764832,0.89584082365036,0.046685665845871,0.07075872272253,0.041707169264555,206526.296875,36499.53515625,1.5935671329498,0.28163221478462
dish_1551139576,25.564485549927,5.0804681777954,0.87029647827148,0.064505495131016,0.075401082634926,0.066296190023422,186848.734375,71637.4375,1.4417340755463,0.55275797843933
dish_1551139606,26.404193878174,3.0387589931488,0.89352637529373,0.027044754475355,0.056777752935886,0.024656405672431,203944.96875,36534.98046875,1.5736495256424,0.28190571069717
dish_1551139675,14.746291160583,1.5705305337906,0.58177185058594,0.073269903659821,0.78418058156967,0.088290311396122,201286.625,35348.58984375,1.5531375408173,0.27275148034096
dish_1551139764,27.733825683594,3.6170129776001,0.89019954204559,0.032902587205172,0.081183791160583,0.040001004934311,207226.984375,33449.609375,1.5989736318588,0.2580988407135
dish_1551139831,24.065223693848,5.2134718894958,0.86246830224991,0.08574815094471,0.10553023219109,0.10342542082071,207808.90625,37205.81640625,1.603463768959,0.28708192706108
dish_1551139874,25.00358581543,5.4568710327148,0.87963545322418,0.053651079535484,0.083062626421452,0.050960086286068,211971.59375,36389.87890625,1.635583281517,0.28078612685204
dish_1551139956,25.889663696289,5.341278553009,0.88120704889297,0.065188512206078,0.075179807841778,0.066531248390675,206238.78125,35162.2421875,1.591348528862,0.2713135778904
dish_1551141628,25.188074111938,3.5394983291626,0.85640394687653,0.03524399548769,0.11652392148972,0.051162015646696,204173.390625,35636.140625,1.5754119157791,0.2749702334404
dish_1551141670,27.223834991455,4.0209393501282,0.89374059438705,0.038955457508564,0.067347757518291,0.045958407223225,209172.71875,38514.4140625,1.6139869689941,0.29717913269997
dish_1551141710,30.597785949707,5.0130438804626,0.91028916835785,0.027521876618266,0.063725918531418,0.038103349506855,206846.09375,36281.76953125,1.5960346460342,0.27995193004608
dish_1551141747,25.241653442383,4.7759194374084,0.86292952299118,0.079074658453465,0.085777252912521,0.06867777556181,212864.0625,37483.73828125,1.6424696445465,0.28922638297081
dish_1551141779,25.013048171997,4.3268060684204,0.84230172634125,0.050881549715996,0.10739833861589,0.054125029593706,214233.21875,37767.73046875,1.6530340909958,0.29141768813133
dish_1551141849,28.085479736328,3.2244050502777,0.87543207406998,0.018336445093155,0.075582377612591,0.032844483852386,207489.515625,36220.32421875,1.6009993553162,0.27947780489922
dish_1551141892,25.66107749939,6.5909395217896,0.87207633256912,0.075372606515884,0.097132787108421,0.08147094398737,200971.53125,72422.5234375,1.5507062673569,0.55881577730179
dish_1551141931,30.748607635498,3.9311685562134,0.91786766052246,0.021195506677032,0.050516530871391,0.016386026516557,204963.09375,36141.83984375,1.5815054178238,0.2788722217083
dish_1551142001,25.539846420288,5.6401596069336,0.84032255411148,0.089577816426754,0.11578772217035,0.085128434002399,210944.46875,36731.5078125,1.6276580095291,0.28342214226723
dish_1551142046,25.54748916626,7.2539467811584,0.86006319522858,0.10351052135229,0.10559751093388,0.11217753589153,216594.25,36126.015625,1.6712520122528,0.27875012159348
dish_1551142128,18.073341369629,7.3070321083069,0.65593457221985,0.27034023404121,0.39221352338791,0.33414024114609,200887.765625,41162.74609375,1.5500599145889,0.31761381030083
dish_1551142459,24.969863891602,6.2994332313538,0.88336139917374,0.062053348869085,0.092899397015572,0.063055008649826,208810.8125,34062.515625,1.6111944913864,0.26282805204391
dish_1551142509,28.280475616455,4.8152117729187,0.88268154859543,0.067946515977383,0.082126684486866,0.071928538382053,211048.0,37509.66015625,1.6284567117691,0.28942641615868
dish_1551142547,26.058940887451,6.7795357704163,0.88477420806885,0.062564678490162,0.080492936074734,0.061322141438723,211504.625,33877.7578125,1.6319800615311,0.2614024579525
dish_1551142589,26.129932403564,6.5817556381226,0.87540131807327,0.066927932202816,0.090043738484383,0.074933610856533,212864.828125,34707.953125,1.6424754858017,0.2678082883358
dish_1551221581,28.262985229492,5.6214466094971,0.90620529651642,0.036748915910721,0.069229625165462,0.051586378365755,206427.515625,36186.5859375,1.5928049087524,0.27921748161316
dish_1551221801,26.331039428711,4.8193702697754,0.86659443378448,0.082354508340359,0.1080821827054,0.10431133210659,204968.609375,34617.6796875,1.5815479755402,0.26711171865463
dish_1551221853,26.679347991943,2.7091801166534,0.87497174739838,0.024399841204286,0.080818712711334,0.030702913179994,205261.59375,35721.50390625,1.5838086605072,0.27562889456749
dish_1551221892,27.119518280029,3.6867241859436,0.86241644620895,0.044668573886156,0.089866638183594,0.047419898211956,211745.703125,37314.03515625,1.6338403224945,0.28791692852974
dish_1551221935,27.638774871826,6.5525732040405,0.86676782369614,0.078025996685028,0.094647504389286,0.075017735362053,210794.828125,34173.3828125,1.6265033483505,0.26368352770805
dish_1551222036,30.203310012817,4.0794820785522,0.91624486446381,0.018830712884665,0.048235837370157,0.02107367105782,205187.5,35749.93359375,1.5832368135452,0.27584823966026
dish_1551222068,26.926288604736,6.2972803115845,0.86289668083191,0.08234977722168,0.10809767991304,0.093261010944843,210432.828125,35862.62109375,1.6237101554871,0.27671778202057
dish_1551222188,27.513887405396,3.8654475212097,0.88919752836227,0.039340406656265,0.07544881105423,0.04389862716198,207854.890625,35959.859375,1.603818655014,0.27746805548668
dish_1551222225,28.19556427002,4.2835597991943,0.90532290935516,0.043635156005621,0.056641101837158,0.038904510438442,213287.0,38284.1171875,1.645732998848,0.29540210962296
dish_1551222311,28.653133392334,2.6070077419281,0.90061688423157,0.032268699258566,0.053342968225479,0.022800082340837,211770.5,36999.9453125,1.6340315341949,0.28549340367317
dish_1551222363,26.034395217896,4.7414202690125,0.8502402305603,0.051553294062614,0.122254550457,0.064068950712681,208996.390625,34299.4765625,1.6126264333725,0.26465645432472
dish_1551222472,23.731958389282,5.1113891601562,0.84232890605927,0.068299800157547,0.13516767323017,0.089073702692986,206836.34375,35352.76953125,1.5959595441818,0.27278372645378
dish_1551222527,29.775367736816,4.6158237457275,0.91414141654968,0.026217179372907,0.056378442794085,0.032004926353693,208201.28125,35339.3125,1.6064913272858,0.27267989516258
dish_1551222558,24.70964050293,3.4737415313721,0.85053288936615,0.043523743748665,0.098867803812027,0.050899781286716,210468.21875,37829.734375,1.6239831447601,0.29189610481262
dish_1551222587,28.790977478027,4.6337995529175,0.91436433792114,0.043910328298807,0.060072463005781,0.049021534621716,207144.84375,36682.06640625,1.5983397960663,0.28304064273834
dish_1551222638,30.582077026367,4.6224761009216,0.91137498617172,0.030105462297797,0.069004997611046,0.052801519632339,204715.453125,35802.24609375,1.5795944929123,0.276251912117
dish_1551222712,12.70224571228,1.139622926712,0.51398372650146,0.048007279634476,0.70834922790527,0.045919489115477,212789.140625,37440.6640625,1.6418915987015,0.28889402747154
dish_1551222759,25.902494430542,3.8920457363129,0.87274694442749,0.038619801402092,0.083844564855099,0.03109060972929,208367.359375,36400.5390625,1.6077728271484,0.28086832165718
dish_1551222791,29.142683029175,4.7644305229187,0.91172337532043,0.032697644084692,0.041572619229555,0.024287432432175,212205.34375,37430.625,1.6373869180679,0.28881657123566
dish_1551222833,25.212114334106,7.9153180122375,0.81746113300323,0.19049920141697,0.15538457036018,0.23434382677078,212743.9375,40676.484375,1.641542673111,0.31386175751686
dish_1551222877,28.553438186646,5.3655405044556,0.90094023942947,0.046665120869875,0.065273128449917,0.056056331843138,205793.40625,34854.21875,1.5879120826721,0.2689368724823
dish_1551222935,28.240591049194,6.2221250534058,0.88678205013275,0.052461456507444,0.083231650292873,0.057417426258326,208768.96875,36047.41796875,1.6108716726303,0.27814367413521
dish_1551222982,24.720949172974,4.258339881897,0.84501999616623,0.068561807274818,0.11267821490765,0.065198957920074,207057.6875,39974.1875,1.5976673364639,0.30844280123711
dish_1551223023,23.843719482422,4.249653339386,0.87340670824051,0.030326552689075,0.093905672430992,0.036849834024906,216489.234375,35727.52734375,1.6704416275024,0.27567535638809
dish_1551223114,30.803743362427,4.4230484962463,0.92841684818268,0.029355004429817,0.041533812880516,0.023981906473637,205682.078125,38118.2421875,1.5870530605316,0.29412221908569
dish_1551223195,27.9860496521,4.5866584777832,0.90802615880966,0.035415895283222,0.059655077755451,0.031367179006338,208897.8125,36596.859375,1.6118658781052,0.28238314390182
dish_1551223249,23.352392196655,6.5025510787964,0.83488392829895,0.081810832023621,0.18385337293148,0.1454780548811,209349.03125,36853.29296875,1.6153473854065,0.28436183929443
dish_1551223311,28.409603118896,5.5301895141602,0.90193247795105,0.037999857217073,0.064221985638142,0.045284364372492,206305.4375,36119.91796875,1.5918629169464,0.27870306372643
dish_1551223346,27.819103240967,6.8720211982727,0.91504138708115,0.049388952553272,0.0544293820858,0.044396407902241,217244.671875,34578.40234375,1.6762706041336,0.26680865883827
dish_1551223394,28.145320892334,4.3259987831116,0.88505309820175,0.051650777459145,0.078292801976204,0.050703652203083,214059.84375,37273.19140625,1.6516964435577,0.28760179877281
dish_1551224001,10.91180229187,1.0474896430969,0.40668851137161,0.087889261543751,0.76164937019348,0.049810294061899,217660.78125,39688.27734375,1.6794812679291,0.30623668432236
dish_1551224089,13.329462051392,1.6115218400955,0.47763165831566,0.060636907815933,0.66282731294632,0.10341065376997,215665.5,39154.98046875,1.6640856266022,0.302121758461
dish_1551224138,27.820510864258,5.1022391319275,0.88356047868729,0.052011527121067,0.077894143760204,0.049677543342113,207026.25,35643.91015625,1.5974247455597,0.27503016591072
dish_1551224175,24.296760559082,5.9426870346069,0.86065411567688,0.064805045723915,0.083780810236931,0.074947513639927,217792.09375,38789.4765625,1.6804945468903,0.29930153489113
dish_1551224208,26.781330108643,5.2386245727539,0.88230389356613,0.061721049249172,0.072528392076492,0.055362645536661,218762.296875,41022.21484375,1.6879806518555,0.31652945280075
dish_1551224283,29.463506698608,4.719874382019,0.90569788217545,0.021693386137486,0.0625851303339,0.027416819706559,208380.21875,36550.85546875,1.6078720092773,0.28202822804451
dish_1551224380,21.204532623291,7.4205417633057,0.73651295900345,0.16550186276436,0.37986332178116,0.31900182366371,207641.859375,35711.35546875,1.6021747589111,0.27555057406425
dish_1551224447,28.144052505493,7.2300968170166,0.89266753196716,0.059906620532274,0.081971779465675,0.071865074336529,210384.453125,34183.7578125,1.6233367919922,0.26376357674599
dish_1551224483,29.232328414917,4.564311504364,0.91393929719925,0.04344554618001,0.054434359073639,0.047561414539814,213150.71875,36769.01171875,1.6446814537048,0.28371149301529
dish_1551224534,28.691614151001,4.0422472953796,0.89756560325623,0.032455716282129,0.061434779316187,0.027660343796015,174413.859375,66994.9921875,1.3457859754562,0.51693665981293
dish_1551224647,20.119939804077,8.3680534362793,0.72180831432343,0.18500880897045,0.31736096739769,0.26258343458176,208340.09375,37566.7890625,1.6075624227524,0.28986719250679
dish_1551224689,29.908563613892,4.4569759368896,0.89824736118317,0.048280373215675,0.065605238080025,0.035093832761049,210140.765625,35962.421875,1.6214565038681,0.27748781442642
dish_1551224751,17.94091796875,6.7968897819519,0.73420310020447,0.13109081983566,0.32096508145332,0.24812287092209,207228.78125,36093.6484375,1.5989874601364,0.27850037813187
dish_1551224787,25.022979736328,3.1154396533966,0.85397231578827,0.032097820192575,0.078355014324188,0.033288680016994,214921.796875,38923.87109375,1.6583472490311,0.30033850669861
dish_1551224833,25.216562271118,3.5305268764496,0.8578639626503,0.041077695786953,0.08109524846077,0.037386886775494,214192.59375,37277.03125,1.6527205705643,0.28763142228127
dish_1551224928,16.881177902222,4.0111684799194,0.66608172655106,0.12559977173805,0.46340110898018,0.25388741493225,208186.78125,39194.23828125,1.6063793897629,0.30242466926575
dish_1551225021,28.200326919556,4.1996989250183,0.9035719037056,0.017923152074218,0.066038139164448,0.028333330526948,206509.9375,37332.41015625,1.5934408903122,0.28805869817734
dish_1551225067,20.823024749756,6.1500248908997,0.69147533178329,0.15804898738861,0.39813080430031,0.27990800142288,207164.25,36068.98828125,1.5984896421432,0.27831009030342
dish_1551225106,25.442947387695,4.7381720542908,0.86256408691406,0.067413710057735,0.085647732019424,0.051265552639961,204297.75,38591.37890625,1.57637155056,0.29777300357819
dish_1551225155,27.796316146851,5.424439907074,0.89021915197372,0.044179249554873,0.071637034416199,0.056934874504805,207003.890625,36751.28125,1.5972521305084,0.28357470035553
dish_1551225281,30.795398712158,5.7513799667358,0.92800176143646,0.032992172986269,0.046691183000803,0.026390247046947,209916.578125,34557.8828125,1.6197266578674,0.26665031909943
dish_1551225381,15.396510124207,1.5156650543213,0.59273362159729,0.069297209382057,0.69355231523514,0.11488473415375,208475.0625,37210.69921875,1.6086038351059,0.28711959719658
dish_1551225467,26.106712341309,3.4753634929657,0.87689113616943,0.037084307521582,0.093792535364628,0.061632044613361,205738.75,36589.5,1.587490439415,0.28232640028
dish_1551225501,25.343223571777,5.9025259017944,0.85495156049728,0.064225308597088,0.10577941685915,0.075250767171383,209442.328125,36498.171875,1.6160672903061,0.28162169456482
dish_1551225541,27.764789581299,5.3384828567505,0.89359992742538,0.047281924635172,0.069469600915909,0.0478285998106,209883.921875,36667.09765625,1.6194746494293,0.28292515873909
dish_1551225609,21.757253646851,6.8518166542053,0.77755033969879,0.14129526913166,0.25478315353394,0.20807105302811,205004.046875,35027.046875,1.5818213224411,0.27027043700218
dish_1551225666,26.534198760986,5.1864161491394,0.88862103223801,0.058973252773285,0.083809025585651,0.070394694805145,207374.5,35772.4140625,1.6001119613647,0.27602171897888
dish_1551225714,28.35396194458,4.799825668335,0.89282649755478,0.033712923526764,0.063794806599617,0.032245527952909,206447.96875,35168.55078125,1.5929626226425,0.2713623046875
dish_1551225764,27.506345748901,5.082754611969,0.89060777425766,0.046735242009163,0.074594348669052,0.046429205685854,208023.203125,36469.3125,1.6051173210144,0.28139901161194
dish_1551225793,25.828876495361,6.1065263748169,0.87366086244583,0.072703450918198,0.080457583069801,0.06743086129427,208918.25,36475.9921875,1.6120235919952,0.28145056962967
dish_1551225836,20.255014419556,8.0645484924316,0.64200073480606,0.26294910907745,0.40669763088226,0.35812425613403,206144.90625,35833.77734375,1.5906242132187,0.27649518847466
dish_1551225948,28.353595733643,4.7670116424561,0.89979356527328,0.041401010006666,0.070451490581036,0.043872736394405,208973.1875,37211.74609375,1.6124475002289,0.28712767362595
dish_1551226013,11.480456352234,1.1661248207092,0.41640642285347,0.064489252865314,0.77261090278625,0.041993178427219,218156.703125,39129.8125,1.6833078861237,0.30192756652832
dish_1551226049,26.953388214111,3.4162149429321,0.87100148200989,0.039602179080248,0.072890557348728,0.027367549017072,216659.328125,39754.90234375,1.6717541217804,0.30675080418587
dish_1551226101,26.476263046265,3.6153545379639,0.88044464588165,0.040245156735182,0.076748549938202,0.041730806231499,214974.453125,37649.50390625,1.6587533950806,0.29050543904305
dish_1551226308,29.473213195801,5.1784105300903,0.90614521503448,0.041373450309038,0.063633948564529,0.044898614287376,205296.03125,36952.78515625,1.5840743780136,0.28512951731682
dish_1551226363,19.55283164978,7.483579158783,0.70124477148056,0.20623375475407,0.34974476695061,0.31349977850914,211501.375,41021.31640625,1.6319551467896,0.31652250885963
dish_1551226409,12.533499717712,1.4255963563919,0.48531705141068,0.081763565540314,0.64712828397751,0.081876210868359,219974.203125,39510.5234375,1.697331905365,0.30486518144608
dish_1551226442,29.009618759155,4.8861546516418,0.91022515296936,0.037162646651268,0.047977950423956,0.032088916748762,211703.890625,36514.76953125,1.6335176229477,0.28174975514412
dish_1551226475,27.09094619751,4.0616493225098,0.89819687604904,0.025569427758455,0.056317508220673,0.022577745839953,215961.125,39274.96875,1.6663666963577,0.30304762721062
dish_1551226840,28.780336380005,4.0691456794739,0.89975881576538,0.04038817808032,0.070523306727409,0.058441642671824,209282.921875,36251.62109375,1.6148374080658,0.27971929311752
dish_1551226892,26.570037841797,7.5322546958923,0.85884571075439,0.09067814797163,0.11686518788338,0.09555234760046,208386.6875,32676.9765625,1.6079219579697,0.25213715434074
dish_1551226948,25.053813934326,3.3669219017029,0.84210085868835,0.055714424699545,0.095931880176067,0.047805082052946,209183.34375,36952.9453125,1.6140689849854,0.28513076901436
dish_1551226999,27.238037109375,3.6138575077057,0.87090647220612,0.065080352127552,0.068985611200333,0.04332884401083,202972.125,78553.796875,1.5661430358887,0.60612499713898
dish_1551227050,24.459968566895,6.2592148780823,0.84061408042908,0.10336756706238,0.10386268794537,0.10075465589762,215594.578125,38353.45703125,1.6635384559631,0.2959371805191
dish_1551227165,25.511459350586,5.4881839752197,0.84822106361389,0.050832208245993,0.10613108426332,0.051966048777103,209550.609375,36565.78125,1.6169028282166,0.28214338421822
dish_1551227216,24.88627243042,3.4792082309723,0.87821400165558,0.026310354471207,0.076511181890965,0.019445441663265,203891.71875,36903.99609375,1.5732386112213,0.28475305438042
dish_1551227280,26.85758972168,5.3103966712952,0.88713383674622,0.033174775540829,0.072923757135868,0.039964769035578,207604.59375,37711.80859375,1.601887345314,0.29098618030548
dish_1551227325,28.324447631836,2.2087004184723,0.90580022335052,0.023133097216487,0.047678373754025,0.015842165797949,215682.25,38247.38671875,1.664214849472,0.29511871933937
dish_1551227380,30.158546447754,3.0916974544525,0.91231054067612,0.032845757901669,0.047769460827112,0.033249251544476,213657.84375,39156.94921875,1.648594379425,0.30213698744774
dish_1551227435,27.331422805786,3.7799849510193,0.88346076011658,0.034028571099043,0.062383640557528,0.030553495511413,215610.875,39113.14453125,1.6636641025543,0.30179896950722
dish_1551227539,25.727405548096,7.2610244750977,0.8428995013237,0.08514180034399,0.12237583100796,0.10578169673681,205070.40625,35531.7734375,1.582333445549,0.27416491508484
dish_1551227581,12.685206413269,1.2777436971664,0.47927123308182,0.070674724876881,0.73017567396164,0.097239762544632,215126.515625,38905.20703125,1.6599267721176,0.30019447207451
dish_1551227628,26.183076858521,6.0893883705139,0.85332542657852,0.090270176529884,0.096196196973324,0.080316916108131,214141.828125,38553.58984375,1.6523288488388,0.29748141765594
dish_1551227669,25.152795791626,4.0283937454224,0.84616672992706,0.08533202111721,0.093244127929211,0.063960902392864,219034.75,39847.0390625,1.6900829076767,0.30746173858643
dish_1551228296,27.093965530396,4.1566019058228,0.86838406324387,0.063461147248745,0.075714655220509,0.053187772631645,204023.671875,35728.1796875,1.5742566585541,0.27568039298058
dish_1551228355,23.12328338623,6.0164561271667,0.76892197132111,0.15233741700649,0.2415726184845,0.22981260716915,203541.359375,35282.1328125,1.5705351829529,0.27223867177963
dish_1551228396,27.066324234009,5.4636816978455,0.89105862379074,0.050441421568394,0.071625106036663,0.057736966758966,205196.96875,37485.71484375,1.583310008049,0.28924164175987
dish_1551228438,26.614929199219,3.8304853439331,0.88587617874146,0.040206741541624,0.076333850622177,0.041181784123182,215568.84375,38082.52734375,1.6633397340775,0.29384663701057
dish_1551228478,26.93729019165,5.1187229156494,0.88000792264938,0.06424892693758,0.077421881258488,0.057285767048597,211708.546875,36895.27734375,1.6335536241531,0.28468579053879
dish_1551228551,23.178131103516,4.6497387886047,0.83548665046692,0.063806742429733,0.13507801294327,0.074694879353046,177706.578125,75881.3515625,1.3711926937103,0.58550429344177
dish_1551228582,24.48815536499,3.368625164032,0.86483108997345,0.037909496575594,0.11242014914751,0.072760850191116,205259.421875,36384.2734375,1.5837918519974,0.28074285387993
dish_1551228630,25.967359542847,4.2860193252563,0.84632712602615,0.071817204356194,0.12272597104311,0.066003695130348,208149.3125,36094.01953125,1.6060903072357,0.27850326895714
dish_1551228669,26.375249862671,3.7102153301239,0.86625719070435,0.047349292784929,0.077798143029213,0.044640596956015,212269.484375,38135.9453125,1.6378817558289,0.29425883293152
dish_1551228715,26.194890975952,6.0933194160461,0.86691296100616,0.079681217670441,0.09018674492836,0.083185859024525,210275.640625,40252.33984375,1.6224972009659,0.31058904528618
dish_1551228830,22.656545639038,5.8883099555969,0.78199183940887,0.10790526121855,0.24084308743477,0.17001861333847,207239.1875,36060.9296875,1.5990678071976,0.27824792265892
dish_1551228876,28.498302459717,4.9395623207092,0.88902485370636,0.048110354691744,0.075120747089386,0.047938618808985,208459.90625,36080.91015625,1.6084868907928,0.27840209007263
dish_1551228930,24.410011291504,3.6005201339722,0.867038667202,0.040708478540182,0.086702592670918,0.047860667109489,208378.703125,36512.79296875,1.607860326767,0.28173452615738
dish_1551228971,25.072076797485,3.7167596817017,0.82112789154053,0.072728373110294,0.10826929658651,0.066098779439926,220295.65625,35056.61328125,1.6998121738434,0.27049857378006
dish_1551229028,28.225717544556,4.7490167617798,0.88835948705673,0.068595983088017,0.064580798149109,0.051628310233355,214181.6875,37961.8203125,1.6526365280151,0.29291528463364
dish_1551232627,28.044628143311,2.987856388092,0.88674330711365,0.019667532294989,0.06741014868021,0.022887440398335,208032.09375,36851.859375,1.6051859855652,0.28435075283051
dish_1551232686,28.914609909058,4.3278641700745,0.91472172737122,0.026510875672102,0.057112842798233,0.025223692879081,206960.875,34443.51171875,1.5969203710556,0.26576781272888
dish_1551232713,22.772787094116,5.853853225708,0.80525481700897,0.096829205751419,0.14276638627052,0.11582125723362,208751.734375,35807.72265625,1.6107386350632,0.27629417181015
dish_1551232748,23.615703582764,3.9452230930328,0.81019234657288,0.058615602552891,0.12167151272297,0.058981396257877,218552.296875,36442.1015625,1.6863602399826,0.28118905425072
dish_1551232782,22.893770217896,5.4234457015991,0.76783281564713,0.095999710261822,0.17173320055008,0.10230930894613,209432.734375,41638.10546875,1.6159932613373,0.32128167152405
dish_1551232851,27.08667755127,3.1739239692688,0.87445461750031,0.044325545430183,0.084797047078609,0.04120821133256,208599.765625,36742.8046875,1.6095660924911,0.28350928425789
dish_1551232905,27.277839660645,5.9487409591675,0.87094807624817,0.065073944628239,0.08892896771431,0.065869651734829,207255.09375,35350.45703125,1.5991905927658,0.27276584506035
dish_1551232936,13.457920074463,1.9733476638794,0.55163466930389,0.11181206256151,0.58917152881622,0.17655616998672,209774.171875,40156.27734375,1.6186279058456,0.30984780192375
dish_1551232973,26.898540496826,5.0756578445435,0.84906780719757,0.086324214935303,0.099553570151329,0.067574180662632,214105.109375,38141.73828125,1.6520456075668,0.2943035364151
dish_1551233007,29.288356781006,3.8293237686157,0.90874224901199,0.037987396121025,0.042591121047735,0.026804246008396,214122.53125,37329.97265625,1.6521800756454,0.28803989291191
dish_1551233095,18.576698303223,6.8153595924377,0.64644461870193,0.22751531004906,0.40257775783539,0.31093141436577,210319.78125,38378.6015625,1.6228377819061,0.29613119363785
dish_1551233150,21.437568664551,7.8999962806702,0.69205349683762,0.21279394626617,0.36444157361984,0.3063617348671,206935.28125,37829.1796875,1.5967228412628,0.2918918132782
dish_1551233180,26.319442749023,2.8644428253174,0.8705575466156,0.024120705202222,0.079540677368641,0.028694892302155,204806.234375,35571.0859375,1.5802949666977,0.27446827292442
dish_1551233210,26.786361694336,5.2168354988098,0.89063489437103,0.042866740375757,0.06484267115593,0.036014344543219,213055.21875,37320.51171875,1.6439446210861,0.28796690702438
dish_1551233248,23.59482383728,2.8722004890442,0.8322120308876,0.064615026116371,0.11877663433552,0.055977519601583,209258.640625,36722.765625,1.6146500110626,0.28335466980934
dish_1551233313,19.981996536255,6.6715264320374,0.70321613550186,0.17898277938366,0.34971091151237,0.26910388469696,207032.671875,35614.296875,1.5974743366241,0.27480167150497
dish_1551233345,28.38801574707,2.9317009449005,0.89689534902573,0.02230335213244,0.060590445995331,0.024989478290081,204428.515625,35114.98046875,1.5773805379868,0.27094891667366
dish_1551233375,24.54155921936,4.5116081237793,0.84737133979797,0.065904229879379,0.10460989177227,0.06233648583293,209340.296875,38568.46484375,1.6152800321579,0.29759618639946
dish_1551233403,23.292430877686,4.3572010993958,0.80974817276001,0.060143981128931,0.12553378939629,0.056958425790071,210195.828125,41008.203125,1.6218813657761,0.31642132997513
dish_1551233434,23.311424255371,3.9618942737579,0.83742439746857,0.033352080732584,0.11138489097357,0.041334923356771,211510.203125,36541.125,1.6320230960846,0.28195309638977
dish_1551233491,22.450035095215,8.992094039917,0.69567036628723,0.25057420134544,0.3442996442318,0.33501237630844,208698.109375,39938.4765625,1.6103249788284,0.30816724896431
dish_1551233523,27.926914215088,5.4010734558105,0.88725215196609,0.043462142348289,0.075990423560143,0.032649498432875,205335.09375,35002.49609375,1.5843757390976,0.27008101344109
dish_1551233573,16.113111495972,2.5619022846222,0.60518050193787,0.091901734471321,0.52119392156601,0.19118711352348,209136.75,37403.88671875,1.6137094497681,0.28861024975777
dish_1551233610,25.011703491211,4.7326674461365,0.85119062662125,0.058779429644346,0.1155040115118,0.072723194956779,213020.78125,36170.7265625,1.6436789035797,0.27909511327744
dish_1551233633,28.063045501709,4.5776863098145,0.89538902044296,0.058861646801233,0.068993754684925,0.051884610205889,207627.59375,37053.11328125,1.6020647287369,0.28590363264084
dish_1551233708,25.10791015625,3.1541922092438,0.84924799203873,0.03846150636673,0.1209966391325,0.05021658539772,195461.265625,73236.59375,1.5081887245178,0.5650971531868
dish_1551233745,25.603900909424,4.8928561210632,0.86766988039017,0.064092330634594,0.099534712731838,0.061850063502789,206897.6875,36458.046875,1.5964328050613,0.28131207823753
dish_1551233802,21.308282852173,8.1958694458008,0.68993586301804,0.19435988366604,0.33638030290604,0.24177676439285,183169.359375,68649.296875,1.4133437871933,0.52970135211945
dish_1551233827,26.627532958984,2.0670969486237,0.86446231603622,0.039547976106405,0.083232305943966,0.041988682001829,208546.421875,35874.53515625,1.6091544628143,0.27680966258049
dish_1551233859,25.868217468262,3.2304499149323,0.84119212627411,0.051411915570498,0.11538554728031,0.061872765421867,210857.609375,38343.71484375,1.626987695694,0.29586198925972
dish_1551233938,24.724275588989,6.044312953949,0.85819816589355,0.054699908941984,0.11238547414541,0.084810644388199,205199.046875,36114.03125,1.5833259820938,0.27865767478943
dish_1551233982,26.089754104614,3.200799703598,0.87569832801819,0.051164720207453,0.073140896856785,0.027837483212352,207537.828125,37704.6953125,1.6013721227646,0.29093131422997
dish_1551234017,12.617341995239,1.0463197231293,0.4047012925148,0.054952543228865,0.78334468603134,0.090271703898907,220801.046875,40099.02734375,1.7037117481232,0.30940607190132
dish_1551234046,26.44758605957,4.660219669342,0.85126131772995,0.071054995059967,0.097215615212917,0.063306003808975,211580.5,36943.56640625,1.6325654983521,0.2850584089756
dish_1551234106,26.863056182861,3.41534948349,0.87743282318115,0.029932899400592,0.065056547522545,0.03433283418417,212857.0625,37459.6875,1.6424155235291,0.28904077410698
dish_1551234185,20.71407699585,8.9974975585938,0.74052512645721,0.20145900547504,0.27795949578285,0.26393696665764,213240.71875,38743.609375,1.6453759670258,0.29894760251045
dish_1551234214,26.366550445557,4.236759185791,0.87992304563522,0.041224122047424,0.076904013752937,0.049936078488827,208186.0625,35980.984375,1.6063739061356,0.27763107419014
dish_1551234252,28.769151687622,2.1085824966431,0.90039533376694,0.015962986275554,0.054626923054457,0.025011964142323,209001.3125,36777.625,1.6126644611359,0.28377795219421
dish_1551234288,23.342084884644,3.3758208751678,0.83434861898422,0.032182957977057,0.10859623551369,0.030087972059846,217992.453125,38917.8828125,1.6820405721664,0.30029231309891
dish_1551234316,24.291751861572,7.3890380859375,0.81825017929077,0.11216830462217,0.1388398706913,0.14360858500004,211470.546875,37373.8125,1.6317170858383,0.28837817907333
dish_1551235109,28.306131362915,4.1564536094666,0.91631937026978,0.019626170396805,0.054456420242786,0.023819895461202,213036.96875,37496.33984375,1.6438038349152,0.28932362794876
dish_1551235171,27.1315574646,4.2991056442261,0.87318569421768,0.044101353734732,0.075813882052898,0.045047823339701,210242.0,36794.59375,1.6222375631332,0.28390890359879
dish_1551235211,15.146955490112,1.6494954824448,0.56870299577713,0.063228137791157,0.66358268260956,0.096358239650726,208094.296875,38509.23046875,1.6056659221649,0.297139108181
dish_1551235240,25.22141456604,4.1371002197266,0.82081407308578,0.062385275959969,0.1189481690526,0.05188450589776,213489.53125,42088.73828125,1.6472957134247,0.32475876808167
dish_1551235270,27.255424499512,1.5122027397156,0.8845294713974,0.024318560957909,0.065434649586678,0.019518807530403,211660.90625,36527.90234375,1.6331859827042,0.28185111284256
dish_1551235561,21.619293212891,5.9657053947449,0.82190901041031,0.104720659554,0.13763691484928,0.088429145514965,206175.546875,35636.90625,1.5908607244492,0.27497610449791
dish_1551235600,12.675288200378,2.0240397453308,0.58289098739624,0.089533351361752,0.6678963303566,0.16884227097034,208052.078125,37186.34375,1.6053401231766,0.2869316637516
dish_1551235669,15.288115501404,1.9424679279327,0.58555448055267,0.082732997834682,0.62776166200638,0.084533303976059,210875.21875,37910.25,1.6271235942841,0.29251736402512
dish_1551235699,27.42264175415,5.6159744262695,0.87313252687454,0.079724006354809,0.075656495988369,0.088066942989826,207102.875,35755.3046875,1.5980160236359,0.27588972449303
dish_1551235759,23.378799438477,6.434112071991,0.78934997320175,0.10335576534271,0.19049488008022,0.18165421485901,210577.09375,35809.07421875,1.6248232126236,0.27630460262299
dish_1551235868,19.763259887695,6.0621705055237,0.73634088039398,0.15136004984379,0.27191212773323,0.25534379482269,206825.703125,38397.5078125,1.595877289772,0.29627704620361
dish_1551235946,25.363300323486,7.3473711013794,0.81347388029099,0.18938520550728,0.1458045989275,0.22136504948139,212875.71875,37733.8359375,1.6425595283508,0.29115614295006
dish_1551235983,26.529346466064,3.3694529533386,0.87914729118347,0.027387961745262,0.074681296944618,0.034985426813364,204204.75,37554.13671875,1.5756539106369,0.28976956009865
dish_1551236011,19.198188781738,5.5942950248718,0.68513196706772,0.15872253477573,0.27227002382278,0.21969079971313,211406.171875,40010.625,1.631220459938,0.30872395634651
dish_1551236159,25.534755706787,4.4015188217163,0.8329952955246,0.10146425664425,0.10901473462582,0.087080284953117,214724.34375,37138.9375,1.6568237543106,0.28656589984894
dish_1551236417,28.348285675049,3.2114613056183,0.89250588417053,0.028738418594003,0.067348636686802,0.026453433558345,206038.0625,35869.4296875,1.5897998809814,0.27677029371262
dish_1551236466,15.129182815552,2.2973728179932,0.54888159036636,0.10430094599724,0.65235567092896,0.15798769891262,210004.046875,36552.74609375,1.6204016208649,0.28204277157784
dish_1551236495,28.950660705566,3.1426823139191,0.90564966201782,0.023562032729387,0.047654565423727,0.012665982358158,214448.8125,38740.37890625,1.6546975374222,0.29892268776894
dish_1551236521,28.091259002686,3.6793127059937,0.87516963481903,0.048247002065182,0.072332262992859,0.029456848278642,212439.5625,37799.5234375,1.6391942501068,0.29166299104691
dish_1551236550,28.818883895874,6.2584805488586,0.89315378665924,0.068559408187866,0.06700786948204,0.057857826352119,214392.515625,39038.52734375,1.6542632579803,0.30122318863869
dish_1551236621,24.978988647461,5.1110000610352,0.8634842634201,0.070909395813942,0.091073237359524,0.06236132979393,210638.109375,37118.2578125,1.625293970108,0.28640630841255
dish_1551236657,25.352115631104,3.4880073070526,0.88755834102631,0.029238482937217,0.079320587217808,0.036357846111059,206672.640625,35513.3671875,1.5946962833405,0.27402287721634
dish_1551236712,14.022294998169,1.9930882453918,0.549680352211,0.068945996463299,0.66367477178574,0.12193927168846,212237.03125,38193.87109375,1.6376314163208,0.29470577836037
dish_1551236775,23.766584396362,5.5590481758118,0.84565663337708,0.072272531688213,0.1100095063448,0.083671808242798,212462.09375,38067.21484375,1.639368057251,0.29372850060463
dish_1551236827,21.208728790283,3.4126813411713,0.83795857429504,0.044213533401489,0.12372166663408,0.050777144730091,211370.734375,36922.80859375,1.6309469938278,0.28489822149277
dish_1551236949,21.209558486938,4.6130638122559,0.80427408218384,0.10173984616995,0.16957637667656,0.13030143082142,205662.359375,39248.671875,1.5869009494781,0.30284467339516
dish_1551236981,25.253879547119,5.8445386886597,0.85620057582855,0.094388425350189,0.1194304600358,0.12326946109533,205543.515625,35966.8984375,1.5859838724136,0.27752238512039
dish_1551237016,24.882356643677,3.6661510467529,0.87430191040039,0.031998954713345,0.097832873463631,0.074478596448898,206974.71875,36846.9296875,1.5970270633698,0.28431272506714
dish_1551237046,23.445821762085,4.134578704834,0.78787034749985,0.07595582306385,0.14987136423588,0.069743812084198,219173.140625,38135.296875,1.6911507844925,0.29425382614136
dish_1551237079,22.005926132202,3.3055222034454,0.76299506425858,0.056902561336756,0.18864519894123,0.065427660942078,216121.921875,41942.515625,1.6676074266434,0.32363051176071
dish_1551237180,12.238849639893,3.9251172542572,0.53179138898849,0.1053270176053,0.64357209205627,0.1797492057085,209170.046875,41311.60546875,1.613966345787,0.31876236200333
dish_1551237231,27.669624328613,3.7247703075409,0.87910306453705,0.047655452042818,0.085151895880699,0.073225483298302,206210.421875,35978.5546875,1.5911297798157,0.27761232852936
dish_1551237274,13.855711936951,4.4054498672485,0.43076708912849,0.14530140161514,0.58038175106049,0.19175812602043,214104.734375,42691.4921875,1.6520427465439,0.32940965890884
dish_1551237321,22.418668746948,4.9832668304443,0.81419116258621,0.12032902985811,0.13894785940647,0.1626940369606,208274.765625,37601.2421875,1.6070582866669,0.29013305902481
dish_1551237348,11.051755905151,1.1361408233643,0.45671847462654,0.072917945683002,0.81759995222092,0.044758770614862,211071.203125,37251.51953125,1.628635764122,0.28743454813957
dish_1551237436,24.641929626465,2.6496510505676,0.8467965722084,0.033516906201839,0.10955506563187,0.054156642407179,204134.0625,34419.875,1.5751085281372,0.26558545231819
dish_1551237463,21.105876922607,4.7494792938232,0.76663422584534,0.11914275586605,0.20832344889641,0.17194882035255,212567.078125,38572.2265625,1.6401779651642,0.29762518405914
dish_1551237498,18.577360153198,8.668080329895,0.65081572532654,0.22490227222443,0.4375829398632,0.35724204778671,207126.34375,36863.31640625,1.5981971025467,0.28443917632103
dish_1551237527,21.753583908081,3.5469281673431,0.78457909822464,0.053864400833845,0.16175606846809,0.072804063558578,205582.28125,39962.03515625,1.5862830877304,0.30834904313087
dish_1551237558,28.306442260742,4.6813058853149,0.8867050409317,0.047603238373995,0.067960128188133,0.046668145805597,210886.421875,35930.36328125,1.6272101402283,0.2772404551506
dish_1551237607,20.178230285645,7.7689137458801,0.66716521978378,0.21966558694839,0.40170097351074,0.33921805024147,205865.28125,36261.76953125,1.5884666442871,0.27979761362076
dish_1551237710,20.844867706299,5.0372271537781,0.80837106704712,0.12405081838369,0.16916604340076,0.16469183564186,208828.21875,40721.1953125,1.6113288402557,0.31420674920082
dish_1551237778,29.264646530151,5.2535448074341,0.91101884841919,0.033269584178925,0.062888756394386,0.044419128447771,205057.078125,36532.52734375,1.5822305679321,0.28188678622246
dish_1551237814,22.38208770752,4.4320983886719,0.80801111459732,0.068415440618992,0.14017018675804,0.086765415966511,214270.375,40902.40625,1.6533209085464,0.31560498476028
dish_1551237854,28.009494781494,4.7127466201782,0.89744204282761,0.04205084592104,0.054557461291552,0.027687227353454,142502.25,83762.4375,1.0995544195175,0.64631509780884
dish_1551303168,26.930408477783,6.8977942466736,0.84968614578247,0.095790170133114,0.13515840470791,0.12385199218988,209343.390625,34020.37109375,1.6153038740158,0.26250284910202
dish_1551303285,19.291301727295,5.4843382835388,0.68065905570984,0.15723797678947,0.39965099096298,0.25467830896378,207661.9375,35850.33203125,1.6023297309875,0.27662292122841
dish_1551303338,9.757155418396,1.0613061189651,0.36092355847359,0.079165048897266,0.72542154788971,0.074144005775452,221203.59375,42774.75390625,1.7068177461624,0.33005207777023
dish_1551303437,25.734714508057,3.1098980903625,0.87578064203262,0.0448306389153,0.07898922264576,0.048934027552605,211526.59375,37077.41015625,1.6321495771408,0.28609111905098
dish_1551303476,23.197040557861,4.9206914901733,0.8116130232811,0.1027327850461,0.13929508626461,0.10202644020319,219998.234375,39802.3359375,1.6975172758102,0.30711677670479
dish_1551303644,26.451988220215,4.7390856742859,0.84653377532959,0.067420989274979,0.12217624485493,0.080500029027462,212146.875,34690.90234375,1.636935710907,0.26767671108246
dish_1551303727,10.878621101379,0.65579909086227,0.42198514938354,0.058849107474089,0.77844154834747,0.051136314868927,217515.3125,39979.90234375,1.678358912468,0.30848690867424
dish_1551303770,26.364170074463,5.3111228942871,0.86884474754333,0.072246693074703,0.097522772848606,0.087738461792469,204831.984375,35238.421875,1.5804936885834,0.27190142869949
dish_1551303822,24.52850151062,5.1142444610596,0.83702039718628,0.062259618192911,0.10474664717913,0.063619956374168,215061.234375,41711.80859375,1.6594231128693,0.32185038924217
dish_1551303866,26.731676101685,4.5648422241211,0.86710631847382,0.073028154671192,0.074703514575958,0.065382994711399,215125.9375,37652.41015625,1.6599223613739,0.29052785038948
dish_1551303912,23.498666763306,4.2963304519653,0.8433797955513,0.055316425859928,0.11465068161488,0.069648273289204,211593.203125,42099.83203125,1.6326636075974,0.32484439015388
dish_1551303984,22.140838623047,5.8233151435852,0.7639307975769,0.14402571320534,0.26297003030777,0.22612869739532,205677.640625,38457.71484375,1.5870188474655,0.29674163460732
dish_1551304110,26.129570007324,5.7961273193359,0.84888011217117,0.055567190051079,0.14542017877102,0.078578963875771,210527.078125,34824.296875,1.6244373321533,0.26870599389076
dish_1551304155,23.698574066162,3.7212972640991,0.861148416996,0.052749965339899,0.098329208791256,0.053339261561632,213338.609375,35892.65625,1.6461312770844,0.27694952487946
dish_1551304197,25.051580429077,4.316469669342,0.82494115829468,0.073704324662685,0.10969735682011,0.059774186462164,213776.4375,37972.93359375,1.6495095491409,0.29300102591515
dish_1551304349,24.420291900635,3.0525209903717,0.82321089506149,0.045917253941298,0.13417534530163,0.05055870488286,210164.171875,36109.48828125,1.6216372251511,0.2786226272583
dish_1551304456,26.717350006104,3.2518365383148,0.84110009670258,0.055517729371786,0.10440448671579,0.046354681253433,210311.125,37416.60546875,1.622771024704,0.28870838880539
dish_1551304571,27.757780075073,4.6620302200317,0.87514448165894,0.058305062353611,0.10197246074677,0.081781826913357,212056.0625,36697.5234375,1.636234998703,0.28315991163254
dish_1551304608,29.161149978638,4.8412098884583,0.90294724702835,0.064381308853626,0.059241764247417,0.04649356007576,215176.328125,34801.30859375,1.6603112220764,0.26852861046791
dish_1551304741,27.163522720337,4.8999266624451,0.8718421459198,0.068862654268742,0.076256588101387,0.059694670140743,212326.78125,37045.7421875,1.6383239030838,0.28584676980972
dish_1551304854,25.4241065979,5.0819826126099,0.86650335788727,0.046079371124506,0.10459354519844,0.076224774122238,207247.5625,35396.03125,1.5991324186325,0.27311754226685
dish_1551304973,26.704643249512,5.1348648071289,0.87699782848358,0.057526957243681,0.088964320719242,0.055771827697754,207981.921875,36358.625,1.6047987937927,0.28054496645927
dish_1551305168,28.77361869812,4.0616602897644,0.88673186302185,0.04562570899725,0.074194103479385,0.0456163585186,206906.28125,35245.796875,1.5964990854263,0.27195832133293
dish_1551305209,26.719512939453,2.4603161811829,0.8914121389389,0.02320534363389,0.063777737319469,0.022813253104687,205439.8125,38241.375,1.5851837396622,0.29507234692574
dish_1551305257,28.092113494873,4.5146088600159,0.8979572057724,0.044340096414089,0.070089235901833,0.04791783541441,215045.640625,36607.4140625,1.6593028306961,0.28246459364891
dish_1551305410,30.415071487427,5.2162580490112,0.89772182703018,0.052593223750591,0.074170686304569,0.056779462844133,205429.140625,35952.0078125,1.5851013660431,0.27740746736526
dish_1551306241,27.078437805176,6.5215334892273,0.87446618080139,0.067043095827103,0.094555981457233,0.077895738184452,209098.796875,35839.578125,1.6134165525436,0.27653995156288
dish_1551306290,28.203260421753,3.0197761058807,0.89360439777374,0.030745131894946,0.070260182023048,0.034429043531418,205755.78125,35915.015625,1.5876218080521,0.27712202072144
dish_1551306339,27.926599502563,4.7523970603943,0.87205868959427,0.056075863540173,0.080143600702286,0.053149309009314,207767.34375,41258.2734375,1.6031430959702,0.31835088133812
dish_1551306375,29.018669128418,4.0839047431946,0.89356446266174,0.05308336392045,0.060813404619694,0.049895688891411,203702.90625,37996.8671875,1.5717816352844,0.29318571090698
dish_1551306452,7.8703570365906,1.2138359546661,0.28247144818306,0.074308022856712,0.7794394493103,0.063295051455498,223908.453125,47513.4453125,1.7276886701584,0.36661610007286
dish_1551306491,27.269184112549,3.2011909484863,0.88150477409363,0.027983833104372,0.070917367935181,0.026813743636012,207589.625,36235.38671875,1.6017718315125,0.27959403395653
dish_1551306561,26.042856216431,4.420193195343,0.87615174055099,0.040631260722876,0.08283431828022,0.046517364680767,209433.375,35913.8046875,1.6159982681274,0.27711269259453
dish_1551306647,19.67918586731,3.9990403652191,0.68338322639465,0.080303661525249,0.25932812690735,0.085177458822727,220060.984375,42756.37109375,1.6980013847351,0.32991024851799
dish_1551306691,27.271926879883,4.0914750099182,0.87655001878738,0.038719706237316,0.074280694127083,0.041570603847504,219693.421875,38618.296875,1.6951652765274,0.29798066616058
dish_1551306798,27.39003944397,5.2054004669189,0.86940598487854,0.060021869838238,0.086565524339676,0.056583859026432,209601.3125,36070.984375,1.6172939538956,0.2783254981041
dish_1551306860,27.000242233276,2.4816915988922,0.89732939004898,0.020791433751583,0.055915031582117,0.011976805515587,205746.78125,35595.37109375,1.5875523090363,0.27465564012527
dish_1551306958,26.709747314453,6.2185020446777,0.87291526794434,0.070472165942192,0.092250250279903,0.078240059316158,208151.28125,34204.8984375,1.6061056852341,0.26392668485641
dish_1551307013,24.28272819519,6.5904402732849,0.86192357540131,0.0787203758955,0.090979620814323,0.07501645386219,207371.390625,40513.984375,1.6000878810883,0.31260788440704
dish_1551307090,29.014280319214,5.3443031311035,0.89715254306793,0.059982843697071,0.058656606823206,0.052958779036999,218041.078125,40339.72265625,1.6824157238007,0.31126329302788
dish_1551307170,25.914724349976,4.6053190231323,0.88547313213348,0.033120214939117,0.07001780718565,0.026211749762297,204760.234375,37488.36328125,1.5799400806427,0.28926205635071
dish_1551307258,28.216276168823,4.1132054328918,0.88205868005753,0.045385744422674,0.0683733522892,0.036939837038517,207665.40625,40099.5390625,1.6023565530777,0.3094100356102
dish_1551307325,27.273202896118,3.1642420291901,0.86595624685287,0.046491764485836,0.091306269168854,0.040979210287333,210342.59375,36634.25390625,1.6230138540268,0.28267171978951
dish_1551307361,27.76244354248,6.4685807228088,0.89026260375977,0.068034335970879,0.074789546430111,0.059428013861179,213783.78125,38618.58203125,1.6495661735535,0.29798287153244
dish_1551307394,27.468055725098,5.0664591789246,0.87102335691452,0.062166720628738,0.075584471225739,0.056747864931822,213689.328125,37171.6796875,1.6488373279572,0.28681853413582
dish_1551313782,22.016527175903,5.5422058105469,0.79229021072388,0.15483714640141,0.18971982598305,0.21518278121948,206756.28125,36198.66015625,1.5953415632248,0.27931067347527
dish_1551313822,21.156715393066,9.8573722839355,0.7040748000145,0.21305859088898,0.42486822605133,0.35301667451859,206079.453125,36875.6171875,1.5901192426682,0.28453406691551
dish_1551313872,25.852529525757,4.2036848068237,0.88193547725677,0.038374993950129,0.07858020812273,0.043658044189215,210412.796875,37725.68359375,1.6235555410385,0.29109320044518
dish_1551313896,22.371952056885,6.8806519508362,0.79658824205399,0.13712766766548,0.15026800334454,0.17472124099731,213064.015625,37262.19140625,1.6440124511719,0.28751692175865
dish_1551313924,24.885696411133,4.3081612586975,0.85767793655396,0.042015559971333,0.081512197852135,0.043472412973642,211231.140625,38349.02734375,1.6298698186874,0.29590299725533
dish_1551314022,13.533182144165,1.1880407333374,0.53475213050842,0.088371656835079,0.69466197490692,0.068841755390167,212210.46875,38850.453125,1.6374264955521,0.29977202415466
dish_1551314048,15.235514640808,1.3410955667496,0.5167407989502,0.041292402893305,0.67376565933228,0.10369095206261,214259.859375,37519.6015625,1.653239607811,0.28950309753418
dish_1551314095,27.521284103394,6.4599027633667,0.88136565685272,0.053713463246822,0.098600812256336,0.063690386712551,207542.40625,34066.71875,1.6014075279236,0.26286047697067
dish_1551314121,27.018894195557,5.1962637901306,0.87906414270401,0.045967664569616,0.074037134647369,0.058002676814795,211186.96875,35187.4765625,1.6295291185379,0.27150827646255
dish_1551314163,26.196657180786,5.3340420722961,0.85994732379913,0.054951500147581,0.098227627575397,0.051049582660198,208101.84375,36994.5703125,1.6057240962982,0.28545191884041
dish_1551314254,15.389719963074,1.3390439748764,0.5166357755661,0.076844930648804,0.66633880138397,0.10558872669935,209498.53125,36167.3515625,1.6165009737015,0.27906906604767
dish_1551314290,29.078559875488,3.7288844585419,0.87764602899551,0.036663841456175,0.083474785089493,0.059081137180328,205697.375,35198.4765625,1.5871710777283,0.27159318327904
dish_1551314337,18.7682056427,3.7604849338531,0.70792782306671,0.089119754731655,0.41659751534462,0.21549741923809,209205.328125,35066.2265625,1.6142386198044,0.27057272195816
dish_1551314360,28.807298660278,3.8997211456299,0.89165240526199,0.031692709773779,0.066049322485924,0.031482275575399,208129.328125,37646.46484375,1.6059361696243,0.290481954813
dish_1551314390,30.017532348633,6.3751444816589,0.91483616828918,0.040208764374256,0.060342732816935,0.048267934471369,206512.4375,36813.84765625,1.5934600830078,0.28405746817589
dish_1551314442,26.74967956543,4.0245661735535,0.87572646141052,0.056035179644823,0.088532157242298,0.067211508750916,205701.53125,36514.62109375,1.5872031450272,0.28174862265587
dish_1551314496,15.881828308105,3.2768144607544,0.60842442512512,0.12116794288158,0.54535603523254,0.2242659330368,208467.28125,36992.11328125,1.608543753624,0.28543296456337
dish_1551314531,26.105226516724,3.6778311729431,0.80107575654984,0.068433493375778,0.14583365619183,0.062907218933105,214054.21875,40054.78515625,1.6516529321671,0.30906468629837
dish_1551314560,25.255168914795,5.9283270835876,0.82442337274551,0.10935947299004,0.10462309420109,0.10115437209606,215008.515625,38145.46484375,1.6590163707733,0.2943322956562
dish_1551314589,23.960880279541,5.6015348434448,0.80816096067429,0.077914424240589,0.11389661580324,0.065393261611462,221067.375,37076.078125,1.7057667970657,0.28608083724976
dish_1551314669,25.383340835571,3.5487613677979,0.85854947566986,0.046188719570637,0.091475807130337,0.052121438086033,207771.078125,35789.88671875,1.6031718254089,0.27615651488304
dish_1551314810,28.081583023071,2.129180431366,0.88607543706894,0.017525663599372,0.066953584551811,0.024961441755295,208084.15625,36252.22265625,1.6055876016617,0.27972391247749
dish_1551314855,26.210506439209,5.3766384124756,0.87292593717575,0.049482431262732,0.095165401697159,0.057388097047806,205506.234375,35618.53125,1.5856963396072,0.27483436465263
dish_1551314927,24.530731201172,4.7512965202332,0.83379113674164,0.05618367344141,0.11961936205626,0.063786849379539,213782.671875,35794.18359375,1.6495575904846,0.27618971467018
dish_1551314967,23.403455734253,5.0414519309998,0.81024950742722,0.071047142148018,0.13639526069164,0.057611092925072,213137.75,36839.546875,1.6445814371109,0.28425577282906
dish_1551316737,26.927490234375,4.235565662384,0.85489302873611,0.046063881367445,0.11428005993366,0.05063421279192,211309.796875,36190.05078125,1.6304768323898,0.27924421429634
dish_1551316788,27.41530418396,3.8834457397461,0.89247268438339,0.027816349640489,0.070658214390278,0.033616200089455,206450.734375,35189.6796875,1.5929840803146,0.27152532339096
dish_1551316838,13.671550750732,3.8242545127869,0.54713255167007,0.14578950405121,0.59460693597794,0.23365978896618,211149.625,41807.12890625,1.6292408704758,0.32258588075638
dish_1551316878,25.452751159668,4.8320837020874,0.85462892055511,0.056351907551289,0.10890075564384,0.05583630502224,212637.640625,37896.6484375,1.6407225131989,0.29241240024567
dish_1551317350,24.487680435181,6.4846925735474,0.81560355424881,0.1227859556675,0.13905854523182,0.11305999755859,214726.703125,37627.609375,1.6568418741226,0.29033648967743
dish_1551317449,28.594255447388,3.4549145698547,0.88589400053024,0.025565905496478,0.066829912364483,0.023094737902284,205230.234375,35362.4765625,1.5835666656494,0.27285864949226
dish_1551317508,25.663398742676,3.3740973472595,0.84398329257965,0.041577022522688,0.10600566864014,0.037646606564522,208325.640625,36422.28125,1.6074509620667,0.28103610873222
dish_1551317589,25.572494506836,5.6338653564453,0.84824961423874,0.075719244778156,0.10468735545874,0.08961683511734,205695.734375,35531.33203125,1.5871584415436,0.27416151762009
dish_1551317628,28.921482086182,5.9396719932556,0.92042928934097,0.035864397883415,0.045335125178099,0.030035519972444,214018.078125,35483.78515625,1.6513739824295,0.27379465103149
dish_1551317743,29.656568527222,3.0984754562378,0.91650277376175,0.023132272064686,0.042640309780836,0.014945775270462,209047.5625,36909.140625,1.6130213737488,0.28479272127151
dish_1551317998,26.788162231445,4.0033235549927,0.87282454967499,0.045369613915682,0.1080768853426,0.098150946199894,203629.8125,33907.9140625,1.5712176561356,0.2616351544857
dish_1551318068,28.667625427246,5.6724281311035,0.88809138536453,0.052322398871183,0.076875887811184,0.054549247026443,211640.125,35245.3515625,1.6330256462097,0.27195489406586
dish_1551318183,26.673057556152,3.7869968414307,0.8741403222084,0.034413404762745,0.076837554574013,0.029125265777111,209022.296875,34742.4140625,1.6128263473511,0.26807415485382
dish_1551318377,25.621238708496,1.5133463144302,0.83411878347397,0.044982686638832,0.092946819961071,0.033254887908697,216441.921875,39327.8203125,1.6700764894485,0.30345541238785
dish_1551318422,28.376508712769,3.4167413711548,0.87357503175735,0.050617564469576,0.068294167518616,0.052573930472136,213073.09375,36545.18359375,1.6440825462341,0.2819844186306
dish_1551318504,27.729152679443,5.890860080719,0.88374263048172,0.053823262453079,0.07415759563446,0.044647809118032,210155.5625,34892.7734375,1.6215707063675,0.26923435926437
dish_1551318543,27.964725494385,5.7775001525879,0.89704096317291,0.054686155170202,0.075440309941769,0.058851316571236,206555.09375,36525.8203125,1.5937892198563,0.28183504939079
dish_1551318603,27.523077011108,4.5123167037964,0.88457465171814,0.066165395081043,0.077465854585171,0.068111181259155,205205.5625,35780.8984375,1.583376288414,0.27608716487885
dish_1551318673,27.66054725647,4.8408155441284,0.86741554737091,0.056729763746262,0.088253408670425,0.055706344544888,210857.640625,38032.58984375,1.6269879341125,0.29346135258675
dish_1551318716,27.85019493103,4.8636474609375,0.88608813285828,0.04686226323247,0.072405636310577,0.038481365889311,211623.203125,38683.16015625,1.6328949928284,0.29848116636276
dish_1551319895,29.403791427612,5.4115190505981,0.89999181032181,0.050905007869005,0.083622768521309,0.054066568613052,210698.921875,35878.12109375,1.625763297081,0.27683734893799
dish_1551320684,25.302841186523,4.2635788917542,0.88102769851685,0.054962445050478,0.074349924921989,0.054713152348995,215077.15625,38851.3046875,1.6595458984375,0.29977858066559
dish_1551321715,26.233177185059,3.8629693984985,0.86037993431091,0.047378875315189,0.096696749329567,0.047217976301908,205665.5,35914.0234375,1.5869252681732,0.2771143913269
dish_1551321757,27.991733551025,4.2104363441467,0.86543983221054,0.056735228747129,0.075757339596748,0.045831486582756,215764.671875,39695.75,1.6648508310318,0.3062943816185
dish_1551321793,24.982954025269,5.0816960334778,0.8441516160965,0.063755519688129,0.092734895646572,0.049280196428299,213835.265625,37864.78515625,1.6499634981155,0.29216653108597
dish_1551322577,25.171482086182,5.8036093711853,0.86606937646866,0.057046566158533,0.1038066521287,0.068532973527908,207510.296875,33507.6640625,1.6011596918106,0.25854679942131
dish_1551322652,26.864744186401,4.885947227478,0.88610297441483,0.053710039705038,0.084685884416103,0.058237973600626,205672.15625,35710.765625,1.5869765281677,0.27554604411125
dish_1551322714,28.024044036865,3.5431807041168,0.87357896566391,0.032274670898914,0.084234841167927,0.030883703380823,207779.53125,35888.984375,1.6032370328903,0.27692118287086
dish_1551322755,28.276540756226,3.9120743274689,0.88509768247604,0.040755670517683,0.064024247229099,0.031411722302437,211350.6875,35397.2734375,1.6307923793793,0.27312707901001
dish_1551322804,29.177597045898,5.2847709655762,0.90053379535675,0.055965155363083,0.064573384821415,0.056794431060553,212518.046875,37604.8828125,1.6397998332977,0.2901611328125
dish_1551322890,29.150924682617,3.4567849636078,0.89664340019226,0.043009243905544,0.071683585643768,0.040735434740782,208569.140625,36861.0625,1.60932970047,0.28442177176476
dish_1551322934,24.533151626587,4.2460436820984,0.85918378829956,0.052829574793577,0.10131511092186,0.065359733998775,207631.828125,38239.30859375,1.6020975112915,0.29505640268326
dish_1551322988,27.420051574707,7.9730577468872,0.88113504648209,0.060906980186701,0.10217677056789,0.072928234934807,209507.796875,35380.02734375,1.6165724992752,0.27299404144287
dish_1551323035,26.538913726807,6.7644262313843,0.84562426805496,0.094714678823948,0.10908757150173,0.086114838719368,214506.3125,38868.9609375,1.6551412343979,0.29991480708122
dish_1551323073,26.532424926758,6.5236001014709,0.88422304391861,0.058622650802135,0.077275559306145,0.051518179476261,213813.75,38915.76953125,1.6497975587845,0.30027598142624
dish_1551323219,14.144941329956,1.9637308120728,0.57779061794281,0.077610857784748,0.65426099300385,0.11418924480677,211141.953125,38004.44921875,1.6291817426682,0.29324421286583
dish_1551323262,24.912948608398,5.1859812736511,0.85057216882706,0.057116817682981,0.11834845691919,0.069363363087177,208658.953125,34278.5859375,1.6100227832794,0.26449525356293
dish_1551323309,25.705848693848,6.4010910987854,0.82723557949066,0.1013547629118,0.13712504506111,0.11569350212812,206337.84375,42221.22265625,1.5921130180359,0.32578104734421
dish_1551323342,29.597732543945,2.6128931045532,0.89811182022095,0.038992367684841,0.054621625691652,0.028691502287984,209710.953125,37051.109375,1.6181401014328,0.28588816523552
dish_1551323381,23.724950790405,2.8463294506073,0.80229109525681,0.053856946527958,0.13348500430584,0.044850058853626,214227.125,38090.13671875,1.6529871225357,0.293905377388
dish_1551323433,26.687871932983,5.6566691398621,0.85846388339996,0.064708597958088,0.095135375857353,0.067413136363029,206480.71875,38757.046875,1.5932154655457,0.29905131459236
dish_1551323487,28.996004104614,5.9549341201782,0.88479715585709,0.08287513256073,0.09290899336338,0.09589659422636,209164.796875,36445.61328125,1.6139259338379,0.28121614456177
dish_1551323574,26.78928565979,3.646790266037,0.87623870372772,0.03869728371501,0.087948225438595,0.05785857886076,206602.75,36190.859375,1.5941569805145,0.27925044298172
dish_1551323662,25.011590957642,5.0208511352539,0.85869812965393,0.051875352859497,0.085097715258598,0.0429363027215,215045.8125,37761.8671875,1.6593041419983,0.29137244820595
dish_1551323794,25.274845123291,6.921281337738,0.841173350811,0.10093674063683,0.15848797559738,0.15177975594997,206808.09375,34004.62109375,1.5957415103912,0.26238134503365
dish_1551323866,27.432001113892,3.4638149738312,0.89141690731049,0.021450933068991,0.066233195364475,0.022860253229737,206403.5625,33731.53125,1.5926201343536,0.2602741420269
dish_1551323937,19.185415267944,7.0371088981628,0.71726942062378,0.1847825050354,0.25983327627182,0.2462255358696,212774.734375,40796.28125,1.6417803764343,0.31478613615036
dish_1551323969,26.429403305054,2.5214219093323,0.8533735871315,0.037500567734241,0.089073732495308,0.033301886171103,213133.828125,38117.1015625,1.6445510387421,0.29411342740059
dish_1551324010,27.644723892212,3.9217758178711,0.88386201858521,0.043472208082676,0.061501581221819,0.034468658268452,211416.453125,37449.0859375,1.6312997341156,0.28895902633667
dish_1551324079,27.20210647583,6.025598526001,0.87840729951859,0.079631559550762,0.091205671429634,0.080435298383236,207341.53125,36347.875,1.5998574495316,0.28046202659607
dish_1551324180,27.681179046631,4.2580289840698,0.86817967891693,0.05912684649229,0.091164253652096,0.051297642290592,207800.765625,36352.9140625,1.6034009456635,0.28050088882446
dish_1551324246,25.296920776367,6.2295017242432,0.86188805103302,0.070669002830982,0.11330349743366,0.085232265293598,206501.015625,35967.97265625,1.5933721065521,0.27753064036369
dish_1551324284,27.145999908447,6.0040736198425,0.85513710975647,0.12481509149075,0.10558480024338,0.13704715669155,215605.65625,38440.0,1.6636239290237,0.29660496115685
dish_1551324331,29.180606842041,4.4479198455811,0.90686583518982,0.045253548771143,0.057036612182856,0.048183646053076,212225.15625,36475.96875,1.6375397443771,0.28145036101341
dish_1551373181,17.459566116333,4.9643568992615,0.65562224388123,0.14887122809887,0.45795738697052,0.27237010002136,205809.390625,33395.5625,1.5880354642868,0.25768181681633
dish_1551373253,26.231042861938,2.7801456451416,0.85574156045914,0.031234515830874,0.089338734745979,0.054777964949608,209883.9375,34513.01953125,1.6194748878479,0.26630416512489
dish_1551373647,26.688346862793,3.582047700882,0.86751174926758,0.055464815348387,0.099443212151527,0.062571793794632,206596.890625,35944.8359375,1.5941118001938,0.27735215425491
dish_1551373738,22.632928848267,3.1211698055267,0.76660799980164,0.075098156929016,0.1889683008194,0.074542261660099,217078.765625,37132.44921875,1.6749904155731,0.286515802145
dish_1551373813,25.310758590698,4.5074610710144,0.84549099206924,0.062426473945379,0.10855276882648,0.065281964838505,215574.640625,33944.99609375,1.6633846759796,0.26192128658295
dish_1551374021,19.253910064697,6.2480363845825,0.73924136161804,0.1487602442503,0.23364742100239,0.20532444119453,210936.84375,37792.17578125,1.6275991201401,0.2916062772274
dish_1551374155,20.772464752197,4.569052696228,0.78907418251038,0.11846842616796,0.1922310590744,0.16670666635036,204587.109375,35380.02734375,1.578604221344,0.27299404144287
dish_1551374189,25.35396194458,5.3796167373657,0.82684201002121,0.074692212045193,0.1477490067482,0.10600724071264,207720.4375,36116.7421875,1.6027810573578,0.2786785364151
dish_1551374222,20.68920135498,4.6684775352478,0.77202343940735,0.11521760374308,0.16918255388737,0.13185238838196,212607.546875,35195.38671875,1.6404902935028,0.27156934142113
dish_1551374332,25.147747039795,4.9765677452087,0.84242713451385,0.076938711106777,0.10534942150116,0.066662088036537,215794.75,37013.61328125,1.6650829315186,0.2855988740921
dish_1551374440,16.592193603516,4.5407853126526,0.62102568149567,0.15195955336094,0.50672173500061,0.25338560342789,210014.875,36715.5234375,1.6204850673676,0.28329879045486
dish_1551374463,25.163419723511,3.9996867179871,0.86879789829254,0.042179979383945,0.086761683225632,0.039619047194719,207867.59375,35134.33984375,1.60391664505,0.27109834551811
dish_1551374502,17.933847427368,7.1827530860901,0.64509290456772,0.18457552790642,0.49330896139145,0.34709277749062,206471.140625,35785.05078125,1.5931415557861,0.27611923217773
dish_1551374527,25.227592468262,2.3362934589386,0.85071593523026,0.035751849412918,0.096847474575043,0.032977618277073,212545.40625,37879.4296875,1.6400108337402,0.29227957129478
dish_1551374560,26.353294372559,4.3599243164062,0.8837251663208,0.033094972372055,0.072973892092705,0.0421197488904,209882.15625,36651.68359375,1.6194611787796,0.28280618786812
dish_1551374604,28.407348632812,3.5902559757233,0.88007581233978,0.022995725274086,0.073786407709122,0.026097388938069,211310.65625,34786.765625,1.6304833889008,0.26841640472412
dish_1551374665,15.235091209412,1.7377363443375,0.56306076049805,0.084828928112984,0.68060845136642,0.079562567174435,210219.0625,36622.609375,1.6220607757568,0.28258186578751
dish_1551374712,27.302145004272,5.4872679710388,0.87883418798447,0.058135118335485,0.097357951104641,0.082446210086346,205016.796875,35352.78515625,1.581919670105,0.27278384566307
dish_1551374746,27.786081314087,3.3354251384735,0.88096040487289,0.035587016493082,0.078802153468132,0.035115420818329,208451.5,36743.08203125,1.6084220409393,0.28351145982742
dish_1551374783,23.688913345337,2.1692731380463,0.81659150123596,0.040625251829624,0.12978795170784,0.035796817392111,209256.015625,36902.44140625,1.6146297454834,0.28474104404449
dish_1551374831,26.984731674194,4.8038549423218,0.87797737121582,0.054262816905975,0.083183601498604,0.06535279750824,206896.671875,35817.40234375,1.5964249372482,0.27636882662773
dish_1551374895,25.008247375488,5.0007076263428,0.86334478855133,0.069532617926598,0.091841883957386,0.063077986240387,208690.296875,36548.85546875,1.6102645397186,0.28201276063919
dish_1551374946,17.951950073242,6.6891260147095,0.69294399023056,0.12908917665482,0.36147883534431,0.23773135244846,208284.671875,36539.93359375,1.6071348190308,0.2819439470768
dish_1551374982,26.166246414185,3.5080990791321,0.83203423023224,0.070739693939686,0.092972688376904,0.066614717245102,220797.875,39847.3125,1.7036873102188,0.30746382474899
dish_1551375027,27.98427772522,4.0367684364319,0.89173555374146,0.039789885282516,0.052426930516958,0.031687710434198,211926.71875,42187.984375,1.6352369785309,0.32552456855774
dish_1551375086,25.598951339722,5.5509533882141,0.86537599563599,0.055769801139832,0.093945704400539,0.067804336547852,206784.5,35942.80859375,1.5955593585968,0.27733647823334
dish_1551375142,22.308813095093,6.667188167572,0.81827574968338,0.089443616569042,0.13312490284443,0.092810176312923,205231.65625,36559.5625,1.5835776329041,0.28209540247917
dish_1551375189,11.198343276978,1.3302757740021,0.44579541683197,0.070051409304142,0.78557229042053,0.042130019515753,213092.625,38213.546875,1.6442332267761,0.29485762119293
dish_1551375218,21.903688430786,4.2076010704041,0.78437393903732,0.083821706473827,0.14226625859737,0.080240957438946,217012.953125,39637.97265625,1.6744825839996,0.3058485686779
dish_1551375252,26.467283248901,4.260724067688,0.87909936904907,0.050104435533285,0.065483935177326,0.035256303846836,209112.6875,39362.93359375,1.6135238409042,0.30372634530067
dish_1551375297,25.501359939575,3.2334342002869,0.87315213680267,0.042898859828711,0.085358276963234,0.047221262007952,209482.859375,38590.4296875,1.6163800954819,0.29776567220688
dish_1551375366,26.113471984863,3.9566485881805,0.87628412246704,0.038515090942383,0.079776629805565,0.044010810554028,191147.140625,73288.1640625,1.474900841713,0.56549513339996
dish_1551375411,25.052711486816,6.6064167022705,0.83387118577957,0.12486658245325,0.18069615960121,0.23732148110867,204582.875,36404.5703125,1.5785715579987,0.28089946508408
dish_1551375443,24.965892791748,3.3283605575562,0.84075796604156,0.057245504111052,0.084831953048706,0.045735836029053,211688.609375,37302.890625,1.6333997249603,0.28783094882965
dish_1551375480,23.085144042969,4.5266346931458,0.82402557134628,0.073568470776081,0.11144766956568,0.069596946239471,213261.46875,38632.02734375,1.6455360651016,0.29808661341667
dish_1551375596,27.31615447998,5.3556380271912,0.88439494371414,0.032984849065542,0.082367271184921,0.054916493594646,205485.34375,32263.8828125,1.5855350494385,0.24894972145557
dish_1551375650,28.477247238159,5.8928294181824,0.88034391403198,0.050566144287586,0.082908242940903,0.058647029101849,208120.984375,36427.5390625,1.605871796608,0.28107666969299
dish_1551375715,23.299467086792,4.5819892883301,0.81389951705933,0.075314715504646,0.18519712984562,0.13046032190323,204698.484375,35780.5859375,1.5794636011124,0.27608478069305
dish_1551375747,26.417848587036,5.597198009491,0.85324490070343,0.069553449749947,0.10457598417997,0.065496176481247,213734.796875,36732.6640625,1.6491881608963,0.28343105316162
dish_1551375783,26.319202423096,7.0833501815796,0.83366215229034,0.11951134353876,0.15578250586987,0.17706836760044,186610.40625,81395.5703125,1.4398951530457,0.62805223464966
dish_1551375848,25.829223632812,4.1525774002075,0.86781370639801,0.048857677727938,0.08863191306591,0.0496308170259,208147.5625,37227.96484375,1.606076836586,0.28725281357765
dish_1551375933,29.203578948975,3.9435830116272,0.88854533433914,0.032054472714663,0.069035083055496,0.033617299050093,206779.015625,36034.77734375,1.595517039299,0.27804610133171
dish_1551375981,25.191343307495,3.7388651371002,0.86689674854279,0.043737296015024,0.081638365983963,0.036192744970322,213284.9375,38345.9765625,1.6457170248032,0.29587945342064
dish_1551376575,27.370065689087,4.4295010566711,0.88267111778259,0.061632189899683,0.071407623589039,0.05600368231535,215887.96875,35543.51171875,1.6658021211624,0.27425548434258
dish_1551376623,26.949384689331,3.414407491684,0.88578760623932,0.051122639328241,0.066050931811333,0.047721698880196,215864.65625,37722.7109375,1.6656223535538,0.29107028245926
dish_1551376692,27.710292816162,3.3477535247803,0.87812101840973,0.0383619107306,0.075342178344727,0.034613948315382,208152.09375,37716.4453125,1.6061118841171,0.29102197289467
dish_1551376892,25.589767456055,4.6132826805115,0.87960809469223,0.031999185681343,0.077495120465755,0.047281015664339,205255.21875,36488.6015625,1.5837593078613,0.28154784440994
dish_1551376933,26.290102005005,5.6872057914734,0.88082885742188,0.062416218221188,0.069076664745808,0.06086391210556,214602.203125,37800.9375,1.6558811664581,0.29167386889458
dish_1551376970,24.005748748779,4.6745438575745,0.83844268321991,0.076120920479298,0.10831525176764,0.059998944401741,216508.1875,38416.08203125,1.6705878973007,0.2964203953743
dish_1551377052,27.363227844238,3.3481695652008,0.89156568050385,0.029693722724915,0.078466095030308,0.048865236341953,206641.375,35815.74609375,1.5944551229477,0.27635607123375
dish_1551377094,26.606924057007,5.3435382843018,0.87711727619171,0.044337462633848,0.093419790267944,0.064923502504826,207580.421875,37369.9296875,1.6017007827759,0.28834822773933
dish_1551377135,24.430521011353,4.0961799621582,0.86921262741089,0.038656637072563,0.092132337391376,0.045223820954561,204081.40625,35722.41015625,1.5747021436691,0.27563589811325
dish_1551377177,25.893295288086,5.8452124595642,0.87079048156738,0.070146106183529,0.084142223000526,0.063672013580799,210575.140625,38192.5234375,1.6248081922531,0.29469537734985
dish_1551377209,28.065988540649,4.1266851425171,0.89748322963715,0.024022359400988,0.053785286843777,0.025305584073067,210064.578125,36333.6484375,1.6208686828613,0.28035220503807
dish_1551377316,27.750102996826,5.0225739479065,0.88400793075562,0.049053285270929,0.078625731170177,0.058225091546774,207351.515625,36766.6796875,1.5999344587326,0.28369352221489
dish_1551377388,27.467844009399,1.5826064348221,0.84135127067566,0.0278031937778,0.11540503054857,0.040205124765635,207098.3125,36581.375,1.5979807376862,0.2822636961937
dish_1551377438,26.803911209106,4.385648727417,0.87183439731598,0.034512091428041,0.072858139872551,0.038683239370584,209648.171875,38120.703125,1.6176556348801,0.29414120316505
dish_1551377473,28.065940856934,5.7060103416443,0.90410250425339,0.039662875235081,0.058155331760645,0.039371863007545,212557.65625,34910.76171875,1.6401053667068,0.26937317848206
dish_1551377521,25.028219223022,3.8912680149078,0.80920559167862,0.082286268472672,0.1364539116621,0.090986661612988,215480.40625,37815.80078125,1.6626574993134,0.29178857803345
dish_1551377674,24.960245132446,4.1966509819031,0.86648762226105,0.040057979524136,0.074129857122898,0.043476641178131,208947.9375,36122.328125,1.6122525930405,0.2787216603756
dish_1551377737,24.357109069824,6.3146142959595,0.81476801633835,0.07947189360857,0.1327967941761,0.093941435217857,210825.46875,34486.046875,1.6267397403717,0.26609605550766
dish_1551377782,27.62770652771,5.818859577179,0.89083462953568,0.043013017624617,0.077284976840019,0.059203237295151,208704.828125,36261.82421875,1.6103768348694,0.27979803085327
dish_1551377828,21.72501373291,5.9778070449829,0.76778602600098,0.1281006783247,0.18348897993565,0.14431013166904,219086.390625,39906.55078125,1.6904814243317,0.30792093276978
dish_1551377874,25.804899215698,4.2988333702087,0.8612939119339,0.048145297914743,0.083632230758667,0.043956648558378,216506.140625,38293.96875,1.6705720424652,0.29547816514969
dish_1551378018,26.249975204468,4.8416562080383,0.88829970359802,0.032378010451794,0.072559297084808,0.040729686617851,209171.65625,36498.28515625,1.6139788627625,0.28162255883217
dish_1551378054,22.484558105469,3.5335760116577,0.80142509937286,0.059161495417356,0.1578264683485,0.059061884880066,215138.015625,35904.046875,1.660015463829,0.27703741192818
dish_1551378099,28.927503585815,6.4037365913391,0.90398848056793,0.04479518160224,0.086239218711853,0.063570134341717,194878.625,39006.12109375,1.5036931037903,0.30097314715385
dish_1551378151,27.478805541992,3.6471946239471,0.88357448577881,0.03490038216114,0.063197508454323,0.030151648446918,216104.265625,38761.640625,1.6674711704254,0.29908674955368
dish_1551378179,25.01135635376,5.3938274383545,0.86295408010483,0.069314993917942,0.091928943991661,0.06997238099575,214147.78125,37007.52734375,1.6523748636246,0.28555190563202
dish_1551378291,24.862445831299,3.0518279075623,0.84197604656219,0.059820726513863,0.1080147176981,0.053348887711763,213422.71875,37813.578125,1.6467802524567,0.29177144169807
dish_1551378344,28.556247711182,4.7061018943787,0.88875597715378,0.035490188747644,0.081967130303383,0.036868326365948,209232.546875,37765.41015625,1.6144486665726,0.29139977693558
dish_1551378397,25.903814315796,3.094654083252,0.87993681430817,0.019554652273655,0.065782971680164,0.019842553883791,209865.140625,36411.25,1.6193298101425,0.28095099329948
dish_1551378449,23.36950302124,3.8902530670166,0.82334512472153,0.047482792288065,0.10134063661098,0.044447060674429,215361.890625,38000.19921875,1.6617430448532,0.29321137070656
dish_1551378490,26.363241195679,5.1648135185242,0.84601986408234,0.10767453163862,0.10854887217283,0.10831896215677,217677.359375,39555.01171875,1.6796092987061,0.30520841479301
dish_1551378584,27.433418273926,3.8916451931,0.89833986759186,0.02961453795433,0.065490700304508,0.039503410458565,209121.4375,36131.1171875,1.6135913133621,0.27878946065903
dish_1551378635,25.353801727295,2.9597508907318,0.87452107667923,0.025934167206287,0.082417540252209,0.027569431811571,203960.703125,35425.71875,1.5737708806992,0.27334660291672
dish_1551378684,24.920139312744,4.3200187683105,0.85457295179367,0.060962494462729,0.09353856742382,0.060290805995464,208852.40625,37084.13671875,1.6115155220032,0.28614303469658
dish_1551378719,24.664604187012,3.5933783054352,0.8372717499733,0.057214960455894,0.10067585855722,0.052726250141859,213045.328125,37742.390625,1.6438682079315,0.29122215509415
dish_1551378762,24.961061477661,4.6621241569519,0.84774762392044,0.071292877197266,0.093731977045536,0.064118281006813,217027.703125,38835.75,1.6745965480804,0.29965856671333
dish_1551378829,24.300579071045,5.8081221580505,0.83459597826004,0.10504078119993,0.12108252197504,0.11229956150055,209086.734375,40020.88671875,1.6133235692978,0.3088031411171
dish_1551378898,26.970401763916,5.7577705383301,0.8686540722847,0.053208291530609,0.086481302976608,0.054215144366026,207175.96875,35889.29296875,1.5985800027847,0.27692356705666
dish_1551378955,29.825529098511,4.4936227798462,0.90577536821365,0.046009548008442,0.06579202413559,0.05442227050662,209308.203125,37356.48046875,1.6150324344635,0.28824445605278
dish_1551378996,29.246772766113,3.8835170269012,0.9044446349144,0.040068034082651,0.044690929353237,0.023584453389049,211329.8125,36808.85546875,1.6306313276291,0.28401896357536
dish_1551379045,26.868368148804,4.2289276123047,0.86273467540741,0.070320755243301,0.087399490177631,0.06064423546195,216063.03125,38586.89453125,1.6671530008316,0.29773840308189
dish_1551379162,25.887138366699,6.3341774940491,0.85428768396378,0.081698849797249,0.095140472054482,0.088485114276409,206938.015625,39086.640625,1.5967439413071,0.30159446597099
dish_1551379252,25.531042098999,4.6864061355591,0.86303526163101,0.055517707020044,0.089532382786274,0.067089103162289,211991.84375,37328.125,1.6357395648956,0.28802561759949
dish_1551379331,30.849464416504,4.7001752853394,0.90516149997711,0.037222739309072,0.070555180311203,0.060529619455338,206418.78125,34954.83203125,1.5927375555038,0.26971319317818
dish_1551379379,27.74772644043,4.6664576530457,0.88986986875534,0.043460391461849,0.061969831585884,0.050263099372387,217268.796875,38939.75,1.6764568090439,0.30046102404594
dish_1551379408,22.047277450562,3.384224653244,0.77789622545242,0.06331068277359,0.13889546692371,0.054852489382029,219856.890625,39304.93359375,1.6964266300201,0.30327880382538
dish_1551379478,29.25080871582,3.5118296146393,0.8932426571846,0.039484683424234,0.069453522562981,0.037948317825794,207356.5625,37037.140625,1.5999734401703,0.28578042984009
dish_1551379524,17.288116455078,8.80433177948,0.59484070539474,0.25111922621727,0.51862269639969,0.36502978205681,211197.3125,38787.01171875,1.6296088695526,0.29928249120712
dish_1551379566,24.969017028809,4.5634145736694,0.82496643066406,0.065335869789124,0.13379739224911,0.07660149782896,211023.953125,34327.75390625,1.6282713413239,0.26487463712692
dish_1551379605,29.040449142456,5.3161563873291,0.89564925432205,0.042026314884424,0.063807465136051,0.04455754160881,209755.84375,36462.12890625,1.6184864044189,0.2813435792923
dish_1551379654,28.752178192139,5.7082099914551,0.88247364759445,0.07088253647089,0.070285297930241,0.052881989628077,211654.296875,37206.51171875,1.6331349611282,0.28708726167679
dish_1551379741,27.418989181519,4.5004634857178,0.87741786241531,0.0454894118011,0.079887360334396,0.032317463308573,205641.875,35817.9453125,1.5867428779602,0.27637302875519
dish_1551379788,12.09566116333,1.1621609926224,0.50451219081879,0.042554143816233,0.74524354934692,0.059086676687002,186167.625,80114.1015625,1.4364786148071,0.61816436052322
dish_1551379852,29.325355529785,3.7440013885498,0.88752549886703,0.035171940922737,0.070381201803684,0.024965615943074,205125.828125,36725.30859375,1.5827610492706,0.28337427973747
dish_1551379881,23.492683410645,1.6718002557755,0.79720276594162,0.037001579999924,0.13272893428802,0.032725770026445,220610.0,38706.42578125,1.7022376060486,0.29866069555283
dish_1551379922,26.5110206604,3.8036198616028,0.86125952005386,0.036858171224594,0.079349480569363,0.037391897290945,215202.78125,38297.53125,1.6605153083801,0.29550564289093
dish_1551380856,24.989423751831,5.0811071395874,0.82742083072662,0.056020986288786,0.13989701867104,0.066874563694,211419.921875,34589.5703125,1.6313265562057,0.26689481735229
dish_1551380950,27.152793884277,6.5652785301208,0.8482118844986,0.065809033811092,0.11667212098837,0.083195298910141,209316.359375,36557.10546875,1.6150953769684,0.28207641839981
dish_1551381050,25.686441421509,4.9144334793091,0.86907994747162,0.055142506957054,0.08448152244091,0.052313409745693,210636.859375,36954.12890625,1.6252844333649,0.28513988852501
dish_1551381103,25.865016937256,6.8281269073486,0.84588760137558,0.12629516422749,0.11496865004301,0.12429225444794,212831.546875,41494.9921875,1.642218708992,0.32017740607262
dish_1551381173,29.167896270752,5.1509966850281,0.86234754323959,0.05958641320467,0.093860529363155,0.055072519928217,204875.1875,36352.01953125,1.5808271169662,0.28049397468567
dish_1551381208,28.189609527588,2.9686484336853,0.89244502782822,0.020029194653034,0.066129259765148,0.027887918055058,205668.734375,35428.03515625,1.5869500637054,0.27336448431015
dish_1551381249,24.23690032959,7.9176893234253,0.80212944746017,0.15306243300438,0.234584197402,0.24454745650291,204572.859375,35817.6171875,1.578494310379,0.27637052536011
dish_1551381285,27.470495223999,2.6694324016571,0.85257035493851,0.040547776967287,0.098177209496498,0.04074190557003,209034.375,36374.9140625,1.6129195690155,0.28067064285278
dish_1551381321,26.268199920654,2.2941844463348,0.85320198535919,0.023754995316267,0.095019869506359,0.039601478725672,209516.109375,36614.83203125,1.616636633873,0.28252184391022
dish_1551381365,28.233787536621,3.4906752109528,0.87047535181046,0.031429938971996,0.084866032004356,0.030329383909702,206452.78125,35865.22265625,1.5929998159409,0.27673780918121
dish_1551381404,11.343254089355,2.0624220371246,0.44789719581604,0.098613314330578,0.69491672515869,0.1363820284605,218883.109375,43488.796875,1.6889128684998,0.33556169271469
dish_1551381450,26.956348419189,4.9294557571411,0.87002915143967,0.0592678822577,0.095340102910995,0.060612734407187,210946.46875,34851.765625,1.6276733875275,0.26891791820526
dish_1551381496,27.493982315063,4.6871376037598,0.88494837284088,0.057893205434084,0.068549908697605,0.049598198384047,214609.3125,37659.2109375,1.6559361219406,0.29058033227921
dish_1551381555,27.815258026123,5.6268243789673,0.8671435713768,0.079667828977108,0.088069178164005,0.074630729854107,198828.765625,75323.1796875,1.5341725349426,0.58119732141495
dish_1551381661,27.259805679321,3.5311777591705,0.87405073642731,0.044300325214863,0.071299701929092,0.036676749587059,206945.796875,36889.38671875,1.596804022789,0.28464034199715
dish_1551381730,26.187139511108,3.4048521518707,0.88122522830963,0.021897070109844,0.081450171768665,0.0351867005229,209879.125,36152.87109375,1.6194376945496,0.27895733714104
dish_1551381829,27.62753868103,5.6231656074524,0.89452385902405,0.049524687230587,0.071857184171677,0.064575225114822,206380.765625,36535.96875,1.5924441814423,0.28191334009171
dish_1551381877,29.036619186401,6.4473910331726,0.89961671829224,0.096667885780334,0.066302850842476,0.079808413982391,210680.53125,34569.33984375,1.6256213188171,0.26673871278763
dish_1551381921,26.845287322998,5.8374810218811,0.87699174880981,0.063387952744961,0.080019608139992,0.052396934479475,211821.890625,36941.41015625,1.6344282627106,0.28504174947739
dish_1551381990,25.1373462677,4.0140466690063,0.87883073091507,0.048842817544937,0.083973325788975,0.034794013947248,208357.671875,38753.75390625,1.6076980829239,0.29902589321136
dish_1551382060,27.711101531982,3.814843416214,0.88696712255478,0.062615662813187,0.08140691369772,0.070597693324089,208616.890625,36331.5703125,1.6096982955933,0.28033617138863
dish_1551382115,27.145366668701,3.5922808647156,0.85695153474808,0.034384161233902,0.10906179249287,0.040834214538336,207742.40625,38689.6171875,1.6029506921768,0.29853099584579
dish_1551382149,26.228307723999,5.2677073478699,0.85959267616272,0.07684713602066,0.1018373966217,0.077496133744717,209406.0,36686.62109375,1.6157871484756,0.28307577967644
dish_1551382179,27.974695205688,4.8515968322754,0.86811316013336,0.065666258335114,0.088350303471088,0.06005372852087,216880.453125,39095.19921875,1.6734602451324,0.3016605079174
dish_1551382255,27.140628814697,2.7859880924225,0.86748456954956,0.058115243911743,0.087132036685944,0.042839370667934,216465.484375,39098.98046875,1.6702584028244,0.3016896545887
dish_1551384024,24.919250488281,0.84916710853577,0.81234467029572,0.049649111926556,0.12956786155701,0.038687538355589,211871.703125,37978.80859375,1.6348124742508,0.2930463552475
dish_1551384080,27.211723327637,3.2802233695984,0.87195777893066,0.036801442503929,0.079246774315834,0.031949914991856,205835.984375,35956.8046875,1.5882406234741,0.27744448184967
dish_1551384115,22.741191864014,4.1386861801147,0.81896722316742,0.0431216545403,0.11210703104734,0.052246659994125,219930.5625,39440.6015625,1.6969950199127,0.30432564020157
dish_1551384167,22.272527694702,3.6054918766022,0.77135348320007,0.061736658215523,0.16092954576015,0.071392893791199,220370.703125,40078.8203125,1.7003911733627,0.30925014615059
dish_1551388984,27.03911781311,2.6240022182465,0.87841731309891,0.045284286141396,0.078260645270348,0.036003842949867,208405.078125,37873.6796875,1.6080638170242,0.29223519563675
dish_1551389118,27.190807342529,5.0940475463867,0.88287115097046,0.049243085086346,0.073278114199638,0.050913643091917,202668.859375,34968.2265625,1.5638028383255,0.26981657743454
dish_1551389176,29.818843841553,5.271812915802,0.90439355373383,0.036510489881039,0.064670689404011,0.041873186826706,208392.640625,36552.55859375,1.6079678535461,0.28204134106636
dish_1551389218,28.661796569824,5.3493280410767,0.88729345798492,0.059273764491081,0.071315594017506,0.057983107864857,214935.375,37680.98046875,1.6584520339966,0.29074829816818
dish_1551389268,24.195487976074,3.4219245910645,0.83073401451111,0.046601749956608,0.10865460336208,0.039217531681061,216159.140625,38007.8671875,1.6678946018219,0.29327055811882
dish_1551389387,29.273973464966,4.706494808197,0.90947663784027,0.024130487814546,0.058990515768528,0.030102111399174,203629.390625,35052.5625,1.5712144374847,0.27046731114388
dish_1551389458,30.0461769104,5.1611323356628,0.90849852561951,0.029072089120746,0.055226568132639,0.027800720185041,205649.234375,35514.38671875,1.586799621582,0.27403074502945
dish_1551389506,26.410736083984,4.9838967323303,0.86139434576035,0.055419832468033,0.10925491154194,0.064326666295528,207134.609375,36548.984375,1.5982608795166,0.28201377391815
dish_1551389551,30.077199935913,4.289484500885,0.91726380586624,0.039504420012236,0.0464220456779,0.028483143076301,208930.890625,36838.921875,1.6121209859848,0.28425094485283
dish_1551389588,30.731555938721,2.8575654029846,0.91253662109375,0.022997261956334,0.045430850237608,0.020001547411084,211316.109375,36162.4609375,1.63052546978,0.27903133630753
dish_1551389684,23.8440990448,3.8374819755554,0.86844253540039,0.042427875101566,0.093167118728161,0.059256095439196,205913.03125,35636.609375,1.5888350009918,0.27497383952141
dish_1551389749,26.105644226074,4.8147349357605,0.82546544075012,0.11185763031244,0.15928274393082,0.16630674898624,205262.40625,36319.8359375,1.5838148593903,0.28024566173553
dish_1551390006,29.901681900024,5.9775137901306,0.91658765077591,0.039584446698427,0.058028802275658,0.03792392089963,210711.546875,34651.3125,1.6258606910706,0.26737123727798
dish_1551390051,27.616853713989,4.2952718734741,0.88370567560196,0.045115206390619,0.063133724033833,0.026538219302893,205476.5,38612.43359375,1.5854668617249,0.29793545603752
dish_1551390215,11.946556091309,1.1879521608353,0.50244414806366,0.069460861384869,0.74680554866791,0.054994959384203,213182.5625,38681.34375,1.6449272632599,0.29846715927124
dish_1551390265,29.122383117676,5.5771675109863,0.90120601654053,0.049182079732418,0.069756902754307,0.049378991127014,205649.546875,35702.89453125,1.5868021249771,0.27548530697823
dish_1551390304,21.919277191162,6.3452401161194,0.79195952415466,0.11173903942108,0.21461182832718,0.16627250611782,208512.015625,37185.71875,1.6088889837265,0.2869268655777
dish_1551390341,28.535423278809,4.1220116615295,0.89668333530426,0.045083593577147,0.058685123920441,0.039457403123379,212046.90625,36445.95703125,1.6361643075943,0.28121882677078
dish_1551390382,28.398944854736,4.9252419471741,0.88768541812897,0.058911688625813,0.069251045584679,0.057823065668344,213420.953125,37926.23828125,1.6467666625977,0.29264071583748
dish_1551390429,25.98938369751,3.9606425762177,0.87167912721634,0.031507488340139,0.088063217699528,0.040593627840281,201655.640625,38319.34375,1.5559848546982,0.29567393660545
dish_1551390474,31.94162940979,2.5093328952789,0.92602050304413,0.020129736512899,0.049706395715475,0.014993880875409,208101.71875,34360.87890625,1.6057231426239,0.26513025164604
dish_1551390528,13.852156639099,1.4122092723846,0.53220653533936,0.068905651569366,0.7067950963974,0.048648528754711,209239.296875,38676.8046875,1.6145007610321,0.29843214154243
dish_1551390560,27.623460769653,5.5230722427368,0.88566732406616,0.048809539526701,0.073373027145863,0.056113824248314,207936.125,36353.1953125,1.6044454574585,0.28050303459167
dish_1551390594,27.8154296875,2.7440447807312,0.86622667312622,0.03440260887146,0.080343812704086,0.019833978265524,210184.15625,36813.13671875,1.6217913627625,0.28405198454857
dish_1551390651,27.629653930664,4.8183670043945,0.88796651363373,0.04913616925478,0.075547501444817,0.054042469710112,206293.34375,35743.5234375,1.591769695282,0.27579882740974
dish_1551390758,28.491233825684,4.603404045105,0.88488972187042,0.042080882936716,0.071271114051342,0.038131065666676,204155.734375,35143.26953125,1.5752756595612,0.27116718888283
dish_1551390802,28.660726547241,5.8259887695312,0.90451472997665,0.036071725189686,0.067265950143337,0.038804851472378,209455.90625,37818.52734375,1.6161721944809,0.29180961847305
dish_1551390837,29.863660812378,4.1541924476624,0.90400099754333,0.053223147988319,0.052316132932901,0.035716656595469,207781.359375,35245.625,1.6032512187958,0.27195698022842
dish_1551390872,26.5764503479,2.840172290802,0.86720162630081,0.027640474960208,0.089246861636639,0.030198946595192,187498.15625,82101.4921875,1.4467450380325,0.63349920511246
dish_1551390930,26.16554069519,5.2913937568665,0.86144489049911,0.070963934063911,0.11509361863136,0.080551572144032,198542.609375,66659.1640625,1.5319645404816,0.51434540748596
dish_1551390979,25.972843170166,6.1630849838257,0.86349266767502,0.069366529583931,0.10254711657763,0.080267854034901,207602.109375,35188.234375,1.6018681526184,0.27151417732239
dish_1551391034,27.380641937256,3.8337898254395,0.88266068696976,0.028563341125846,0.082661159336567,0.028005318716168,205224.828125,35436.03515625,1.5835249423981,0.27342620491982
dish_1551391083,25.880409240723,3.54585313797,0.85911351442337,0.051811877638102,0.086014144122601,0.057885587215424,211337.84375,36806.0625,1.6306933164597,0.28399738669395
dish_1551391122,27.322128295898,5.2658748626709,0.87648284435272,0.065613895654678,0.085964418947697,0.05397642403841,211454.40625,37506.33984375,1.63159263134,0.28940078616142
dish_1551391197,29.771566390991,3.6555826663971,0.90585476160049,0.025647202506661,0.062404844909906,0.027080360800028,196157.75,68498.734375,1.5135627985001,0.52853959798813
dish_1551391257,26.770385742188,3.944286108017,0.86501681804657,0.039066258817911,0.10034973919392,0.049092572182417,206690.953125,35423.390625,1.5948375463486,0.27332863211632
dish_1551391302,28.389621734619,5.1374750137329,0.88492500782013,0.037528518587351,0.076111488044262,0.049122236669064,204845.171875,36195.828125,1.5805954933167,0.27928879857063
dish_1551391337,28.54599571228,5.5032353401184,0.89645946025848,0.054104812443256,0.068564355373383,0.04696748405695,210832.796875,33923.5234375,1.626796245575,0.26175558567047
dish_1551391379,27.903356552124,5.2953686714172,0.9052067399025,0.04111797362566,0.06152768433094,0.049289211630821,210868.03125,36761.26171875,1.6270681619644,0.28365170955658
dish_1551391438,29.805047988892,3.4309911727905,0.8949117064476,0.023894805461168,0.064253523945808,0.045481335371733,203585.296875,35507.89453125,1.5708742141724,0.27398064732552
dish_1551391477,25.876399993896,3.6735193729401,0.87414807081223,0.038127444684505,0.087959907948971,0.038470704108477,211533.59375,36764.27734375,1.632203578949,0.28367498517036
dish_1551391505,28.357236862183,5.9444642066956,0.88869351148605,0.064377583563328,0.077403657138348,0.068309761583805,211912.703125,36751.1796875,1.6351289749146,0.28357392549515
dish_1551391543,25.086214065552,3.7833886146545,0.83307522535324,0.054361864924431,0.11346396803856,0.052560411393642,219085.953125,40050.96484375,1.6904780864716,0.30903521180153
dish_1551391586,26.46835899353,4.8695545196533,0.87354135513306,0.079039044678211,0.078943647444248,0.065718591213226,220817.21875,36392.16015625,1.7038365602493,0.28080371022224
dish_1551391672,18.915325164795,7.7075409889221,0.68965065479279,0.16766288876534,0.43344449996948,0.29752194881439,198154.84375,70637.2265625,1.5289726257324,0.54504036903381
dish_1551391710,29.127178192139,4.7757811546326,0.91035437583923,0.040692616254091,0.062966905534267,0.058336175978184,208916.484375,37437.53515625,1.6120098829269,0.28886985778809
dish_1551391733,25.669200897217,8.5823307037354,0.77240979671478,0.20222318172455,0.27579382061958,0.26770168542862,207863.546875,36844.5,1.6038854122162,0.28429397940636
dish_1551391758,29.654090881348,6.2038216590881,0.91260558366776,0.046167425811291,0.056557394564152,0.050414763391018,208589.859375,33929.19140625,1.6094896793365,0.26179930567741
dish_1551391795,28.257579803467,3.6282639503479,0.87648141384125,0.044417548924685,0.077232785522938,0.033492255955935,210908.984375,37298.50390625,1.6273840665817,0.2877970635891
dish_1551392271,29.451341629028,4.0428938865662,0.90005248785019,0.023965639993548,0.061019349843264,0.026944808661938,203892.71875,34610.40625,1.5732463598251,0.26705560088158
dish_1551392316,25.912227630615,5.9916796684265,0.87344044446945,0.061263114213943,0.083759866654873,0.063341923058033,211848.0,37791.2734375,1.6346296072006,0.29159933328629
dish_1551392347,25.995227813721,5.0315990447998,0.85893136262894,0.069517485797405,0.099245578050613,0.087807878851891,207955.328125,37300.09765625,1.6045935153961,0.28780940175056
dish_1551392376,27.917734146118,3.3555870056152,0.89775228500366,0.030770935118198,0.058210451155901,0.036692086607218,211333.78125,37731.57421875,1.6306619644165,0.29113867878914
dish_1551392424,28.386968612671,4.8449854850769,0.89975732564926,0.047358062118292,0.051843591034412,0.031036159023643,214219.125,37836.74609375,1.6529253721237,0.29195019602776
dish_1551392519,28.347215652466,3.457160949707,0.88487309217453,0.028185216709971,0.074971556663513,0.027761977165937,206631.421875,35645.984375,1.5943782329559,0.27504616975784
dish_1551392557,28.014808654785,4.1081447601318,0.88672167062759,0.047877103090286,0.0806744992733,0.050105679780245,209223.21875,36778.60546875,1.6143766641617,0.2837855219841
dish_1551392590,27.851589202881,3.0916845798492,0.89952027797699,0.030266683548689,0.065411627292633,0.034539945423603,206857.125,35968.94921875,1.5961198806763,0.27753821015358
dish_1551392654,29.306953430176,3.5504605770111,0.91971874237061,0.023735094815493,0.049795594066381,0.019249644130468,210948.578125,38318.5,1.6276895999908,0.29566743969917
dish_1551392701,28.505338668823,4.66224193573,0.91030526161194,0.029161393642426,0.043767757713795,0.020202372223139,205122.515625,38521.69140625,1.5827354192734,0.29723528027534
dish_1551392752,25.791357040405,3.1537017822266,0.88026052713394,0.022760840132833,0.069154031574726,0.026341894641519,210618.140625,36870.234375,1.6251399517059,0.2844925224781
dish_1551392833,18.345914840698,8.458553314209,0.6645695567131,0.23052754998207,0.42117184400558,0.34994292259216,205110.828125,35389.01171875,1.5826452970505,0.27306339144707
dish_1551392884,29.842359542847,4.1909847259521,0.89565402269363,0.041104223579168,0.069957688450813,0.043204020708799,209153.09375,36163.15234375,1.6138355731964,0.27903664112091
dish_1551392919,25.685510635376,4.5729594230652,0.87184375524521,0.04247760400176,0.081224516034126,0.038432523608208,211526.28125,39696.40625,1.6321473121643,0.30629941821098
dish_1551392958,28.293266296387,3.5803470611572,0.90345615148544,0.04039566218853,0.051403604447842,0.02845292724669,211199.28125,38102.7265625,1.6296240091324,0.29400250315666
dish_1551393021,29.044303894043,7.660463809967,0.89862376451492,0.057959780097008,0.082444876432419,0.07193436473608,207437.890625,34754.94921875,1.6006009578705,0.26817089319229
dish_1551393069,30.513080596924,5.1498961448669,0.91069829463959,0.033805251121521,0.057876858860254,0.038469113409519,206879.59375,35457.1171875,1.5962932109833,0.27358886599541
dish_1551393113,28.433742523193,5.0411529541016,0.88577777147293,0.057170730084181,0.079555444419384,0.060372266918421,185359.59375,79156.828125,1.430243730545,0.61077797412872
dish_1551393161,25.684589385986,5.0050415992737,0.83745801448822,0.082015253603458,0.12199074774981,0.081861339509487,213843.171875,38747.16796875,1.6500244140625,0.29897505044937
dish_1551393210,28.871974945068,5.5858478546143,0.91829949617386,0.043671745806932,0.045914821326733,0.039020195603371,216349.25,36097.58203125,1.6693614721298,0.27853071689606
dish_1551394614,25.520555496216,3.1627044677734,0.85784947872162,0.043035455048084,0.1063324958086,0.042454369366169,205735.25,35351.9140625,1.5874633789062,0.27277711033821
dish_1551394781,26.823369979858,5.103551864624,0.87533354759216,0.048677243292332,0.087071120738983,0.049259759485722,209451.046875,34716.79296875,1.6161346435547,0.26787650585175
dish_1551394835,28.522439956665,4.8956079483032,0.90492290258408,0.033812001347542,0.075496859848499,0.046174302697182,205115.3125,35346.36328125,1.5826798677444,0.27273428440094
dish_1551394874,27.876693725586,5.3667140007019,0.90290123224258,0.054094009101391,0.068355813622475,0.05881529673934,207208.859375,35830.375,1.5988337993622,0.27646896243095
dish_1551394927,28.974449157715,5.4672837257385,0.89207893610001,0.050705868750811,0.069217838346958,0.049150671809912,208897.390625,36520.51171875,1.6118625402451,0.28179410099983
dish_1551395022,28.161134719849,5.7598233222961,0.88168144226074,0.046914294362068,0.086343578994274,0.068703375756741,203663.21875,34801.3046875,1.5714755058289,0.26852858066559
dish_1551395088,31.55019569397,5.3293013572693,0.92522972822189,0.018856028094888,0.046191778033972,0.034263215959072,185508.390625,65279.09765625,1.4313918352127,0.50369673967361
dish_1551395194,28.10203742981,5.0787386894226,0.89124816656113,0.041003759950399,0.07927194237709,0.042088143527508,206011.609375,35932.171875,1.5895957946777,0.2772544324398
dish_1551395233,29.855024337769,5.0027508735657,0.90125596523285,0.047414019703865,0.062424451112747,0.044378910213709,197399.65625,76327.5234375,1.5231454372406,0.58894693851471
dish_1551395269,30.495798110962,5.4096641540527,0.91021990776062,0.050961013883352,0.054806843400002,0.041136424988508,209849.8125,36284.3046875,1.6192115545273,0.27997151017189
dish_1551395396,28.281135559082,5.4502611160278,0.90906578302383,0.040997222065926,0.062353666871786,0.045925833284855,209061.734375,36733.5234375,1.6131306886673,0.28343766927719
dish_1551395512,27.296421051025,5.8900780677795,0.87271928787231,0.045311570167542,0.094139315187931,0.051475454121828,206998.671875,36176.33984375,1.5972119569778,0.27913841605186
dish_1551395580,28.617555618286,3.6941299438477,0.88986074924469,0.031463738530874,0.071894899010658,0.034990608692169,208055.21875,36455.0234375,1.6053643226624,0.2812887430191
dish_1551395766,27.277860641479,5.8665676116943,0.88479846715927,0.057682305574417,0.082991316914558,0.062532126903534,212806.0,36235.4609375,1.6420215368271,0.27959460020065
dish_1551395800,26.98441696167,6.0065569877625,0.8890233039856,0.049777083098888,0.072855092585087,0.046178422868252,212608.359375,35333.1796875,1.6404966115952,0.27263253927231
dish_1551395909,30.962005615234,5.5868835449219,0.92076534032822,0.030392754822969,0.051579259335995,0.04057465493679,210106.5625,37141.48046875,1.621192574501,0.28658550977707
dish_1551395987,29.882392883301,3.3577482700348,0.87977433204651,0.039286319166422,0.081375651061535,0.043648105114698,207689.28125,35961.32421875,1.6025407314301,0.27747935056686
dish_1551396061,26.407073974609,3.5828402042389,0.88126981258392,0.04052035883069,0.093349926173687,0.039150595664978,206849.28125,35930.90234375,1.5960593223572,0.27724462747574
dish_1551396096,26.782091140747,6.1539587974548,0.88646268844604,0.069467812776566,0.076460316777229,0.071413137018681,212887.21875,37440.984375,1.6426483392715,0.28889647126198
dish_1551396309,25.580865859985,4.2100424766541,0.89000606536865,0.048672076314688,0.06702970713377,0.052906718105078,215763.015625,37418.0703125,1.6648380756378,0.28871968388557
dish_1551396629,27.926645278931,3.1244595050812,0.89632016420364,0.033514183014631,0.064734891057014,0.028572453185916,203452.75,36260.5625,1.569851398468,0.27978828549385
dish_1551396678,27.266447067261,4.2215733528137,0.89251554012299,0.039591427892447,0.069827072322369,0.048256568610668,204880.578125,37225.98828125,1.5808687210083,0.28723755478859
dish_1551397543,28.113819122314,4.5611500740051,0.89999878406525,0.031814616173506,0.066872343420982,0.024132266640663,206531.625,33734.06640625,1.5936081409454,0.26029372215271
dish_1551397591,26.820545196533,7.733642578125,0.857262134552,0.1274516582489,0.11625783145428,0.13101936876774,214123.53125,34951.2421875,1.65218770504,0.26968550682068
dish_1551397629,25.504901885986,5.5467262268066,0.8739807009697,0.061666682362556,0.093198753893375,0.051986750215292,214073.390625,37633.265625,1.6518008708954,0.2903801202774
dish_1551397714,28.269708633423,2.5557100772858,0.89350634813309,0.026510026305914,0.070472911000252,0.037633266299963,208436.765625,33662.09375,1.6083083152771,0.25973835587502
dish_1551397752,28.487319946289,6.4550628662109,0.90705949068069,0.039764598011971,0.068590886890888,0.045988641679287,204328.25,35910.46484375,1.5766068696976,0.27708691358566
dish_1551399031,25.436254501343,1.3160535097122,0.83170664310455,0.018127966672182,0.12232376635075,0.0442387573421,204009.234375,37259.15234375,1.5741454362869,0.28749346733093
dish_1551399100,28.200981140137,6.3084015846252,0.89463758468628,0.068019583821297,0.073659211397171,0.065481640398502,210072.375,36901.78515625,1.6209288835526,0.28473597764969
dish_1551399151,25.733058929443,4.7889032363892,0.82587856054306,0.093369513750076,0.1210585013032,0.092529088258743,212283.8125,37459.04296875,1.6379923820496,0.28903582692146
dish_1551399293,26.081150054932,5.6537132263184,0.88139474391937,0.050638426095247,0.081372730433941,0.05373977124691,207548.625,34335.703125,1.601455450058,0.26493600010872
dish_1551399340,28.611158370972,7.4977040290833,0.896843791008,0.061328269541264,0.086430214345455,0.076084233820438,208878.328125,36387.7734375,1.6117154359818,0.28076985478401
dish_1551399402,25.182220458984,4.1689257621765,0.80496323108673,0.099006533622742,0.13909359276295,0.087307848036289,213991.34375,38620.21484375,1.6511677503586,0.29799547791481
dish_1551399449,25.801595687866,2.2717709541321,0.83986908197403,0.044038251042366,0.09920260310173,0.048724167048931,216947.84375,35055.4609375,1.6739802360535,0.27048966288567
dish_1551399484,24.090494155884,3.6685175895691,0.79941540956497,0.053366392850876,0.13673543930054,0.043642766773701,216129.8125,39127.98046875,1.6676683425903,0.30191341042519
dish_1551485983,25.076425552368,2.8470532894135,0.87207919359207,0.034925758838654,0.098959691822529,0.074675127863884,204144.3125,36937.109375,1.5751875638962,0.28500854969025
dish_1551486108,23.376659393311,4.3113746643066,0.80339825153351,0.089849554002285,0.17459286749363,0.11846946179867,210293.5625,37178.3515625,1.622635602951,0.28686997294426
dish_1551486158,24.357362747192,7.7259435653687,0.80388253927231,0.16042555868626,0.20149476826191,0.21415044367313,205045.546875,39099.58984375,1.5821415185928,0.30169436335564
dish_1551486217,23.556419372559,4.0464897155762,0.80736267566681,0.074035458266735,0.14290827512741,0.074465408921242,214457.28125,38945.53515625,1.6547629833221,0.3005056977272
dish_1551486277,16.617418289185,4.3519721031189,0.66748410463333,0.12039332836866,0.31581851840019,0.16082352399826,216044.109375,39876.5234375,1.6670069694519,0.30768921971321
dish_1551486372,18.078790664673,6.6229548454285,0.59108465909958,0.24871052801609,0.40602520108223,0.29807496070862,213850.671875,38741.51171875,1.6500823497772,0.2989314198494
dish_1551486411,23.605480194092,4.2420191764832,0.81759911775589,0.092667475342751,0.15854293107986,0.098563067615032,211948.296875,37710.21875,1.6354035139084,0.29097390174866
dish_1551486571,14.72348690033,1.7359286546707,0.56298518180847,0.077665738761425,0.70925986766815,0.12901403009892,213687.484375,38769.6640625,1.6488231420517,0.29914861917496
dish_1551486628,21.651622772217,4.2264337539673,0.76353693008423,0.086227647960186,0.16187623143196,0.070219539105892,216117.453125,37758.140625,1.6675729751587,0.29134365916252
dish_1551486680,21.964765548706,3.5396485328674,0.77726912498474,0.062739215791225,0.17177218198776,0.055125135928392,216818.03125,37625.53515625,1.6729786396027,0.29032048583031
dish_1551487117,16.6741065979,2.4831736087799,0.64135849475861,0.072520777583122,0.55262577533722,0.16514211893082,210133.6875,34195.078125,1.6214019060135,0.26385089755058
dish_1551487158,9.70374584198,2.4542491436005,0.40341633558273,0.065257959067822,0.76366621255875,0.10163205116987,214679.078125,38718.0625,1.6564743518829,0.29875048995018
dish_1551487288,26.629512786865,5.4951686859131,0.85103487968445,0.062011081725359,0.15410195291042,0.15819074213505,213076.796875,35591.2421875,1.6441110372543,0.27462381124496
dish_1551487472,24.63969039917,2.5654518604279,0.85575151443481,0.046338848769665,0.083516947925091,0.045731477439404,213772.296875,36998.34375,1.649477481842,0.28548103570938
dish_1551487560,24.188171386719,3.7050044536591,0.8374354839325,0.060593418776989,0.10511890053749,0.048700321465731,212326.015625,37262.671875,1.6383180618286,0.28752064704895
dish_1551487735,21.451951980591,4.7298655509949,0.76075994968414,0.11357322335243,0.20678409934044,0.13273376226425,209533.234375,37107.453125,1.6167687177658,0.28632295131683
dish_1551487779,27.171869277954,3.7068064212799,0.88768631219864,0.040547054260969,0.071793533861637,0.038121547549963,207962.21875,37144.5546875,1.6046466827393,0.28660923242569
dish_1551488103,27.75111579895,4.4381632804871,0.88652670383453,0.056354220956564,0.075868457555771,0.046327166259289,208307.15625,36478.47265625,1.6073082685471,0.28146970272064
dish_1551488137,25.627349853516,6.2542495727539,0.85077196359634,0.11285684257746,0.10966444015503,0.0998724848032,210767.375,37955.96875,1.626291513443,0.29287013411522
dish_1551488197,25.910491943359,5.6950249671936,0.88156962394714,0.056210719048977,0.080122053623199,0.060240559279919,204542.53125,37634.72265625,1.5782603025436,0.29039138555527
dish_1551488324,18.963607788086,7.8019261360168,0.6163312792778,0.23419593274593,0.44951170682907,0.3129286468029,212626.171875,37727.90625,1.640634059906,0.29111036658287
dish_1551488371,25.6422996521,3.8945004940033,0.87265747785568,0.051133252680302,0.090862408280373,0.06023932620883,206852.21875,35750.15625,1.5960818529129,0.27584996819496
dish_1551488415,28.191116333008,4.1828269958496,0.88329660892487,0.032450094819069,0.087347969412804,0.063611440360546,204938.921875,36132.66796875,1.5813188552856,0.27880144119263
dish_1551488448,22.866333007812,2.6118109226227,0.84047347307205,0.045796774327755,0.10337290167809,0.052899748086929,211256.078125,37285.29296875,1.6300623416901,0.28769513964653
dish_1551488485,23.394737243652,4.3948917388916,0.83883726596832,0.061773434281349,0.10967823863029,0.056610010564327,207304.53125,36642.5,1.5995719432831,0.2827353477478
dish_1551488572,25.344909667969,4.5128993988037,0.8777442574501,0.0418806001544,0.091586954891682,0.044574555009604,208248.796875,33948.12109375,1.6068580150604,0.26194536685944
dish_1551488691,26.706062316895,5.2569556236267,0.8937474489212,0.031914032995701,0.074079856276512,0.050647113472223,206362.984375,34967.8359375,1.59230697155,0.26981356739998
dish_1551488737,30.04900932312,3.0534288883209,0.91475999355316,0.016256853938103,0.054137963801622,0.020443545654416,204456.203125,35793.85546875,1.5775941610336,0.27618715167046
dish_1551488776,26.061487197876,3.9101099967957,0.87172204256058,0.042950551956892,0.081538170576096,0.04122319817543,214330.546875,37838.3984375,1.65378510952,0.29196295142174
dish_1551488807,27.504585266113,4.8714079856873,0.89507645368576,0.040080912411213,0.06480024009943,0.044548813253641,209047.796875,37554.51953125,1.6130231618881,0.28977254033089
dish_1551488861,27.983428955078,7.3811945915222,0.88147962093353,0.083025753498077,0.094148091971874,0.086996354162693,208247.328125,36550.29296875,1.6068465709686,0.28202387690544
dish_1551489812,24.716732025146,4.1238050460815,0.84985584020615,0.05593279376626,0.098187260329723,0.045932251960039,211235.265625,36648.515625,1.629901766777,0.28278174996376
dish_1551489885,24.809768676758,6.8671555519104,0.85343044996262,0.078015871345997,0.13078524172306,0.10150465369225,208231.5625,34669.73828125,1.6067249774933,0.2675134241581
dish_1551489931,22.910140991211,5.4484066963196,0.81432998180389,0.10443785041571,0.12293782830238,0.10979121178389,212248.375,38202.45703125,1.6377189159393,0.29477202892303
dish_1551489961,25.252500534058,3.5239295959473,0.84853196144104,0.047720067203045,0.10081544518471,0.056065436452627,214596.296875,37929.85546875,1.6558356285095,0.29266864061356
dish_1551490399,26.362396240234,1.9494725465775,0.88410294055939,0.024898881092668,0.070133432745934,0.021390670910478,203630.140625,35007.66015625,1.5712201595306,0.2701208293438
dish_1551490433,25.679214477539,4.9242444038391,0.85992789268494,0.077198103070259,0.09548906981945,0.077717460691929,210599.875,37935.61328125,1.6249990463257,0.29271304607391
dish_1551490469,25.472454071045,4.6818785667419,0.8651088476181,0.040345679968596,0.10368239879608,0.0505440980196,210006.15625,33894.21875,1.6204178333282,0.26152947545052
dish_1551490503,26.117305755615,3.8275730609894,0.85749661922455,0.060072518885136,0.07925421744585,0.045091088861227,215467.578125,39775.50390625,1.6625584363937,0.30690973997116
dish_1551490544,22.122039794922,4.0230565071106,0.81152981519699,0.070865891873837,0.1213745623827,0.059576328843832,214018.984375,39313.43359375,1.6513810157776,0.30334439873695
dish_1551490670,19.208948135376,8.1284303665161,0.68025720119476,0.20713537931442,0.34922212362289,0.28546738624573,209437.421875,36468.37890625,1.6160295009613,0.28139179944992
dish_1551490701,27.186542510986,6.5101580619812,0.86505872011185,0.067615665495396,0.10079660266638,0.062457043677568,211743.34375,35110.43359375,1.6338220834732,0.27091383934021
dish_1551490740,29.10262298584,3.6677010059357,0.89498162269592,0.037203799933195,0.067731343209743,0.0280073992908,204811.53125,35777.44921875,1.580335855484,0.27606055140495
dish_1551490767,30.140918731689,2.566677570343,0.90912640094757,0.031079092994332,0.041694961488247,0.027953572571278,205275.640625,37929.8359375,1.5839170217514,0.29266849160194
dish_1551490819,24.622957229614,5.7719831466675,0.84739464521408,0.087631918489933,0.11253739893436,0.095416337251663,216239.75,37016.2578125,1.6685165166855,0.28561925888062
dish_1551490896,20.209604263306,7.9584121704102,0.72618120908737,0.21178357303143,0.32023653388023,0.29798111319542,208852.09375,36149.0859375,1.6115131378174,0.2789281308651
dish_1551490962,11.495224952698,1.4248799085617,0.44187200069427,0.078122697770596,0.73634493350983,0.076355434954166,217173.515625,39518.625,1.6757215261459,0.3049276471138
dish_1551491020,27.317487716675,6.1478700637817,0.87460660934448,0.051728930324316,0.09566704928875,0.070129923522472,207483.640625,36731.96875,1.6009539365768,0.28342568874359
dish_1551491048,23.8541431427,2.7264993190765,0.8426051735878,0.046354211866856,0.10572024434805,0.046285230666399,214746.8125,39313.73046875,1.6569969654083,0.30334669351578
dish_1551491090,23.446117401123,4.7518281936646,0.79915606975555,0.078333519399166,0.14349173009396,0.090591579675674,214371.125,36581.625,1.6540981531143,0.28226560354233
dish_1551491179,23.390436172485,4.5938744544983,0.84447586536407,0.075952246785164,0.11790652573109,0.095741786062717,208118.78125,37323.6171875,1.6058547496796,0.28799086809158
dish_1551491216,26.485082626343,3.2489323616028,0.87049639225006,0.03233901783824,0.11146301776171,0.046948954463005,209886.328125,36550.984375,1.6194932460785,0.28202918171883
dish_1551491271,26.578121185303,3.6139557361603,0.88804697990417,0.045336849987507,0.071494236588478,0.038469392806292,205844.46875,35518.7421875,1.5883060693741,0.2740643620491
dish_1551491297,21.714496612549,4.0563812255859,0.79086625576019,0.053209044039249,0.17642463743687,0.060226362198591,216115.28125,39423.0859375,1.6675561666489,0.30419045686722
dish_1551491326,26.172424316406,5.1028671264648,0.85934656858444,0.073424801230431,0.087008990347385,0.051484063267708,204376.421875,38650.60546875,1.5769785642624,0.29822996258736
dish_1551491413,27.424522399902,5.5117888450623,0.87302005290985,0.062306363135576,0.081515178084373,0.067068554461002,211659.359375,37927.078125,1.6331740617752,0.29264721274376
dish_1551491452,24.921033859253,6.4819278717041,0.86114305257797,0.071768820285797,0.093718446791172,0.076570443809032,212965.3125,35093.5,1.6432509422302,0.27078315615654
dish_1551492023,28.556392669678,3.8646409511566,0.89295172691345,0.024056112393737,0.0566496104002,0.020021576434374,205716.28125,35499.7578125,1.5873169898987,0.27391788363457
dish_1551492056,26.854120254517,5.2892184257507,0.85375994443893,0.088949404656887,0.074990846216679,0.061428256332874,212381.484375,37963.16796875,1.6387460231781,0.29292565584183
dish_1551492093,26.178026199341,4.7063555717468,0.84103089570999,0.087827913463116,0.094953395426273,0.080751098692417,213646.109375,37030.03515625,1.6485038995743,0.28572559356689
dish_1551492252,28.032844543457,5.7029571533203,0.87885856628418,0.051860298961401,0.061138067394495,0.047389086335897,209159.390625,37374.55078125,1.6138842105865,0.28838387131691
dish_1551492287,27.682897567749,5.5578331947327,0.85728055238724,0.064627408981323,0.086867138743401,0.056244280189276,207615.5,36143.6328125,1.6019713878632,0.27888604998589
dish_1551492318,26.356538772583,3.133574962616,0.84076231718063,0.055842693895102,0.10509319603443,0.062496475875378,209696.609375,36777.703125,1.6180294752121,0.28377857804298
dish_1551492348,27.597751617432,2.5577850341797,0.86814278364182,0.032496321946383,0.059364307671785,0.020027287304401,215526.328125,38548.12109375,1.6630117893219,0.29743921756744
dish_1551492369,26.868854522705,5.1227188110352,0.840307533741,0.076164342463017,0.091156862676144,0.066270843148232,214600.609375,36492.87890625,1.6558688879013,0.28158086538315
dish_1551492468,28.966567993164,4.5331144332886,0.87327396869659,0.034125965088606,0.074392944574356,0.037063706666231,208436.046875,33977.6328125,1.6083028316498,0.2621730864048
dish_1551492506,26.599418640137,5.5731892585754,0.86152386665344,0.061595752835274,0.081578239798546,0.077245496213436,209677.65625,36741.2421875,1.6178830862045,0.28349721431732
dish_1551492534,28.935859680176,5.8076648712158,0.8931759595871,0.04329227283597,0.068256266415119,0.052075490355492,208421.96875,36765.640625,1.608194231987,0.28368550539017
dish_1551492561,27.396116256714,4.2044134140015,0.85178983211517,0.066228806972504,0.079996213316917,0.056739073246717,213189.28125,37287.609375,1.6449790000916,0.28771302103996
dish_1551492590,27.410099029541,5.6816997528076,0.85428905487061,0.092867210507393,0.090800024569035,0.095051199197769,213844.828125,37089.16015625,1.6500372886658,0.28618177771568
dish_1551492666,29.931747436523,6.0465307235718,0.8965904712677,0.041287381201982,0.066473357379436,0.064732156693935,204872.359375,35522.48828125,1.5808053016663,0.27409327030182
dish_1551492702,27.748666763306,4.4380478858948,0.8714582324028,0.035051964223385,0.068544201552868,0.03489988297224,209680.0625,36760.7109375,1.6179016828537,0.2836474776268
dish_1551492732,27.322650909424,6.3181133270264,0.87944483757019,0.056151665747166,0.077652521431446,0.051947202533484,210113.078125,37271.0390625,1.6212428808212,0.28758516907692
dish_1551492762,25.880170822144,5.0217127799988,0.87032169103622,0.046352282166481,0.070549592375755,0.046729881316423,202473.9375,63506.7578125,1.5622988939285,0.49002125859261
dish_1551492790,27.246240615845,4.3524842262268,0.85750687122345,0.079515099525452,0.077295899391174,0.07099087536335,210319.65625,35220.9296875,1.6228369474411,0.2717664539814
dish_1551492866,27.877702713013,2.9879281520844,0.87236654758453,0.037601765245199,0.074877582490444,0.045634511858225,205159.96875,35379.70703125,1.5830245018005,0.27299159765244
dish_1551492908,23.761554718018,4.7659964561462,0.81038534641266,0.085689589381218,0.13416065275669,0.083656907081604,210476.875,37630.48046875,1.6240499019623,0.29035863280296
dish_1551492935,28.853525161743,4.6552391052246,0.88061475753784,0.061243247240782,0.070716984570026,0.049789395183325,204796.25,37359.62890625,1.5802179574966,0.2882687151432
dish_1551492975,27.612823486328,3.7218635082245,0.85192608833313,0.057546749711037,0.079834915697575,0.05611028522253,210424.484375,35775.83203125,1.6236457824707,0.27604809403419
dish_1551493005,26.577630996704,5.1259527206421,0.8656821846962,0.053066238760948,0.073223903775215,0.058701626956463,213511.53125,38273.01171875,1.6474655866623,0.29531642794609
dish_1551493123,25.193819046021,5.5005302429199,0.84592407941818,0.074027374386787,0.10562450438738,0.085059925913811,209877.375,36393.1484375,1.6194242238998,0.28081130981445
dish_1551493159,27.073379516602,4.1764898300171,0.87409287691116,0.035248056054115,0.069214873015881,0.046056292951107,207358.34375,35570.59375,1.5999872684479,0.27446445822716
dish_1551493236,27.433292388916,3.4297626018524,0.86729085445404,0.054688226431608,0.088020078837872,0.044681221246719,208458.84375,36322.64453125,1.6084786653519,0.28026729822159
dish_1551493278,26.307172775269,3.9573581218719,0.86628168821335,0.048862442374229,0.077265694737434,0.049138329923153,211401.625,37933.37109375,1.6311852931976,0.29269576072693
dish_1551493311,23.615097045898,2.3318603038788,0.84274816513062,0.033593144267797,0.10111129283905,0.052794888615608,211380.203125,37612.00390625,1.6310200691223,0.29021605849266
dish_1551493680,26.336879730225,2.8992788791656,0.83962827920914,0.070970430970192,0.1183083280921,0.057024467736483,206659.375,37183.3671875,1.59459400177,0.28690868616104
dish_1551493698,12.468278884888,4.025830745697,0.52256345748901,0.15518532693386,0.59763222932816,0.25474986433983,213291.46875,40576.3671875,1.6457674503326,0.31308925151825
dish_1551493723,26.142965316772,4.9897475242615,0.854119181633,0.070008479058743,0.12074099481106,0.12990611791611,206845.75,34690.38671875,1.5960320234299,0.26767274737358
dish_1551493749,27.103670120239,4.9264364242554,0.85639798641205,0.064468838274479,0.093175798654556,0.062949396669865,214409.609375,35135.34765625,1.6543951034546,0.27110609412193
dish_1551493773,21.409290313721,2.7178580760956,0.76894044876099,0.10204996168613,0.18053244054317,0.099957801401615,212849.359375,40209.96484375,1.6423561573029,0.31026205420494
dish_1551493823,25.303174972534,5.0538039207458,0.84814995527267,0.053003273904324,0.10397330671549,0.063906021416187,207479.375,39175.765625,1.6009211540222,0.30228215456009
dish_1551493854,25.510206222534,5.5975179672241,0.83405542373657,0.075372651219368,0.13702243566513,0.078299552202225,213265.203125,36840.68359375,1.6455647945404,0.28426450490952
dish_1551493883,26.786573410034,1.6328758001328,0.84991061687469,0.041198223829269,0.10526186227798,0.03342118486762,210702.140625,37384.5078125,1.6257880926132,0.28846070170403
dish_1551493916,26.354473114014,5.1299023628235,0.86516046524048,0.058857820928097,0.079630203545094,0.057342946529388,218049.734375,36304.0,1.6824824810028,0.28012344241142
dish_1551493942,25.004512786865,4.4952149391174,0.8365872502327,0.061234291642904,0.10096668452024,0.064055815339088,217290.140625,38073.78125,1.6766214370728,0.29377916455269
dish_1551494035,30.435926437378,5.2319741249084,0.91294652223587,0.047613579779863,0.056016370654106,0.047413796186447,206050.15625,36265.015625,1.5898931026459,0.27982264757156
dish_1551494058,15.931395530701,6.7985076904297,0.6043341755867,0.27835774421692,0.3995672762394,0.34892442822456,217322.65625,42319.69921875,1.6768723726273,0.3265408873558
dish_1551494095,25.120853424072,5.7846436500549,0.85803234577179,0.061431773006916,0.10901040583849,0.085402548313141,206193.765625,38157.296875,1.5910012722015,0.29442355036736
dish_1551494147,23.971996307373,7.2046937942505,0.80014961957932,0.11629768460989,0.14647749066353,0.13133351504803,215969.3125,38564.734375,1.6664298772812,0.29756736755371
dish_1551494178,22.295652389526,4.9714922904968,0.81344246864319,0.08254336565733,0.14215695858002,0.079640224575996,217553.625,39233.95703125,1.6786544322968,0.30273115634918
dish_1551562881,12.006986618042,1.1994105577469,0.49135074019432,0.055151969194412,0.74930465221405,0.049651719629765,212419.484375,38166.07421875,1.6390392780304,0.29449129104614
dish_1551563001,25.69303894043,5.8167719841003,0.85626703500748,0.080048874020576,0.12104787677526,0.10573862493038,201695.6875,36335.6953125,1.5562938451767,0.28036803007126
dish_1551563119,18.018964767456,8.0886678695679,0.67883461713791,0.21278986334801,0.39765003323555,0.34650030732155,213790.0,35972.31640625,1.6496142148972,0.27756416797638
dish_1551563170,22.632982254028,2.588062286377,0.80667841434479,0.037617146968842,0.12616024911404,0.04682732000947,209757.484375,40296.28515625,1.6184991598129,0.31092813611031
dish_1551563213,26.378793716431,3.4636948108673,0.88703680038452,0.037339225411415,0.063612371683121,0.036713663488626,208729.234375,37510.98828125,1.6105650663376,0.28943663835526
dish_1551563294,18.136110305786,8.4730024337769,0.65647089481354,0.21371766924858,0.45972755551338,0.3635818362236,208554.1875,36674.765625,1.609214425087,0.28298431634903
dish_1551563337,27.558200836182,2.8669850826263,0.89763861894608,0.035037845373154,0.070779725909233,0.043889567255974,206023.171875,35503.46875,1.5896849632263,0.27394652366638
dish_1551563370,19.853422164917,7.2906756401062,0.67828869819641,0.20253054797649,0.4454108774662,0.35490253567696,209214.78125,36859.7421875,1.6143115758896,0.2844115793705
dish_1551563400,25.195861816406,4.0373392105103,0.85596525669098,0.044715035706758,0.10411442071199,0.052565611898899,213466.765625,37152.17578125,1.6471201181412,0.28666800260544
dish_1551563429,25.582242965698,4.4766435623169,0.86166989803314,0.057696938514709,0.079326465725899,0.046990189701319,212150.890625,36301.8515625,1.6369667053223,0.28010687232018
dish_1551563511,24.023509979248,5.1132707595825,0.82424807548523,0.064010806381702,0.19973090291023,0.16737933456898,205367.40625,36702.6875,1.5846251249313,0.28319972753525
dish_1551563550,26.913467407227,2.8455905914307,0.87186008691788,0.031093295663595,0.087633423507214,0.043131563812494,206012.3125,36758.265625,1.5896011590958,0.28362858295441
dish_1551563591,26.12287902832,5.5830974578857,0.85938799381256,0.056165993213654,0.10731197148561,0.065173126757145,205663.6875,37464.26953125,1.5869112014771,0.28907614946365
dish_1551563627,27.109100341797,3.903130531311,0.85591411590576,0.045630775392056,0.10967053472996,0.068398900330067,207827.1875,35479.26171875,1.6036049127579,0.27375972270966
dish_1551563660,28.916788101196,2.2730734348297,0.88834321498871,0.039062455296516,0.061307702213526,0.014514282345772,205988.78125,35933.61328125,1.5894196033478,0.27726551890373
dish_1551563723,29.84962272644,4.9238982200623,0.88917583227158,0.040177561342716,0.077858179807663,0.051790963858366,204490.0625,34493.74609375,1.5778554677963,0.26615545153618
dish_1551563773,28.710916519165,4.8768754005432,0.90126031637192,0.042206529527903,0.060082573443651,0.041814878582954,207278.53125,36341.6875,1.5993713140488,0.28041425347328
dish_1551563824,25.681621551514,5.8776993751526,0.86111772060394,0.079689271748066,0.12179067730904,0.099204055964947,206655.640625,33607.34765625,1.5945651531219,0.25931596755981
dish_1551563853,24.404682159424,2.3955187797546,0.79870504140854,0.027043176814914,0.14494326710701,0.030509302392602,213145.046875,37794.29296875,1.6446377038956,0.29162260890007
dish_1551563890,24.424133300781,3.697860956192,0.83218550682068,0.052613239735365,0.12839822471142,0.053744047880173,213785.671875,35470.02734375,1.6495807170868,0.27368849515915
dish_1551563925,27.688472747803,2.3821985721588,0.89680171012878,0.021738804876804,0.064958550035954,0.031398598104715,204923.5625,35853.0703125,1.5812003612518,0.27664405107498
dish_1551563964,17.209552764893,7.6012330055237,0.6638058423996,0.22581215202808,0.33932620286942,0.28577494621277,209273.65625,36072.1953125,1.6147658824921,0.27833485603333
dish_1551564016,27.459510803223,4.9353618621826,0.88377809524536,0.03162120655179,0.091721720993519,0.052380964159966,205642.109375,35370.96875,1.5867446660995,0.27292412519455
dish_1551564053,28.812553405762,3.3276538848877,0.90410846471786,0.047526676207781,0.055963397026062,0.034337021410465,212508.59375,36131.01953125,1.6397267580032,0.27878874540329
dish_1551564084,26.316604614258,4.8532304763794,0.85807478427887,0.073518067598343,0.093042246997356,0.068981856107712,214654.21875,41259.94921875,1.656282544136,0.31836381554604
dish_1551564131,26.374647140503,4.4672880172729,0.86363697052002,0.058491230010986,0.11386563628912,0.072690650820732,206031.21875,35897.8828125,1.5897470712662,0.27698981761932
dish_1551564176,25.952611923218,4.798047542572,0.85585790872574,0.050582971423864,0.12374287843704,0.084414809942245,207816.09375,35262.49609375,1.603519320488,0.27208715677261
dish_1551564221,13.568979263306,1.3135576248169,0.56779259443283,0.074363820254803,0.68049919605255,0.10389279574156,209517.984375,36924.828125,1.616651058197,0.28491377830505
dish_1551564255,28.426721572876,4.2312211990356,0.90385740995407,0.039823386818171,0.065592713654041,0.04542076587677,208892.203125,35939.4375,1.6118224859238,0.27731049060822
dish_1551564282,26.205274581909,3.8781867027283,0.8857005238533,0.041506972163916,0.069314777851105,0.029122691601515,210576.140625,36586.51171875,1.6248159408569,0.28230333328247
dish_1551564352,28.728359222412,5.1393270492554,0.90233427286148,0.050502821803093,0.066542528569698,0.062305044382811,206422.015625,36059.9765625,1.5927624702454,0.27824056148529
dish_1551564381,10.189289093018,1.2808935642242,0.39200186729431,0.081590950489044,0.73814558982849,0.083211980760098,218559.015625,40500.125,1.6864120960236,0.31250095367432
dish_1551564423,22.543609619141,5.16930103302,0.8252477645874,0.10775040090084,0.17491200566292,0.14310802519321,194108.328125,74644.28125,1.4977494478226,0.57595896720886
dish_1551564456,24.307167053223,4.998441696167,0.8396138548851,0.074136704206467,0.098807275295258,0.062055572867393,214707.765625,36896.23828125,1.6566957235336,0.28469321131706
dish_1551564480,28.122472763062,5.7513575553894,0.89133006334305,0.058752577751875,0.067093946039677,0.051315736025572,212752.359375,36866.4609375,1.6416077613831,0.28446343541145
dish_1551564543,13.090270042419,2.367006778717,0.5296117067337,0.070072419941425,0.62178856134415,0.11360475420952,214557.40625,37475.90625,1.6555354595184,0.28916594386101
dish_1551564577,26.465442657471,6.8248233795166,0.8719345331192,0.069985240697861,0.10880826413631,0.087562941014767,207800.90625,34253.19140625,1.6034021377563,0.26429933309555
dish_1551564637,24.266605377197,3.9845905303955,0.86758530139923,0.048468496650457,0.11070330440998,0.054323583841324,207333.609375,37748.30078125,1.5997964143753,0.2912677526474
dish_1551564857,26.196271896362,5.3304047584534,0.86932915449142,0.063405744731426,0.072470426559448,0.055985409766436,213661.328125,38310.03125,1.6486214399338,0.29560208320618
dish_1551564907,23.740325927734,3.5145049095154,0.81981062889099,0.07137405872345,0.11565185338259,0.062010373920202,220144.140625,40193.2421875,1.6986430883408,0.31013303995132
dish_1551564947,26.164556503296,5.7624111175537,0.86963433027267,0.065297275781631,0.11168898642063,0.096706420183182,203865.5,35753.03515625,1.5730361938477,0.27587220072746
dish_1551564992,27.634227752686,4.8031706809998,0.90106230974197,0.051292151212692,0.063347861170769,0.041507337242365,205547.21875,35286.1484375,1.5860124826431,0.27226966619492
dish_1551565034,28.736713409424,4.6116437911987,0.89284682273865,0.046629652380943,0.079728960990906,0.04857100918889,211516.515625,37256.6796875,1.6320719718933,0.28747436404228
dish_1551565068,29.007585525513,4.3616399765015,0.89924252033234,0.042333643883467,0.055144872516394,0.036587424576283,208697.125,37860.9921875,1.6103172302246,0.29213726520538
dish_1551565096,30.072948455811,5.7461080551147,0.91676086187363,0.052462469786406,0.046937808394432,0.045157745480537,210731.9375,39558.90234375,1.6260180473328,0.30523842573166
dish_1551565168,29.324337005615,3.9954147338867,0.9031183719635,0.029363581910729,0.070318482816219,0.061373148113489,206030.0625,35453.91796875,1.5897381305695,0.27356418967247
dish_1551565204,10.742106437683,1.4025985002518,0.43080225586891,0.082459762692451,0.73556619882584,0.086369425058365,216199.625,37749.23828125,1.6682069301605,0.29127502441406
dish_1551565237,23.30802154541,10.813932418823,0.72940468788147,0.21115635335445,0.36719220876694,0.31702175736427,207541.359375,36571.8203125,1.6013993024826,0.28218996524811
dish_1551565289,20.577571868896,6.6200680732727,0.74476623535156,0.13364812731743,0.20333223044872,0.16243353486061,213920.703125,37743.70703125,1.6506227254868,0.29123231768608
dish_1551565321,24.743646621704,5.6578283309937,0.8346426486969,0.081460520625114,0.11817757040262,0.072098590433598,198612.578125,73332.6328125,1.5325044393539,0.56583821773529
dish_1551565379,28.049369812012,4.8714556694031,0.90061217546463,0.036027051508427,0.065865352749825,0.030583199113607,206251.109375,35575.92578125,1.5914436578751,0.27450558543205
dish_1551565425,27.942127227783,3.432080745697,0.89694768190384,0.034021086990833,0.071714743971825,0.034839529544115,209938.4375,36809.18359375,1.6198953390121,0.28402149677277
dish_1551565464,27.782815933228,4.8140034675598,0.89953935146332,0.034380689263344,0.078162580728531,0.042515695095062,206936.859375,36744.3046875,1.5967350006104,0.28352084755898
dish_1551565495,26.975749969482,5.4851794242859,0.88245749473572,0.058819025754929,0.068476796150208,0.053395476192236,207443.375,40929.8359375,1.6006433963776,0.31581661105156
dish_1551565529,27.104827880859,2.837611913681,0.86880540847778,0.039949584752321,0.06560792028904,0.052322659641504,213432.234375,38402.875,1.646853685379,0.29631847143173
dish_1551565570,27.333293914795,5.6239347457886,0.89949953556061,0.054885447025299,0.088065296411514,0.094720974564552,210068.34375,34199.6796875,1.6208976507187,0.26388639211655
dish_1551565613,15.544052124023,2.0253372192383,0.61229360103607,0.077291280031204,0.56643354892731,0.099039450287819,209075.703125,36870.0625,1.6132383346558,0.28449124097824
dish_1551565653,29.272359848022,7.5163760185242,0.8859338760376,0.082601428031921,0.09670152515173,0.11072174459696,208089.359375,34458.37109375,1.6056277751923,0.26588249206543
dish_1551565720,25.2380027771,3.6730344295502,0.84286522865295,0.056435875594616,0.11830291897058,0.067881502211094,213237.359375,37906.625,1.6453499794006,0.29248937964439
dish_1551565752,30.827880859375,4.8832025527954,0.91670161485672,0.053408410400152,0.043999839574099,0.030956316739321,208413.4375,36513.65234375,1.6081283092499,0.28174114227295
dish_1551565797,25.242473602295,3.2161633968353,0.8766428232193,0.029155068099499,0.086234718561172,0.036388661712408,185189.625,65920.21875,1.4289321899414,0.50864362716675
dish_1551565845,17.913082122803,4.8525967597961,0.67622816562653,0.13187178969383,0.52694112062454,0.27709177136421,212403.671875,35521.609375,1.6389172077179,0.27408647537231
dish_1551565884,13.892926216125,3.5599987506866,0.59933435916901,0.098777122795582,0.58591276407242,0.18429806828499,211706.53125,34860.2109375,1.6335381269455,0.26898309588432
dish_1551565909,17.216377258301,9.4383554458618,0.5853408575058,0.29198879003525,0.4604848921299,0.36635854840279,212305.0625,37736.14453125,1.6381562948227,0.29117396473885
dish_1551565945,25.151908874512,5.5070109367371,0.85552227497101,0.061210714280605,0.096493244171143,0.055541343986988,202278.59375,38649.28125,1.5607916116714,0.2982197701931
dish_1551565996,27.108098983765,4.4042601585388,0.90027570724487,0.033378586173058,0.069423489272594,0.045797515660524,207072.875,36877.43359375,1.5977845191956,0.28454807400703
dish_1551566047,21.099473953247,8.5530595779419,0.72397232055664,0.18209773302078,0.39915800094604,0.3318458199501,203780.015625,35209.08203125,1.5723766088486,0.27167499065399
dish_1551566083,14.820987701416,1.6891885995865,0.61245572566986,0.10272488743067,0.68846732378006,0.094685859978199,209125.84375,34672.68359375,1.6136254072189,0.26753616333008
dish_1551566130,26.68067741394,4.1084904670715,0.87426781654358,0.049717620015144,0.0862130895257,0.043875452131033,209510.171875,36640.796875,1.6165908575058,0.28272217512131
dish_1551566159,30.520938873291,4.0898094177246,0.91977035999298,0.03806285187602,0.048407010734081,0.046317793428898,209055.921875,36293.42578125,1.6130857467651,0.28004187345505
dish_1551566208,17.625047683716,7.366527557373,0.66942971944809,0.18501690030098,0.43054977059364,0.32767704129219,209758.1875,36628.734375,1.618504524231,0.28262910246849
dish_1551566236,27.017406463623,3.5824251174927,0.89148938655853,0.029478162527084,0.081659637391567,0.044791981577873,203269.78125,34448.97265625,1.5684397220612,0.26580995321274
dish_1551566277,26.154655456543,5.8191390037537,0.86738413572311,0.05936910584569,0.10256117582321,0.066578336060047,210430.875,34064.84375,1.6236950159073,0.26284602284431
dish_1551566316,26.55624961853,7.4056901931763,0.87239402532578,0.091344624757767,0.099954895675182,0.094155766069889,212819.0,35529.5546875,1.6421219110489,0.27414780855179
dish_1551566356,26.151542663574,7.7801713943481,0.86054313182831,0.11474961787462,0.11868186295033,0.11894614249468,212462.65625,35808.95703125,1.6393723487854,0.27630370855331
dish_1551566421,27.289617538452,4.3360538482666,0.86692583560944,0.038739163428545,0.10094186663628,0.04377830773592,206102.28125,35772.2265625,1.5902954339981,0.27602025866508
dish_1551566464,14.875121116638,1.7095922231674,0.55965596437454,0.065901465713978,0.65727204084396,0.10370741784573,211968.65625,33795.94921875,1.6355605125427,0.26077121496201
dish_1551566499,28.176074981689,5.723849773407,0.8719699382782,0.070795953273773,0.10243805497885,0.091495789587498,209893.8125,34883.41015625,1.6195509433746,0.26916211843491
dish_1551566524,28.458498001099,4.1458759307861,0.89782547950745,0.03618648275733,0.06240588799119,0.036723475903273,205563.890625,36172.30078125,1.5861411094666,0.27910724282265
dish_1551566547,27.886590957642,3.8512442111969,0.88521957397461,0.039494503289461,0.078419223427773,0.030172107741237,208886.140625,34510.390625,1.6117757558823,0.26628386974335
dish_1551566592,27.793594360352,4.2787008285522,0.88741689920425,0.043979115784168,0.07862950861454,0.042977556586266,183798.8125,76702.6484375,1.4182007312775,0.59184139966965
dish_1551566642,25.966022491455,3.629941701889,0.86217331886292,0.053628340363503,0.10824055969715,0.054361540824175,211755.1875,34663.29296875,1.6339135169983,0.26746368408203
dish_1551566687,27.940902709961,4.1665215492249,0.88684570789337,0.040841117501259,0.090886734426022,0.055548883974552,209595.03125,32274.40625,1.6172456741333,0.24903091788292
dish_1551566753,25.576066970825,5.196563243866,0.82016092538834,0.10926012694836,0.14739263057709,0.11608868092299,214503.828125,37689.80859375,1.6551221609116,0.29081642627716
dish_1551566781,28.117971420288,2.9313793182373,0.89126175642014,0.03382957354188,0.068295150995255,0.030710946768522,215821.90625,37434.0703125,1.6652925014496,0.28884315490723
dish_1551566851,25.258081436157,5.7240223884583,0.85405880212784,0.073431402444839,0.12015035748482,0.07973188906908,215212.65625,36571.37109375,1.6605913639069,0.28218650817871
dish_1551566887,12.169546127319,1.7028106451035,0.4803851544857,0.066223330795765,0.72150200605392,0.071598246693611,217133.46875,39209.546875,1.6754125356674,0.30254280567169
dish_1551566922,27.174835205078,3.3615016937256,0.88105165958405,0.034047551453114,0.098234884440899,0.045151971280575,207148.484375,36427.3828125,1.5983679294586,0.28107550740242
dish_1551566974,24.7360496521,6.2105422019958,0.86872118711472,0.075850822031498,0.098281770944595,0.077170521020889,214003.171875,34727.59765625,1.6512590646744,0.26795986294746
dish_1551567004,24.991727828979,3.7425479888916,0.85502278804779,0.045433539897203,0.091290652751923,0.04080993309617,215681.390625,38414.484375,1.6642081737518,0.29640805721283
dish_1551567084,16.353740692139,3.85675740242,0.6321422457695,0.14964674413204,0.49286589026451,0.22580951452255,180896.375,75042.1171875,1.3958053588867,0.57902872562408
dish_1551567106,25.824815750122,5.1121616363525,0.87888079881668,0.064092166721821,0.089184485375881,0.06239690631628,210095.25,38951.58203125,1.6211054325104,0.30055233836174
dish_1551567141,25.054723739624,6.0465588569641,0.86873704195023,0.07701700180769,0.10521933436394,0.090554736554623,206188.0625,36110.12109375,1.5909572839737,0.27862745523453
dish_1551567170,27.298900604248,4.9064455032349,0.89204406738281,0.039407067000866,0.065266169607639,0.038286205381155,214544.234375,37162.66015625,1.6554338932037,0.28674891591072
dish_1551567230,25.935808181763,4.8475089073181,0.85488665103912,0.072656735777855,0.099850304424763,0.075150705873966,208745.6875,38294.03515625,1.610692024231,0.29547867178917
dish_1551567293,28.524200439453,7.9080715179443,0.88797199726105,0.068236008286476,0.10133863985538,0.090205766260624,208576.28125,33679.8671875,1.6093847751617,0.25987550616264
dish_1551567329,30.041513442993,4.8075017929077,0.89731603860855,0.075189962983131,0.07146430760622,0.076461799442768,208801.40625,33594.47265625,1.6111218929291,0.25921660661697
dish_1551567368,26.563816070557,3.7608416080475,0.89688873291016,0.031525641679764,0.063404113054276,0.036292791366577,207912.015625,37797.9765625,1.6042593717575,0.29165104031563
dish_1551567396,27.70384979248,1.7692505121231,0.87599831819534,0.031748898327351,0.068019919097424,0.025704836472869,214148.765625,37068.640625,1.6523824930191,0.28602346777916
dish_1551567426,28.283008575439,4.5165357589722,0.90482765436172,0.037029162049294,0.056571431457996,0.035013243556023,187691.296875,72905.8046875,1.4482352733612,0.56254476308823
dish_1551567471,29.464584350586,5.5197682380676,0.91313147544861,0.038667220622301,0.058624796569347,0.033219423145056,204232.53125,35526.84765625,1.5758682489395,0.27412688732147
dish_1551567508,25.785219192505,2.3420011997223,0.86287677288055,0.028567293658853,0.092335112392902,0.046932518482208,208761.109375,36560.83203125,1.6108109951019,0.28210517764091
dish_1551567541,26.597011566162,5.1370778083801,0.88802623748779,0.048919256776571,0.090245015919209,0.056348778307438,208152.734375,35724.3203125,1.606116771698,0.27565059065819
dish_1551567573,27.096664428711,4.6436076164246,0.88167345523834,0.048140302300453,0.073080904781818,0.044425223022699,212333.578125,37131.79296875,1.6383763551712,0.28651076555252
dish_1551567604,28.925249099731,4.2455582618713,0.8742687702179,0.080191791057587,0.077617764472961,0.064409255981445,214234.96875,37666.18359375,1.6530475616455,0.29063412547112
dish_1551567650,26.675996780396,4.705005645752,0.89223510026932,0.043851140886545,0.081814639270306,0.047549705952406,206749.9375,35027.5859375,1.5952926874161,0.27027457952499
dish_1551567694,28.780395507812,5.3684153556824,0.89944732189178,0.040731750428677,0.075098931789398,0.064857579767704,202617.125,35976.890625,1.5634037256241,0.27759945392609
dish_1551567731,26.540203094482,5.0889248847961,0.89632695913315,0.052447125315666,0.07489924877882,0.055744063109159,206877.015625,36105.9296875,1.5962733030319,0.27859511971474
dish_1551567775,26.156963348389,4.8067836761475,0.87310910224915,0.050000574439764,0.074089497327805,0.038531046360731,202265.59375,39582.625,1.5606913566589,0.30542150139809
dish_1551567805,24.494007110596,5.1595420837402,0.83841180801392,0.11039315909147,0.12092997133732,0.11802273243666,214979.546875,38805.8984375,1.6587928533554,0.2994282245636
dish_1551567848,23.757621765137,4.3547677993774,0.84865868091583,0.098457284271717,0.1124837026,0.11439376324415,209055.78125,40877.484375,1.6130846738815,0.31541267037392
dish_1551567896,26.938913345337,1.599946975708,0.88751316070557,0.026378992944956,0.060438740998507,0.016690138727427,209641.40625,35508.58203125,1.6176034212112,0.2739859521389
dish_1551567937,27.236621856689,5.2942538261414,0.8930412530899,0.046453926712275,0.074779726564884,0.04425286501646,206789.71875,34013.06640625,1.5955996513367,0.26244652271271
dish_1551567964,26.103975296021,5.0251903533936,0.87090039253235,0.061371520161629,0.087323360145092,0.058893818408251,218321.53125,39175.18359375,1.6845796108246,0.30227765440941
dish_1551567992,25.713279724121,3.9500975608826,0.85789239406586,0.056965280324221,0.089151583611965,0.059859592467546,218614.8125,41670.28515625,1.6868426799774,0.32152998447418
dish_1551568059,16.888174057007,2.4768271446228,0.67580282688141,0.10957401990891,0.45781999826431,0.18163400888443,203372.46875,35076.76171875,1.5692321062088,0.27065402269363
dish_1551568156,27.318586349487,4.1270904541016,0.87709450721741,0.04564967378974,0.094806179404259,0.038519013673067,208486.921875,35739.609375,1.6086953878403,0.27576860785484
dish_1551568200,27.616533279419,5.130832195282,0.88650792837143,0.059286996722221,0.078680209815502,0.069545038044453,208592.734375,36124.58984375,1.6095118522644,0.27873912453651
dish_1551568240,26.377201080322,3.57111287117,0.85102534294128,0.059323243796825,0.1072643250227,0.054001156240702,214464.265625,37715.453125,1.654816865921,0.29101428389549
dish_1551568285,27.002254486084,3.1939761638641,0.87484753131866,0.034234687685966,0.068778939545155,0.02379921451211,211701.78125,37203.9609375,1.6335014104843,0.28706759214401
dish_1556572657,23.844953536987,1.6982841491699,0.87131690979004,0.018072802573442,0.090169571340084,0.016284119337797,189858.59375,42817.1953125,1.4649583101273,0.33037960529327
dish_1556573514,24.787240982056,4.9307227134705,0.85105276107788,0.060083158314228,0.09519062936306,0.062862865626812,213928.34375,33297.49609375,1.6506817340851,0.25692510604858
dish_1556575014,15.171825408936,4.2186245918274,0.54374551773071,0.18560926616192,0.45244124531746,0.26750913262367,220598.625,35940.62890625,1.7021498680115,0.27731963992119
dish_1556575083,24.913061141968,4.3472261428833,0.83818346261978,0.063889212906361,0.12346947938204,0.11561737209558,212712.03125,33524.296875,1.641296505928,0.25867512822151
dish_1556575124,15.9601354599,1.222872376442,0.56644022464752,0.075944125652313,0.53703206777573,0.054017245769501,213868.140625,34192.34375,1.6502170562744,0.26382979750633
dish_1556575273,21.97766494751,2.7136158943176,0.80424803495407,0.042997155338526,0.12411209195852,0.052463375031948,218988.0,34622.83203125,1.6897221803665,0.2671514749527
dish_1556575327,23.580966949463,3.6120626926422,0.79877245426178,0.06011426076293,0.10905778408051,0.075383625924587,214179.84375,33973.90234375,1.6526222229004,0.26214429736137
dish_1556575386,22.35276222229,4.8946537971497,0.70989286899567,0.12234089523554,0.15323916077614,0.11453429609537,224674.5,36008.546875,1.7335995435715,0.27784371376038
dish_1556575446,23.199382781982,3.0335066318512,0.80064791440964,0.068026587367058,0.11038766056299,0.048023674637079,220098.59375,37276.453125,1.6982916593552,0.28762698173523
dish_1556575499,21.837368011475,5.8073358535767,0.7527242898941,0.10957050323486,0.19085676968098,0.1562210470438,218093.140625,38886.59765625,1.6828174591064,0.30005091428757
dish_1556575558,22.906969070435,4.9211916923523,0.7460104227066,0.098770029842854,0.13895899057388,0.12795695662498,220879.90625,35376.90234375,1.704320192337,0.27296990156174
dish_1556575700,24.404825210571,3.2320327758789,0.83276265859604,0.042594250291586,0.098506808280945,0.056130517274141,209971.796875,31610.47265625,1.6201528310776,0.24390798807144
dish_1557853154,26.982351303101,1.8751393556595,0.86197674274445,0.049497872591019,0.08061821013689,0.038789670914412,191698.5,74201.40625,1.4791550636292,0.5725417137146
dish_1557853229,25.661388397217,3.4749355316162,0.86350566148758,0.028449095785618,0.079909637570381,0.034856125712395,209740.5,33505.6640625,1.6183680295944,0.25853136181831
dish_1557853314,25.585834503174,5.6365704536438,0.85285252332687,0.074466407299042,0.095892906188965,0.072967708110809,210420.71875,37426.84765625,1.6236165761948,0.28878739476204
dish_1557853429,24.959161758423,3.5779449939728,0.82714200019836,0.077706836163998,0.094677418470383,0.066010415554047,214862.671875,37501.984375,1.65789103508,0.28936716914177
dish_1557861216,15.806716918945,2.0280730724335,0.65330296754837,0.08995308727026,0.57745319604874,0.081178657710552,209823.3125,37620.515625,1.6190069913864,0.29028177261353
dish_1557861605,24.933553695679,6.2746715545654,0.81649088859558,0.13222639262676,0.18937194347382,0.2126572728157,212899.328125,31541.890625,1.6427416801453,0.24337880313396
dish_1557861697,23.569356918335,2.2321577072144,0.84190309047699,0.030242044478655,0.1121414154768,0.030969416722655,209146.0625,36268.84765625,1.6137813329697,0.27985221147537
dish_1557861795,22.392381668091,7.8332734107971,0.73612844944,0.23784203827381,0.27461841702461,0.33055335283279,216003.484375,30958.390625,1.6666935682297,0.23887644708157
dish_1557861837,26.453660964966,3.6057367324829,0.86565428972244,0.05939881503582,0.072955571115017,0.047709655016661,198561.40625,76874.9140625,1.532109618187,0.59317064285278
dish_1557862345,26.802534103394,2.6983208656311,0.87017565965652,0.034382052719593,0.096113227307796,0.040895577520132,209621.359375,36103.72265625,1.6174486875534,0.27857810258865
dish_1557862696,16.796804428101,1.0536822080612,0.57529252767563,0.036450210958719,0.60923826694489,0.0987199395895,210500.125,37163.15625,1.6242294311523,0.28675273060799
dish_1557862738,23.935710906982,4.0806479454041,0.84543544054031,0.057452205568552,0.1004862934351,0.063879959285259,210932.171875,36995.68359375,1.6275631189346,0.28546053171158
dish_1557862783,25.649608612061,3.040894985199,0.86998754739761,0.029962446540594,0.082371026277542,0.03095394000411,206984.90625,38707.56640625,1.5971058607101,0.29866948723793
dish_1557862829,22.452327728271,2.4318587779999,0.82520562410355,0.029210554435849,0.11152765154839,0.033221386373043,210843.8125,36292.39453125,1.6268812417984,0.28003391623497
dish_1557863012,24.295217514038,2.9516513347626,0.8522367477417,0.038948118686676,0.10063169896603,0.048825889825821,210556.0625,37036.328125,1.6246609687805,0.28577414155006
dish_1557863056,28.048957824707,3.2496747970581,0.88842397928238,0.04994035884738,0.068306431174278,0.041900221258402,210932.71875,36250.58203125,1.6275672912598,0.2797112762928
dish_1557863104,25.140602111816,4.7752976417542,0.86288821697235,0.061185818165541,0.092287309467793,0.07215491682291,211890.328125,37326.51953125,1.634956240654,0.2880132496357
dish_1557863170,26.067939758301,2.1246101856232,0.83725529909134,0.044244226068258,0.093172676861286,0.032561358064413,191823.203125,78038.5,1.4801173210144,0.6021488904953
dish_1557936555,24.292604446411,7.6967988014221,0.7502897977829,0.15357956290245,0.17674481868744,0.21138931810856,197394.171875,56154.56640625,1.5231032371521,0.43329140543938
dish_1557936599,25.054546356201,10.05955696106,0.76442593336105,0.22229102253914,0.21711201965809,0.31760957837105,203829.328125,48283.30078125,1.5727571249008,0.3725563287735
dish_1557936645,21.701288223267,6.5729985237122,0.72899574041367,0.12542033195496,0.2610650062561,0.21085292100906,201155.671875,43233.34375,1.552127122879,0.33359062671661
dish_1557937037,16.612028121948,1.3483626842499,0.84956538677216,0.019496290013194,0.16112996637821,0.008309462107718,174005.4375,76404.3046875,1.3426344394684,0.58953940868378
dish_1557937079,18.345979690552,5.3563055992126,0.64434850215912,0.18508911132812,0.4176627099514,0.28321835398674,220058.53125,31699.380859375,1.6979824304581,0.24459399282932
dish_1557937157,19.602531433105,2.6815495491028,0.71119219064713,0.043672606348991,0.16717503964901,0.058546610176563,205699.53125,46994.890625,1.5871876478195,0.36261489987373
dish_1557937335,19.944435119629,7.4300050735474,0.7143497467041,0.13335135579109,0.29859095811844,0.20319409668446,193464.578125,51294.7265625,1.4927822351456,0.39579263329506
dish_1557937427,25.709499359131,3.9661991596222,0.84697723388672,0.034252587705851,0.098153635859489,0.050335768610239,197081.78125,51430.77734375,1.5206928253174,0.39684244990349
dish_1557937574,26.644220352173,6.571337223053,0.88504487276077,0.045729108154774,0.077477775514126,0.060842096805573,201435.84375,45604.42578125,1.5542888641357,0.35188600420952
dish_1557937615,24.24605178833,5.6234331130981,0.79576945304871,0.083521842956543,0.15289509296417,0.08873562514782,195294.78125,53479.0078125,1.5069041252136,0.41264662146568
dish_1557937715,22.048816680908,2.2955269813538,0.79279404878616,0.052314478904009,0.14064908027649,0.087444804608822,208080.09375,39449.33203125,1.6055562496185,0.30439299345016
dish_1557937758,24.299495697021,2.8582892417908,0.80717140436172,0.057142812758684,0.12388344109058,0.043388679623604,201546.15625,75112.796875,1.5551400184631,0.57957404851913
dish_1558027057,15.791627883911,1.6049108505249,0.64441084861755,0.017928974702954,0.48476082086563,0.057974275201559,162434.984375,77272.25,1.2533564567566,0.59623652696609
dish_1558027243,23.316068649292,10.979161262512,0.71060258150101,0.21627469360828,0.18049861490726,0.19826756417751,176895.84375,81869.5234375,1.3649370670319,0.63170927762985
dish_1558028007,26.979648590088,6.3765873908997,0.80791008472443,0.11277063935995,0.11330663412809,0.093520380556583,182411.53125,58703.921875,1.4074964523315,0.45296236872673
dish_1558028194,20.131544113159,4.8424549102783,0.72268319129944,0.077465653419495,0.22168365120888,0.13380761444569,191046.984375,59930.30078125,1.4741280078888,0.46242517232895
dish_1558029230,23.65255355835,6.6460909843445,0.78348797559738,0.12300670892,0.17637057602406,0.13774375617504,186173.59375,60915.26171875,1.4365246295929,0.470025151968
dish_1558029324,19.633123397827,4.6942343711853,0.7328873872757,0.085496932268143,0.18894255161285,0.077440202236176,198962.65625,55859.62890625,1.5352056026459,0.43101567029953
dish_1558029686,20.201494216919,3.4358170032501,0.76782381534576,0.056857760995626,0.19678628444672,0.063800729811192,194775.28125,53963.4453125,1.5028955936432,0.41638460755348
dish_1558029923,20.916679382324,6.2543873786926,0.72175949811935,0.15345473587513,0.21236561238766,0.19437912106514,200294.125,53342.91796875,1.5454792976379,0.41159656643867
dish_1558030182,27.490814208984,11.80567073822,0.78684508800507,0.15997877717018,0.12965232133865,0.15472716093063,170565.46875,77873.4453125,1.3160916566849,0.60087537765503
dish_1558030289,27.360885620117,4.0986671447754,0.80081427097321,0.035164926201105,0.12847054004669,0.061374831944704,160187.5,64872.5546875,1.2360146045685,0.50055980682373
dish_1558030383,19.697967529297,5.4965286254883,0.71937668323517,0.11609534174204,0.25535243749619,0.14290656149387,197064.609375,52175.203125,1.5205602645874,0.4025864303112
dish_1558030435,19.603021621704,4.0034518241882,0.72929251194,0.089754551649094,0.19701750576496,0.087176918983459,200888.328125,56101.734375,1.5500642061234,0.43288373947144
dish_1558030724,15.467189788818,2.828634262085,0.62925612926483,0.13854710757732,0.43929132819176,0.11172105371952,169068.1875,80374.2734375,1.3045384883881,0.6201719045639
dish_1558030832,22.900489807129,3.9954612255096,0.77773213386536,0.08474363386631,0.16559946537018,0.096500262618065,196611.84375,53072.9921875,1.5170667171478,0.40951380133629
dish_1558030910,17.197406768799,2.1000311374664,0.71266567707062,0.066035345196724,0.26007241010666,0.069946691393852,165719.859375,70433.0234375,1.2787026166916,0.54346466064453
dish_1558031019,21.873458862305,7.8109669685364,0.72123461961746,0.14664673805237,0.19903688132763,0.17315474152565,204193.875,57220.46875,1.5755699872971,0.44151595234871
dish_1558031133,26.147037506104,9.1874780654907,0.80848109722137,0.14127373695374,0.11245948821306,0.14399674534798,184328.59375,58677.25,1.4222885370255,0.45275655388832
dish_1558031302,30.615325927734,9.0362358093262,0.88784146308899,0.061391901224852,0.040041264146566,0.030312344431877,171686.5625,81172.9296875,1.3247420787811,0.62633436918259
dish_1558031351,16.861450195312,2.1935253143311,0.71164804697037,0.046960577368736,0.35138341784477,0.13724884390831,185843.34375,63440.11328125,1.4339764118195,0.48950707912445
dish_1558031394,22.504703521729,4.2446603775024,0.75831300020218,0.13024002313614,0.16416862607002,0.15266133844852,200025.4375,53962.10546875,1.5434061288834,0.41637426614761
dish_1558031526,19.868518829346,3.2853977680206,0.73111379146576,0.074021093547344,0.19742698967457,0.078566320240498,193308.03125,54708.6328125,1.4915742874146,0.42213454842567
dish_1558031566,20.268989562988,6.257089138031,0.71315032243729,0.1510384529829,0.23212540149689,0.20044200122356,187012.34375,59880.62109375,1.4429965019226,0.46204179525375
dish_1558032156,24.194654464722,8.1763248443604,0.78597450256348,0.096642389893532,0.15320627391338,0.11898950487375,183794.78125,58249.40234375,1.4181697368622,0.44945526123047
dish_1558109511,17.721454620361,1.8577346801758,0.75095999240875,0.04525176435709,0.31538408994675,0.025292240083218,160768.875,66766.4375,1.2405005693436,0.51517313718796
dish_1558109714,20.487594604492,2.1350810527802,0.76347142457962,0.028818497434258,0.22436153888702,7.4916024459526e-06,153654.03125,63679.765625,1.1856020689011,0.49135622382164
dish_1558109864,21.828411102295,2.1081531047821,0.77568304538727,0.02383416891098,0.21886017918587,0.10522942990065,157948.9375,58134.4140625,1.218741774559,0.44856801629066
dish_1558110335,27.028789520264,4.3789281845093,0.84041595458984,0.061329312622547,0.078810289502144,0.076928786933422,155132.65625,60794.890625,1.1970112323761,0.46909639239311
dish_1558110436,23.547813415527,8.3468008041382,0.78930586576462,0.10312111675739,0.18619155883789,0.16875703632832,156537.359375,65082.5703125,1.2078499794006,0.50218033790588
dish_1558110478,24.445068359375,1.802922129631,0.78867453336716,0.010717859491706,0.11721128225327,0.019959924742579,158558.328125,64836.87109375,1.2234439849854,0.50028455257416
dish_1558114086,20.762718200684,3.1945383548737,0.69933271408081,0.14924737811089,0.21798379719257,0.1284723430872,172986.796875,80228.4375,1.3347747325897,0.61904656887054
dish_1558114209,15.453227996826,0.62659817934036,0.53221023082733,0.060505531728268,0.49181890487671,0.13130903244019,167060.015625,69673.0859375,1.2890434265137,0.53760099411011
dish_1558114484,23.962224960327,2.4963450431824,0.82044911384583,0.041417337954044,0.10011607408524,0.050547610968351,185861.1875,59271.390625,1.4341140985489,0.45734098553658
dish_1558114523,22.179113388062,1.613285779953,0.78648799657822,0.017361955717206,0.15603484213352,0.030439335852861,185050.359375,61971.12890625,1.4278576374054,0.47817230224609
dish_1558114609,12.64669418335,4.9388089179993,0.46550357341766,0.32652574777603,0.47951021790504,0.32260036468506,178950.375,78613.40625,1.3807899951935,0.60658496618271
dish_1558114875,19.143539428711,6.7236390113831,0.68125855922699,0.2218774408102,0.26960435509682,0.24797855317593,174577.125,81546.875,1.3470456600189,0.62921971082687
dish_1558115011,24.45316696167,6.8538179397583,0.80894297361374,0.044763073325157,0.15115591883659,0.10334751754999,155762.5625,68555.765625,1.2018716335297,0.52897965908051
dish_1558115169,23.098934173584,4.9865384101868,0.79038023948669,0.040605075657368,0.15190887451172,0.059406753629446,163359.828125,65244.5703125,1.2604925632477,0.50343036651611
dish_1558115241,17.280090332031,3.0091555118561,0.66288983821869,0.1454748660326,0.25003379583359,0.080489926040173,176476.140625,79312.015625,1.3616986274719,0.61197543144226
dish_1558115282,25.427558898926,6.7148966789246,0.79863667488098,0.05885386094451,0.14160826802254,0.080476522445679,168553.6875,66205.96875,1.3005685806274,0.51084852218628
dish_1558115320,22.928514480591,5.3209133148193,0.80295616388321,0.074918366968632,0.11948915570974,0.051530655473471,188342.484375,63608.6328125,1.4532599449158,0.49080738425255
dish_1558115512,23.227169036865,4.2980036735535,0.78291189670563,0.039706252515316,0.17350992560387,0.056121900677681,165347.375,62798.3359375,1.2758284807205,0.48455506563187
dish_1558115601,24.25541305542,8.0734281539917,0.79328012466431,0.066542960703373,0.14681401848793,0.089874021708965,168399.046875,69289.5859375,1.2993754148483,0.53464186191559
dish_1558115641,14.451934814453,2.5224559307098,0.57553577423096,3.4307533496758e-05,0.29056650400162,0.021247511729598,180893.828125,80397.0234375,1.3957856893539,0.62034744024277
dish_1558115764,24.756355285645,7.5115785598755,0.81535184383392,0.043795716017485,0.1355154812336,0.062643960118294,162437.296875,80158.75,1.2533742189407,0.61850881576538
dish_1558115960,24.950626373291,4.6275496482849,0.81898844242096,0.051534596830606,0.10987690091133,0.03800144046545,188110.875,60850.60546875,1.4514727592468,0.46952626109123
dish_1558116001,19.397575378418,1.3341048955917,0.71412855386734,0.0029249070212245,0.18445326387882,0.010920901782811,176377.578125,80132.71875,1.3609380722046,0.61830800771713
dish_1558116146,19.210426330566,1.9453272819519,0.76339626312256,0.021353784948587,0.20756384730339,0.0071087190881371,164834.140625,62695.36328125,1.2718683481216,0.48376050591469
dish_1558116260,16.436450958252,3.6826777458191,0.6544064283371,0.17766004800797,0.25507909059525,0.16030386090279,174821.5625,82358.6875,1.3489317893982,0.63548368215561
dish_1558116399,21.047657012939,2.5466771125793,0.76704233884811,0.0046774572692811,0.16761520504951,0.00069921620888636,164964.875,67720.203125,1.2728772163391,0.52253246307373
dish_1558116436,25.697780609131,3.4293732643127,0.82109200954437,0.025116223841906,0.073811203241348,0.016303138807416,189013.734375,64853.43359375,1.4584393501282,0.50041228532791
dish_1558122740,17.636680603027,2.2774822711945,0.6383969783783,0.039851490408182,0.26388236880302,0.00071093306178227,174053.21875,78246.21875,1.3430032730103,0.6037517786026
dish_1558373639,13.571474075317,4.1810321807861,0.53011924028397,0.22929166257381,0.47237384319305,0.32913720607758,170259.734375,78116.8046875,1.3137325048447,0.60275316238403
dish_1558373687,14.07692527771,3.726765871048,0.56164652109146,0.0079290019348264,0.37380033731461,0.10481367260218,177025.6875,77740.7734375,1.3659390211105,0.59985166788101
dish_1558375583,22.160367965698,1.4010988473892,0.70625507831573,0.012419664300978,0.1814037412405,0.039789218455553,172727.09375,79637.953125,1.3327707052231,0.61449038982391
dish_1558376734,21.096542358398,5.250645160675,0.76342034339905,0.0084255347028375,0.19940574467182,0.0084165781736374,166332.96875,71963.4609375,1.2834333181381,0.55527359247208
dish_1558377105,17.170604705811,2.1779217720032,0.6902140378952,0.14843778312206,0.23031881451607,0.14029264450073,175040.0,84908.0859375,1.3506171703339,0.65515500307083
dish_1558378553,20.162008285522,10.044110298157,0.69720959663391,0.15554530918598,0.29655238986015,0.29700249433517,174569.84375,78914.5859375,1.3469896316528,0.60890889167786
dish_1558379273,21.488304138184,4.5322670936584,0.70243716239929,0.16054050624371,0.19633656740189,0.14711357653141,176268.234375,84198.0546875,1.3600944280624,0.64967632293701
dish_1558379391,11.735815048218,1.354758143425,0.2349484115839,0.02385981567204,0.71560847759247,0.16749866306782,178991.375,83459.8046875,1.3811063766479,0.64397996664047
dish_1558379588,19.402843475342,0.46624395251274,0.74696004390717,0.054752212017775,0.19986481964588,0.075286686420441,162635.96875,73855.3203125,1.2549071311951,0.56987130641937
dish_1558379712,22.0192527771,4.7861137390137,0.77678251266479,0.089028976857662,0.19009456038475,0.12786784768105,164767.625,65147.3984375,1.2713551521301,0.50268059968948
dish_1558379876,19.815711975098,5.9343647956848,0.59366244077682,0.17714212834835,0.25839760899544,0.21132932603359,196668.640625,64785.09375,1.5175049304962,0.49988499283791
dish_1558380014,16.623289108276,9.7210664749146,0.5725474357605,0.29196044802666,0.37444710731506,0.32207801938057,176286.5625,82968.9765625,1.3602358102798,0.64019274711609
dish_1558380181,20.978450775146,2.0404617786407,0.6970990896225,0.071132883429527,0.25065571069717,0.16889175772667,160511.78125,71499.734375,1.2385168075562,0.55169540643692
dish_1558381665,19.72972869873,3.5223422050476,0.75749754905701,0.08293104916811,0.20481196045876,0.11971075087786,168084.90625,75302.578125,1.2969515323639,0.58103835582733
dish_1558381708,13.131858825684,4.476010799408,0.54832184314728,0.22458155453205,0.43833321332932,0.28717875480652,175525.1875,79901.609375,1.3543610572815,0.6165246963501
dish_1558381860,24.054580688477,3.3230328559875,0.79809039831161,0.074106723070145,0.13662968575954,0.12545183300972,160945.5625,65901.125,1.2418639659882,0.50849634408951
dish_1558459994,20.329998016357,5.4817862510681,0.72383069992065,0.19612400233746,0.23855851590633,0.24945439398289,169855.875,71135.4375,1.3106162548065,0.5488845705986
dish_1558460061,9.293553352356,3.470755815506,0.21548144519329,0.16838102042675,0.84563493728638,0.28224822878838,174681.375,70496.7421875,1.3478502035141,0.54395639896393
dish_1558460138,19.658567428589,6.4498562812805,0.70913672447205,0.13565178215504,0.2762938439846,0.14428602159023,163512.546875,64623.92578125,1.2616709470749,0.49864143133163
dish_1558460205,20.632743835449,8.3991899490356,0.73279559612274,0.11735899746418,0.24460618197918,0.14739429950714,167356.96875,71492.5703125,1.2913346290588,0.55164021253586
dish_1558461431,24.512752532959,6.9768261909485,0.79578804969788,0.078722096979618,0.12268183380365,0.082931838929653,159863.859375,65235.80859375,1.233517408371,0.50336277484894
dish_1558461692,19.710971832275,0.020531246438622,0.77308511734009,0.054585266858339,0.19629280269146,0.080629847943783,163732.953125,63319.8828125,1.2633715867996,0.4885793030262
dish_1558461760,17.495222091675,1.1751862764359,0.64152824878693,0.057032231241465,0.36922872066498,0.11844141036272,163604.484375,64292.01953125,1.262380361557,0.49608042836189
dish_1558461792,16.236860275269,3.830402135849,0.62331002950668,0.09562386572361,0.32985156774521,0.090422779321671,169543.09375,66617.6640625,1.3082028627396,0.51402515172958
dish_1558462106,13.339033126831,3.7558331489563,0.47413510084152,0.054435100406408,0.66620677709579,0.23881010711193,166857.484375,71458.03125,1.2874805927277,0.55137372016907
dish_1558463113,20.295116424561,0.05567429959774,0.74860489368439,0.00052632985170931,0.1543664932251,0.00052326364675537,162594.578125,59926.22265625,1.2545877695084,0.46239370107651
dish_1558463690,19.015943527222,8.5070600509644,0.68737888336182,0.11964124441147,0.25663477182388,0.19218245148659,168849.859375,72425.8046875,1.3028538227081,0.55884104967117
dish_1558468401,22.058464050293,5.8978672027588,0.73215562105179,0.19542428851128,0.20143429934978,0.17498923838139,187797.359375,59801.80859375,1.449053645134,0.46143373847008
dish_1558468435,22.134738922119,6.0927686691284,0.79251605272293,0.077930875122547,0.14410826563835,0.071906864643097,162084.53125,64996.078125,1.2506523132324,0.50151300430298
dish_1558468547,29.380561828613,0.70835435390472,0.84972220659256,0.034534201025963,0.07247394323349,0.00084276311099529,161644.734375,64742.78125,1.2472587823868,0.49955850839615
dish_1558468632,26.296583175659,3.235424041748,0.84423935413361,0.066611744463444,0.12200157344341,0.047824762761593,160053.59375,66121.828125,1.2349814176559,0.51019924879074
dish_1558544427,24.582370758057,3.561484336853,0.78490906953812,0.085211344063282,0.14245444536209,0.080390304327011,182017.5625,56409.8828125,1.4044564962387,0.43526145815849
dish_1558546434,16.885387420654,2.627477645874,0.61799907684326,0.12818883359432,0.31174856424332,0.076859712600708,173388.1875,74990.3828125,1.3378717899323,0.57862955331802
dish_1558546558,21.401893615723,2.6872224807739,0.7690943479538,0.025642184540629,0.21609368920326,0.011879458092153,166189.046875,72446.7421875,1.282322883606,0.55900263786316
dish_1558546918,24.161388397217,4.7691526412964,0.74533116817474,0.095769733190536,0.17176723480225,0.088949330151081,168764.8125,80104.9296875,1.3021975755692,0.61809360980988
dish_1558547008,20.263679504395,1.264582157135,0.72691309452057,0.0748440772295,0.25523090362549,0.10821294039488,160883.71875,65542.359375,1.2413867712021,0.5057281255722
dish_1558547124,21.132507324219,3.2964863777161,0.77235651016235,0.036509580910206,0.23664227128029,0.055236101150513,159619.125,61482.39453125,1.2316290140152,0.47440120577812
dish_1558549086,22.777439117432,0.085579007863998,0.77847385406494,0.03140290081501,0.17052684724331,0.014610690064728,162751.140625,67179.96875,1.2557958364487,0.51836395263672
dish_1558549214,14.519556045532,4.5130710601807,0.44324743747711,0.10170947015285,0.46270298957825,0.14360335469246,179477.53125,79801.6875,1.384857416153,0.61575376987457
dish_1558550181,27.9723072052,7.2805233001709,0.86598032712936,0.098623372614384,0.075459137558937,0.075739659368992,161723.09375,65585.640625,1.2478632926941,0.50606203079224
dish_1558550218,20.522386550903,3.997665643692,0.74606496095657,0.016489364206791,0.22059373557568,0.005891602486372,161209.21875,65315.94921875,1.2438983917236,0.50398111343384
dish_1558642490,24.489236831665,,0.80325293540955,,0.12424347549677,,114143.328125,,0.8807355761528,
dish_1558717969,28.526384353638,,0.84318208694458,,0.099632829427719,,113897.84375,,0.87884140014648,
dish_1558718088,30.008832931519,,0.85699701309204,,0.040435597300529,,116586.359375,,0.89958608150482,
dish_1558718610,18.973274230957,,0.69798129796982,,0.39915943145752,,108419.828125,,0.83657276630402,
dish_1558722906,27.494325637817,,0.82864117622375,,0.13248986005783,,112723.265625,,0.86977827548981,
dish_1558722968,27.693532943726,3.0360405445099,0.84180998802185,0.038819819688797,0.071132518351078,0.0050596767105162,123949.5,88613.828125,0.95640045404434,0.68374872207642
dish_1559149615,16.008235931396,0.38007286190987,0.64695334434509,0.031177708879113,0.33587050437927,0.084292158484459,160302.65625,69979.921875,1.2369031906128,0.53996855020523
dish_1559149719,16.105575561523,0.25483536720276,0.57240319252014,0.039588198065758,0.40108516812325,0.010117182508111,160409.375,65564.8515625,1.2377265691757,0.5059015750885
dish_1559172356,10.924766540527,1.1915453672409,0.39106181263924,0.11827922612429,0.65204048156738,0.0052099828608334,165685.0625,73463.5546875,1.2784340381622,0.56684839725494
dish_1559232986,14.105924606323,1.3834929466248,0.57979357242584,0.02676965482533,0.52721053361893,0.11976321786642,157674.21875,65622.9453125,1.2166219949722,0.50634986162186
dish_1559233055,16.877902984619,8.9439001083374,0.61764526367188,0.19678275287151,0.33953478932381,0.22590440511703,152981.234375,84628.171875,1.1804107427597,0.65299510955811
dish_1559233627,17.605667114258,2.7127094268799,0.67687427997589,0.075247719883919,0.47950148582458,0.26057153940201,159843.640625,65721.953125,1.2333614826202,0.50711381435394
dish_1559235771,24.868438720703,3.6790356636047,0.81067389249802,0.039077691733837,0.14656728506088,0.060635920614004,177069.359375,56932.96484375,1.3662759065628,0.43929758667946
dish_1559235815,24.485794067383,2.7671003341675,0.78074848651886,0.010435770265758,0.13103769719601,0.006971952971071,158586.71875,59969.6640625,1.2236629724503,0.46272894740105
dish_1559238566,17.697971343994,3.141348361969,0.68741345405579,0.069467149674892,0.27335727214813,0.1317058801651,162890.625,65467.4765625,1.256872177124,0.50515025854111
dish_1559239256,24.330461502075,1.6491758823395,0.84841853380203,0.097121261060238,0.1408431828022,0.085176609456539,114333.265625,132181.828125,0.88220119476318,1.019921541214
dish_1559240216,26.468856811523,0.059759512543678,0.83511519432068,0.018781563267112,0.13243101537228,0.031672831624746,159695.96875,65367.42578125,1.2322219610214,0.50437825918198
dish_1559240382,23.088005065918,2.6616456508636,0.79542261362076,0.007402756717056,0.16527226567268,0.024578282609582,156527.625,61995.61328125,1.2077748775482,0.47836121916771
dish_1559240441,20.312664031982,2.978684425354,0.7127434015274,0.11476889997721,0.20562368631363,0.10695539414883,129179.5625,125501.1171875,0.99675583839417,0.96837288141251
dish_1559240510,19.760311126709,0.24373556673527,0.69498383998871,0.068445429205894,0.17549932003021,0.055759310722351,171933.75,79373.875,1.3266494274139,0.61245274543762
dish_1559241099,16.283498764038,2.6701471805573,0.59933918714523,0.065991595387459,0.36238217353821,0.10905926674604,158886.96875,64207.078125,1.2259798049927,0.49542498588562
dish_1559242066,20.289794921875,4.1075615882874,0.70405495166779,0.099896334111691,0.21893955767155,0.11873119324446,165424.21875,74207.75,1.2764213085175,0.57259064912796
dish_1559242221,17.864833831787,4.4222974777222,0.72022426128387,0.024913212284446,0.21813532710075,0.037849850952625,160905.265625,63015.39453125,1.2415529489517,0.48622986674309
dish_1559242568,18.821626663208,4.3613419532776,0.61215126514435,0.19545790553093,0.3463659286499,0.22981184720993,163095.25,74002.4921875,1.2584509849548,0.57100689411163
dish_1559243139,24.608604431152,1.5531498193741,0.79459941387177,0.030797461047769,0.13332971930504,0.0084207719191909,160257.921875,67785.28125,1.2365580797195,0.52303463220596
dish_1559243887,17.71732711792,0.49253818392754,0.7142106294632,0.029203467071056,0.24854338169098,0.070938512682915,161187.9375,64448.640625,1.2437341213226,0.49728894233704
dish_1559243974,16.834897994995,7.146466255188,0.54085528850555,0.32374727725983,0.37672662734985,0.41078755259514,170907.21875,75237.3984375,1.3187285661697,0.58053547143936
dish_1559244649,16.653690338135,5.7946405410767,0.62662267684937,0.11113867163658,0.25408151745796,0.14270523190498,171302.25,74843.5859375,1.3217766284943,0.57749676704407
dish_1559245920,29.215835571289,0.038860067725182,0.8477503657341,0.0084472401067615,0.083001747727394,0.012429184280336,130365.09375,106965.1875,1.0059034824371,0.82534867525101
dish_1559332795,13.05664730072,2.9913337230682,0.54344844818115,0.043447203934193,0.40165039896965,0.044630814343691,167823.453125,71022.8671875,1.2949340343475,0.54801589250565
dish_1559581333,14.989490509033,2.4227850437164,0.56287115812302,0.010908194817603,0.3860427737236,0.02000767737627,167051.28125,71175.609375,1.2889758348465,0.54919445514679
dish_1559585533,21.350378036499,2.7158432006836,0.74359196424484,0.02301968075335,0.22230866551399,0.11332350969315,161795.359375,66512.0234375,1.2484209537506,0.51321011781693
dish_1559589873,17.570728302002,0.7391802072525,0.72132241725922,0.035053744912148,0.42748865485191,0.022110868245363,164179.125,75670.421875,1.2668142318726,0.58387672901154
dish_1559589902,13.302276611328,0.60054802894592,0.57352161407471,0.13826359808445,0.60815542936325,0.099239327013493,187340.671875,60128.171875,1.4455298185349,0.46395191550255
dish_1559589942,18.391233444214,2.6981856822968,0.70908039808273,0.059537328779697,0.26012361049652,0.12031158804893,191100.640625,64516.81640625,1.4745419025421,0.49781495332718
dish_1559590005,12.887533187866,4.6602344512939,0.48351138830185,0.25436219573021,0.41311252117157,0.29935851693153,197501.359375,69336.46875,1.5239301919937,0.53500354290009
dish_1559590031,11.003324508667,1.5788897275925,0.40853327512741,0.14061452448368,0.48289579153061,0.11693578213453,199964.359375,68220.4921875,1.5429348945618,0.52639269828796
dish_1559590099,21.121332168579,2.0996358394623,0.7409895658493,0.016094490885735,0.24000486731529,0.016889665275812,115914.96875,145329.578125,0.89440560340881,1.1213701963425
dish_1559590130,14.148945808411,2.2370014190674,0.52831363677979,0.15619924664497,0.55105096101761,0.12508277595043,190454.4375,63419.7734375,1.4695558547974,0.48935008049011
dish_1559590157,21.342193603516,1.3258224725723,0.69880640506744,0.066808864474297,0.23200678825378,0.10105913132429,167795.3125,65883.5078125,1.294716835022,0.50836038589478
dish_1559590202,20.197002410889,4.2242107391357,0.60512691736221,0.2743918299675,0.34375554323196,0.371577501297,177060.25,80023.3046875,1.366205573082,0.61746376752853
dish_1559593646,11.821931838989,0.69964510202408,0.55638420581818,0.0197111107409,0.54982256889343,0.1052630841732,173600.53125,77502.8046875,1.3395103216171,0.59801542758942
dish_1559593722,11.960283279419,0.2183840572834,0.52679038047791,0.061699002981186,0.48471304774284,0.13623644411564,171430.234375,75301.0234375,1.3227641582489,0.58102637529373
dish_1559593746,15.371667861938,0.87658727169037,0.43562382459641,0.050443474203348,0.32576096057892,0.047802168875933,196009.15625,65055.0,1.5124163627625,0.50196760892868
dish_1559593794,15.359994888306,5.2400574684143,0.53862291574478,0.27310052514076,0.33419340848923,0.25435209274292,181193.53125,82656.4609375,1.3980982303619,0.63778138160706
dish_1559667948,17.654630661011,5.4252305030823,0.71663546562195,0.11700635403395,0.30590891838074,0.15488514304161,168195.046875,77471.0390625,1.2978012561798,0.59777039289474
dish_1559667973,16.853511810303,2.6158769130707,0.64596283435822,0.14249290525913,0.299476146698,0.15845222771168,196504.265625,52354.66015625,1.5162366628647,0.4039711356163
dish_1559667994,19.491140365601,2.0001986026764,0.7374609708786,0.058837879449129,0.20270419120789,0.046218156814575,192610.75,63624.26171875,1.4861940145493,0.49092793464661
dish_1559668016,23.13812828064,6.2907876968384,0.82017236948013,0.078404977917671,0.1179380863905,0.08912792801857,188969.828125,58719.83203125,1.4581005573273,0.45308512449265
dish_1559668272,18.111358642578,2.7572765350342,0.68980014324188,0.13517425954342,0.28471672534943,0.11916025727987,170856.984375,78198.6328125,1.3183408975601,0.60338455438614
dish_1559668314,15.725971221924,5.4696474075317,0.54019176959991,0.29282435774803,0.41123980283737,0.3248827457428,179438.828125,82394.5703125,1.3845589160919,0.63576066493988
dish_1559674074,16.975709915161,1.5038112401962,0.61082535982132,0.085607551038265,0.36877968907356,0.070268228650093,187731.6875,61678.35546875,1.4485470056534,0.47591322660446
dish_1559674866,26.743497848511,1.2505408525467,0.86528635025024,0.0018874623347074,0.036703012883663,0.015963580459356,176136.765625,77805.5859375,1.3590800762177,0.60035175085068
dish_1559675101,19.653955459595,1.2967283725739,0.74073100090027,0.033745169639587,0.26180037856102,0.021803786978126,130851.265625,118739.1640625,1.0096547603607,0.91619724035263
dish_1559675146,14.968831062317,2.9364511966705,0.57239747047424,0.15928328037262,0.37716466188431,0.11820574849844,193642.515625,63985.05078125,1.4941552877426,0.49371182918549
dish_1559675178,14.248991012573,3.6040458679199,0.54352855682373,0.21018865704536,0.4099945127964,0.24400779604912,193838.03125,64070.55859375,1.4956638813019,0.4943715929985
dish_1559675234,12.530047416687,1.6960762739182,0.47347697615623,0.16077341139317,0.52081334590912,0.15626892447472,190478.8125,66464.3828125,1.4697439670563,0.51284247636795
dish_1559675268,22.33695602417,10.842879295349,0.73189961910248,0.18591152131557,0.20188827812672,0.25394999980927,176059.609375,82833.4296875,1.3584846258163,0.63914680480957
dish_1559678104,12.060396194458,1.0550320148468,0.51959162950516,0.065953724086285,0.36956596374512,0.033342730253935,177475.859375,88475.125,1.3694124221802,0.68267840147018
dish_1559678127,10.345401763916,1.477187037468,0.40321034193039,0.026746327057481,0.52573919296265,0.092038430273533,178103.125,75093.0078125,1.3742525577545,0.57942140102386
dish_1559678146,12.7453956604,6.1087927818298,0.46697151660919,0.25714853405952,0.5423995256424,0.47780513763428,181031.46875,87222.6015625,1.3968478441238,0.67301392555237
dish_1559678367,9.3678731918335,2.2004528045654,0.44200167059898,0.06023071333766,0.64972448348999,0.035780861973763,165699.453125,68825.7265625,1.2785451412201,0.53106266260147
dish_1559678457,12.733556747437,0.44108328223228,0.49095541238785,0.029879059642553,0.42362886667252,0.039576921612024,190097.1875,89499.4921875,1.4667992591858,0.69058245420456
dish_1559678629,17.447650909424,1.9567695856094,0.70440274477005,0.067806355655193,0.33773970603943,0.12822833657265,164968.453125,64544.66796875,1.2729046344757,0.49802982807159
dish_1559751710,14.276643753052,2.9991474151611,0.59479463100433,0.034274999052286,0.65447944402695,0.10749199986458,168276.40625,71865.0390625,1.2984290122986,0.55451416969299
dish_1559751775,14.733347892761,1.9090769290924,0.50462806224823,0.061959028244019,0.5804191827774,0.038763467222452,169692.875,75146.765625,1.3093585968018,0.57983613014221
dish_1559838279,15.343425750732,3.7534682750702,0.61506330966949,0.055422894656658,0.4121013879776,0.004675792530179,166649.953125,66714.484375,1.2858793735504,0.5147722363472
dish_1559838402,12.884365081787,1.0568150281906,0.54200118780136,0.031984567642212,0.38793116807938,0.031493283808231,178082.46875,86685.0234375,1.3740930557251,0.66886591911316
dish_1559841061,11.176747322083,1.5014986991882,0.48476791381836,0.036076944321394,0.73702263832092,0.051957242190838,172045.796875,75623.6328125,1.3275138139725,0.58351564407349
dish_1559841091,12.430500030518,2.6521306037903,0.53115928173065,0.043881148099899,0.64702820777893,0.14427882432938,167374.015625,66136.765625,1.2914661169052,0.51031452417374
dish_1559841127,17.318977355957,0.4290252327919,0.64249581098557,0.0174779612571,0.26947781443596,0.11966899037361,175492.25,75441.3359375,1.3541069030762,0.58210903406143
dish_1559841163,9.7230167388916,1.6002140045166,0.34855741262436,0.07265792042017,0.65043091773987,0.15986603498459,176226.640625,83284.6875,1.3597733974457,0.64262878894806
dish_1559841808,16.096429824829,4.5168061256409,0.580237865448,0.23701576888561,0.42047035694122,0.29232338070869,171261.21875,75074.2421875,1.3214600086212,0.57927656173706
dish_1559841979,17.607479095459,4.2644720077515,0.6673424243927,0.1482030749321,0.31657215952873,0.20665641129017,169153.03125,71280.3203125,1.3051931858063,0.55000245571136
dish_1559842274,11.302531242371,0.6059273481369,0.52854609489441,0.0025129215791821,0.64419555664062,0.0012067063944414,166069.25,65908.859375,1.2813984155655,0.50855594873428
dish_1559842326,10.92854309082,0.82171183824539,0.47428703308105,0.046630028635263,0.6628885269165,0.087286584079266,172974.09375,71513.4609375,1.3346767425537,0.55180144309998
dish_1559842374,15.633900642395,3.7525005340576,0.62748825550079,0.015586199238896,0.39752706885338,0.013886459171772,168282.59375,67553.4296875,1.2984768152237,0.52124559879303
dish_1559842409,17.550737380981,2.8123154640198,0.65032839775085,0.018716488033533,0.33481824398041,0.045576233416796,163642.671875,63060.7734375,1.2626750469208,0.48658004403114
dish_1559843492,17.579612731934,5.5621809959412,0.60984313488007,0.21090644598007,0.41668698191643,0.30103635787964,186016.0625,60070.62890625,1.4353091716766,0.46350792050362
dish_1559843690,16.672609329224,3.4763927459717,0.60090434551239,0.055725004523993,0.43883925676346,0.0043969489634037,163102.828125,68446.1171875,1.258509516716,0.52813363075256
dish_1559844323,10.963052749634,0.039553973823786,0.43368923664093,0.020785203203559,0.72171944379807,0.0037796450778842,172888.90625,79934.1796875,1.3340193033218,0.61677610874176
dish_1559844366,14.461584091187,1.6429010629654,0.55587327480316,0.051334988325834,0.4404610991478,0.12407422810793,169860.15625,73813.3828125,1.310649394989,0.56954771280289
dish_1559844506,12.946750640869,2.6461255550385,0.49332988262177,0.12156232446432,0.5629825592041,0.1477375626564,172333.984375,75728.1484375,1.3297375440598,0.58432215452194
dish_1559844657,16.598413467407,5.6392221450806,0.63354283571243,0.10860837996006,0.41314962506294,0.12204442173243,163980.90625,60451.19921875,1.2652847766876,0.46644443273544
dish_1559844683,16.509656906128,4.6607394218445,0.58916747570038,0.10059293359518,0.45280733704567,0.10104955732822,166482.71875,63481.6640625,1.2845888137817,0.48982763290405
dish_1559844928,22.606674194336,0.14131264388561,0.76687276363373,0.006012795958668,0.23716571927071,0.060107231140137,163326.703125,63155.85546875,1.2602369785309,0.48731371760368
dish_1559844951,14.629705429077,2.5799150466919,0.58775687217712,0.091201014816761,0.42578917741776,0.10118383914232,171441.96875,76393.953125,1.322854757309,0.58945947885513
dish_1559845018,17.634567260742,5.1090445518494,0.63310009241104,0.12641273438931,0.46163898706436,0.24410863220692,168700.25,70783.828125,1.3016993999481,0.54617154598236
dish_1559845046,14.876793861389,2.9169380664825,0.58416831493378,0.18650932610035,0.37925031781197,0.21667791903019,195405.484375,63736.49609375,1.5077583789825,0.49179399013519
dish_1559845290,22.707836151123,0.079361505806446,0.80399334430695,0.0028887027874589,0.19159711897373,0.039392825216055,167612.21875,72046.8828125,1.2933042049408,0.55591732263565
dish_1559845370,21.709358215332,1.8618940114975,0.75838840007782,0.02243434637785,0.24853748083115,0.12273051589727,161171.4375,61509.80078125,1.2436068058014,0.47461262345314
dish_1559845513,15.219804763794,4.1458735466003,0.55061447620392,0.18443255126476,0.40342563390732,0.21935975551605,152982.25,72335.2265625,1.1804184913635,0.55814218521118
dish_1559845637,18.764225006104,2.0925095081329,0.65983974933624,0.12153102457523,0.32779148221016,0.11988704651594,169474.921875,73833.125,1.3076769113541,0.56970000267029
dish_1559845745,25.525527954102,4.3173303604126,0.81397902965546,0.067930564284325,0.15928499400616,0.17274296283722,166733.3125,67761.546875,1.2865223884583,0.52285140752792
dish_1559846034,20.586738586426,0.17127940058708,0.74942338466644,0.010582104325294,0.3060916364193,0.090269938111305,168406.453125,71253.984375,1.299432516098,0.54979926347733
dish_1559846073,17.551929473877,2.7587485313416,0.63726913928986,0.10616475343704,0.3702566921711,0.067328996956348,170239.921875,74751.1484375,1.3135796785355,0.57678353786469
dish_1559846334,21.235904693604,2.0887007713318,0.71318900585175,0.059043057262897,0.30501401424408,0.057491820305586,164263.234375,65774.125,1.2674632072449,0.50751638412476
dish_1559846504,18.251705169678,7.3751301765442,0.61193472146988,0.28144615888596,0.3504664003849,0.31957912445068,193309.875,67256.5703125,1.4915885925293,0.51895499229431
dish_1559846528,12.720728874207,2.8890347480774,0.51328784227371,0.18500275909901,0.45303928852081,0.2562467455864,187941.515625,57999.8984375,1.4501659870148,0.44753009080887
dish_1559846688,15.811334609985,6.2258954048157,0.53617453575134,0.16304145753384,0.48501431941986,0.14977723360062,165962.796875,65317.6640625,1.2805771827698,0.50399428606033
dish_1559846825,18.727207183838,1.7489665746689,0.71756994724274,0.071568801999092,0.26982143521309,0.14189690351486,184595.546875,61103.8984375,1.4243483543396,0.47148072719574
dish_1559849053,12.810085296631,3.2030439376831,0.51046353578568,0.22880417108536,0.48554593324661,0.22703742980957,172120.0625,78682.96875,1.3280869722366,0.60712170600891
dish_1559849097,12.926464080811,0.54807424545288,0.55438268184662,0.025647832080722,0.40750443935394,0.019109971821308,165766.625,65535.2734375,1.2790634632111,0.5056734085083
dish_1559849497,20.010444641113,7.4055399894714,0.68664228916168,0.16640359163284,0.23225000500679,0.2516975402832,174080.484375,78405.8828125,1.343213558197,0.60498362779617
dish_1559849537,13.903628349304,0.50412487983704,0.5727744102478,0.026792204007506,0.36163547635078,0.0088560217991471,173904.984375,78094.90625,1.341859459877,0.60258418321609
dish_1559850338,14.516658782959,4.9550323486328,0.51002490520477,0.16612447798252,0.42687097191811,0.33281669020653,176899.84375,80740.4375,1.3649679422379,0.6229972243309
dish_1559925083,13.317604064941,1.513198018074,0.49400162696838,0.21400171518326,0.53885322809219,0.16735239326954,170488.421875,75445.8359375,1.3154971599579,0.58214378356934
dish_1559933818,12.213701248169,3.2218627929688,0.40994465351105,0.039372321218252,0.64478945732117,0.013182986527681,169624.90625,67314.6796875,1.308834195137,0.51940339803696
dish_1559933834,18.932697296143,0.55961036682129,0.59675478935242,0.0060707898810506,0.20436190068722,0.0038084946572781,180260.859375,79398.0390625,1.390901684761,0.61263918876648
dish_1559934477,15.983081817627,2.0833401679993,0.6210440993309,0.076717868447304,0.4462608397007,0.20445793867111,184105.5,59628.11328125,1.4205671548843,0.46009349822998
dish_1559934679,14.356367111206,3.7493271827698,0.49076786637306,0.12024693191051,0.51981496810913,0.15097758173943,187910.53125,58384.88671875,1.4499269723892,0.45050066709518
dish_1559934708,14.094011306763,0.47096168994904,0.50966048240662,0.0068968259729445,0.44236502051353,0.0048956936225295,176230.5625,78202.59375,1.3598037958145,0.60341507196426
dish_1560203400,13.958253860474,0.3009477853775,0.52992564439774,0.10876259952784,0.49196290969849,0.11575880646706,190405.71875,65899.5234375,1.4691798686981,0.50848400592804
dish_1560203424,11.431642532349,0.32008743286133,0.34445741772652,0.063072927296162,0.6325187087059,0.025146916508675,174036.078125,75343.3515625,1.3428709506989,0.58135294914246
dish_1560270630,16.169921875,4.2093024253845,0.6509662270546,0.084925055503845,0.38834488391876,0.11333403736353,168928.421875,68842.859375,1.3034600019455,0.53119492530823
dish_1560356314,11.131469726562,2.1268763542175,0.42910143733025,0.14265784621239,0.63661015033722,0.26275640726089,171435.9375,72821.6484375,1.322808265686,0.56189543008804
dish_1560356337,11.882389068604,2.3478889465332,0.39007711410522,0.10777605324984,0.65576827526093,0.13975150883198,191131.078125,60372.28125,1.4747767448425,0.4658354818821
dish_1560356355,15.657647132874,3.6866462230682,0.55025768280029,0.040681485086679,0.36362692713737,0.019373178482056,169709.34375,70795.9765625,1.3094856739044,0.54626530408859
dish_1560356523,16.331192016602,6.5601334571838,0.52542120218277,0.36608618497849,0.43849781155586,0.41331934928894,177776.234375,82552.8984375,1.3717303276062,0.63698226213455
dish_1560356566,12.740588188171,0.84734719991684,0.50474041700363,0.0093567902222276,0.54592311382294,0.10306095331907,128251.3515625,150470.84375,0.98959374427795,1.1610404253006
dish_1560356627,12.183256149292,1.3422145843506,0.48639199137688,0.1492058634758,0.51650935411453,0.26124078035355,177439.609375,81515.953125,1.3691327571869,0.62898117303848
dish_1560357427,14.405072212219,1.3710174560547,0.54663836956024,0.024832291528583,0.51782524585724,0.0053896126337349,166855.25,71101.2421875,1.28746342659,0.54862070083618
dish_1560357792,22.403095245361,7.4767122268677,0.76064801216125,0.16088509559631,0.21316872537136,0.25017368793488,167671.59375,69001.0390625,1.2937624454498,0.53241544961929
dish_1560357832,11.511472702026,2.450404882431,0.38053244352341,0.058620870113373,0.66865080595016,0.058766700327396,169358.046875,74827.671875,1.3067750930786,0.57737398147583
dish_1560360055,15.948039054871,1.8050929307938,0.64357763528824,0.1901703774929,0.32601681351662,0.21326333284378,190665.9375,61916.11328125,1.471187710762,0.477747797966
dish_1560360102,15.954387664795,4.0238499641418,0.57656222581863,0.25712990760803,0.4085368514061,0.36240580677986,171145.4375,75016.3125,1.3205666542053,0.57882958650589
dish_1560360112,15.410575866699,5.0496869087219,0.54377514123917,0.27574509382248,0.4134726524353,0.32122683525085,173699.4375,75831.5390625,1.3402733802795,0.58511990308762
dish_1560360148,12.164650917053,0.64538812637329,0.42517957091331,0.091241747140884,0.52924609184265,0.063981294631958,198269.640625,65556.640625,1.5298583507538,0.50583827495575
dish_1560366438,8.892261505127,0.28057056665421,0.37468945980072,0.05408688262105,0.82574772834778,0.014811287634075,170248.59375,70410.2890625,1.3136465549469,0.54328924417496
dish_1560366460,10.240211486816,1.2447352409363,0.36852771043777,0.10979390144348,0.63440048694611,0.15196006000042,200447.171875,67233.015625,1.5466601848602,0.51877325773239
dish_1560367085,11.886698722839,0.58204287290573,0.5177139043808,0.072928935289383,0.79329377412796,0.032315712422132,186127.671875,59172.33984375,1.4361703395844,0.45657670497894
dish_1560367116,11.148036003113,0.70151335000992,0.49028670787811,0.063434183597565,0.7948083281517,0.08995009958744,186644.390625,61437.44140625,1.4401572942734,0.47405433654785
dish_1560367193,10.806846618652,0.82573026418686,0.4973971247673,0.025538904592395,0.82169783115387,0.069013185799122,162933.875,71488.828125,1.2572057247162,0.55161130428314
dish_1560367296,10.640441894531,5.326798915863,0.45416510105133,0.3162005841732,0.50600248575211,0.29673618078232,180948.59375,81940.9609375,1.3962082862854,0.63226044178009
dish_1560367333,11.007578849792,3.502037525177,0.48214492201805,0.25468215346336,0.48890316486359,0.19516631960869,68073.75,77917.5234375,0.52526038885117,0.60121548175812
dish_1560367676,12.09873008728,0.88936394453049,0.48812252283096,0.076993845403194,0.56431198120117,0.053395126014948,175902.546875,81099.0859375,1.3572727441788,0.62576454877853
dish_1560367698,14.176420211792,0.76212292909622,0.5500910282135,0.089695110917091,0.46149250864983,0.076957322657108,174998.3125,77090.46875,1.3502955436707,0.59483397006989
dish_1560367715,11.701615333557,0.41399240493774,0.50619035959244,0.071598313748837,0.63402223587036,0.11249007284641,186841.765625,61006.328125,1.4416801929474,0.47072783112526
dish_1560367733,10.493242263794,0.68773567676544,0.40927997231483,0.039721429347992,0.81055730581284,0.083109594881535,185953.34375,54335.48046875,1.4348251819611,0.41925528645515
dish_1560367904,16.536592483521,5.4469966888428,0.67773044109344,0.19621448218822,0.38452443480492,0.21315832436085,170197.5625,77651.5234375,1.3132528066635,0.59916299581528
dish_1560367926,11.926074028015,2.1143758296967,0.53603255748749,0.053756386041641,0.55846226215363,0.091580510139465,178377.5625,81765.0546875,1.3763700723648,0.63090318441391
dish_1560367952,14.873615264893,3.6435768604279,0.62304705381393,0.15297120809555,0.34716480970383,0.17177151143551,202235.875,69613.9765625,1.5604619979858,0.53714483976364
dish_1560367980,10.965593338013,1.670875787735,0.41997930407524,0.055881917476654,0.72650301456451,0.16323275864124,117932.734375,152054.203125,0.90997487306595,1.1732578277588
dish_1560368019,11.986620903015,0.74856251478195,0.49536442756653,0.13501816987991,0.44031822681427,0.077437199652195,203411.90625,69600.171875,1.5695362091064,0.53703832626343
dish_1560368138,11.126983642578,1.962389588356,0.55618685483932,0.021442968398333,0.84450924396515,0.011049849912524,108396.703125,141189.15625,0.83639430999756,1.0894224643707
dish_1560368162,10.221519470215,2.0134129524231,0.52230221033096,0.044359304010868,0.85619449615479,0.0090549550950527,163966.21875,66889.6171875,1.2651714086533,0.51612359285355
dish_1560368464,17.395933151245,4.574125289917,0.71558392047882,0.071814835071564,0.38509854674339,0.2377887815237,186206.34375,59433.4453125,1.4367773532867,0.45859137177467
dish_1560368506,12.700322151184,1.4792901277542,0.56782388687134,0.11714336276054,0.59578585624695,0.1575328707695,190172.0,62807.85546875,1.4673765897751,0.48462849855423
dish_1560368570,13.192781448364,0.74519068002701,0.57339555025101,0.15365746617317,0.4969154894352,0.21545389294624,168204.140625,74472.515625,1.2978713512421,0.57463359832764
dish_1560368764,15.61771774292,2.8042497634888,0.67467713356018,0.081742882728577,0.24680024385452,0.21469941735268,169728.890625,72734.5234375,1.309636592865,0.56122314929962
dish_1560368944,16.891048431396,4.8081679344177,0.60932123661041,0.034905090928078,0.33124479651451,0.13219451904297,177271.0625,79988.1171875,1.3678323030472,0.61719226837158
dish_1560368972,15.759944915771,0.2183321416378,0.62150013446808,0.011751890182495,0.47728788852692,0.041585009545088,163726.875,67354.234375,1.2633247375488,0.51970863342285
dish_1560368990,14.690465927124,3.1174478530884,0.54493594169617,0.027802336961031,0.43447053432465,0.085667833685875,176120.875,83396.0,1.3589574098587,0.64348769187927
dish_1560369008,11.876512527466,0.58892613649368,0.41829705238342,0.14107982814312,0.59419786930084,0.11579390615225,194456.859375,62612.37890625,1.5004388093948,0.48312023282051
dish_1560369080,7.8812808990479,1.7243863344193,0.41016635298729,0.012979922816157,0.87979280948639,0.004133973736316,161709.703125,58512.86328125,1.2477600574493,0.4514881670475
dish_1560369102,13.730295181274,1.6588035821915,0.55772042274475,0.10056250542402,0.3840683400631,0.20831429958344,185769.171875,93656.203125,1.4334042072296,0.72265583276749
dish_1560369122,10.262615203857,0.76747792959213,0.37083634734154,0.0025333205703646,0.71263825893402,0.056154269725084,176781.984375,73000.5859375,1.3640584945679,0.56327611207962
dish_1560369255,22.432733535767,3.8721077442169,0.8432292342186,0.060375988483429,0.1417930573225,0.097561553120613,189751.5625,61502.5078125,1.4641324281693,0.47455641627312
dish_1560369273,15.355731010437,5.8965468406677,0.62148773670197,0.2289183139801,0.43967327475548,0.34230107069016,187926.875,63980.55859375,1.4500530958176,0.49367716908455
dish_1560369294,10.111918449402,1.594490647316,0.42386385798454,0.11615831404924,0.68001198768616,0.13098606467247,198010.03125,69163.375,1.5278551578522,0.5336679816246
dish_1560369313,10.953523635864,0.14137455821037,0.44089078903198,0.085154980421066,0.6807461977005,0.07622566819191,197304.609375,65781.234375,1.5224120616913,0.50757122039795
dish_1560369403,20.962699890137,4.2311968803406,0.80530214309692,0.095877982676029,0.15834423899651,0.12306362390518,197563.859375,67353.6875,1.5244125127792,0.51970434188843
dish_1560369421,14.344453811646,5.8721208572388,0.60769522190094,0.18383502960205,0.42979189753532,0.25807395577431,197038.875,65648.9453125,1.5203617811203,0.50655055046082
dish_1560370804,10.815776824951,0.59004575014114,0.47742640972137,0.03047221340239,0.76480090618134,0.10073505342007,171864.015625,74655.3828125,1.3261113166809,0.57604467868805
dish_1560441288,14.349298477173,3.9433259963989,0.50062042474747,0.20963330566883,0.56728053092957,0.33332067728043,173490.5625,76539.921875,1.3386616706848,0.5905858874321
dish_1560441311,16.20703125,3.9349067211151,0.60471749305725,0.15455093979836,0.45287388563156,0.40502363443375,170194.75,71988.703125,1.3132311105728,0.55546832084656
dish_1560441339,14.532667160034,5.1279244422913,0.50546836853027,0.15145242214203,0.54388546943665,0.3542001247406,193673.234375,73924.3671875,1.494392156601,0.57040405273438
dish_1560441464,16.416009902954,2.9250640869141,0.66339880228043,0.037886645644903,0.46779310703278,0.14557009935379,160681.03125,66106.140625,1.2398227453232,0.51007825136185
dish_1560442303,10.599641799927,0.96564656496048,0.29837000370026,0.041850410401821,0.89793425798416,0.014436950907111,191217.078125,61744.5625,1.4754403829575,0.47642406821251
dish_1560442374,13.496362686157,1.7167752981186,0.49166923761368,0.069851763546467,0.60865366458893,0.017449343577027,171803.25,73325.375,1.3256423473358,0.56578224897385
dish_1560442450,14.092313766479,1.550590634346,0.51653397083282,0.10669531673193,0.63325178623199,0.017282567918301,170409.125,78365.109375,1.3148852586746,0.60466909408569
dish_1560444815,12.874132156372,2.6242549419403,0.44081270694733,0.23543463647366,0.59323465824127,0.25726214051247,172603.09375,81182.09375,1.3318140506744,0.62640511989594
dish_1560444931,16.417613983154,5.4793472290039,0.61646008491516,0.25051492452621,0.49442058801651,0.44356971979141,171056.078125,76986.25,1.3198771476746,0.59402966499329
dish_1560444948,14.890145301819,7.2941646575928,0.59631526470184,0.19379013776779,0.54219019412994,0.41054946184158,187868.828125,60738.96484375,1.4496052265167,0.46866488456726
dish_1560444967,11.335921287537,1.7956587076187,0.47398734092712,0.059519652277231,0.78042078018188,0.14480413496494,182788.125,60617.7421875,1.4104021787643,0.4677295088768
dish_1560444985,11.327217102051,0.11066278815269,0.52237063646317,0.010112124495208,0.77190762758255,0.2054804712534,168336.34375,72452.5859375,1.298891544342,0.55904769897461
dish_1560445004,13.032768249512,1.0432640314102,0.54007136821747,0.16055922210217,0.49315392971039,0.14578939974308,171270.375,83843.4375,1.3215306997299,0.64694011211395
dish_1560445069,13.288356781006,1.1315269470215,0.5401566028595,0.029160434380174,0.57825207710266,0.054033733904362,169998.875,75122.234375,1.3117196559906,0.57964688539505
dish_1560453132,10.1764087677,1.0731309652328,0.52792924642563,0.053730320185423,0.70346075296402,0.013520203530788,171938.90625,82266.5546875,1.3266890048981,0.63477277755737
dish_1560453150,11.56581401825,1.1490660905838,0.47829401493073,0.023922951892018,0.53509658575058,0.13689003884792,177023.84375,77443.03125,1.3659248352051,0.59755420684814
dish_1560453174,10.013410568237,2.2731070518494,0.31779259443283,0.15816226601601,0.6649694442749,0.20147882401943,210477.78125,70564.9609375,1.6240570545197,0.54448270797729
dish_1560453275,20.167186737061,4.6107425689697,0.77816772460938,0.085432969033718,0.3261393904686,0.20081792771816,163512.984375,70746.9375,1.261674284935,0.54588687419891
dish_1560453294,11.701003074646,0.8206672668457,0.60019147396088,0.045649379491806,0.63492870330811,0.058088850229979,171110.625,74747.875,1.3202979564667,0.57675820589066
dish_1560453328,10.325799942017,1.5541633367538,0.50274270772934,0.12660558521748,0.72104877233505,0.17091865837574,190138.59375,69196.3203125,1.4671187400818,0.53392219543457
dish_1560453356,9.9323091506958,1.1579877138138,0.48946598172188,0.10419712215662,0.70075762271881,0.16889791190624,187505.203125,58608.7734375,1.4467993974686,0.45222821831703
dish_1560453380,11.467668533325,3.579409122467,0.45440655946732,0.24915538728237,0.56768214702606,0.36185300350189,175326.53125,86692.203125,1.3528281450272,0.66892129182816
dish_1560453412,13.513689041138,3.2756996154785,0.50925761461258,0.16115580499172,0.47703438997269,0.19918566942215,183459.59375,82112.5234375,1.4155833721161,0.6335843205452
dish_1560454488,11.68540763855,3.8560354709625,0.55857956409454,0.14540541172028,0.70076537132263,0.18553625047207,167017.140625,65687.0625,1.2887125015259,0.50684469938278
dish_1560454513,12.52578163147,6.1712183952332,0.53204107284546,0.24814507365227,0.60892063379288,0.34584900736809,164086.875,68176.0078125,1.2661024332047,0.52604949474335
dish_1560454539,12.754028320312,0.33748632669449,0.51984906196594,0.00071392545942217,0.51502507925034,0.052161045372486,179103.484375,77276.9453125,1.3819712400436,0.59627264738083
dish_1560454562,17.386785507202,1.672594666481,0.72192513942719,0.13329155743122,0.2303052842617,0.17987607419491,173552.421875,73015.046875,1.3391391038895,0.56338775157928
dish_1560455030,15.072882652283,6.0989890098572,0.59011149406433,0.26087900996208,0.47749376296997,0.40514975786209,168479.453125,75079.9375,1.2999956607819,0.57932049036026
dish_1560455059,16.544137954712,6.7472591400146,0.6247478723526,0.2627327144146,0.47993522882462,0.50192278623581,168734.40625,75886.8515625,1.3019630908966,0.58554673194885
dish_1560455090,11.363255500793,1.6759663820267,0.46095743775368,0.10448705404997,0.83570826053619,0.13782884180546,165520.421875,64752.83203125,1.2771637439728,0.499636054039
dish_1560455179,12.490810394287,1.5550366640091,0.55964636802673,0.010727679356933,0.51435381174088,0.12812821567059,164707.71875,65958.9765625,1.2708928585052,0.50894272327423
dish_1560455203,9.417573928833,1.8235323429108,0.38046008348465,0.013558113947511,0.64670944213867,0.16489309072495,178081.3125,80902.0,1.3740841150284,0.62424385547638
dish_1560455224,12.346408843994,1.6867674589157,0.55916619300842,0.03536057472229,0.49721646308899,0.12778620421886,172817.59375,74780.953125,1.3334691524506,0.57701349258423
dish_1560455263,12.711784362793,2.2239758968353,0.52524673938751,0.1680025011301,0.39684563875198,0.084772229194641,185276.53125,84792.3671875,1.4296029806137,0.65426206588745
dish_1560455343,18.198131561279,7.0298962593079,0.75578129291534,0.21002753078938,0.27811917662621,0.34866407513618,162310.8125,54777.21875,1.2523982524872,0.42266377806664
dish_1560455380,14.248580932617,3.6632199287415,0.68417221307755,0.16276708245277,0.31400927901268,0.28284525871277,179976.375,79621.3046875,1.3887066841125,0.61436188220978
dish_1560455399,10.14591217041,1.1275454759598,0.4360699057579,0.10500527173281,0.74338221549988,0.089911870658398,170772.46875,66521.921875,1.3176888227463,0.51328641176224
dish_1560455421,11.374887466431,1.8212023973465,0.58174574375153,0.022514088079333,0.53451299667358,0.0079430369660258,169867.578125,68678.6171875,1.310706615448,0.52992755174637
dish_1560455442,16.110858917236,8.6991167068481,0.56084620952606,0.42211312055588,0.41334956884384,0.47376638650894,172169.828125,86463.3203125,1.328470826149,0.66715520620346
dish_1560456305,14.524936676025,3.0764319896698,0.68274486064911,0.12341503053904,0.50824546813965,0.10731734335423,171492.9375,71530.96875,1.3232479095459,0.55193656682968
dish_1560456326,14.67924118042,1.0648688077927,0.63785243034363,0.04252165928483,0.55819129943848,0.11670114845037,166495.390625,66304.4140625,1.2846866846085,0.51160818338394
dish_1560456348,13.941968917847,1.1044315099716,0.56597590446472,0.040767423808575,0.62753403186798,0.092686861753464,166963.5625,65026.65625,1.2882990837097,0.50174885988235
dish_1560456370,13.336977005005,1.8263167142868,0.51804232597351,0.01410351600498,0.60168170928955,0.0027450663037598,165002.21875,69408.4375,1.2731652259827,0.5355589389801
dish_1560456794,11.058223724365,0.34308141469955,0.56824845075607,0.048833109438419,0.54106605052948,0.016274584457278,169079.53125,69829.9453125,1.3046259880066,0.53881132602692
dish_1560456814,11.239879608154,0.032213006168604,0.50472605228424,0.041723292320967,0.68792337179184,0.10854844748974,162408.40625,61323.1171875,1.2531512975693,0.47317218780518
dish_1560456833,13.104199409485,2.4896388053894,0.55432486534119,0.10332810133696,0.44377118349075,0.20760527253151,202567.8125,71099.8046875,1.5630232095718,0.54860955476761
dish_1560456853,17.682777404785,3.4212896823883,0.70747238397598,0.27892118692398,0.27372935414314,0.3206160068512,172917.15625,70878.1171875,1.3342373371124,0.54689908027649
dish_1560526447,10.646770477295,0.71666705608368,0.46266180276871,0.024619154632092,0.73127293586731,0.16301119327545,172272.96875,72600.4609375,1.3292667865753,0.56018877029419
dish_1560526490,14.125082015991,0.90301072597504,0.52146005630493,0.060265123844147,0.40917101502419,0.1741918772459,181742.75,88575.46875,1.4023361206055,0.68345272541046
dish_1560527070,19.097379684448,7.7087483406067,0.71182537078857,0.23720456659794,0.32810297608376,0.37402877211571,164929.125,69790.4765625,1.2726013660431,0.53850680589676
dish_1560527105,9.0363874435425,0.40806242823601,0.42720764875412,0.016946636140347,0.85605955123901,0.023606408387423,161966.765625,64382.08984375,1.2497435808182,0.49677541851997
dish_1560539314,19.943815231323,1.2580099105835,0.77117121219635,0.072307556867599,0.18720822036266,0.090111374855042,177475.609375,81966.40625,1.3694105148315,0.63245689868927
dish_1560539340,19.369119644165,9.6874933242798,0.65536141395569,0.22204846143723,0.37151858210564,0.44737961888313,169062.328125,69054.28125,1.3044933080673,0.53282624483109
dish_1560541793,10.164295196533,1.0412678718567,0.25017136335373,0.09142842143774,0.73342704772949,0.12249556183815,175378.03125,73419.484375,1.3532254695892,0.56650841236115
dish_1560543505,20.74592590332,10.291177749634,0.69941288232803,0.2851143181324,0.2659640610218,0.30209159851074,175765.90625,79168.2421875,1.3562183380127,0.6108660697937
dish_1560543525,12.948080062866,5.7161998748779,0.51853239536285,0.35700339078903,0.42735439538956,0.27886274456978,178188.625,79853.484375,1.3749122619629,0.61615347862244
dish_1560543557,15.300746917725,5.4208340644836,0.57737290859222,0.22820915281773,0.52866077423096,0.54170286655426,164653.953125,69149.734375,1.2704781293869,0.53356277942657
dish_1560543583,16.988067626953,9.4605503082275,0.55344420671463,0.4318919479847,0.43095096945763,0.52083247900009,178880.84375,80404.4921875,1.3802534341812,0.62040501832962
dish_1560543605,17.974739074707,10.74996471405,0.56389939785004,0.45393761992455,0.35685908794403,0.44235235452652,183647.296875,86108.7265625,1.4170315265656,0.66441917419434
dish_1560787696,18.249185562134,3.1258475780487,0.72245848178864,0.058119535446167,0.3490429520607,0.16468180716038,161504.5,63668.8046875,1.2461767196655,0.49127167463303
dish_1560798656,13.406074523926,0.85517549514771,0.54481101036072,0.10578206926584,0.67188173532486,0.063389167189598,155113.0625,109775.875,1.1968600749969,0.84703606367111
dish_1560798707,17.681020736694,4.4899973869324,0.61183208227158,0.11818759888411,0.37738636136055,0.20438723266125,171113.75,74843.6875,1.3203222751617,0.57749754190445
dish_1560798928,19.255270004272,2.1331269741058,0.68384170532227,0.10076481103897,0.19798436760902,0.06407592445612,179527.296875,84280.0078125,1.3852415084839,0.65030866861343
dish_1560799113,21.192041397095,2.8530375957489,0.7662325501442,0.06950031965971,0.2610872387886,0.091071650385857,209318.515625,34205.36328125,1.6151119470596,0.2639302611351
dish_1560799368,18.508211135864,7.4127979278564,0.59447246789932,0.23368448019028,0.3136465549469,0.27102252840996,173004.0625,75349.9375,1.3349078893661,0.58140385150909
dish_1560799558,18.365337371826,2.4058539867401,0.70766520500183,0.098321855068207,0.37777042388916,0.10694155842066,167463.59375,72017.03125,1.2921574115753,0.55568695068359
dish_1560799615,11.610593795776,2.2912216186523,0.36246111989021,0.092496946454048,0.70093137025833,0.15521483123302,191860.765625,62211.75390625,1.4804071187973,0.48002898693085
dish_1560800836,15.354179382324,0.31549444794655,0.57723295688629,0.096241362392902,0.55180132389069,0.13853754103184,168081.625,73459.125,1.2969260215759,0.56681418418884
dish_1560802562,19.283416748047,10.042492866516,0.66000115871429,0.25124856829643,0.40076518058777,0.47367680072784,162071.859375,58702.3203125,1.250554561615,0.45295003056526
dish_1560802730,13.723407745361,0.68177485466003,0.47626984119415,0.013196072541177,0.53499406576157,0.062580734491348,173141.984375,74548.828125,1.335972070694,0.57522249221802
dish_1560802764,16.016613006592,2.2914526462555,0.5096932053566,0.1509476006031,0.45527744293213,0.20193682610989,198468.921875,67136.5859375,1.5313959121704,0.51802915334702
dish_1560802853,16.434978485107,4.6896891593933,0.63277387619019,0.2109487503767,0.3488712310791,0.3092445731163,174659.703125,76626.5078125,1.3476829528809,0.5912538766861
dish_1560874751,13.183921813965,2.7045106887817,0.48944094777107,0.024215346202254,0.57144021987915,0.13943108916283,172425.40625,76961.8203125,1.3304430246353,0.59384119510651
dish_1560887408,12.499649047852,0.42625570297241,0.63396787643433,0.067849300801754,0.66320496797562,0.13703036308289,165863.078125,68778.203125,1.2798076868057,0.53069597482681
dish_1560887457,8.9936237335205,0.37430110573769,0.3566055893898,0.0023167489562184,0.78114408254623,0.0075826393440366,175951.84375,77529.4765625,1.3576531410217,0.59822130203247
dish_1560888849,11.205571174622,1.0098135471344,0.44334772229195,0.10447021573782,0.73973071575165,0.043851912021637,191991.875,62382.28515625,1.4814188480377,0.48134481906891
dish_1560888893,13.419257164001,2.2444200515747,0.54265582561493,0.016185147687793,0.54444628953934,0.19159004092216,177768.84375,80739.796875,1.3716731071472,0.62299227714539
dish_1560889032,10.590971946716,1.6644827127457,0.47400835156441,0.050683815032244,0.85689598321915,0.041393280029297,192018.6875,64554.953125,1.4816257953644,0.49810925126076
dish_1560889061,7.5118589401245,0.068833224475384,0.30658662319183,0.027253247797489,0.82986456155777,0.037738963961601,176450.390625,79263.484375,1.3614999055862,0.61160099506378
dish_1560961012,15.456628799438,0.26047697663307,0.66594231128693,0.0044776392169297,0.50818902254105,0.0072195865213871,166934.28125,73344.15625,1.288073182106,0.56592708826065
dish_1560961059,13.744064331055,1.5288293361664,0.54742240905762,0.057927809655666,0.59113073348999,0.18454252183437,163258.90625,63101.34765625,1.259713768959,0.48689317703247
dish_1560961202,10.711711883545,1.5738314390182,0.37525367736816,0.014937959611416,0.85349458456039,0.0076588410884142,166444.203125,66522.0078125,1.2842916250229,0.51328706741333
dish_1560961261,10.512308120728,3.1820404529572,0.37389826774597,0.077053226530552,0.85069346427917,0.27076721191406,166223.234375,68215.3671875,1.2825866937637,0.52635312080383
dish_1560973958,11.093625068665,2.2182202339172,0.36331540346146,0.045964721590281,0.61545288562775,0.27084949612617,168397.859375,60598.27734375,1.299366235733,0.46757933497429
dish_1560973984,12.518035888672,4.0569791793823,0.39314085245132,0.048978988081217,0.4734748005867,0.2564405798912,206444.46875,67724.09375,1.5929356813431,0.5225625038147
dish_1560974009,12.774794578552,4.0699505805969,0.4552606344223,0.21511286497116,0.420838534832,0.16311007738113,180282.0625,81905.8828125,1.3910653591156,0.63198989629745
dish_1560974769,12.342397689819,2.0476281642914,0.62050211429596,0.10844426602125,0.42977476119995,0.23917090892792,175025.453125,80090.3828125,1.3505049943924,0.61798131465912
dish_1560975491,26.197652816772,9.6370897293091,0.89944124221802,0.069408737123013,0.088814117014408,0.074326440691948,172891.359375,76444.5625,1.3340382575989,0.5898500084877
dish_1560975572,11.443061828613,1.2680381536484,0.38459315896034,0.0074669462628663,0.8902353644371,0.0076204030774534,119250.15625,150319.671875,0.92014014720917,1.1598740816116
dish_1560975628,12.475345611572,1.8760256767273,0.40398779511452,0.028246017172933,0.79213607311249,0.070215933024883,173248.8125,75014.0546875,1.3367965221405,0.57881218194962
dish_1560976044,12.850260734558,3.293468952179,0.6033707857132,0.14485689997673,0.48960229754448,0.27976548671722,190374.203125,62415.03125,1.4689368009567,0.48159745335579
dish_1561049409,11.071444511414,0.23092426359653,0.3418655693531,0.0081710517406464,0.91211670637131,0.057698275893927,162065.390625,70018.171875,1.2505046129227,0.54026365280151
dish_1561060448,17.908571243286,0.48372089862823,0.71870893239975,0.065234325826168,0.4098838865757,0.047471184283495,194541.359375,64595.8671875,1.5010907649994,0.49842491745949
dish_1561060477,17.598190307617,2.5287761688232,0.72511619329453,0.071419268846512,0.40223839879036,0.1037020534277,188304.09375,64915.5703125,1.4529635906219,0.50089174509048
dish_1561060503,16.397747039795,0.25781598687172,0.65261137485504,0.07036130130291,0.41855666041374,0.083046533167362,168656.6875,71130.2890625,1.3013632297516,0.54884475469589
dish_1561060613,12.423931121826,0.62963682413101,0.4712610244751,0.063218347728252,0.59237259626389,0.15595537424088,195223.859375,63177.44140625,1.5063569545746,0.48748028278351
dish_1561060642,11.306889533997,1.1750279664993,0.45428261160851,0.085818514227867,0.6122151017189,0.065223798155785,198137.390625,67426.9453125,1.5288379192352,0.52026963233948
dish_1561060976,9.274507522583,0.64023154973984,0.34204304218292,0.076062671840191,0.77760720252991,0.0010767676867545,177372.03125,79660.078125,1.3686113357544,0.61466109752655
dish_1561061123,10.365796089172,2.723268032074,0.28043484687805,0.10268528014421,0.67494761943817,0.083498701453209,207197.640625,71157.859375,1.598747253418,0.54905754327774
dish_1561061658,11.212564468384,2.6615357398987,0.39605128765106,0.17090055346489,0.55173891782761,0.16827222704887,188469.28125,88085.0546875,1.4542382955551,0.67966860532761
dish_1561061687,10.049690246582,1.4417357444763,0.31066951155663,0.10965544730425,0.54814732074738,0.12656481564045,183682.25,82878.1171875,1.4173012971878,0.6394916176796
dish_1561062237,15.932613372803,1.2743487358093,0.57194077968597,0.14346504211426,0.47804570198059,0.081412367522717,175259.5625,78768.6328125,1.3523114919662,0.60778266191483
dish_1561062286,18.925849914551,4.6111421585083,0.71658205986023,0.12864276766777,0.31336230039597,0.26294627785683,174757.28125,79534.484375,1.3484358787537,0.61369204521179
dish_1561062586,13.907594680786,2.5354437828064,0.61180448532104,0.18587771058083,0.55215895175934,0.11122733354568,191706.59375,49637.3125,1.4792176485062,0.38300397992134
dish_1561134156,15.924301147461,1.7804871797562,0.52971458435059,0.044966641813517,0.39629435539246,0.090520791709423,175839.203125,78422.5234375,1.3567838668823,0.60511201620102
dish_1561148021,12.906457901001,1.6543130874634,0.38759112358093,0.029113695025444,0.5872066617012,0.091165147721767,171051.34375,76094.71875,1.319840669632,0.58715063333511
dish_1561148042,10.496198654175,0.035486973822117,0.31853371858597,0.061118051409721,0.69362097978592,0.034173592925072,167689.453125,73937.3984375,1.2939001321793,0.57050460577011
dish_1561148481,15.752165794373,1.0925070047379,0.5641987323761,0.13090915977955,0.41096299886703,0.14022183418274,144299.84375,99682.1796875,1.1134246587753,0.76915264129639
dish_1561392386,12.417835235596,1.0196712017059,0.56844627857208,0.024641577154398,0.69643992185593,0.040609922260046,160455.203125,61700.4375,1.2380802631378,0.47608360648155
dish_1561392430,12.900127410889,2.4949553012848,0.52397948503494,0.067527934908867,0.55719268321991,0.43743824958801,165451.125,63535.015625,1.2766290903091,0.49023929238319
dish_1561392459,9.9595165252686,2.2087833881378,0.32685375213623,0.07654881477356,0.69177746772766,0.17893372476101,183549.734375,82573.3828125,1.4162788391113,0.6371403336525
dish_1561392543,10.641324996948,0.19723916053772,0.50789469480515,0.069243393838406,0.79317009449005,0.23931330442429,171529.65625,73196.1328125,1.3235312700272,0.56478494405746
dish_1561392593,12.563723564148,5.5530166625977,0.47153589129448,0.298385232687,0.50747275352478,0.41612774133682,170495.3125,68243.09375,1.315550327301,0.52656710147858
dish_1561393550,13.876064300537,1.7700327634811,0.51425731182098,0.14593875408173,0.6518440246582,0.085162468254566,169963.4375,72013.171875,1.3114463090897,0.55565720796585
dish_1561393649,13.614733695984,0.8827303647995,0.49444723129272,0.11602563410997,0.59328496456146,0.060737822204828,169020.0625,77264.5390625,1.3041671514511,0.59617698192596
dish_1561393764,12.816724777222,6.4886913299561,0.58587467670441,0.21424894034863,0.47519412636757,0.40579256415367,194261.53125,61562.76171875,1.4989315271378,0.47502130270004
dish_1561404438,16.90896987915,6.6804485321045,0.69663822650909,0.19204719364643,0.30491608381271,0.34031739830971,184498.890625,58780.76953125,1.4236025810242,0.45355534553528
dish_1561404458,9.2573184967041,0.44238007068634,0.47064620256424,0.16902282834053,0.65749275684357,0.19344291090965,176076.8125,76448.2890625,1.3586173057556,0.58987867832184
dish_1561404485,9.8867511749268,1.7544016838074,0.42228603363037,0.10213747620583,0.63681012392044,0.16701056063175,198653.125,69805.46875,1.5328172445297,0.53862243890762
dish_1561404505,14.36116027832,5.1239824295044,0.56242156028748,0.17190144956112,0.40050867199898,0.23725964128971,203917.796875,69086.5234375,1.5734398365021,0.53307503461838
dish_1561404924,14.672603607178,1.4145675897598,0.55640935897827,0.01842900365591,0.57086086273193,0.086398892104626,178239.96875,81649.90625,1.3753083944321,0.63001477718353
dish_1561404956,13.991823196411,4.358256816864,0.6050888299942,0.10624396800995,0.48763239383698,0.31189641356468,188564.6875,62355.01171875,1.4549744129181,0.48113435506821
dish_1561405008,10.555839538574,0.23558402061462,0.36208897829056,0.058146949857473,0.75885361433029,0.014078396372497,179148.65625,79469.0546875,1.3823199272156,0.61318719387054
dish_1561405034,10.31130027771,0.50448089838028,0.30977937579155,0.018552916124463,0.80077373981476,0.097028702497482,176995.734375,79854.4375,1.3657077550888,0.6161607503891
dish_1561405332,12.422743797302,1.5693597793579,0.63552248477936,0.059718206524849,0.66555523872375,0.075736917555332,168009.921875,74412.0859375,1.2963728904724,0.5741673707962
dish_1561405356,9.7201452255249,0.88658088445663,0.52430099248886,0.046347729861736,0.78259634971619,0.19019629061222,168239.5,68506.0390625,1.2981442213058,0.52859598398209
dish_1561405389,11.398826599121,1.6730269193649,0.47205168008804,0.1128211915493,0.60331475734711,0.29107221961021,169351.15625,64102.48828125,1.3067219257355,0.49461799860001
dish_1561405411,14.085035324097,5.6043066978455,0.5656504034996,0.26626917719841,0.49577680230141,0.58653616905212,174050.671875,70616.890625,1.3429836034775,0.54488337039948
dish_1561405836,20.755392074585,1.7573739290237,0.77659142017365,0.037354245781898,0.26030933856964,0.099626570940018,176874.609375,80145.421875,1.364773273468,0.61840605735779
dish_1561405864,14.413524627686,1.1610819101334,0.60786646604538,0.046808466315269,0.54313218593597,0.093944624066353,192295.921875,62234.0078125,1.4837648868561,0.48020067811012
dish_1561405887,12.414560317993,0.35565569996834,0.50230824947357,0.062057062983513,0.70662742853165,0.035997878760099,188188.34375,62885.51953125,1.4520704746246,0.48522773385048
dish_1561405912,10.171585083008,1.4253355264664,0.33992791175842,0.063688352704048,0.87032634019852,0.028586488217115,184181.0625,59264.08984375,1.4211500883102,0.45728465914726
dish_1561405934,12.537973403931,3.9942746162415,0.47636789083481,0.20613995194435,0.51374864578247,0.36757156252861,198994.5625,69661.9296875,1.5354518890381,0.53751486539841
dish_1561407208,14.232099533081,0.59313023090363,0.57212674617767,0.068232126533985,0.5974560379982,0.073295138776302,165527.609375,72655.9453125,1.2772192955017,0.56061691045761
dish_1561407249,14.064499855042,2.0397415161133,0.49729588627815,0.24860525131226,0.47583562135696,0.19218194484711,176411.703125,82976.3984375,1.3612012863159,0.64024996757507
dish_1561407312,11.638778686523,0.63351702690125,0.44627580046654,0.092952974140644,0.54857361316681,0.0447663590312,176009.640625,78435.28125,1.3580991029739,0.60521054267883
dish_1561481577,11.228563308716,0.54975605010986,0.48017853498459,0.047455582767725,0.61962831020355,0.025717627257109,174230.953125,76274.8828125,1.3443746566772,0.58854085206985
dish_1561481606,15.915546417236,6.9187793731689,0.56133556365967,0.2658688724041,0.50877410173416,0.39911261200905,188013.546875,59773.734375,1.4507217407227,0.46121707558632
dish_1561481634,12.34104347229,0.25833860039711,0.43643039464951,0.066503576934338,0.62230920791626,0.1064231544733,178105.1875,79919.2265625,1.3742682933807,0.61666071414948
dish_1561491121,9.2730464935303,3.7110643386841,0.4447894692421,0.13115130364895,0.75363975763321,0.17881685495377,163849.0,68637.109375,1.2642669677734,0.52960735559464
dish_1561491154,9.6748161315918,1.0427689552307,0.46808707714081,0.1621608287096,0.65009570121765,0.12059865146875,168666.328125,72884.0625,1.3014377355576,0.56237703561783
dish_1561491180,12.109721183777,4.1346249580383,0.53182351589203,0.24622781574726,0.48081254959106,0.31042477488518,176329.5625,76451.125,1.3605675697327,0.58990067243576
dish_1561491210,10.123497009277,1.6553953886032,0.45496115088463,0.0048789191059768,0.75293380022049,0.12945395708084,163228.796875,68407.8046875,1.2594814300537,0.52783799171448
dish_1561492161,18.622295379639,5.2391686439514,0.75057673454285,0.099821984767914,0.23415797948837,0.16349297761917,167255.984375,68595.1171875,1.2905554771423,0.52928334474564
dish_1561492228,11.845693588257,0.37229153513908,0.45702803134918,0.1736027598381,0.58814007043839,0.20095945894718,168120.4375,68165.890625,1.2972255945206,0.52597141265869
dish_1561492519,11.025044441223,1.5619958639145,0.46490585803986,0.051337223500013,0.64982390403748,0.053630389273167,166388.6875,73210.2265625,1.2838633060455,0.56489372253418
dish_1561492628,13.211269378662,1.0555371046066,0.54306709766388,0.057609725743532,0.60760200023651,0.12196358293295,170979.21875,74059.65625,1.3192842006683,0.57144796848297
dish_1561492665,13.356065750122,2.6475942134857,0.49901762604713,0.044109754264355,0.6651314496994,0.105373904109,172037.765625,77211.21875,1.3274519443512,0.59576565027237
dish_1561492687,11.936809539795,3.0520198345184,0.4916475713253,0.063464090228081,0.63971894979477,0.10828343033791,172432.421875,71801.9453125,1.3304970264435,0.55402737855911
dish_1561492703,12.873260498047,0.41241803765297,0.50526869297028,0.079895421862602,0.48220661282539,0.088452033698559,172372.953125,75694.4140625,1.330038189888,0.58406186103821
dish_1561493975,7.0892043113708,0.092164032161236,0.23041805624962,0.0042784004472196,0.84629666805267,0.021391000598669,186046.546875,91679.5625,1.4355443716049,0.70740401744843
dish_1561494001,11.055635452271,1.4144906997681,0.45210158824921,0.015896484255791,0.65612995624542,0.01281934324652,166645.34375,67150.890625,1.2858438491821,0.51813960075378
dish_1561494032,11.408851623535,3.0791161060333,0.47423234581947,0.18436740338802,0.57183289527893,0.29298776388168,189766.078125,56738.22265625,1.4642444849014,0.43779492378235
dish_1561574215,10.904607772827,1.990009188652,0.35744178295135,0.090606689453125,0.70221352577209,0.20120438933372,194716.140625,63818.6328125,1.5024393796921,0.49242773652077
dish_1561574368,20.067905426025,11.212229728699,0.70090317726135,0.18441255390644,0.36366471648216,0.28690016269684,198612.75,66464.4296875,1.5325057506561,0.51284277439117
dish_1561574394,11.106397628784,1.9112401008606,0.40070825815201,0.12665231525898,0.59361559152603,0.10669848322868,197523.0,68467.71875,1.5240972042084,0.52830028533936
dish_1561574428,16.247753143311,6.2330656051636,0.61784982681274,0.2895575761795,0.35326144099236,0.3503885269165,198656.0625,66020.3828125,1.532840013504,0.50941652059555
dish_1561574456,11.440999984741,1.176438331604,0.37909150123596,0.12508860230446,0.60755115747452,0.17608168721199,198808.5625,68463.640625,1.5340166091919,0.52826881408691
dish_1561574479,18.810203552246,3.1881234645844,0.63974171876907,0.096623763442039,0.23972377181053,0.095309868454933,204488.5,68462.34375,1.5778434276581,0.52825886011124
dish_1561574600,13.884871482849,9.7061176300049,0.49147206544876,0.32202976942062,0.59325355291367,0.4578982591629,192972.140625,61228.453125,1.4889825582504,0.4724417924881
dish_1561574623,17.024562835693,9.5048036575317,0.62694525718689,0.33630907535553,0.34957849979401,0.44436848163605,196715.421875,66583.4296875,1.517865896225,0.51376104354858
dish_1561574783,9.973180770874,0.086365975439548,0.49135076999664,0.0045663160271943,0.63825225830078,0.07256755977869,171989.953125,70730.09375,1.3270829916,0.54575687646866
dish_1561574815,11.970945358276,6.3231301307678,0.5230485200882,0.30155998468399,0.49193891882896,0.40007352828979,175037.6875,72065.3828125,1.3505994081497,0.55606001615524
dish_1561574848,17.301013946533,6.7169170379639,0.63716548681259,0.21755923330784,0.32610458135605,0.30121093988419,178087.296875,82326.71875,1.3741303682327,0.63523697853088
dish_1561574974,7.9083404541016,1.6418695449829,0.32801645994186,0.059041392058134,0.87333834171295,0.022646302357316,170536.84375,70689.8984375,1.315870642662,0.54544675350189
dish_1561575033,11.352359771729,4.9763197898865,0.47253116965294,0.17942652106285,0.59226071834564,0.29715049266815,196436.890625,64293.30859375,1.5157166719437,0.49609032273293
dish_1561575068,9.8376445770264,1.3888815641403,0.3533388376236,0.22492136061192,0.72134578227997,0.28914192318916,183952.125,90670.6875,1.419383764267,0.69961959123611
dish_1561575274,18.58164024353,4.5731425285339,0.69424784183502,0.15347974002361,0.16988088190556,0.13152079284191,191218.390625,63867.55078125,1.4754505157471,0.49280518293381
dish_1561575300,18.878837585449,0.77512437105179,0.78413599729538,0.038162622600794,0.14555837213993,0.037610746920109,181269.71875,79176.171875,1.3986860513687,0.61092722415924
dish_1561575327,17.760200500488,10.78213596344,0.55820059776306,0.41564586758614,0.43214237689972,0.50105690956116,177444.359375,76441.984375,1.3691693544388,0.58983010053635
dish_1561575347,9.8508014678955,0.54374289512634,0.25549700856209,0.047551855444908,0.74949061870575,0.13612921535969,174376.59375,75610.96875,1.3454984426498,0.5834179520607
dish_1561575445,11.527009963989,0.38179582357407,0.54233741760254,0.017481038346887,0.68543165922165,0.12649154663086,173681.375,75572.3125,1.3401341438293,0.58311969041824
dish_1561575474,11.541604995728,1.4391466379166,0.45476150512695,0.16411063075066,0.61139351129532,0.22994831204414,187976.234375,62129.4921875,1.4504339694977,0.47939422726631
dish_1561575506,10.183011054993,1.7772524356842,0.35149392485619,0.088209196925163,0.64787793159485,0.24396827816963,194920.3125,67696.1484375,1.5040147304535,0.52234679460526
dish_1561575613,10.465651512146,1.021253824234,0.42017096281052,0.032407954335213,0.61115050315857,0.036079935729504,170409.359375,70810.0859375,1.314887046814,0.54637414216995
dish_1561575661,12.659473419189,2.3919038772583,0.53584635257721,0.034513842314482,0.4136960208416,0.1185762360692,181451.1875,87559.0703125,1.4000862836838,0.67561012506485
dish_1561575908,14.481931686401,2.8936583995819,0.4564083814621,0.055382013320923,0.55382585525513,0.18669785559177,177444.0,78330.953125,1.3691666126251,0.60440546274185
dish_1561575951,17.277326583862,8.1907186508179,0.59828174114227,0.25263258814812,0.33143058419228,0.24537919461727,201318.578125,70260.34375,1.5533840656281,0.54213225841522
dish_1561575977,12.145267486572,3.7805263996124,0.44638684391975,0.21456122398376,0.56644558906555,0.27163565158844,177411.71875,79773.4296875,1.3689175844193,0.61553573608398
dish_1561575996,15.254319190979,4.2369341850281,0.55611431598663,0.17900909483433,0.37999379634857,0.22741076350212,173228.140625,81141.2734375,1.3366369009018,0.62609004974365
dish_1561576026,19.346914291382,8.2471895217896,0.65256482362747,0.2997097671032,0.29723128676414,0.36500996351242,178251.859375,77689.75,1.375400185585,0.59945797920227
dish_1561576051,10.471125602722,0.31316524744034,0.31129735708237,0.051116731017828,0.77267110347748,0.17867241799831,177995.515625,79134.6640625,1.3734221458435,0.61060696840286
dish_1561576074,8.996561050415,1.3297479152679,0.28825780749321,0.096227057278156,0.74748462438583,0.0070399567484856,178018.09375,86802.296875,1.3735964298248,0.66977083683014
dish_1561576212,17.986431121826,7.2009611129761,0.64141982793808,0.17304953932762,0.4521866440773,0.23724900186062,206056.8125,60250.75390625,1.5899444818497,0.46489781141281
dish_1561576257,17.897724151611,9.9413595199585,0.61658960580826,0.17626759409904,0.44428265094757,0.33760672807693,195995.46875,63099.95703125,1.5123106241226,0.48688235878944
dish_1561576295,11.20339679718,3.318953037262,0.42461410164833,0.18278612196445,0.65672624111176,0.37028989195824,207227.53125,70258.25,1.598977804184,0.54211610555649
dish_1561576320,12.886304855347,4.0661268234253,0.43232956528664,0.281672924757,0.54560321569443,0.37295037508011,205515.8125,68522.515625,1.5857702493668,0.52872318029404
dish_1561576449,16.802474975586,6.1208214759827,0.63282036781311,0.2242251932621,0.44348675012589,0.46758902072906,165491.875,66104.3046875,1.2769434452057,0.51006406545639
dish_1561576483,14.490497589111,2.6174063682556,0.60086834430695,0.10202120989561,0.3712549507618,0.077358730137348,171524.4375,79679.390625,1.3234909772873,0.61481004953384
dish_1561576590,15.858693122864,4.7081332206726,0.6155241727829,0.084515899419785,0.36161229014397,0.17090827226639,192858.078125,61239.3203125,1.4881024360657,0.4725256562233
dish_1561576618,12.7405128479,0.13349694013596,0.49994879961014,0.099313966929913,0.47285848855972,0.036517906934023,181950.109375,85071.515625,1.4039360284805,0.65641593933105
dish_1561576652,17.573022842407,3.0960245132446,0.6971287727356,0.020519150421023,0.30971258878708,0.10084541887045,121636.03125,159460.890625,0.93854963779449,1.2304081916809
dish_1561576680,15.958448410034,6.6500930786133,0.5768129825592,0.27257084846497,0.35106474161148,0.31783589720726,175099.375,78747.2421875,1.3510754108429,0.60761761665344
dish_1561576707,16.733711242676,4.7030453681946,0.66446542739868,0.093682579696178,0.29507127404213,0.087729841470718,150799.328125,68144.09375,1.163575053215,0.52580320835114
dish_1561576737,16.640651702881,6.2863168716431,0.58698630332947,0.29739031195641,0.34728768467903,0.33521792292595,201653.765625,67214.0078125,1.5559704303741,0.5186265707016
dish_1561576767,14.025995254517,5.0892243385315,0.49284607172012,0.289545327425,0.38284209370613,0.30186066031456,180950.796875,80279.25,1.3962253332138,0.61943870782852
dish_1561576794,22.873434066772,1.9948527812958,0.84603500366211,0.0025875214487314,0.070605769753456,0.032112084329128,174542.3125,68791.0234375,1.3467770814896,0.53079491853714
dish_1561576887,10.881114006042,2.517290353775,0.39884668588638,0.037011403590441,0.63398665189743,0.13454243540764,174733.09375,79109.40625,1.3482491970062,0.61041212081909
dish_1561576916,9.7547950744629,0.39388287067413,0.35884684324265,0.014097425155342,0.61008834838867,0.00670864013955,179610.09375,78542.0703125,1.3858803510666,0.60603445768356
dish_1561576954,12.80099105835,1.7208281755447,0.52837198972702,0.0039312895387411,0.3871314227581,0.029822941869497,180629.25,84210.8359375,1.3937442302704,0.64977496862411
dish_1561576978,12.420246124268,0.054664123803377,0.47880771756172,0.09574393928051,0.45259883999825,0.09128126502037,182005.46875,80721.484375,1.404363155365,0.62285095453262
dish_1561577083,12.427962303162,0.2573533654213,0.61133182048798,0.026645828038454,0.69728684425354,0.036229725927114,176286.4375,78710.78125,1.3602349758148,0.60733634233475
dish_1561577119,14.312319755554,0.66890186071396,0.5971377491951,0.10149410367012,0.54006266593933,0.15415585041046,197119.5625,66652.3046875,1.5209842920303,0.5142924785614
dish_1561577146,13.818126678467,3.2260282039642,0.6240439414978,0.13763979077339,0.39977040886879,0.2341552823782,188471.484375,60956.9453125,1.4542553424835,0.47034680843353
dish_1561577177,7.8392949104309,0.36359378695488,0.33661687374115,0.022925799712539,0.90413784980774,0.010771174915135,175977.25,81833.0625,1.357849240303,0.63142794370651
dish_1561577198,10.165518760681,1.7753487825394,0.38258919119835,0.089033916592598,0.78492999076843,0.1708914488554,185847.796875,59276.39453125,1.4340107440948,0.45737960934639
dish_1561577219,12.769358634949,1.6634953022003,0.53751480579376,0.12679347395897,0.47122305631638,0.2028062492609,196725.234375,66343.453125,1.5179417133331,0.51190936565399
dish_1561577549,14.100527763367,1.3625786304474,0.58894413709641,0.062210384756327,0.59655153751373,0.11968730390072,189595.46875,63854.125,1.4629280567169,0.49270161986351
dish_1561577573,15.886213302612,8.4342889785767,0.59473532438278,0.25971150398254,0.51388603448868,0.44002345204353,202025.59375,69745.7734375,1.5588394403458,0.5381618142128
dish_1561577598,11.716227531433,1.5381679534912,0.44815975427628,0.17136633396149,0.47994098067284,0.15663489699364,208657.625,71327.78125,1.6100125312805,0.55036866664886
dish_1561577678,11.922846794128,2.0708401203156,0.57963728904724,0.10461468994617,0.56549769639969,0.22034545242786,194425.21875,65487.08984375,1.5001945495605,0.50530159473419
dish_1561577701,11.495351791382,1.5403394699097,0.54469293355942,0.13957495987415,0.54250156879425,0.16203294694424,197261.140625,70205.2734375,1.5220767259598,0.54170733690262
dish_1561577731,17.149814605713,8.0470094680786,0.64858460426331,0.327572286129,0.36029812693596,0.42538097500801,155580.796875,113804.203125,1.2004691362381,0.87811887264252
dish_1561577848,17.776941299438,7.9568915367126,0.70808535814285,0.22986461222172,0.30686545372009,0.3354349732399,174514.15625,80208.7734375,1.346559882164,0.61889481544495
dish_1561577947,12.852063179016,5.1283783912659,0.42414140701294,0.28413254022598,0.5311279296875,0.27790021896362,199541.671875,66606.3828125,1.5396733283997,0.51393812894821
dish_1561578156,16.812761306763,1.9054832458496,0.77020132541656,0.057388707995415,0.22727248072624,0.074137307703495,174920.03125,72328.8046875,1.3496916294098,0.55809259414673
dish_1561578188,9.9893817901611,0.86149573326111,0.46273809671402,0.11601349711418,0.55725038051605,0.1042710095644,181599.171875,85047.1953125,1.4012281894684,0.65622842311859
dish_1561578226,8.5335149765015,1.0121660232544,0.27337950468063,0.090826995670795,0.77705460786819,0.16024620831013,189099.234375,62687.44140625,1.4590990543365,0.48369941115379
dish_1561578323,17.172607421875,0.50190895795822,0.70763766765594,0.064736165106297,0.33290147781372,0.098461657762527,178817.40625,76219.21875,1.3797639608383,0.58811128139496
dish_1561578373,14.211207389832,3.5974791049957,0.55169159173965,0.14594163000584,0.43018889427185,0.19244664907455,198827.40625,69576.28125,1.5341621637344,0.53685402870178
dish_1561578394,12.295970916748,6.624409198761,0.58082145452499,0.20109109580517,0.4463292658329,0.37467923760414,197743.125,70642.40625,1.5257956981659,0.54508024454117
dish_1561578417,20.901824951172,6.3121309280396,0.70586466789246,0.1769877076149,0.23713082075119,0.13011860847473,202965.859375,69365.0390625,1.5660946369171,0.53522402048111
dish_1561578441,10.5514087677,0.95419991016388,0.46137118339539,0.21027913689613,0.48854380846024,0.22254487872124,181889.0,83226.25,1.4034644365311,0.64217782020569
dish_1561578461,13.89297580719,4.744339466095,0.52931070327759,0.3040646314621,0.41790270805359,0.29635480046272,169364.625,68855.4296875,1.3068257570267,0.53129184246063
dish_1561578570,22.386556625366,6.1530613899231,0.79910528659821,0.13957943022251,0.17811153829098,0.18684613704681,194190.0,65156.30078125,1.4983795881271,0.50274920463562
dish_1561578603,22.084852218628,8.2460870742798,0.76471823453903,0.1041047796607,0.23597538471222,0.25934913754463,191925.65625,60793.3203125,1.4809077978134,0.46908429265022
dish_1561578623,13.754097938538,4.9537014961243,0.53540182113647,0.22579371929169,0.49868047237396,0.2979511320591,183303.1875,58378.0,1.4143764972687,0.45044755935669
dish_1561578676,16.343961715698,5.4001798629761,0.68761640787125,0.21537095308304,0.35227301716805,0.376823335886,185128.484375,57925.609375,1.4284604787827,0.44695684313774
dish_1561578775,15.2159948349,1.7711265087128,0.59241771697998,0.1925420165062,0.46494740247726,0.2290096282959,176549.484375,81625.109375,1.3622646331787,0.62982338666916
dish_1561578800,11.367987632751,5.0133199691772,0.47931087017059,0.20420525968075,0.47819715738297,0.27382236719131,178949.5,79478.421875,1.380783200264,0.61325943470001
dish_1561578839,18.637733459473,7.8289542198181,0.62989991903305,0.22788417339325,0.28012135624886,0.33827689290047,198476.265625,64926.8125,1.5314526557922,0.50097846984863
dish_1561578865,10.312358856201,0.39572247862816,0.24139183759689,0.038709111511707,0.81072580814362,0.062146812677383,200183.78125,65927.8671875,1.544627904892,0.50870269536972
dish_1561578898,11.157555580139,2.3505756855011,0.37573748826981,0.22957697510719,0.59851813316345,0.30760458111763,200031.75,65654.6171875,1.5434548854828,0.50659424066544
dish_1561579576,20.078868865967,9.254322052002,0.62384903430939,0.20878453552723,0.30364894866943,0.29993599653244,177697.328125,79089.09375,1.3711214065552,0.61025536060333
dish_1561579617,13.14849281311,3.8326885700226,0.50615411996841,0.12062216550112,0.45671391487122,0.24216929078102,184792.0625,59646.68359375,1.4258646965027,0.4602367579937
dish_1561579673,18.232481002808,5.2625503540039,0.65765762329102,0.18733084201813,0.19644492864609,0.1196054443717,193483.46875,62040.2265625,1.4929280281067,0.47870543599129
dish_1561579706,14.748161315918,4.4263186454773,0.51747840642929,0.18748541176319,0.45608812570572,0.28798285126686,191969.1875,63249.671875,1.4812436103821,0.48803755640984
dish_1561579824,15.379734039307,5.3735551834106,0.5698333978653,0.047566555440426,0.51297891139984,0.20034457743168,177806.53125,82057.5703125,1.3719639778137,0.63316023349762
dish_1561579845,13.982579231262,3.7228422164917,0.59579730033875,0.069401353597641,0.47382453083992,0.12071754783392,199091.828125,67908.7109375,1.5362024307251,0.52398693561554
dish_1561579867,21.101669311523,2.722841501236,0.79438120126724,0.061188373714685,0.15267573297024,0.051791075617075,168244.9375,72074.59375,1.2981863021851,0.55613106489182
dish_1561579902,15.778861999512,8.8207721710205,0.61732178926468,0.28736257553101,0.38653561472893,0.38103964924812,194557.828125,65413.69140625,1.5012178421021,0.50473529100418
dish_1561579933,11.521983146667,3.9430937767029,0.4376572072506,0.20122069120407,0.5054372549057,0.25186505913734,200405.953125,66012.484375,1.546342253685,0.50935560464859
dish_1561580278,9.8063526153564,2.6287362575531,0.33843597769737,0.17290444672108,0.68121165037155,0.17269384860992,173895.78125,79496.0703125,1.3417884111404,0.61339563131332
dish_1561580322,10.696985244751,3.0571765899658,0.35890856385231,0.19658748805523,0.59803062677383,0.23684191703796,176444.125,79716.6640625,1.3614515066147,0.61509770154953
dish_1561580370,10.072997093201,1.4325774908066,0.33886814117432,0.15085922181606,0.68289756774902,0.16958555579185,176686.046875,81095.359375,1.3633182048798,0.62573581933975
dish_1561580406,10.480296134949,0.59755164384842,0.33356165885925,0.083206720650196,0.68352872133255,0.10393741726875,190266.75,58187.0,1.4681077003479,0.44897377490997
dish_1561580431,9.4201793670654,0.37754607200623,0.30276846885681,0.097870737314224,0.75105679035187,0.13972780108452,126016.8671875,157292.921875,0.97235238552094,1.2136800289154
dish_1561580659,15.765334129333,6.5232601165771,0.6504722237587,0.26060500741005,0.26635041832924,0.24836644530296,180739.1875,85425.203125,1.3945924043655,0.65914511680603
dish_1561654326,9.6893424987793,2.4978063106537,0.4763822555542,0.0031885986682028,0.77639126777649,0.10509384423494,166220.140625,67460.375,1.2825628519058,0.52052760124207
dish_1561654346,8.2151651382446,1.3732913732529,0.37664240598679,0.027703102678061,0.84055185317993,0.066456645727158,165333.9375,67512.6328125,1.2757247686386,0.52093076705933
dish_1561654707,16.767297744751,4.943103313446,0.71615123748779,0.08529894053936,0.29702526330948,0.076099991798401,170142.453125,78464.015625,1.3128275871277,0.60543221235275
dish_1561654732,12.574061393738,0.83718484640121,0.45856881141663,0.10035698860884,0.65878742933273,0.091471925377846,186863.296875,59776.36328125,1.441846370697,0.46123734116554
dish_1561654756,20.464954376221,12.905359268188,0.67091202735901,0.33406284451485,0.36244082450867,0.47328564524651,174957.15625,77953.7421875,1.3499780893326,0.60149490833282
dish_1561661324,15.349223136902,2.5788440704346,0.63515615463257,0.10854551196098,0.46924987435341,0.1063958927989,187091.75,59662.25390625,1.4436091184616,0.46035692095757
dish_1561661347,14.495537757874,4.0286030769348,0.56199568510056,0.18897849321365,0.45779359340668,0.22030185163021,197286.921875,66013.7578125,1.5222755670547,0.50936543941498
dish_1561661377,13.400372505188,1.4658715724945,0.54845285415649,0.079761750996113,0.66376668214798,0.070469193160534,185043.25,57187.59375,1.4278029203415,0.44126230478287
dish_1561661479,13.16294002533,2.5362665653229,0.56909483671188,0.12371616065502,0.53751021623611,0.1542227268219,190612.734375,62086.53125,1.4707772731781,0.47906273603439
dish_1561661552,17.47615814209,3.982789516449,0.64836478233337,0.2830226123333,0.40020102262497,0.39862778782845,167754.5,70469.1484375,1.2944021224976,0.54374349117279
dish_1561661806,15.490797042847,1.6766670942307,0.61623227596283,0.030775966122746,0.35030937194824,0.088537737727165,167439.609375,70855.6328125,1.2919722795486,0.5467255115509
dish_1561661850,11.733342170715,0.68629372119904,0.48596543073654,0.033386461436749,0.60179251432419,0.056280236691236,193481.75,61892.3828125,1.4929147958755,0.47756466269493
dish_1561661972,13.72797203064,2.0720293521881,0.69918751716614,0.046422813087702,0.53810113668442,0.016919009387493,175543.1875,77841.8359375,1.3544999361038,0.60063147544861
dish_1561662022,21.992523193359,14.351736068726,0.68341916799545,0.37150368094444,0.29677104949951,0.37406289577484,182567.296875,85040.375,1.4086983203888,0.65617573261261
dish_1561662054,13.275863647461,4.2414455413818,0.57033842802048,0.28304275870323,0.43702113628387,0.29614636301994,197740.859375,68297.015625,1.5257781744003,0.52698314189911
dish_1561662160,10.274332046509,1.571693778038,0.51438385248184,0.028166064992547,0.67534440755844,0.17502009868622,175051.90625,76815.8359375,1.3507091999054,0.5927147269249
dish_1561662190,9.6253566741943,0.99043744802475,0.41755551099777,0.079451002180576,0.7131370306015,0.090100862085819,183101.171875,82573.59375,1.4128177165985,0.63714194297791
dish_1561662216,14.555732727051,8.9755067825317,0.60976034402847,0.32828238606453,0.37482279539108,0.358577221632,181466.0625,87398.9140625,1.4002012014389,0.67437440156937
dish_1561662458,14.060211181641,4.6226224899292,0.50675535202026,0.2753572165966,0.5797466635704,0.37728255987167,178011.3125,83144.03125,1.3735439777374,0.6415433883667
dish_1561662501,17.13614654541,1.4651795625687,0.71924078464508,0.067004762589931,0.30645620822906,0.18242195248604,120807.3359375,147664.859375,0.93215537071228,1.1393892765045
dish_1561662532,10.390153884888,0.6499724984169,0.46125465631485,0.025692570954561,0.68923634290695,0.012658890336752,173398.15625,76640.5390625,1.3379487991333,0.59136211872101
dish_1561662814,17.661991119385,0.094506047666073,0.74406158924103,0.030517395585775,0.34111547470093,0.095978237688541,176654.359375,79372.671875,1.3630737066269,0.61244344711304
dish_1561662842,14.605941772461,0.54257357120514,0.65439033508301,0.027661440894008,0.57204556465149,0.074364617466927,165456.1875,65159.74609375,1.2766680717468,0.50277584791183
dish_1561662869,14.395822525024,0.91549903154373,0.62014758586884,0.042074777185917,0.66671645641327,0.1701302677393,166006.859375,69436.6171875,1.2809171676636,0.5357763171196
dish_1561662926,11.482279777527,1.4321866035461,0.46995335817337,0.10186848044395,0.72575312852859,0.12510874867439,189492.53125,57889.06640625,1.4621337652206,0.44667488336563
dish_1561662948,9.5870361328125,3.1181106567383,0.4296903014183,0.12512174248695,0.76215302944183,0.1702089458704,209059.21875,47446.66796875,1.6131112575531,0.36610081791878
dish_1561663068,16.956005096436,8.7338094711304,0.58545029163361,0.32760491967201,0.44205987453461,0.43774127960205,203266.203125,54172.640625,1.568412065506,0.41799876093864
dish_1561663541,21.763519287109,12.011429786682,0.72300946712494,0.2908379137516,0.26904973387718,0.32787671685219,169403.375,70457.1875,1.3071247339249,0.54365116357803
dish_1561663580,17.075075149536,2.9915225505829,0.63596433401108,0.094466425478458,0.61093318462372,0.29434803128242,167052.75,69644.3203125,1.288987159729,0.53737896680832
dish_1561663606,17.071382522583,1.1242752075195,0.67376720905304,0.091765992343426,0.3533684015274,0.082929313182831,193559.9375,69006.3359375,1.4935179948807,0.53245633840561
dish_1561663786,21.157695770264,3.759859085083,0.78740137815475,0.11534960567951,0.31786951422691,0.27798926830292,176799.625,79753.578125,1.3641946315765,0.61538255214691
dish_1561663817,9.5544872283936,1.6216104030609,0.46475130319595,0.019598601385951,0.74971282482147,0.030113838613033,171701.8125,76679.8046875,1.3248596191406,0.59166514873505
dish_1561663855,12.45184803009,0.3915314078331,0.60101592540741,0.1067958176136,0.44785958528519,0.11832121014595,172593.53125,81069.4609375,1.3317402601242,0.62553596496582
dish_1561663891,11.643375396729,2.7374079227448,0.56865322589874,0.065693505108356,0.43378147482872,0.09398427605629,193093.703125,65086.7421875,1.4899204969406,0.50221252441406
dish_1561663914,14.33406162262,6.3873229026794,0.54740488529205,0.23347781598568,0.43802863359451,0.31373274326324,198484.90625,65580.5625,1.5315192937851,0.50602287054062
dish_1561663990,16.941387176514,1.7231620550156,0.65804481506348,0.0070433705113828,0.51265609264374,0.087157532572746,168009.34375,69544.6875,1.2963683605194,0.53661024570465
dish_1561664013,14.256823539734,0.40376007556915,0.60791766643524,0.044841002672911,0.61593186855316,0.02523260191083,172627.4375,75450.4609375,1.3320018053055,0.58217948675156
dish_1561664042,12.143301010132,0.6300556063652,0.4960520863533,0.0043360465206206,0.71438765525818,0.038650471717119,165801.25,70236.0234375,1.2793306112289,0.54194462299347
dish_1561664061,11.419523239136,2.8470680713654,0.53364992141724,0.02062569744885,0.61449193954468,0.10955318808556,170942.1875,77325.8515625,1.318998336792,0.59665006399155
dish_1561664977,12.560594558716,2.1526527404785,0.65315729379654,0.055467780679464,0.65799790620804,0.032670047134161,174241.984375,75111.0390625,1.34445977211,0.57956045866013
dish_1561665024,7.4731702804565,0.77708637714386,0.32936003804207,0.088302664458752,0.78885698318481,0.028871012851596,180568.75,85275.6015625,1.3932774066925,0.65799075365067
dish_1561665065,16.902223587036,7.1126461029053,0.66212975978851,0.31481978297234,0.36283278465271,0.40606272220612,174847.09375,71824.5546875,1.3491287231445,0.55420178174973
dish_1561665378,18.917352676392,6.3022146224976,0.72818809747696,0.168192923069,0.43045508861542,0.33151257038116,190321.96875,60906.9609375,1.4685337543488,0.46996107697487
dish_1561665422,19.458789825439,3.3090481758118,0.75314873456955,0.067839480936527,0.28313159942627,0.16241264343262,168400.765625,74012.53125,1.2993886470795,0.57108438014984
dish_1561665452,14.253465652466,0.92608833312988,0.61945760250092,0.075954183936119,0.37925618886948,0.072820670902729,175049.8125,76314.4921875,1.350692987442,0.58884638547897
dish_1561665706,13.138849258423,0.60243290662766,0.44660043716431,0.0735944211483,0.70309442281723,0.041763141751289,165420.796875,91606.078125,1.2763950824738,0.70683705806732
dish_1561665747,9.6038722991943,1.3085922002792,0.41414970159531,0.14044231176376,0.58652102947235,0.19400301575661,177095.625,82635.8046875,1.366478562355,0.63762193918228
dish_1561666794,11.723759651184,1.8827226161957,0.47050914168358,0.019019084051251,0.65176653862,0.13665477931499,197770.96875,53683.671875,1.5260105133057,0.41422584652901
dish_1561666821,14.77361869812,6.2469916343689,0.66082924604416,0.27379795908928,0.32971298694611,0.31520855426788,176905.9375,82724.015625,1.3650150299072,0.63830262422562
dish_1561666849,14.223693847656,4.0848188400269,0.56452143192291,0.065336339175701,0.49645441770554,0.18447795510292,165077.953125,67369.109375,1.27374958992,0.5198233127594
dish_1561666875,13.911165237427,4.1818580627441,0.62668353319168,0.040535490959883,0.39773732423782,0.12225713580847,174234.296875,78707.265625,1.3444004058838,0.60730910301208
dish_1561666897,8.7571105957031,0.33186632394791,0.34348082542419,0.059324089437723,0.74847143888474,0.055495977401733,192154.125,64165.62109375,1.4826706647873,0.49510508775711
dish_1561666923,15.078720092773,4.4719061851501,0.66570198535919,0.0013719220878556,0.27344989776611,0.025385279208422,177165.71875,77099.8984375,1.3670194149017,0.59490662813187
dish_1561667207,10.903814315796,2.9882686138153,0.39187788963318,0.17897009849548,0.74662834405899,0.14541554450989,201025.828125,52984.234375,1.5511251688004,0.40882897377014
dish_1561667238,15.999397277832,0.88591730594635,0.65810024738312,0.058548334985971,0.36780995130539,0.11745996028185,168065.234375,70306.234375,1.296799659729,0.54248642921448
dish_1561667430,11.424489021301,2.1756494045258,0.45422005653381,0.201012596488,0.66035515069962,0.31961223483086,199750.71875,69970.015625,1.5412863492966,0.53989207744598
dish_1561736736,19.851375579834,8.9505472183228,0.74989354610443,0.21539400517941,0.26926451921463,0.3271596133709,174373.71875,80168.8515625,1.345476269722,0.61858683824539
dish_1561737200,16.589954376221,4.5828628540039,0.6707056760788,0.081391125917435,0.52230846881866,0.25094521045685,186880.453125,59099.1328125,1.4419788122177,0.45601180195808
dish_1561737223,15.714458465576,0.87408924102783,0.71642851829529,0.044951975345612,0.26229947805405,0.092054829001427,171183.1875,78183.859375,1.3208578824997,0.60327047109604
dish_1561737776,20.292303085327,1.0199431180954,0.77748799324036,0.050345730036497,0.24655574560165,0.021042928099632,195009.515625,64942.828125,1.5047030448914,0.5011020898819
dish_1561739160,11.166972160339,1.7711265087128,0.53039079904556,0.07916346937418,0.68128722906113,0.1776425242424,192332.375,64340.23828125,1.4840461015701,0.49645242094994
dish_1561739188,9.7719058990479,2.554562330246,0.45182514190674,0.00962467584759,0.67003232240677,0.13740141689777,166592.5625,72818.53125,1.2854363918304,0.56187134981155
dish_1561739212,11.250540733337,2.5845015048981,0.48711228370667,0.0053794761188328,0.62673151493073,0.21064320206642,172965.75,78580.8671875,1.3346122503281,0.60633385181427
dish_1561739238,14.4085521698,2.0554265975952,0.65289223194122,0.14550043642521,0.37404787540436,0.16561630368233,190865.828125,67156.890625,1.4727301597595,0.51818585395813
dish_1561739265,8.4019842147827,1.0539683103561,0.35712885856628,0.062983937561512,0.85421895980835,0.22321404516697,179148.0625,79617.5078125,1.3823152780533,0.61433261632919
dish_1561739576,18.11828994751,2.1218583583832,0.66868007183075,0.20827303826809,0.35199362039566,0.20049422979355,172629.1875,75807.9140625,1.3320152759552,0.58493757247925
dish_1561739649,13.223956108093,1.4427196979523,0.64807498455048,0.024272833019495,0.34605005383492,0.0043341713026166,176540.890625,84568.296875,1.3621982336044,0.6525331735611
dish_1561739719,9.1041049957275,1.2260687351227,0.30498215556145,0.035085018724203,0.70424294471741,0.0038003392983228,190692.5625,89797.4453125,1.4713932275772,0.69288152456284
dish_1561739805,14.566854476929,2.93962931633,0.59835577011108,0.17481172084808,0.40641558170319,0.26760026812553,171240.84375,76650.484375,1.3213027715683,0.59143894910812
dish_1561739954,15.390205383301,6.9419522285461,0.67551958560944,0.20684888958931,0.29319286346436,0.26417988538742,168777.46875,83389.984375,1.3022953271866,0.64344131946564
dish_1561740321,17.476997375488,1.560506939888,0.69166308641434,0.14122338593006,0.28375217318535,0.16269950568676,168331.09375,65709.4765625,1.2988510131836,0.50701755285263
dish_1561740353,11.505450248718,0.70140314102173,0.43265235424042,0.03768153861165,0.56988221406937,0.10649421066046,173243.8125,72086.1640625,1.3367578983307,0.55622041225433
dish_1561740385,13.404626846313,6.3198828697205,0.48775196075439,0.22309885919094,0.5049940943718,0.27319663763046,175361.78125,75600.2421875,1.3531001806259,0.58333516120911
dish_1561746876,15.602516174316,1.1444872617722,0.70015209913254,0.091703109443188,0.49444246292114,0.11050962656736,173712.5,78578.546875,1.3403742313385,0.60631597042084
dish_1561746912,14.86908531189,1.2821165323257,0.69658672809601,0.13020345568657,0.36446231603622,0.18558022379875,175435.0625,77654.421875,1.3536655902863,0.59918534755707
dish_1561746970,15.135107040405,6.8546323776245,0.61798238754272,0.31255865097046,0.42821007966995,0.45349526405334,201305.71875,67057.109375,1.5532847642899,0.51741594076157
dish_1561747075,12.383674621582,3.6576480865479,0.54225146770477,0.15238150954247,0.51544106006622,0.34444844722748,195593.390625,65633.6484375,1.5092082023621,0.50643247365952
dish_1561748274,12.067401885986,3.6124541759491,0.57284307479858,0.233194231987,0.55269658565521,0.35949999094009,173761.0,76013.8515625,1.3407484292984,0.5865266919136
dish_1561748862,23.115728378296,3.5063614845276,0.84486067295074,0.015733797103167,0.23385187983513,0.12714229524136,174924.671875,84537.1875,1.3497273921967,0.65229314565659
dish_1561748950,17.109796524048,0.13977108895779,0.69457542896271,0.010207587853074,0.51922035217285,0.031737294048071,172335.71875,73967.2890625,1.3297508955002,0.57073527574539
dish_1561749016,16.991153717041,0.26294642686844,0.72065377235413,0.094453029334545,0.25871062278748,0.13396196067333,168493.03125,69436.7734375,1.3001005649567,0.53577762842178
dish_1561749061,11.740404129028,0.12774473428726,0.48557928204536,0.13945536315441,0.49931126832962,0.11027689278126,183146.90625,83059.1796875,1.4131705760956,0.64088875055313
dish_1561749348,13.471111297607,2.5143330097198,0.59491670131683,0.11320956796408,0.59701228141785,0.19359089434147,208744.78125,45818.6015625,1.6106849908829,0.35353860259056
dish_1561749392,16.646545410156,11.420121192932,0.72984290122986,0.26788535714149,0.45539191365242,0.56508326530457,164741.65625,68812.65625,1.2711546421051,0.53096187114716
dish_1561749664,14.907949447632,2.7169482707977,0.70388227701187,0.066811986267567,0.42465025186539,0.19532863795757,183455.828125,57251.5546875,1.4155542850494,0.44175583124161
dish_1561749711,17.238857269287,6.0911483764648,0.746890604496,0.18156033754349,0.32950395345688,0.34265911579132,185629.34375,57563.89453125,1.4323251247406,0.44416582584381
dish_1561749750,15.591223716736,2.0474240779877,0.70796900987625,0.01917908154428,0.28195908665657,0.046352423727512,192106.5,64994.9609375,1.4823031425476,0.50150430202484
dish_1561749778,12.773164749146,1.0492433309555,0.57206857204437,0.11621078103781,0.49165266752243,0.11828678101301,193827.5,71095.1328125,1.4955825805664,0.54857355356216
dish_1561749818,14.523683547974,2.3380651473999,0.68727350234985,0.032327979803085,0.33451479673386,0.027321273460984,170073.765625,71622.859375,1.3122975826263,0.55264550447464
dish_1561749857,20.770442962646,7.5281729698181,0.77684497833252,0.19582580029964,0.1818882972002,0.21460680663586,174658.796875,76825.578125,1.3476759195328,0.59279000759125
dish_1561749908,14.781886100769,5.9278678894043,0.64918440580368,0.096805259585381,0.33434531092644,0.2220059633255,199583.765625,69700.5078125,1.5399981737137,0.53781259059906
dish_1561751897,13.019439697266,2.0109424591064,0.60669672489166,0.10046219080687,0.64360123872757,0.10722926259041,186581.25,57322.56640625,1.439670085907,0.44230374693871
dish_1561751958,13.372459411621,0.9466227889061,0.56320911645889,0.055733259767294,0.66813749074936,0.12276911735535,189254.28125,64804.640625,1.4602953195572,0.50003582239151
dish_1561752035,14.804710388184,1.0043371915817,0.58373957872391,0.11310764402151,0.38986903429031,0.09472893923521,176678.609375,79980.5,1.3632607460022,0.61713343858719
dish_1561752481,17.357448577881,0.92051821947098,0.6975691318512,0.026613164693117,0.46250143647194,0.070456504821777,171253.890625,70364.96875,1.321403503418,0.5429396033287
dish_1561752509,22.351928710938,6.2182989120483,0.79566943645477,0.19868963956833,0.16339382529259,0.1810760051012,174767.015625,77857.6484375,1.3485109806061,0.60075348615646
dish_1561752535,12.196323394775,1.618039727211,0.50833868980408,0.062841773033142,0.59379863739014,0.033217743039131,173281.3125,76126.15625,1.3370471000671,0.5873931646347
dish_1561752563,9.7871551513672,0.49045646190643,0.39233520627022,0.068284340202808,0.70755821466446,0.023873493075371,167565.28125,70436.6640625,1.2929419279099,0.54349273443222
dish_1561752680,15.979011535645,1.0353382825851,0.68582171201706,0.026119774207473,0.32605764269829,0.044980324804783,189084.71875,64208.23046875,1.4589869976044,0.49543386697769
dish_1561752970,12.231637001038,2.2781417369843,0.54559594392776,0.021914843469858,0.73074615001678,0.010256519541144,170933.0,76459.5546875,1.3189274072647,0.58996570110321
dish_1561752996,14.654517173767,2.9374549388885,0.65030652284622,0.079802498221397,0.45591539144516,0.12105140835047,188230.078125,60717.7734375,1.452392578125,0.468501329422
dish_1561753021,21.45611000061,7.1951127052307,0.77085065841675,0.18975076079369,0.20556762814522,0.22161960601807,192167.546875,64684.12109375,1.4827742576599,0.49910590052605
dish_1561753075,12.220747947693,2.1450443267822,0.57008361816406,0.099309027194977,0.49992880225182,0.16748523712158,196563.6875,67542.9296875,1.5166951417923,0.52116459608078
dish_1561753168,20.474769592285,0.88907462358475,0.78958189487457,0.051280282437801,0.31939214468002,0.022898234426975,178224.1875,77017.4375,1.3751865625381,0.59427034854889
dish_1561753203,16.067516326904,1.0622069835663,0.64199554920197,0.052723661065102,0.49582469463348,0.043169558048248,191898.984375,62767.73828125,1.4807020425797,0.48431900143623
dish_1561753238,12.404361724854,4.2158279418945,0.49280035495758,0.19037000834942,0.5833854675293,0.25350710749626,195314.46875,65718.9921875,1.5070559978485,0.50709098577499
dish_1561753275,9.1556081771851,1.9668523073196,0.38015320897102,0.065180644392967,0.69012403488159,0.17282450199127,200079.8125,64524.421875,1.5438257455826,0.49787363409996
dish_1561753400,15.277723312378,2.4328429698944,0.61018061637878,0.11790679395199,0.43918681144714,0.10687550157309,216799.421875,51816.328125,1.6728349924088,0.39981734752655
dish_1561753432,10.536945343018,1.3438674211502,0.53168952465057,0.031199626624584,0.71824979782104,0.04626826196909,167850.53125,74586.34375,1.2951431274414,0.57551193237305
dish_1561753477,12.671779632568,2.6220877170563,0.55808782577515,0.054147448390722,0.52613681554794,0.30399504303932,178151.765625,78816.3359375,1.374627828598,0.60815072059631
dish_1561753589,17.235374450684,0.08486419916153,0.67883956432343,0.10122602432966,0.40951877832413,0.016705704852939,174072.984375,77224.109375,1.3431557416916,0.59586507081985
dish_1561753623,14.972469329834,2.2879042625427,0.65882849693298,0.054035000503063,0.67207258939743,0.079497806727886,171887.09375,80907.5078125,1.3262892961502,0.6242863535881
dish_1561753649,15.859603881836,6.2578043937683,0.65628433227539,0.20075757801533,0.4944965839386,0.3587438762188,172642.984375,76498.8984375,1.3321217298508,0.59026926755905
dish_1561996122,18.636951446533,6.1115369796753,0.69312798976898,0.16912603378296,0.27144727110863,0.26876291632652,163169.140625,63189.41015625,1.2590211629868,0.48757266998291
dish_1561996428,24.436092376709,12.780181884766,0.7800185084343,0.23799347877502,0.18611808121204,0.24241709709167,167864.6875,69661.0546875,1.2952523231506,0.53750813007355
dish_1561996612,19.62836265564,6.9402408599854,0.73146522045135,0.14223048090935,0.36369985342026,0.42579865455627,111610.3203125,133654.703125,0.86119073629379,1.031286239624
dish_1561996786,16.301223754883,3.0388734340668,0.70283162593842,0.092557348310947,0.62951952219009,0.078995078802109,155884.75,60563.87890625,1.2028143405914,0.46731388568878
dish_1561996813,15.675586700439,3.5877110958099,0.6300390958786,0.15103268623352,0.53856551647186,0.1228139474988,182320.8125,58296.28125,1.4067964553833,0.44981697201729
dish_1561996836,13.127532958984,1.0384809970856,0.50612634420395,0.079983927309513,0.65984112024307,0.053998459130526,182816.734375,58773.16796875,1.4106229543686,0.4534966647625
dish_1561996859,14.390516281128,3.6526577472687,0.58360582590103,0.19614478945732,0.38054484128952,0.26067212224007,164177.5625,75912.1171875,1.266802072525,0.58574163913727
dish_1561996893,9.3456268310547,0.60164594650269,0.36931273341179,0.020469671115279,0.90926766395569,0.046832397580147,159276.78125,71280.25,1.228987455368,0.55000197887421
dish_1561999309,9.1676788330078,0.87689518928528,0.45479702949524,0.039990890771151,0.57606482505798,0.094152010977268,172448.4375,77246.046875,1.3306206464767,0.59603434801102
dish_1561999332,13.133392333984,3.9716687202454,0.60974264144897,0.17561657726765,0.38373705744743,0.23384271562099,179628.25,85119.359375,1.3860205411911,0.65678519010544
dish_1561999355,10.871111869812,0.03520779311657,0.49292838573456,0.020131042227149,0.55825680494308,0.030200745910406,181179.84375,80492.3671875,1.3979926109314,0.62108314037323
dish_1561999624,18.50382232666,0.38885349035263,0.68671554327011,0.036214556545019,0.44303491711617,0.088107965886593,189489.96875,61679.3828125,1.4621138572693,0.47592115402222
dish_1561999706,17.147466659546,2.8634541034698,0.6624356508255,0.09575367718935,0.35710406303406,0.22425171732903,184815.8125,56640.03515625,1.4260479211807,0.43703728914261
dish_1562007739,19.909181594849,7.4815540313721,0.67358750104904,0.18676774203777,0.37988522648811,0.28596970438957,193854.578125,62891.4921875,1.4957914352417,0.48527383804321
dish_1562007763,15.239336013794,3.5173740386963,0.71914893388748,0.21073111891747,0.30598199367523,0.24222005903721,190127.375,67860.1328125,1.4670321941376,0.52361214160919
dish_1562007789,13.401731491089,1.8297728300095,0.66698658466339,0.11426940560341,0.36803275346756,0.11795356869698,194435.828125,67473.21875,1.5002764463425,0.52062660455704
dish_1562007817,13.120289802551,6.0890779495239,0.56478023529053,0.204295784235,0.45039713382721,0.29415780305862,191757.125,64078.11328125,1.479607462883,0.49442991614342
dish_1562007842,10.60996055603,2.1040067672729,0.38600835204124,0.14569769799709,0.72310680150986,0.22155956923962,154166.296875,111911.9140625,1.189554810524,0.86351788043976
dish_1562007904,10.266311645508,1.7997270822525,0.3659462928772,0.079909056425095,0.63004010915756,0.11317567527294,199860.984375,72576.9140625,1.5421372652054,0.56000703573227
dish_1562008394,19.98503112793,2.4742956161499,0.76283830404282,0.016517661511898,0.36835971474648,0.19279345870018,185663.28125,55587.109375,1.4325870275497,0.4289128780365
dish_1562008429,17.649200439453,2.5535190105438,0.70056939125061,0.064728438854218,0.42485827207565,0.23356080055237,186430.625,60878.05859375,1.4385079145432,0.46973812580109
dish_1562008476,14.896921157837,3.0063099861145,0.64021408557892,0.10076588392258,0.46884852647781,0.23363801836967,190427.515625,63144.0234375,1.4693480730057,0.48722240328789
dish_1562008517,10.646814346313,0.96692860126495,0.55507707595825,0.085389517247677,0.53064393997192,0.14502504467964,190850.375,63566.56640625,1.47261095047,0.49048274755478
dish_1562008549,10.61287689209,1.5614371299744,0.40642547607422,0.14938123524189,0.70995438098907,0.20954430103302,212617.796875,61254.76953125,1.6405694484711,0.47264477610588
dish_1562008738,12.179206848145,0.31361302733421,0.52668708562851,0.035819005221128,0.63984608650208,0.18211029469967,171300.328125,74162.1328125,1.3217618465424,0.57223862409592
dish_1562008780,13.42716217041,6.4806065559387,0.56165754795074,0.35590794682503,0.46654930710793,0.38608381152153,173733.015625,75185.8203125,1.340532541275,0.5801374912262
dish_1562008813,11.728855133057,3.8933913707733,0.56909680366516,0.24615472555161,0.4670877456665,0.30125257372856,197482.8125,65868.4296875,1.5237871408463,0.50824409723282
dish_1562008979,17.477645874023,4.9308400154114,0.72216618061066,0.13797037303448,0.22771574556828,0.19006180763245,197589.5,68980.6640625,1.5246102809906,0.53225821256638
dish_1562009006,17.29175567627,6.0459041595459,0.64987689256668,0.26178959012032,0.2949620783329,0.25210708379745,193573.75,65187.765625,1.4936245679855,0.50299197435379
dish_1562009098,12.294213294983,4.8376893997192,0.58747571706772,0.19508703052998,0.54880923032761,0.18512070178986,175518.75,80964.7109375,1.3543112277985,0.62472766637802
dish_1562009120,13.823265075684,4.2358450889587,0.59352588653564,0.25067576766014,0.43011254072189,0.24773460626602,178656.84375,87953.046875,1.3785248994827,0.67865002155304
dish_1562009148,10.939306259155,0.3742208480835,0.40612596273422,0.11163897067308,0.61771595478058,0.055851697921753,180339.5,91672.7109375,1.3915084600449,0.70735108852386
dish_1562009894,11.793153762817,0.67626541852951,0.53150129318237,0.098816365003586,0.5161200761795,0.1016101539135,172096.84375,80296.453125,1.3279078006744,0.61957138776779
dish_1562009934,12.334428787231,2.6892116069794,0.46122422814369,0.025142196565866,0.58936899900436,0.13336266577244,172187.421875,69537.21875,1.3286066055298,0.53655260801315
dish_1562010048,10.893527984619,1.0260633230209,0.58501374721527,0.016990954056382,0.70763140916824,0.054680645465851,169508.28125,77413.203125,1.3079342842102,0.59732413291931
dish_1562010085,9.0145225524902,0.12011312693357,0.52894914150238,0.013433928601444,0.62988543510437,0.059634167701006,168782.640625,70744.515625,1.3023351430893,0.54586809873581
dish_1562010130,9.0508689880371,1.4414882659912,0.32448416948318,0.016427598893642,0.72137773036957,0.023727368563414,183906.28125,80029.4765625,1.4190299510956,0.61751145124435
dish_1562010266,11.22524356842,3.2108130455017,0.51620018482208,0.003793764160946,0.62158310413361,0.012971071526408,171605.015625,72868.9296875,1.3241127729416,0.56226027011871
dish_1562010293,11.262161254883,2.7821314334869,0.38975602388382,0.15709674358368,0.66115540266037,0.22028768062592,205757.40625,72324.359375,1.5876343250275,0.55805832147598
dish_1562010315,15.944926261902,6.1456799507141,0.64653968811035,0.22784176468849,0.30586981773376,0.22410236299038,206540.640625,71253.5546875,1.5936777591705,0.54979592561722
dish_1562010369,23.68060874939,8.6412801742554,0.77658450603485,0.16798137128353,0.18858854472637,0.22599959373474,174996.328125,76048.5625,1.3502802848816,0.58679449558258
dish_1562010394,8.637035369873,0.16709236800671,0.41221582889557,0.011336258612573,0.78516829013824,0.01866696588695,171702.296875,72224.9296875,1.3248634338379,0.55729115009308
dish_1562010418,8.7851276397705,1.8744313716888,0.37554717063904,0.034250523895025,0.79852652549744,0.088781610131264,200141.484375,71244.203125,1.5443015098572,0.54972380399704
dish_1562010440,12.860942840576,1.2680381536484,0.55413901805878,0.15691544115543,0.59528136253357,0.38849461078644,167193.6875,67586.015625,1.2900748252869,0.52149701118469
dish_1562010821,14.162937164307,5.4763560295105,0.63047260046005,0.15729373693466,0.451769053936,0.32128858566284,191602.453125,61588.3046875,1.4784140586853,0.47521838545799
dish_1562010865,18.729877471924,9.5764570236206,0.69914162158966,0.33077129721642,0.33091852068901,0.4276987016201,177527.046875,75060.8671875,1.3698074817657,0.57917332649231
dish_1562011727,9.8795204162598,1.2213139533997,0.5454266667366,0.11762603372335,0.74632680416107,0.11982379853725,188797.5,61734.14453125,1.4567707777023,0.47634369134903
dish_1562011765,13.356110572815,3.6648135185242,0.57349288463593,0.10437431186438,0.64979982376099,0.1252748966217,172727.3125,69402.0078125,1.3327724933624,0.53550934791565
dish_1562011794,13.550657272339,6.0041975975037,0.5948731303215,0.23849332332611,0.42970982193947,0.32184985280037,196567.28125,64024.30078125,1.5167227983475,0.49401468038559
dish_1562012048,17.789623260498,2.1749486923218,0.7142915725708,0.034003190696239,0.39213615655899,0.19494004547596,171187.78125,75819.84375,1.3208932876587,0.58502972126007
dish_1562012076,18.603294372559,0.51718837022781,0.70422744750977,0.010709303431213,0.40063971281052,0.030304238200188,166709.5,67250.3359375,1.2863388061523,0.51890683174133
dish_1562085163,16.898956298828,4.8633875846863,0.66942054033279,0.17343460023403,0.31824266910553,0.22270783782005,185647.5,58237.1796875,1.4324653148651,0.44936096668243
dish_1562085185,14.955560684204,0.60444784164429,0.60363441705704,0.028548926115036,0.40228623151779,0.042259655892849,168079.765625,72344.5625,1.2969117164612,0.55821424722672
dish_1562085672,16.954696655273,1.9255021810532,0.7068595290184,0.11785090714693,0.35670101642609,0.16904501616955,185460.65625,61515.71484375,1.4310235977173,0.47465831041336
dish_1562086067,10.129341125488,0.56822818517685,0.43287083506584,0.015134778805077,0.91321229934692,0.037780992686749,178793.046875,59656.7265625,1.3795759677887,0.46031424403191
dish_1562086116,11.564109802246,2.2895023822784,0.47391980886459,0.14838074147701,0.65186023712158,0.273920327425,191393.03125,67688.9375,1.4767980575562,0.52229118347168
dish_1562086501,18.101219177246,1.9993884563446,0.71259593963623,0.040588889271021,0.42219871282578,0.16242752969265,169362.1875,78555.6484375,1.3068070411682,0.60613930225372
dish_1562086564,12.9467420578,1.0355582237244,0.4864844083786,0.057820755988359,0.71199536323547,0.0024874648079276,169187.96875,75965.4453125,1.3054628372192,0.5861531496048
dish_1562086595,13.978149414062,2.909996509552,0.54979169368744,0.12450767308474,0.47608730196953,0.018237110227346,173941.6875,85649.265625,1.3421425819397,0.66087394952774
dish_1562086702,11.676563262939,2.6703832149506,0.54724812507629,0.094588883221149,0.63216578960419,0.14068453013897,160543.78125,56850.84375,1.2387636899948,0.43866389989853
dish_1562086740,17.041223526001,4.4533758163452,0.68649518489838,0.1171715259552,0.29649609327316,0.14500443637371,167928.65625,68655.1875,1.2957458496094,0.52974683046341
dish_1562094621,14.710247039795,2.0282742977142,0.6755735874176,0.015379174612463,0.47331073880196,0.16675379872322,167528.3125,70470.2265625,1.2926567792892,0.54375177621841
dish_1562094730,14.731122970581,3.4060554504395,0.67764043807983,0.13979481160641,0.27347487211227,0.096306666731834,180216.921875,87958.5390625,1.3905626535416,0.67869240045547
dish_1562094877,18.120876312256,3.940664768219,0.72221553325653,0.02764318883419,0.38318425416946,0.13963820040226,190814.984375,64060.6953125,1.4723378419876,0.49429547786713
dish_1562094931,13.435703277588,1.9304305315018,0.58407229185104,0.047290153801441,0.54311949014664,0.15588110685349,192678.28125,63845.61328125,1.4867150783539,0.49263590574265
dish_1562095283,18.984525680542,10.380627632141,0.67811304330826,0.31985780596733,0.3264311850071,0.41219547390938,177106.34375,77540.0625,1.3665614128113,0.59830290079117
dish_1562095340,17.221868515015,5.7138514518738,0.63252472877502,0.25475487112999,0.32614916563034,0.36417058110237,205385.140625,70234.2421875,1.5847618579865,0.54193091392517
dish_1562096372,12.301159858704,1.6327047348022,0.5830095410347,0.035571418702602,0.53979241847992,0.11535742133856,193464.109375,67079.4765625,1.4927786588669,0.51758855581284
dish_1562096401,13.366717338562,3.5146520137787,0.5666885972023,0.10909321904182,0.44702234864235,0.16423611342907,175555.09375,76589.03125,1.3545918464661,0.59096479415894
dish_1562096512,14.907997131348,3.128625869751,0.69373041391373,0.040014553815126,0.5737487077713,0.018764324486256,174977.21875,78373.6953125,1.3501329421997,0.60473531484604
dish_1562096542,11.325558662415,2.6126432418823,0.55783784389496,0.0086492924019694,0.71800881624222,0.054172776639462,168079.859375,66144.2421875,1.2969125509262,0.51037222146988
dish_1562096584,11.013521194458,2.5128214359283,0.50877273082733,0.014812720939517,0.71739828586578,0.039242509752512,170105.140625,78485.0,1.3125396966934,0.60559409856796
dish_1562096608,11.388405799866,1.8532767295837,0.6292827129364,0.082106754183769,0.40165069699287,0.1829432696104,196737.21875,74732.4921875,1.5180341005325,0.5766396522522
dish_1562096907,17.927661895752,3.9111013412476,0.79248046875,0.082327783107758,0.20013624429703,0.099587760865688,191265.8125,67013.3984375,1.475816488266,0.51707869768143
dish_1562096933,13.258920669556,1.8059425354004,0.53262239694595,0.0077294791117311,0.50734806060791,0.031011061742902,184123.125,87322.7109375,1.4207031726837,0.67378634214401
dish_1562097001,11.186254501343,1.830456495285,0.51551425457001,0.12451184540987,0.44280847907066,0.1814244389534,187351.96875,86662.328125,1.4456170797348,0.66869080066681
dish_1562097624,12.574148178101,2.5070052146912,0.69478738307953,0.039871763437986,0.65057402849197,0.027141474187374,173907.3125,74808.1328125,1.3418774604797,0.57722324132919
dish_1562097673,10.73716545105,2.3301577568054,0.49553999304771,0.056706689298153,0.64451289176941,0.061354726552963,171881.4375,79482.6796875,1.3262455463409,0.61329221725464
dish_1562099053,19.608837127686,2.9676654338837,0.78608882427216,0.14042735099792,0.40303415060043,0.11837191134691,178286.828125,74484.265625,1.3756699562073,0.5747241973877
dish_1562099076,18.280721664429,2.8776729106903,0.72195422649384,0.10664147138596,0.38142824172974,0.18235452473164,191291.671875,61422.109375,1.4760159254074,0.47393602132797
dish_1562099102,17.780612945557,3.450820684433,0.72929620742798,0.1158669963479,0.44046598672867,0.23840022087097,171192.4375,82387.8359375,1.3209292888641,0.63570857048035
dish_1562099134,11.528364181519,2.3295946121216,0.44665020704269,0.12409392744303,0.64503461122513,0.18114203214645,188488.6875,60206.78515625,1.4543880224228,0.46455851197243
dish_1562099157,9.8361053466797,1.6297971010208,0.4007625579834,0.099435351788998,0.63225984573364,0.10647136718035,177975.15625,76902.78125,1.3732651472092,0.59338563680649
dish_1562168427,14.616835594177,2.231987953186,0.59409314393997,0.031627669930458,0.57167476415634,0.26839482784271,167081.796875,69811.859375,1.2892113924026,0.53867173194885
dish_1562168450,14.205762863159,2.2985401153564,0.55109828710556,0.060190081596375,0.56283211708069,0.20264948904514,169356.96875,69992.3515625,1.3067667484283,0.54006439447403
dish_1562168471,9.5423469543457,0.28289976716042,0.43565681576729,0.042475510388613,0.56530356407166,0.033423967659473,174046.109375,76433.515625,1.3429484367371,0.58976483345032
dish_1562168648,10.427609443665,0.48258882761002,0.60659039020538,0.00051339075434953,0.66622924804688,0.060895830392838,171572.140625,74162.5234375,1.3238590955734,0.57224172353745
dish_1562168673,13.438672065735,4.0312333106995,0.67048126459122,0.16563418507576,0.41904893517494,0.26769334077835,186157.390625,61175.44921875,1.4363996982574,0.47203278541565
dish_1562168800,16.578062057495,2.5092122554779,0.71289598941803,0.093132488429546,0.29677468538284,0.18208931386471,189589.515625,59697.58984375,1.4628820419312,0.46062955260277
dish_1562169762,14.258260726929,0.094720490276814,0.55813884735107,0.012187478132546,0.61254322528839,0.10068068653345,168622.390625,71445.796875,1.3010987043381,0.5512792468071
dish_1562169818,12.013681411743,3.160409450531,0.43602177500725,0.022753229364753,0.57982194423676,0.0482511036098,175106.859375,76532.765625,1.3511332273483,0.59053063392639
dish_1562169840,10.240496635437,2.4085052013397,0.36886492371559,0.075449578464031,0.65642911195755,0.057691339403391,199018.15625,68233.078125,1.5356339216232,0.5264897942543
dish_1562170207,11.162588119507,3.6324541568756,0.57187366485596,0.056471675634384,0.86844599246979,0.009503398090601,171672.015625,79839.8671875,1.3246297836304,0.6160483956337
dish_1562170236,9.0879249572754,3.3115048408508,0.41489589214325,0.073326349258423,0.82975721359253,0.061761487275362,167570.34375,70189.34375,1.2929810285568,0.54158449172974
dish_1562170331,14.174236297607,9.1837120056152,0.56363052129745,0.26264300942421,0.47231885790825,0.41174608469009,196599.8125,67820.1484375,1.5169738531113,0.52330362796783
dish_1562170356,8.8405170440674,0.52248793840408,0.3551509976387,0.012724212370813,0.85259646177292,0.020122095942497,199138.875,64577.80078125,1.5365654230118,0.49828550219536
dish_1562172643,15.27972984314,0.75234079360962,0.69791227579117,0.020481260493398,0.24110089242458,0.044498201459646,173915.640625,79869.0625,1.3419417142868,0.6162736415863
dish_1562173200,15.866653442383,0.67796409130096,0.61563646793365,0.12134676426649,0.47165367007256,0.17601455748081,164655.15625,65885.0078125,1.2704873085022,0.50837194919586
dish_1562173247,15.867957115173,6.7074704170227,0.6919037103653,0.18968966603279,0.45947575569153,0.33757734298706,191898.71875,63942.7578125,1.4807000160217,0.49338549375534
dish_1562173267,13.337687492371,0.34652131795883,0.58809769153595,0.15221905708313,0.48042497038841,0.11956948041916,196024.0625,65738.8359375,1.5125313997269,0.50724411010742
dish_1562173411,12.372383117676,2.9351978302002,0.51706153154373,0.11276683211327,0.6254004240036,0.20184014737606,197619.78125,66558.765625,1.5248440504074,0.51357072591782
dish_1562179966,12.120158195496,0.60186642408371,0.53213775157928,0.190195530653,0.67383152246475,0.0059185135178268,176906.546875,84668.3203125,1.3650196790695,0.65330493450165
dish_1562180025,10.216823577881,3.3619406223297,0.47658109664917,0.1877529323101,0.61753135919571,0.23332324624062,191419.6875,63066.7421875,1.4770038127899,0.48662611842155
dish_1562180089,10.613633155823,2.653614282608,0.34654626250267,0.053029298782349,0.69885385036469,0.30590197443962,196286.6875,70444.875,1.5145577192307,0.54355615377426
dish_1562180157,11.126143455505,0.89205712080002,0.43874019384384,0.15646040439606,0.53653657436371,0.15452180802822,204616.203125,70082.171875,1.5788286924362,0.54075753688812
dish_1562181217,11.451743125916,1.4675626754761,0.54647290706635,0.099598459899426,0.68059968948364,0.14024911820889,168150.46875,73162.609375,1.2974573373795,0.56452631950378
dish_1562181247,11.061266899109,2.8329238891602,0.56537640094757,0.13114808499813,0.49941548705101,0.26454305648804,196807.53125,65211.9609375,1.5185766220093,0.50317871570587
dish_1562181285,9.7390918731689,1.6380014419556,0.3603827059269,0.060682091861963,0.71279245615005,0.11830062419176,204216.625,68061.4453125,1.5757455825806,0.52516549825668
dish_1562183065,17.092342376709,2.1365835666656,0.75759607553482,0.050193693488836,0.56183862686157,0.03558386862278,171558.484375,74279.1328125,1.3237538337708,0.57314139604568
dish_1562183125,12.338382720947,6.3197422027588,0.57945662736893,0.21085189282894,0.47565248608589,0.27840906381607,167825.203125,71020.8828125,1.2949476242065,0.54800063371658
dish_1562183151,13.922574996948,2.283474445343,0.59788084030151,0.12282565236092,0.37114292383194,0.15153534710407,177554.125,78521.96875,1.3700164556503,0.60587936639786
dish_1562183175,12.505074501038,4.4240856170654,0.4787495136261,0.19608968496323,0.43508189916611,0.27022737264633,199944.9375,66416.71875,1.5427850484848,0.51247471570969
dish_1562183201,13.265943527222,6.4474139213562,0.54208672046661,0.23271575570107,0.48444601893425,0.31796300411224,199135.15625,66382.640625,1.536536693573,0.51221174001694
dish_1562184604,15.611806869507,2.2164785861969,0.72910583019257,0.011038765311241,0.54007840156555,0.077985495328903,165955.703125,69311.1875,1.2805223464966,0.53480857610703
dish_1562184628,11.769082069397,2.0581197738647,0.41033789515495,0.15810506045818,0.79750347137451,0.11110883951187,195267.46875,66809.96875,1.506693482399,0.51550900936127
dish_1562184663,12.487596511841,1.0736863613129,0.53355884552002,0.08921455591917,0.58319920301437,0.1892446577549,189332.484375,65033.75390625,1.4608988761902,0.50180369615555
dish_1562184705,13.279448509216,5.5549340248108,0.45388662815094,0.27597332000732,0.54666936397552,0.32759341597557,203925.171875,73628.734375,1.5734966993332,0.56812292337418
dish_1562602657,10.538553237915,2.5257885456085,0.45183733105659,0.26122468709946,0.52927476167679,0.23457391560078,179764.125,85832.6171875,1.3870688676834,0.66228872537613
dish_1562602803,16.244079589844,3.4083704948425,0.60113859176636,0.11006972938776,0.49587604403496,0.10491239279509,191403.5,61438.30859375,1.4768788814545,0.47406104207039
dish_1562602832,15.105051040649,2.9362120628357,0.58576720952988,0.096640132367611,0.46977531909943,0.13519208133221,190651.84375,61050.90625,1.47107899189,0.47107174992561
dish_1562602860,17.343141555786,3.6825613975525,0.6997184753418,0.16825245320797,0.35319092869759,0.22658051550388,190789.09375,64769.7421875,1.4721380472183,0.49976652860641
dish_1562602888,15.415723800659,2.8001947402954,0.58906149864197,0.064571373164654,0.44235220551491,0.1032408028841,195532.890625,69190.4375,1.5087413787842,0.5338768362999
dish_1562602918,14.64514541626,3.1169805526733,0.62142568826675,0.10771925002337,0.39268219470978,0.16224570572376,174438.515625,76027.25,1.3459762334824,0.586629986763
dish_1562602945,15.679916381836,0.94136571884155,0.73072421550751,0.0078207273036242,0.23594066500664,0.025190571323037,174493.53125,83970.359375,1.3464006185532,0.64791941642761
dish_1562603536,17.222955703735,4.2620992660522,0.62556767463684,0.21904008090496,0.39842462539673,0.16294066607952,170049.09375,75354.8203125,1.3121072053909,0.58144152164459
dish_1562603569,15.526272773743,3.1355676651001,0.61094129085541,0.029943523928523,0.60628038644791,0.14644353091717,172810.96875,75252.2890625,1.3334180116653,0.58065044879913
dish_1562603598,13.454837799072,1.3313299417496,0.53760969638824,0.14762458205223,0.57884836196899,0.24169634282589,183662.953125,56595.5390625,1.4171524047852,0.4366939663887
dish_1562603626,10.089139938354,1.4742616415024,0.43512666225433,0.058641038835049,0.55600291490555,0.0019744113087654,178516.90625,81357.6875,1.3774452209473,0.62775993347168
dish_1562603842,16.419639587402,6.3139872550964,0.61900633573532,0.26068383455276,0.35843715071678,0.27903804183006,204522.0,56343.05859375,1.5781018733978,0.43474581837654
dish_1562603867,10.20379447937,2.9195342063904,0.42283383011818,0.19374731183052,0.61887919902802,0.13626578450203,193294.40625,62197.53125,1.4914691448212,0.47991922497749
dish_1562603895,12.626840591431,5.0038948059082,0.52360022068024,0.19541282951832,0.48061966896057,0.29327782988548,180825.828125,84149.6875,1.3952610492706,0.64930313825607
dish_1562605315,16.95676612854,1.7928284406662,0.70345026254654,0.046235091984272,0.39109581708908,0.033312764018774,171140.515625,76448.9453125,1.320528626442,0.58988386392593
dish_1562605352,23.767295837402,2.6189258098602,0.82979017496109,0.073721684515476,0.14264661073685,0.10816999524832,185048.984375,58976.7109375,1.4278471469879,0.45506718754768
dish_1562605384,24.620260238647,6.1631665229797,0.87111902236938,0.096870318055153,0.093692623078823,0.088295802474022,167071.15625,71110.59375,1.2891292572021,0.548692882061
dish_1562605411,19.817783355713,7.3866181373596,0.72655266523361,0.20763637125492,0.24533800780773,0.26876783370972,193799.28125,63609.79296875,1.4953647851944,0.49081629514694
dish_1562611522,22.343276977539,0.40916699171066,0.80444443225861,0.061039384454489,0.22783014178276,0.056243453174829,174622.59375,76902.421875,1.3473966121674,0.59338289499283
dish_1562611580,19.666677474976,6.127824306488,0.72124797105789,0.20461058616638,0.36165249347687,0.26210057735443,192276.6875,62262.96484375,1.4836163520813,0.48042407631874
dish_1562611620,21.743103027344,6.0645890235901,0.78865224123001,0.10662813484669,0.29952839016914,0.24318161606789,189482.15625,60263.4453125,1.4620536565781,0.46499568223953
dish_1562611649,15.162868499756,2.7549638748169,0.6246365904808,0.06156063824892,0.52775681018829,0.26501125097275,193205.703125,66142.6875,1.4907846450806,0.51036024093628
dish_1562611680,12.590709686279,3.7958512306213,0.56812715530396,0.22781942784786,0.48598045110703,0.31449779868126,201600.25,66919.6328125,1.5555574893951,0.51635521650314
dish_1562611853,10.583986282349,2.8755841255188,0.32898390293121,0.12507618963718,0.6523362994194,0.1650668233633,200723.21875,67709.703125,1.5487902164459,0.52245140075684
dish_1562612974,10.629576683044,3.7825567722321,0.39225044846535,0.16790206730366,0.68274533748627,0.16848601400852,191915.21875,66749.921875,1.480827331543,0.51504576206207
dish_1562613010,14.667029380798,7.1968855857849,0.45374915003777,0.33261975646019,0.57968133687973,0.43010267615318,190240.75,62843.578125,1.4679070711136,0.48490417003632
dish_1562613045,15.810673713684,4.6310176849365,0.69023823738098,0.092158295214176,0.26548248529434,0.10929285734892,197598.453125,69703.8828125,1.5246794223785,0.53783863782883
dish_1562613285,15.13024520874,7.8116135597229,0.58177220821381,0.32894790172577,0.40674921870232,0.3288702070713,181117.234375,85354.125,1.3975095748901,0.65859663486481
dish_1562613340,14.679525375366,5.9325771331787,0.58906942605972,0.25255665183067,0.35508668422699,0.23704271018505,176596.203125,88628.9609375,1.362625002861,0.68386542797089
dish_1562613376,12.556119918823,8.3387622833252,0.50058668851852,0.37467557191849,0.49386245012283,0.43541285395622,177974.015625,84299.234375,1.3732563257217,0.65045702457428
dish_1562613403,10.867794036865,2.2241010665894,0.49026209115982,0.18611250817776,0.51601588726044,0.26154574751854,200075.71875,66356.171875,1.5437941551208,0.51200747489929
dish_1562613867,12.499130249023,3.4400129318237,0.5161052942276,0.21468284726143,0.50191777944565,0.22827109694481,175009.734375,83338.2734375,1.3503837585449,0.64304220676422
dish_1562613898,14.178992271423,7.2656917572021,0.57561439275742,0.32306429743767,0.43625116348267,0.41346508264542,180573.34375,79794.671875,1.3933129310608,0.61569964885712
dish_1562613918,11.332392692566,4.4900460243225,0.49249887466431,0.30539959669113,0.48551121354103,0.34077250957489,178912.265625,83755.5546875,1.3804959058762,0.64626204967499
dish_1562613974,12.93972492218,2.5029766559601,0.46978536248207,0.22500586509705,0.44673326611519,0.21916581690311,201080.671875,70002.8515625,1.5515483617783,0.54014545679092
dish_1562614121,10.046973228455,0.99180233478546,0.46076774597168,0.050312399864197,0.61363804340363,0.12915648519993,172578.84375,79376.0546875,1.3316268920898,0.61246961355209
dish_1562614158,16.762384414673,0.68715679645538,0.68857872486115,0.086678110063076,0.24758103489876,0.1107365116477,184532.90625,87567.3828125,1.4238650798798,0.67567425966263
dish_1562614895,14.973976135254,6.5486836433411,0.62052702903748,0.16442796587944,0.57293045520782,0.37897825241089,174943.0,77806.640625,1.3498687744141,0.60035985708237
dish_1562614921,13.075434684753,1.4294197559357,0.61019212007523,0.081806436181068,0.37400242686272,0.11174160242081,197011.40625,64993.5703125,1.5201497077942,0.50149357318878
dish_1562614952,12.648255348206,2.0412023067474,0.59213525056839,0.10503763705492,0.41181474924088,0.16033990681171,196231.828125,64840.19140625,1.5141344070435,0.50031012296677
dish_1562614980,10.737730026245,1.4742132425308,0.47078642249107,0.082185171544552,0.6342306137085,0.17764289677143,194995.984375,64161.73828125,1.5045986175537,0.49507513642311
dish_1562615070,13.84331703186,1.5586539506912,0.53600180149078,0.13371932506561,0.58728742599487,0.096433252096176,190294.0625,63077.45703125,1.4683184623718,0.48670876026154
dish_1562615103,10.373539924622,2.6969730854034,0.44020763039589,0.13576304912567,0.58994674682617,0.17662481963634,201224.296875,69823.9375,1.5526566505432,0.53876495361328
dish_1562615128,8.9606027603149,1.3778914213181,0.31549328565598,0.042683608829975,0.86252957582474,0.03560009598732,180378.6875,83519.84375,1.3918108940125,0.64444315433502
dish_1562615153,21.571537017822,10.430991172791,0.74510085582733,0.27628880739212,0.19859392940998,0.25994515419006,174794.8125,73904.1796875,1.3487253189087,0.57024830579758
dish_1562615283,14.710875511169,1.595810174942,0.61537569761276,0.045449741184711,0.50616407394409,0.048792362213135,194517.390625,63124.30859375,1.500905752182,0.48707029223442
dish_1562615324,14.258873939514,4.3258829116821,0.69044589996338,0.1363215893507,0.35994869470596,0.30056336522102,191197.59375,64189.79296875,1.4752900600433,0.49529162049294
dish_1562615360,8.3618412017822,1.8064671754837,0.44283401966095,0.069819182157516,0.74939489364624,0.11434878408909,168996.484375,69548.7421875,1.3039852380753,0.53664147853851
dish_1562615388,9.4415073394775,2.1805918216705,0.35408186912537,0.15916866064072,0.70439231395721,0.23852536082268,206537.40625,71133.9375,1.5936527252197,0.54887294769287
dish_1562617370,20.833679199219,2.6577789783478,0.78767424821854,0.051428258419037,0.32179886102676,0.14127035439014,174886.40625,77323.7265625,1.3494321107864,0.59663367271423
dish_1562617395,16.489643096924,4.6769952774048,0.63675969839096,0.13241522014141,0.44803470373154,0.2900795340538,193328.625,63792.859375,1.4917331933975,0.49222886562347
dish_1562617416,16.216436386108,4.45268201828,0.61154460906982,0.15735828876495,0.40426528453827,0.29162549972534,192771.015625,61888.5078125,1.4874306917191,0.4775348007679
dish_1562617446,12.884306907654,1.5804017782211,0.54286682605743,0.15466102957726,0.44302162528038,0.1872486025095,195617.71875,63028.76953125,1.5093958377838,0.48633307218552
dish_1562617470,13.939591407776,5.5742430686951,0.56036728620529,0.26675909757614,0.42025548219681,0.34134712815285,198696.609375,69188.6015625,1.5331528186798,0.53386270999908
dish_1562617492,15.797059059143,0.70155531167984,0.65290015935898,0.056733060628176,0.27342408895493,0.06404186040163,203031.53125,71509.5546875,1.5666012763977,0.55177128314972
dish_1562617939,10.569955825806,2.9184441566467,0.46280843019485,0.18597809970379,0.58729237318039,0.17555752396584,192456.625,60908.6328125,1.485004901886,0.46997398138046
dish_1562618000,19.736709594727,9.3044767379761,0.76075541973114,0.26702615618706,0.19918844103813,0.25615653395653,164492.28125,60446.12890625,1.2692306041718,0.46640527248383
dish_1562686492,15.276885986328,2.7105798721313,0.71260976791382,0.051291324198246,0.6572585105896,0.0040894243866205,165385.90625,73867.0390625,1.2761256694794,0.56996166706085
dish_1562686520,13.532270431519,0.43851536512375,0.64550989866257,0.027673199772835,0.55799520015717,0.079480148851871,167949.140625,67313.4453125,1.2959039211273,0.51939386129379
dish_1562686548,13.214058876038,0.14987823367119,0.63449674844742,0.024995863437653,0.55211812257767,0.019703313708305,165797.8125,64161.5546875,1.2793041467667,0.49507370591164
dish_1562686577,12.759920120239,2.2024192810059,0.52757847309113,0.062672629952431,0.38191342353821,0.11494311690331,193865.453125,68750.1328125,1.4958753585815,0.5304793715477
dish_1562687246,12.810935974121,0.15887270867825,0.6336989402771,0.057537317276001,0.53639131784439,0.091774322092533,166006.3125,70207.71875,1.2809128761292,0.54172617197037
dish_1562687274,7.993061542511,2.3092217445374,0.42356258630753,0.061529193073511,0.7783437371254,0.013801490888,170338.671875,72011.953125,1.314341545105,0.55564779043198
dish_1562687299,11.955368041992,1.1195611953735,0.60295474529266,0.071625538170338,0.47165876626968,0.10043212771416,165206.71875,70951.96875,1.2747431993484,0.54746890068054
dish_1562687527,11.059446334839,5.1283378601074,0.50967699289322,0.1508880853653,0.53964078426361,0.27271193265915,190413.75,61799.80078125,1.4692418575287,0.47685033082962
dish_1562687554,13.035641670227,4.0492839813232,0.55616760253906,0.18340995907784,0.39618289470673,0.2275333404541,194858.8125,66103.9765625,1.5035402774811,0.51006156206131
dish_1562688426,15.252437591553,0.16375702619553,0.6803931593895,0.0018562314799055,0.46367025375366,0.019161369651556,165702.765625,71145.390625,1.2785707712173,0.54896140098572
dish_1562688482,17.590532302856,4.0055227279663,0.70233947038651,0.063248597085476,0.30097103118896,0.20048125088215,166726.40625,68894.4375,1.2864691019058,0.53159290552139
dish_1562688524,19.803323745728,14.08842754364,0.65194934606552,0.40017023682594,0.36098727583885,0.48247507214546,175631.890625,75602.9765625,1.3551843166351,0.583356320858
dish_1562688552,16.11180305481,0.25293165445328,0.7611608505249,0.0053110509179533,0.19259898364544,0.012351892888546,179327.59375,79212.09375,1.3837006092072,0.61120438575745
dish_1562689601,15.555534362793,2.7808990478516,0.67362070083618,0.03574937954545,0.49663782119751,0.13791258633137,169196.484375,74264.8671875,1.3055284023285,0.57303142547607
dish_1562689620,15.774343490601,4.0309810638428,0.66105270385742,0.087594762444496,0.45224756002426,0.28699439764023,170196.4375,71543.5859375,1.3132441043854,0.55203384160995
dish_1562689645,13.589532852173,1.2030754089355,0.5690084695816,0.025164576247334,0.58664953708649,0.029555350542068,170297.234375,79252.3046875,1.3140218257904,0.61151468753815
dish_1562690047,20.710105895996,1.2165009975433,0.84469068050385,0.090035401284695,0.1508327126503,0.11922006309032,168244.75,70139.140625,1.2981847524643,0.5411970615387
dish_1562690074,14.724889755249,2.7437145709991,0.68598055839539,0.070551887154579,0.29885905981064,0.12637621164322,169875.234375,69644.90625,1.3107657432556,0.53738355636597
dish_1562690112,14.827453613281,4.7943425178528,0.65793579816818,0.12675523757935,0.33699840307236,0.17716816067696,196907.75,68866.125,1.5193499326706,0.53137439489365
dish_1562690144,13.03542137146,3.1028971672058,0.57064998149872,0.06875404715538,0.42730709910393,0.095022685825825,204504.8125,69455.0625,1.5779691934586,0.53591865301132
dish_1562690886,17.634140014648,2.8841593265533,0.7215096950531,0.073633201420307,0.4479193687439,0.18210919201374,174408.75,75784.5625,1.3457465171814,0.58475744724274
dish_1562690917,18.490800857544,9.6396551132202,0.72096139192581,0.22995661199093,0.37877142429352,0.35289111733437,185585.765625,57344.32421875,1.4319889545441,0.44247165322304
dish_1562690950,18.665683746338,8.3159017562866,0.70592623949051,0.1878134906292,0.33805149793625,0.28954938054085,187313.96875,57067.7578125,1.4453238248825,0.44033762812614
dish_1562691000,20.416126251221,4.4577841758728,0.7282777428627,0.14549371600151,0.25765797495842,0.23476192355156,190433.484375,61476.1484375,1.4693942070007,0.47435301542282
dish_1562691032,12.425537109375,4.5698885917664,0.52621561288834,0.17603373527527,0.50001412630081,0.2528138756752,193827.390625,63493.77734375,1.4955817461014,0.48992112278938
dish_1562691064,19.327392578125,3.9240875244141,0.75622326135635,0.07063852250576,0.17038612067699,0.044188007712364,192890.125,60786.4375,1.4883497953415,0.46903118491173
dish_1562691383,14.410115242004,0.31432783603668,0.63600546121597,0.04881152883172,0.59001964330673,0.052880469709635,165630.09375,68168.796875,1.2780100107193,0.52599382400513
dish_1562691441,16.586429595947,4.7295637130737,0.66864955425262,0.1509871929884,0.27696561813354,0.19134441018105,192430.21875,60485.25,1.4848010540009,0.46670717000961
dish_1562691466,10.906499862671,2.5995090007782,0.44477120041847,0.14553992450237,0.57948833703995,0.10586058348417,193652.859375,65358.46484375,1.4942350387573,0.50430911779404
dish_1562691538,15.212075233459,6.5892276763916,0.56682908535004,0.24138523638248,0.48113268613815,0.27519726753235,206445.53125,44614.5,1.5929439067841,0.34424769878387
dish_1562691566,20.830760955811,5.7907676696777,0.80554401874542,0.041832074522972,0.15255980193615,0.08259030431509,190235.765625,66107.140625,1.4678685665131,0.51008594036102
dish_1562691613,12.109175682068,2.8280959129333,0.52219051122665,0.20337875187397,0.52109855413437,0.26976498961449,193018.34375,65123.81640625,1.4893391132355,0.50249856710434
dish_1562691645,11.439434051514,2.2715511322021,0.49262034893036,0.15455792844296,0.57753527164459,0.27258235216141,198117.796875,65890.9140625,1.5286866426468,0.50841748714447
dish_1562691674,11.082045555115,2.9707148075104,0.50480544567108,0.07834979891777,0.56672382354736,0.10571686923504,195574.625,64686.28125,1.5090634822845,0.49912253022194
dish_1562691737,11.907816886902,3.3571286201477,0.50685113668442,0.1211940869689,0.57319813966751,0.25958704948425,195901.78125,66064.6484375,1.5115878582001,0.50975811481476
dish_1562698100,19.84143447876,7.5020704269409,0.68002080917358,0.24787695705891,0.31879597902298,0.32027214765549,168004.046875,70191.0234375,1.2963274717331,0.54159742593765
dish_1562698132,15.105554580688,2.5444839000702,0.6430841088295,0.16873359680176,0.31251582503319,0.14288946986198,190655.96875,65273.19140625,1.4711108207703,0.50365114212036
dish_1562698209,20.06063079834,4.1173992156982,0.79821676015854,0.06052304059267,0.23443391919136,0.14758266508579,188267.53125,63793.75390625,1.4526815414429,0.49223574995995
dish_1562698239,16.239694595337,9.6443433761597,0.69974219799042,0.21670164167881,0.29280105233192,0.25411286950111,191180.609375,64332.91796875,1.4751590490341,0.49639597535133
dish_1562698276,12.05952835083,2.953928232193,0.60367554426193,0.077395267784595,0.49910140037537,0.19971033930779,170489.3125,73014.6171875,1.3155038356781,0.56338441371918
dish_1562699612,17.564981460571,0.55029624700546,0.70355045795441,0.0057182316668332,0.49490875005722,0.13487201929092,174827.578125,82942.375,1.3489781618118,0.63998740911484
dish_1562699652,7.9205465316772,0.13602204620838,0.40878641605377,0.065612316131592,0.73090821504593,0.071850009262562,169824.796875,71409.4296875,1.3103765249252,0.55099868774414
dish_1562699699,12.989753723145,2.4675254821777,0.54197430610657,0.16822679340839,0.47580999135971,0.17037199437618,197669.890625,64217.375,1.5252306461334,0.49550443887711
dish_1562700524,9.4981336593628,0.33881077170372,0.49584266543388,0.025806810706854,0.72881305217743,0.10789306461811,173499.921875,73873.65625,1.3387339115143,0.57001274824142
dish_1562700568,12.956830978394,3.9149222373962,0.6719069480896,0.066240601241589,0.35202062129974,0.1260828524828,176218.5,78950.265625,1.3597105741501,0.60918408632278
dish_1562700593,12.964507102966,2.8328912258148,0.67040526866913,0.067188732326031,0.37559998035431,0.12407096475363,177921.703125,81275.2734375,1.3728526830673,0.62712407112122
dish_1562700685,13.966334342957,3.4050214290619,0.56131368875504,0.13277050852776,0.56946331262589,0.23589137196541,204582.375,56109.7109375,1.5785677433014,0.43294528126717
dish_1562700718,12.775891304016,4.1462688446045,0.57563346624374,0.23053771257401,0.50979566574097,0.18225938081741,190521.765625,66396.96875,1.4700753688812,0.512322306633
dish_1562700760,15.045030593872,4.9191055297852,0.68604278564453,0.041528850793839,0.43729937076569,0.025309603661299,167422.0625,70061.015625,1.291836977005,0.54059422016144
dish_1562700906,22.72430229187,9.7107276916504,0.82224380970001,0.1595675945282,0.1419822871685,0.15773871541023,174442.546875,79720.0546875,1.3460073471069,0.61512386798859
dish_1562700931,14.046268463135,0.64892387390137,0.61000907421112,0.14937189221382,0.40103530883789,0.1680812984705,171302.671875,70909.0859375,1.3217798471451,0.54713803529739
dish_1562700957,17.183584213257,2.6276590824127,0.69660747051239,0.15071278810501,0.28043657541275,0.1752524971962,169897.15625,71254.0703125,1.3109349012375,0.54979997873306
dish_1562702007,14.543745040894,3.448390007019,0.62391978502274,0.062833249568939,0.50518846511841,0.27972745895386,151151.9375,123260.375,1.1662957668304,0.95108312368393
dish_1562702044,11.402021408081,0.52288389205933,0.44779267907143,0.068549446761608,0.76679086685181,0.053006447851658,173796.34375,79285.796875,1.3410210609436,0.61177307367325
dish_1562702091,11.703831672668,3.4582006931305,0.49087390303612,0.086101748049259,0.55213767290115,0.15284305810928,156741.15625,124317.6953125,1.2094224691391,0.95924144983292
dish_1562702132,11.890186309814,3.2443614006042,0.53382658958435,0.069607429206371,0.40840622782707,0.15182143449783,185367.34375,66491.7421875,1.4303035736084,0.5130535364151
dish_1562702355,10.270902633667,1.677304983139,0.47245913743973,0.046882383525372,0.64618098735809,0.046473897993565,173580.1875,78830.78125,1.3393533229828,0.6082621216774
dish_1562702379,10.880310058594,0.4152118563652,0.57232427597046,0.021370222792029,0.46698662638664,0.017263559624553,168233.296875,68586.0234375,1.2980964183807,0.52921313047409
dish_1562702412,11.103089332581,3.398087978363,0.57257997989655,0.13706786930561,0.45976382493973,0.20808403193951,173351.078125,77011.0390625,1.3375854492188,0.59422093629837
dish_1562702469,10.756641387939,0.72220546007156,0.50697481632233,0.041406475007534,0.51846498250961,0.1231796219945,177557.546875,81343.6796875,1.3700428009033,0.62765181064606
dish_1562702813,10.047810554504,2.7397832870483,0.21706596016884,0.18598681688309,0.83524775505066,0.25527194142342,218626.65625,61617.7109375,1.6869339942932,0.47544527053833
dish_1562702853,13.785668373108,3.2040114402771,0.62456154823303,0.019689194858074,0.38726323843002,0.01014004740864,166956.40625,69578.765625,1.2882437705994,0.5368732213974
dish_1562703345,15.723962783813,0.14949049055576,0.70203328132629,0.075813621282578,0.43516847491264,0.16436651349068,164298.546875,68043.140625,1.2677357196808,0.52502417564392
dish_1562703382,12.112384796143,2.6138434410095,0.54517447948456,0.16517917811871,0.47023552656174,0.22031350433826,193335.609375,65144.77734375,1.4917871952057,0.50266033411026
dish_1562703408,11.481581687927,1.9040192365646,0.52348840236664,0.17715513706207,0.4533913731575,0.17006365954876,193650.625,64951.8828125,1.4942178726196,0.50117194652557
dish_1562704528,19.315860748291,0.75586766004562,0.75970423221588,0.028227725997567,0.38882851600647,0.11276762187481,174656.96875,82049.71875,1.3476617336273,0.63309967517853
dish_1562704564,16.090263366699,2.7247748374939,0.6994354724884,0.12291784584522,0.38104701042175,0.23788025975227,191400.375,65264.5234375,1.476854801178,0.50358426570892
dish_1562704616,15.540464401245,0.27108380198479,0.56883418560028,0.033791046589613,0.50070637464523,0.066857352852821,185954.390625,60765.0703125,1.4348332881927,0.46886628866196
dish_1562704640,12.932231903076,2.008496761322,0.46716070175171,0.073579400777817,0.51354402303696,0.095120213925838,219741.375,50767.6328125,1.6955353021622,0.39172556996346
dish_1562704665,13.429756164551,2.4692301750183,0.56205558776855,0.0037193328607827,0.49029988050461,0.059596717357635,171429.359375,80277.0390625,1.3227573633194,0.61942154169083
dish_1562774099,14.883229255676,5.6063842773438,0.69405269622803,0.1061519831419,0.31971976161003,0.24491856992245,188180.640625,64576.25,1.4520111083984,0.49827349185944
dish_1562774129,12.049671173096,6.6370391845703,0.54929369688034,0.16387541592121,0.57170534133911,0.38886496424675,191448.5,61101.21875,1.4772261381149,0.471460044384
dish_1562774159,8.7631378173828,0.59715336561203,0.48806151747704,0.065718375146389,0.69166058301926,0.08009610325098,187184.625,60302.37109375,1.4443258047104,0.46529605984688
dish_1562774180,12.193748474121,3.2334020137787,0.55894768238068,0.13098794221878,0.66033160686493,0.28731954097748,195798.171875,50484.44921875,1.5107883214951,0.38954052329063
dish_1562774206,9.8946199417114,1.2564759254456,0.45814236998558,0.090350866317749,0.60909289121628,0.092918187379837,194136.625,65288.375,1.497967839241,0.50376832485199
dish_1562774346,19.927728652954,7.9041237831116,0.75676262378693,0.18568255007267,0.22698038816452,0.23892579972744,189631.21875,61658.65234375,1.4632037878036,0.47576117515564
dish_1562774456,13.941072463989,1.3155069351196,0.47842037677765,0.0076930853538215,0.63042235374451,0.12725225090981,175484.0625,76161.96875,1.3540436029434,0.58766949176788
dish_1562774475,14.720794677734,3.5652143955231,0.62722730636597,0.17351369559765,0.4896348118782,0.25333705544472,189057.71875,60334.82421875,1.4587786197662,0.4655464887619
dish_1562774504,19.826162338257,9.6934795379639,0.73418766260147,0.18110656738281,0.2695047557354,0.23481680452824,183207.609375,55191.49609375,1.4136388301849,0.42586028575897
dish_1562774531,11.02935218811,3.2252583503723,0.51475805044174,0.14855892956257,0.55834943056107,0.23069569468498,183866.125,66275.2734375,1.418720126152,0.5113832950592
dish_1562774980,16.774892807007,4.1834902763367,0.6991640329361,0.1358627229929,0.38952207565308,0.27903062105179,170630.5,74982.203125,1.3165934085846,0.57856637239456
dish_1562775356,17.256553649902,0.71908068656921,0.70068776607513,0.052359733730555,0.52697479724884,0.09313165396452,184339.578125,60095.51171875,1.4223732948303,0.46369993686676
dish_1562775373,14.355563163757,2.1854481697083,0.62333160638809,0.002777858171612,0.53558522462845,0.160370439291,148190.453125,118903.375,1.143444776535,0.91746431589127
dish_1562775456,15.211850166321,0.68103033304214,0.69374066591263,0.07156540453434,0.54221707582474,0.059971936047077,185790.8125,63168.609375,1.433571100235,0.48741209506989
dish_1562775488,24.579908370972,6.8199934959412,0.86153495311737,0.07746510207653,0.12492828071117,0.092806980013847,189239.5,62621.390625,1.4601812362671,0.48318973183632
dish_1562775510,18.740516662598,6.3388781547546,0.76407724618912,0.086063377559185,0.23076352477074,0.15328377485275,191444.03125,62411.953125,1.477191567421,0.48157376050949
dish_1562775549,18.821674346924,0.80889683961868,0.75655525922775,0.052367649972439,0.19543817639351,0.069223180413246,192551.21875,62526.92578125,1.4857347011566,0.48246085643768
dish_1562775574,18.63761138916,4.0534067153931,0.75331228971481,0.09049029648304,0.17400549352169,0.085861839354038,192239.4375,66347.1328125,1.4833290576935,0.51193779706955
dish_1562776428,14.518245697021,2.0483772754669,0.62078738212585,0.1127984970808,0.44471281766891,0.17816680669785,169816.546875,70564.9609375,1.3103128671646,0.54448276758194
dish_1562776465,14.780518531799,1.3427588939667,0.54864263534546,0.056070733815432,0.47223740816116,0.036470547318459,196468.015625,69051.09375,1.5159568786621,0.53280162811279
dish_1562776497,12.755821228027,3.4279208183289,0.51165467500687,0.14622284471989,0.5586211681366,0.19143995642662,184507.703125,58394.61328125,1.4236705303192,0.45057570934296
dish_1562777000,19.473684310913,2.905259847641,0.80692195892334,0.042658973485231,0.18714551627636,0.029737299308181,171993.4375,77032.6015625,1.3271099328995,0.59438741207123
dish_1562777037,11.216247558594,1.2061140537262,0.60527104139328,0.0034800653811544,0.46253153681755,0.057569772005081,165581.5,76531.015625,1.2776349782944,0.59051716327667
dish_1562777068,14.254376411438,5.2945156097412,0.65396171808243,0.22531180083752,0.37842836976051,0.297407746315,192119.828125,61250.47265625,1.4824061393738,0.47261166572571
dish_1562777099,12.475341796875,4.16259765625,0.49322956800461,0.16828379034996,0.59949976205826,0.18258717656136,192800.1875,64917.20703125,1.4876557588577,0.50090438127518
dish_1562777566,16.156555175781,0.22531773149967,0.75193029642105,0.060634899884462,0.26302936673164,0.099623560905457,174071.171875,80352.5859375,1.3431417942047,0.62000447511673
dish_1562783691,14.890539169312,1.9631989002228,0.53078985214233,0.06642659753561,0.46243664622307,0.18345111608505,166049.40625,68696.1171875,1.281245470047,0.53006267547607
dish_1562784242,16.298868179321,3.7974319458008,0.6773430109024,0.038124557584524,0.48132368922234,0.13824799656868,192488.5625,63564.3046875,1.4852511882782,0.4904653429985
dish_1562784266,15.627019882202,0.98063999414444,0.61965018510818,0.094415254890919,0.54744905233383,0.0073304967954755,191335.8125,65699.859375,1.4763566255569,0.50694334506989
dish_1562784307,12.105967521667,2.4189233779907,0.5419527888298,0.10996397584677,0.58369022607803,0.089366912841797,192198.546875,61542.90625,1.483013510704,0.47486808896065
dish_1562784347,9.3040714263916,0.62047308683395,0.33902901411057,0.07156927138567,0.62688863277435,0.099463067948818,177658.65625,78880.0390625,1.3708229064941,0.60864228010178
dish_1562784388,10.07475566864,0.49309101700783,0.45281103253365,0.18359676003456,0.53335928916931,0.18296514451504,204188.84375,68580.4765625,1.575531244278,0.5291702747345
dish_1562785132,16.05880355835,1.1244950294495,0.66566604375839,0.059728022664785,0.43840175867081,0.046462375670671,190207.5,60453.765625,1.4676504135132,0.46646425127983
dish_1562785159,13.958886146545,1.5748184919357,0.59950768947601,0.084382392466068,0.3844758272171,0.10932532697916,198577.953125,69037.2421875,1.5322372913361,0.53269475698471
dish_1562785184,17.342887878418,3.1914482116699,0.66378104686737,0.11070868372917,0.32034915685654,0.14925436675549,200455.46875,70389.0625,1.546724319458,0.54312551021576
dish_1562785328,12.562921524048,2.7197468280792,0.60797476768494,0.045888181775808,0.44008722901344,0.026547836139798,177228.515625,82083.4140625,1.3675038814545,0.63335967063904
dish_1562785369,12.371013641357,3.4387335777283,0.57618707418442,0.0967812910676,0.36555153131485,0.11345076560974,191974.0,67911.8125,1.4812808036804,0.52401089668274
dish_1562787745,12.783529281616,0.14118249714375,0.6123434305191,0.022976312786341,0.59231197834015,0.010412926785648,171387.8125,72869.78125,1.3224368095398,0.56226688623428
dish_1562787783,14.411469459534,6.983024597168,0.6296027302742,0.20492385327816,0.45201289653778,0.3051198720932,192651.75,64781.41796875,1.4865103960037,0.49985662102699
dish_1562787817,16.266881942749,3.9133191108704,0.74520099163055,0.11618595570326,0.20289199054241,0.15858452022076,191415.21875,64220.8203125,1.4769692420959,0.49553102254868
dish_1562787848,20.002773284912,1.973148226738,0.81524616479874,0.031943894922733,0.11376846581697,0.020097129046917,190949.734375,63377.640625,1.4733775854111,0.48902502655983
dish_1562787956,16.51834487915,3.3245494365692,0.77449530363083,0.097086802124977,0.28678497672081,0.17453879117966,188370.515625,59608.45703125,1.453476190567,0.45994183421135
dish_1562787983,15.568203926086,4.2751655578613,0.71906137466431,0.082332864403725,0.2850638628006,0.18754042685032,192909.65625,65660.03125,1.4885003566742,0.50663602352142
dish_1562788010,15.08717918396,4.1920604705811,0.72221410274506,0.13421754539013,0.27172061800957,0.20378266274929,195380.5,66486.3046875,1.5075656175613,0.51301157474518
dish_1562788032,13.97872543335,4.7100734710693,0.66626435518265,0.13873568177223,0.37361294031143,0.2528612613678,194744.375,64648.84765625,1.5026571750641,0.49883371591568
dish_1562788506,24.666488647461,2.6431806087494,0.8390702009201,0.06654367595911,0.2413691431284,0.1587698161602,171564.390625,77051.0,1.3237992525101,0.59452933073044
dish_1562788536,10.486822128296,1.7017914056778,0.45745661854744,0.084900826215744,0.72275698184967,0.13034264743328,190665.90625,61733.8203125,1.4711874723434,0.47634118795395
dish_1562788568,13.816760063171,3.1289196014404,0.60761642456055,0.12147541344166,0.4769621193409,0.27877306938171,198615.828125,52331.35546875,1.532529592514,0.40379133820534
dish_1562788601,17.223155975342,7.0122046470642,0.71275651454926,0.1473983079195,0.30038273334503,0.23504038155079,184261.203125,54157.30078125,1.4217685461044,0.41788044571877
dish_1562788732,22.271102905273,5.4337840080261,0.79861450195312,0.01324070058763,0.23981127142906,0.16672784090042,190408.734375,62339.15234375,1.4692032337189,0.48101198673248
dish_1562788760,20.013500213623,2.8705589771271,0.77996242046356,0.12524339556694,0.21225951611996,0.13586400449276,183945.8125,59894.44140625,1.4193348884583,0.46214842796326
dish_1562788794,24.537677764893,2.6008219718933,0.83895301818848,0.089028052985668,0.14738675951958,0.13119934499264,162067.359375,61904.71875,1.2505197525024,0.47765985131264
dish_1562788816,19.23431968689,5.2181529998779,0.72990822792053,0.16876070201397,0.27294927835464,0.23168943822384,201910.6875,57149.95703125,1.5579528808594,0.4409718811512
dish_1562788845,20.535467147827,5.5915656089783,0.71477144956589,0.19072686135769,0.25949543714523,0.30293309688568,190074.578125,59547.92578125,1.4666248559952,0.45947480201721
dish_1562789207,19.775882720947,4.2586936950684,0.77680426836014,0.11478471010923,0.38369631767273,0.16043271124363,191014.9375,62780.78515625,1.473880648613,0.48441961407661
dish_1562789240,24.249280929565,5.9442563056946,0.82751148939133,0.11740055680275,0.1984167098999,0.16612707078457,200890.609375,53048.86328125,1.5500818490982,0.40932762622833
dish_1562789268,18.041976928711,4.6959385871887,0.69878947734833,0.056354392319918,0.30382266640663,0.22085639834404,190559.03125,63723.890625,1.4703629016876,0.49169671535492
dish_1562789301,16.246356964111,0.54237389564514,0.65393102169037,0.040136236697435,0.26243448257446,0.11156412214041,192276.859375,66902.3359375,1.4836176633835,0.51622170209885
dish_1562789328,15.314778327942,4.7435870170593,0.65582448244095,0.17997279763222,0.30940788984299,0.20822675526142,194252.015625,62457.22265625,1.4988582134247,0.48192304372787
dish_1562790170,13.096294403076,4.4098410606384,0.5627658367157,0.18972112238407,0.50876677036285,0.33133000135422,196630.59375,62686.390625,1.5172114372253,0.4836913049221
dish_1562790224,13.348898887634,4.5478830337524,0.63178724050522,0.19065506756306,0.38512843847275,0.25087752938271,193690.1875,65178.3984375,1.4945230484009,0.50291967391968
dish_1562790259,12.026034355164,2.8728997707367,0.56689584255219,0.18759727478027,0.47766909003258,0.24464192986488,195000.46875,61359.39453125,1.504633307457,0.47345212101936
dish_1562790295,17.830039978027,6.0437507629395,0.65385842323303,0.25101864337921,0.29346939921379,0.26859554648399,193518.109375,62166.21875,1.4931952953339,0.47967764735222
dish_1562790321,13.99458694458,3.4495301246643,0.55296432971954,0.20205175876617,0.45905232429504,0.32237768173218,192251.328125,58453.8828125,1.4834207296371,0.45103305578232
dish_1562790775,15.23853302002,1.5807900428772,0.66176670789719,0.02813034132123,0.37677437067032,0.036444313824177,187919.09375,59900.16796875,1.4499930143356,0.462192684412
dish_1562790824,11.183123588562,1.1283421516418,0.4522430896759,0.13244119286537,0.63297712802887,0.17468798160553,194698.71875,64155.89453125,1.5023049116135,0.49503007531166
dish_1562790855,11.860580444336,1.6223191022873,0.48742398619652,0.07403564453125,0.62147319316864,0.14406915009022,211845.046875,49499.01953125,1.6346068382263,0.38193687796593
dish_1562859116,24.667238235474,3.6605355739594,0.87960374355316,0.048432990908623,0.16679000854492,0.18338622152805,189720.265625,58666.0,1.4638909101486,0.45266976952553
dish_1562860045,17.322690963745,2.4553465843201,0.67468225955963,0.11036299914122,0.35985735058784,0.055123567581177,172358.53125,75470.7109375,1.3299269676208,0.58233571052551
dish_1562860073,12.974325180054,0.39393344521523,0.54908585548401,0.042075999081135,0.33538055419922,0.022641412913799,176532.34375,79795.9140625,1.3621323108673,0.61570924520493
dish_1562861125,17.105321884155,1.4417296648026,0.7132785320282,0.049822084605694,0.35977286100388,0.062041193246841,165523.21875,67985.3203125,1.2771854400635,0.52457815408707
dish_1562862493,14.031860351562,0.50607234239578,0.56903237104416,0.054923348128796,0.58644133806229,0.062820300459862,186882.25,58077.33203125,1.4419926404953,0.4481275677681
dish_1562862529,12.197114944458,4.6451106071472,0.41970276832581,0.21597172319889,0.62869453430176,0.2893939614296,209530.6875,51598.875,1.6167491674423,0.3981394469738
dish_1562862550,15.122815132141,2.7128691673279,0.63570737838745,0.045157019048929,0.44453185796738,0.094023637473583,169452.140625,71764.7890625,1.307501077652,0.55374073982239
dish_1562871297,19.448333740234,1.8587604761124,0.75299829244614,0.060016661882401,0.37693026661873,0.088186025619507,190494.203125,63771.2734375,1.4698626995087,0.49206227064133
dish_1562871363,23.097816467285,5.1678791046143,0.79587107896805,0.10887712985277,0.22250057756901,0.19912549853325,182556.140625,63897.046875,1.4086122512817,0.49303275346756
dish_1562871408,15.833164215088,1.4544514417648,0.58326977491379,0.04401633515954,0.51233810186386,0.068728365004063,188766.4375,59713.46484375,1.456531047821,0.46075204014778
dish_1562871448,15.270551681519,0.9059237241745,0.56345498561859,0.049099028110504,0.48411428928375,0.042278405278921,185645.5625,60303.421875,1.4324502944946,0.46530419588089
dish_1562871488,14.762125968933,0.77473306655884,0.65688425302505,0.048425897955894,0.31952431797981,0.10233259946108,188156.71875,59969.1875,1.4518265724182,0.46272522211075
dish_1562871537,16.655387878418,1.1290972232819,0.63792169094086,3.5993409255752e-05,0.27575439214706,0.053915914148092,176053.8125,81036.1015625,1.3584399223328,0.62527859210968
dish_1562872150,20.986848831177,0.8518545627594,0.83175128698349,0.012183979153633,0.32259881496429,0.063288107514381,171828.21875,75067.640625,1.3258349895477,0.57922559976578
dish_1562872182,24.163871765137,3.7556538581848,0.8635151386261,0.055082380771637,0.071684986352921,0.032935705035925,191952.390625,64852.5625,1.4811140298843,0.50040555000305
dish_1562872223,14.265263557434,5.8375220298767,0.51899945735931,0.20648968219757,0.60004156827927,0.31125202775002,209470.71875,29069.70703125,1.6162863969803,0.22430329024792
dish_1562872365,15.754531860352,2.867192029953,0.6359121799469,0.0081408321857452,0.46116250753403,0.064430452883244,175628.84375,73339.328125,1.3551608324051,0.56588995456696
dish_1562872396,20.304498672485,8.7208786010742,0.73837453126907,0.13863654434681,0.3016332089901,0.35734942555428,187674.1875,57446.88671875,1.4481033086777,0.44326302409172
dish_1562872432,17.796194076538,6.4539618492126,0.68203938007355,0.24415467679501,0.38286596536636,0.37018638849258,197643.546875,50791.51171875,1.5250273942947,0.39190980792046
dish_1562872470,16.32536315918,8.3545236587524,0.73102021217346,0.14763675630093,0.29492163658142,0.23052649199963,191747.671875,61462.01171875,1.4795343875885,0.47424390912056
dish_1562872498,10.773549079895,2.2341747283936,0.4655350446701,0.14900045096874,0.59967088699341,0.20860594511032,198022.921875,68795.546875,1.5279545783997,0.53082984685898
dish_1562872662,15.061093330383,3.2359459400177,0.70635825395584,0.028176389634609,0.48630967736244,0.17761124670506,185338.265625,56879.6328125,1.4300792217255,0.43888604640961
dish_1562872746,13.103450775146,4.6840629577637,0.60498762130737,0.13861870765686,0.48448604345322,0.24082934856415,190233.578125,62020.59375,1.4678516387939,0.47855395078659
dish_1562872914,15.189529418945,0.68270486593246,0.61816519498825,0.07156728208065,0.55895036458969,0.097725689411163,187768.796875,57997.421875,1.4488332271576,0.4475109577179
dish_1562872945,15.215551376343,2.0970416069031,0.67746424674988,0.093938268721104,0.42019534111023,0.1753076761961,182273.296875,62116.953125,1.4064297676086,0.4792974293232
dish_1562872981,18.364334106445,7.2139730453491,0.72939836978912,0.21327844262123,0.27656754851341,0.33411768078804,172035.796875,76668.6640625,1.3274366855621,0.59157919883728
dish_1562873002,12.982733726501,1.5017274618149,0.54895693063736,0.096068732440472,0.50085282325745,0.21482306718826,197109.9375,64051.86328125,1.5209100246429,0.49422734975815
dish_1562873028,14.240940093994,3.0994181632996,0.58633756637573,0.119150608778,0.42910677194595,0.18440851569176,191848.0625,63931.9453125,1.4803091287613,0.49330207705498
dish_1562873155,9.8835506439209,0.88856345415115,0.49121648073196,0.013840666972101,0.72494184970856,0.064809925854206,173143.1875,75449.7265625,1.3359813690186,0.5821738243103
dish_1562873187,14.37287902832,0.34835144877434,0.6250496506691,0.029155671596527,0.36353650689125,0.074065037071705,179029.46875,87651.828125,1.3814002275467,0.67632579803467
dish_1562873224,10.856245994568,4.8603544235229,0.48110702633858,0.24795274436474,0.57067143917084,0.34171956777573,204533.1875,55943.60546875,1.5781881809235,0.43166366219521
dish_1562873264,19.499000549316,2.8196928501129,0.76533478498459,0.057373017072678,0.14056500792503,0.086906053125858,192759.515625,62164.90625,1.4873418807983,0.47966748476028
dish_1562873416,14.861223220825,5.4106369018555,0.65659654140472,0.15229338407516,0.42777305841446,0.24477978050709,188119.90625,57497.0,1.4515424966812,0.44364973902702
dish_1562873495,14.708700180054,6.2723426818848,0.64583683013916,0.17730423808098,0.43243476748466,0.32146832346916,183667.3125,53857.625,1.4171860218048,0.4155680835247
dish_1562873544,15.481256484985,4.0795478820801,0.65200871229172,0.12331443279982,0.38831186294556,0.27386116981506,192594.84375,60468.50390625,1.4860713481903,0.46657794713974
dish_1562873790,16.029777526855,6.0894980430603,0.60263466835022,0.095930695533752,0.37337318062782,0.023913659155369,168729.9375,65026.12890625,1.3019285202026,0.50174480676651
dish_1562873814,10.924633026123,2.505265712738,0.33837130665779,0.15598361194134,0.66378271579742,0.20273697376251,223113.1875,45007.59375,1.7215523719788,0.34728083014488
dish_1562873838,10.644563674927,0.6474996805191,0.42097598314285,0.016272602602839,0.562151491642,0.089360274374485,165963.75,64938.22265625,1.2805844545364,0.50106656551361
dish_1562874049,20.809850692749,1.3750827312469,0.788458943367,0.01609892398119,0.20213384926319,0.049621500074863,192481.875,61470.6875,1.4851996898651,0.47431084513664
dish_1562874203,11.014375686646,2.1302692890167,0.51896518468857,0.045031726360321,0.56380659341812,0.13071948289871,194989.609375,68369.0234375,1.5045495033264,0.52753871679306
dish_1562874250,14.540068626404,4.253876209259,0.62210321426392,0.14932478964329,0.39038062095642,0.24273471534252,211241.3125,61085.6953125,1.6299482584,0.471340239048
dish_1562874282,11.131062507629,2.2606511116028,0.47005814313889,0.087111309170723,0.53744769096375,0.15815386176109,201489.265625,67945.8671875,1.554701089859,0.52427369356155
dish_1562875159,15.773048400879,6.0677180290222,0.57200741767883,0.23722361028194,0.50938004255295,0.27217316627502,213221.0,41830.57421875,1.645223736763,0.32276678085327
dish_1562875211,19.162055969238,4.9531264305115,0.72915929555893,0.099257379770279,0.30409687757492,0.23893465101719,195185.03125,61947.19140625,1.5060573816299,0.47798758745193
dish_1562875241,17.983383178711,5.319531917572,0.64968800544739,0.20090055465698,0.38723528385162,0.26288408041,197221.21875,53096.25,1.5217686891556,0.40969330072403
dish_1562875273,20.160531997681,5.9062876701355,0.74910271167755,0.12917786836624,0.17344039678574,0.15157894790173,192421.984375,62459.5078125,1.4847375154495,0.48194062709808
dish_1562875320,18.037788391113,4.0740489959717,0.75711512565613,0.12200064212084,0.18717533349991,0.12568506598473,206123.21875,72796.7421875,1.5904569625854,0.56170320510864
dish_1562875833,11.514984130859,0.73189461231232,0.58978849649429,0.076112911105156,0.67870503664017,0.037811513990164,187414.53125,61524.08203125,1.4460997581482,0.47472289204597
dish_1562875870,11.448750495911,0.10554239153862,0.57332926988602,0.013440729118884,0.61314886808395,0.12636405229568,154685.359375,123355.9375,1.193559885025,0.95182049274445
dish_1562875898,16.196594238281,2.7091841697693,0.67760437726974,0.084599241614342,0.33204001188278,0.098457403481007,184943.921875,59985.015625,1.427036523819,0.46284735202789
dish_1562875940,17.312015533447,7.636990070343,0.70566791296005,0.16691337525845,0.29082670807838,0.23125322163105,196830.65625,67254.234375,1.5187550783157,0.51893699169159
dish_1562876494,16.138715744019,1.1984312534332,0.66786968708038,0.13734248280525,0.40624183416367,0.090781666338444,189570.9375,57636.421875,1.4627387523651,0.44472548365593
dish_1562876531,12.86710357666,2.812620639801,0.59131014347076,0.062286946922541,0.50533354282379,0.18477855622768,188968.390625,61851.00390625,1.4580893516541,0.47724539041519
dish_1562876618,20.381254196167,3.5274789333344,0.79453843832016,0.067402809858322,0.34929424524307,0.15402571856976,203064.21875,46943.28125,1.5668535232544,0.36221668124199
dish_1562876645,19.500038146973,2.4647791385651,0.72198337316513,0.11960200220346,0.36058875918388,0.091643288731575,181186.28125,56810.39453125,1.3980422019958,0.43835178017616
dish_1562876674,17.923559188843,4.8238039016724,0.72928035259247,0.1370921432972,0.41794511675835,0.295554459095,190066.421875,64014.42578125,1.4665619134903,0.49393847584724
dish_1562876709,12.331986427307,1.1743568181992,0.50513315200806,0.07486180216074,0.67351949214935,0.054395910352468,185982.78125,55564.41015625,1.4350522756577,0.42873772978783
dish_1562876732,13.246259689331,2.4152419567108,0.52402085065842,0.10240494459867,0.5187754034996,0.1131659373641,188643.375,60918.734375,1.4555815458298,0.47005197405815
dish_1562876756,16.34156036377,4.968822479248,0.72300410270691,0.1447147578001,0.25803565979004,0.17020502686501,198706.609375,66177.8828125,1.5332299470901,0.51063179969788
dish_1562945186,15.091244697571,4.7087140083313,0.60178363323212,0.12405479699373,0.53773146867752,0.21212096512318,185745.265625,57098.16015625,1.4332196712494,0.44057220220566
dish_1562945332,14.373526573181,0.47463530302048,0.63997542858124,0.076712928712368,0.390156686306,0.03098064661026,184461.90625,60097.01953125,1.423317193985,0.46371155977249
dish_1562945393,9.4798221588135,1.8433450460434,0.44703829288483,0.11267986893654,0.74602252244949,0.054108735173941,185121.9375,58056.90234375,1.4284099340439,0.44796988368034
dish_1562945445,8.9790182113647,1.5986922979355,0.41816702485085,0.1014267578721,0.78146904706955,0.066785536706448,187721.15625,61047.12109375,1.4484657049179,0.47104260325432
dish_1562945499,13.21111869812,5.2782988548279,0.49070280790329,0.13063013553619,0.49665927886963,0.32105338573456,189817.171875,62726.7421875,1.464638710022,0.48400261998177
dish_1562945779,14.390085220337,6.5344429016113,0.64637321233749,0.23952221870422,0.54886347055435,0.45405778288841,176566.734375,77504.609375,1.3623976707458,0.59802943468094
dish_1562945823,12.637190818787,5.2544379234314,0.55494892597198,0.20453141629696,0.59870880842209,0.42156785726547,182853.09375,58072.28125,1.4109034538269,0.44808861613274
dish_1562945879,10.558099746704,5.3604850769043,0.37779971957207,0.19753289222717,0.65572309494019,0.48623540997505,172372.515625,77680.3828125,1.3300348520279,0.59938561916351
dish_1562945900,11.731944084167,4.4487524032593,0.42029777169228,0.13909608125687,0.53083193302155,0.36154314875603,194330.140625,63819.46484375,1.4994609355927,0.49243414402008
dish_1562946006,13.920778274536,6.0814366340637,0.56752800941467,0.13543742895126,0.56978732347488,0.30930179357529,182941.875,58805.62109375,1.4115884304047,0.4537470638752
dish_1562946106,13.080532073975,0.79901659488678,0.54871374368668,0.035392645746469,0.63363027572632,0.16118510067463,164319.46875,66598.609375,1.2678971290588,0.51387816667557
dish_1562947020,16.62707901001,3.8932204246521,0.68440580368042,0.10414680093527,0.36607974767685,0.1528561860323,169655.5625,74678.8984375,1.3090707063675,0.57622599601746
dish_1562947376,24.15007019043,8.1280012130737,0.84878635406494,0.059027630835772,0.29355698823929,0.32265502214432,167265.34375,67848.984375,1.2906275987625,0.52352613210678
dish_1562947409,13.438037872314,0.82209485769272,0.66700440645218,0.023709457367659,0.52908825874329,0.18072336912155,166966.140625,69826.8203125,1.2883189916611,0.53878712654114
dish_1562947436,13.409931182861,5.1863532066345,0.51777869462967,0.15567789971828,0.50750398635864,0.4634989798069,164790.25,67418.578125,1.27152967453,0.52020508050919
dish_1562947469,13.038688659668,5.9732284545898,0.57565277814865,0.22721409797668,0.59731531143188,0.45820263028145,187789.765625,61983.203125,1.4489951133728,0.4782654941082
dish_1562947503,13.695340156555,3.1680924892426,0.49996203184128,0.070082627236843,0.4749231338501,0.28071257472038,182634.921875,56328.81640625,1.4092200994492,0.4346359372139
dish_1562949162,19.429344177246,2.1986830234528,0.64089465141296,0.030598906800151,0.42739009857178,0.00098636269103736,173111.296875,73118.265625,1.3357353210449,0.56418418884277
dish_1562949205,15.337798118591,2.2831385135651,0.64464181661606,0.0056723756715655,0.58943468332291,0.046693228185177,169344.4375,73650.375,1.3066700696945,0.56828987598419
dish_1562949242,19.044359207153,6.7829523086548,0.70871531963348,0.22761054337025,0.32029855251312,0.28870597481728,186316.390625,58945.703125,1.4376264810562,0.45482793450356
dish_1562949467,20.720195770264,2.2624549865723,0.77697038650513,0.1267431974411,0.21732379496098,0.16840289533138,173549.875,76915.1015625,1.3391194343567,0.5934807062149
dish_1562949515,10.259094238281,2.206330537796,0.46975257992744,0.062616117298603,0.73383420705795,0.20049002766609,185779.21875,58161.08203125,1.4334816932678,0.44877377152443
dish_1562949541,13.722259521484,2.4348566532135,0.53872245550156,0.048012785613537,0.37494257092476,0.088791899383068,185281.125,59497.9140625,1.4296383857727,0.45908889174461
dish_1562950018,18.310562133789,0.49000263214111,0.73246920108795,0.05165134370327,0.46555858850479,0.029242979362607,169169.8125,75259.890625,1.3053226470947,0.58070904016495
dish_1562950057,15.757748603821,1.8007494211197,0.64354121685028,0.048019379377365,0.45081478357315,0.29585194587708,171798.9375,78574.2265625,1.3256092071533,0.60628265142441
dish_1562950091,16.545822143555,3.4254941940308,0.74952751398087,0.10880368202925,0.2633752822876,0.22702315449715,188390.71875,63068.8359375,1.4536321163177,0.48664224147797
dish_1562950895,12.549457550049,0.87829822301865,0.6127011179924,0.095351412892342,0.70649570226669,0.034691568464041,187804.515625,59618.640625,1.4491089582443,0.46002036333084
dish_1562950934,15.697801589966,6.2898292541504,0.60958069562912,0.19817651808262,0.51656234264374,0.33113834261894,185171.921875,54327.19921875,1.4287956953049,0.41919136047363
dish_1562956486,19.193387985229,5.1968846321106,0.76457244157791,0.13484364748001,0.23049998283386,0.22942741215229,186795.953125,66174.6328125,1.4413267374039,0.51060670614243
dish_1562956510,14.446795463562,1.5012922286987,0.61127781867981,0.066469110548496,0.44386097788811,0.13723918795586,199608.421875,66848.734375,1.5401885509491,0.51580816507339
dish_1562958563,17.940542221069,3.817277431488,0.73311632871628,0.13117112219334,0.32990312576294,0.22716015577316,189832.34375,62362.5078125,1.4647557735443,0.48119220137596
dish_1562958603,17.932804107666,3.4475963115692,0.76013541221619,0.076694831252098,0.23125433921814,0.13362184166908,187133.84375,62322.5859375,1.4439339637756,0.48088413476944
dish_1562958629,18.238571166992,4.8651833534241,0.719835460186,0.16534431278706,0.27846956253052,0.26298445463181,184342.03125,56136.12890625,1.4223921298981,0.43314909934998
dish_1562958721,16.567428588867,8.1933107376099,0.63664722442627,0.2193096280098,0.45903727412224,0.337208122015,189097.671875,62235.6171875,1.459086894989,0.48021313548088
dish_1562958775,11.653900146484,4.2128610610962,0.47262221574783,0.1187206953764,0.52984404563904,0.14611157774925,194186.375,64145.5703125,1.4983516931534,0.49495041370392
dish_1562958809,10.183758735657,3.2656304836273,0.43775475025177,0.087954990565777,0.53516793251038,0.13146701455116,182028.703125,83867.5546875,1.4045424461365,0.64712619781494
dish_1562958998,16.190156936646,3.0808870792389,0.6951071023941,0.11415392905474,0.44827935099602,0.21605914831161,184880.390625,56711.68359375,1.426546216011,0.43759015202522
dish_1562959024,17.980434417725,2.5813722610474,0.65857619047165,0.063803546130657,0.41524982452393,0.18547895550728,192987.90625,63434.6953125,1.4891042709351,0.48946523666382
dish_1562959059,16.691072463989,2.3709950447083,0.64816921949387,0.051106914877892,0.43490061163902,0.11862885206938,194027.4375,62270.98046875,1.4971253871918,0.48048594594002
dish_1562959103,15.691312789917,3.8378505706787,0.58361291885376,0.13827067613602,0.51872426271439,0.26285117864609,200702.71875,59547.63671875,1.5486320257187,0.45947247743607
dish_1562959129,17.745126724243,6.1017184257507,0.67665249109268,0.17876251041889,0.38775497674942,0.23386520147324,193933.34375,65074.10546875,1.4963992834091,0.50211501121521
dish_1562959190,13.252503395081,2.1865677833557,0.50359177589417,0.097354650497437,0.49478426575661,0.16512174904346,201871.4375,66381.7265625,1.5576499700546,0.51220464706421
dish_1562959295,21.240983963013,1.4657932519913,0.77177810668945,0.01461973041296,0.41948843002319,0.036742504686117,174335.90625,75327.8359375,1.3451844453812,0.58123332262039
dish_1562959344,17.697912216187,0.34997123479843,0.72293263673782,0.028065416961908,0.55833852291107,0.049508932977915,166230.75,69689.46875,1.2826447486877,0.53772741556168
dish_1562959379,16.675409317017,8.5359144210815,0.69901341199875,0.18306237459183,0.38368666172028,0.31901296973228,183789.75,57146.6875,1.4181307554245,0.44094663858414
dish_1562959485,16.892776489258,1.9784604310989,0.65847033262253,0.03170207887888,0.45766770839691,0.1905232667923,186013.21875,60595.375,1.4352872371674,0.46755689382553
dish_1562959517,10.011810302734,0.62414759397507,0.4403415620327,0.071338951587677,0.7654100060463,0.044227685779333,191054.625,59920.265625,1.4741868972778,0.46234768629074
dish_1562959547,9.0345230102539,0.59398263692856,0.38846197724342,0.076081804931164,0.77759438753128,0.024065528064966,189781.015625,62970.69140625,1.4643596410751,0.48588496446609
dish_1562959570,11.296164512634,5.3478226661682,0.53143638372421,0.20941244065762,0.579705119133,0.42043259739876,194781.515625,66769.9375,1.5029437541962,0.51520013809204
dish_1562959700,17.819330215454,4.5459332466125,0.70850646495819,0.11853300035,0.40868872404099,0.29802310466766,188889.125,60647.1484375,1.4574778079987,0.46795639395714
dish_1562959732,11.903293609619,0.22280459105968,0.537821829319,0.063376389443874,0.74359518289566,0.072640314698219,188069.71875,59588.19921875,1.4511551856995,0.4597854912281
dish_1562959766,14.47803401947,4.3280954360962,0.67158985137939,0.13625259697437,0.41424256563187,0.27217856049538,187818.625,58455.00390625,1.4492177963257,0.45104169845581
dish_1562959799,14.447602272034,5.9225225448608,0.53379023075104,0.27823659777641,0.42523482441902,0.37199822068214,197188.671875,64036.50390625,1.5215175151825,0.49410885572433
dish_1562960437,25.287679672241,3.7363951206207,0.88579058647156,0.04002183303237,0.099583275616169,0.079994574189186,185214.671875,55230.828125,1.4291255474091,0.42616376280785
dish_1562960472,12.297350883484,2.5809700489044,0.58701747655869,0.082020319998264,0.55432879924774,0.19767393171787,188508.40625,59632.8203125,1.4545402526855,0.46012979745865
dish_1562960520,13.523476600647,6.5449104309082,0.52873170375824,0.13480719923973,0.47025299072266,0.21086496114731,192695.296875,62634.71484375,1.486846446991,0.48329254984856
dish_1562961588,12.87512588501,4.7389650344849,0.5946426987648,0.11045908927917,0.70946872234344,0.13940100371838,200238.671875,52267.46875,1.5450514554977,0.40329837799072
dish_1562961609,15.034320831299,4.215726852417,0.61657786369324,0.089590787887573,0.53387439250946,0.3520869910717,191517.5625,64648.1875,1.4777590036392,0.49882861971855
dish_1562961650,17.777610778809,9.2884883880615,0.70093619823456,0.18511278927326,0.33493232727051,0.29046109318733,194935.59375,70086.171875,1.5041327476501,0.54078841209412
dish_1562963006,16.169752120972,3.4469194412231,0.72890144586563,0.11884029209614,0.375348508358,0.27434459328651,186230.1875,56537.97265625,1.4369614124298,0.43624979257584
dish_1562963033,10.3251953125,1.7706484794617,0.53423225879669,0.069840140640736,0.72626662254333,0.12898281216621,186052.90625,56119.05078125,1.4355933666229,0.4330173432827
dish_1562963059,10.478542327881,1.5010845661163,0.52904319763184,0.055270165205002,0.70925569534302,0.087489128112793,185643.046875,54940.953125,1.4324309825897,0.42392709851265
dish_1562963084,12.387456893921,2.1195867061615,0.61303418874741,0.083135053515434,0.53076273202896,0.21478822827339,194333.703125,65633.6171875,1.4994884729385,0.50643223524094
dish_1562963109,13.207925796509,5.1504235267639,0.57662177085876,0.21360217034817,0.57349419593811,0.40938255190849,181510.34375,65754.1171875,1.4005427360535,0.50736200809479
dish_1562963153,15.407890319824,7.0553188323975,0.57077324390411,0.25020948052406,0.43648010492325,0.40801006555557,194743.0,62953.41015625,1.5026465654373,0.48575159907341
dish_1562963246,21.403926849365,8.9009275436401,0.75640684366226,0.15271216630936,0.38553255796432,0.314063757658,188810.640625,65346.97265625,1.4568722248077,0.50422048568726
dish_1562963289,22.534019470215,7.2094345092773,0.77047938108444,0.13064405322075,0.18708525598049,0.19798634946346,189224.90625,58400.37109375,1.4600687026978,0.45062008500099
dish_1562963325,10.582046508789,2.5530316829681,0.4959844648838,0.14949357509613,0.57306164503098,0.23137114942074,195513.09375,63331.6796875,1.5085887908936,0.48867037892342
dish_1562963484,10.030440330505,1.0535171031952,0.49900871515274,0.070942141115665,0.68883430957794,0.096947737038136,189317.828125,62230.12890625,1.4607857465744,0.48017075657845
dish_1562963517,11.039319992065,0.47107595205307,0.46105423569679,0.066294729709625,0.62455898523331,0.071236349642277,195649.96875,64134.96875,1.5096447467804,0.49486857652664
dish_1562963583,20.411354064941,3.5115621089935,0.8199177980423,0.080985546112061,0.30525940656662,0.201460942626,168848.265625,71818.84375,1.3028415441513,0.55415773391724
dish_1562963612,19.029680252075,5.2722754478455,0.67120224237442,0.10360989719629,0.39799544215202,0.21647819876671,191525.265625,62126.39453125,1.4778183698654,0.47937032580376
dish_1562963648,20.564067840576,5.6566061973572,0.69735169410706,0.13798403739929,0.25191080570221,0.23852570354939,194805.59375,63178.7890625,1.5031294822693,0.4874906539917
dish_1562963676,13.808084487915,4.2412424087524,0.53623235225677,0.098907239735126,0.47393262386322,0.091946415603161,192572.03125,63421.9296875,1.4858953952789,0.48936673998833
dish_1562963704,15.009980201721,6.0614819526672,0.6121032834053,0.29851433634758,0.44288402795792,0.43659090995789,198339.171875,68936.1640625,1.5303947925568,0.53191488981247
dish_1563205877,16.369644165039,1.4251317977905,0.69919300079346,0.061087843030691,0.54408437013626,0.05787630006671,190143.21875,63379.265625,1.4671545028687,0.48903754353523
dish_1563205903,18.830291748047,3.6241784095764,0.8038866519928,0.10750136524439,0.3491128385067,0.25686138868332,187218.734375,61860.0625,1.4445890188217,0.47731527686119
dish_1563205927,11.667132377625,1.0241659879684,0.59237390756607,0.079751074314117,0.69633889198303,0.044756975024939,179644.1875,57592.03515625,1.3861433267593,0.44438296556473
dish_1563205953,17.887725830078,7.7183284759521,0.67324811220169,0.13727086782455,0.41539192199707,0.29934832453728,188401.984375,61314.0625,1.4537190198898,0.47310230135918
dish_1563205982,11.873859405518,2.4184942245483,0.48842594027519,0.044441483914852,0.57243138551712,0.16232663393021,186680.0,60403.62109375,1.4404320716858,0.46607726812363
dish_1563206409,18.362159729004,2.4397037029266,0.67748022079468,0.13999055325985,0.37906193733215,0.30573225021362,172779.171875,73389.921875,1.3331725597382,0.56628024578094
dish_1563206601,11.533149719238,3.4557731151581,0.44074493646622,0.080350011587143,0.64076554775238,0.23363937437534,155087.234375,124629.5390625,1.1966607570648,0.96164762973785
dish_1563207277,18.182773590088,5.2388525009155,0.76409143209457,0.10552374273539,0.32392406463623,0.25167271494865,189349.28125,59201.1171875,1.4610284566879,0.45679876208305
dish_1563207332,21.428524017334,7.0386624336243,0.77123826742172,0.13904531300068,0.30549338459969,0.36169672012329,164443.03125,71766.828125,1.2688505649567,0.55375629663467
dish_1563207364,12.382446289062,0.96431112289429,0.51909697055817,0.049247622489929,0.68234598636627,0.0018480129074305,168139.078125,67277.234375,1.2973693609238,0.51911449432373
dish_1563207389,18.415691375732,10.751346588135,0.64367073774338,0.35379448533058,0.37740612030029,0.46328955888748,169016.15625,73749.09375,1.3041369915009,0.56905168294907
dish_1563207406,21.843479156494,11.364433288574,0.74420118331909,0.22462521493435,0.32233276963234,0.42557826638222,165729.953125,61600.02734375,1.2787804603577,0.47530883550644
dish_1563208094,17.571920394897,6.8919596672058,0.73058462142944,0.1959520727396,0.33190339803696,0.35834419727325,171573.5625,73470.6171875,1.3238699436188,0.56690281629562
dish_1563208412,16.646629333496,1.4041774272919,0.64502429962158,0.074350267648697,0.48343423008919,0.085163995623589,190770.5,60093.1953125,1.471994638443,0.46368208527565
dish_1563208439,13.90704536438,5.3248453140259,0.63218283653259,0.078457437455654,0.56009328365326,0.35521709918976,188157.140625,61762.546875,1.451829791069,0.47656285762787
dish_1563208459,10.613569259644,4.0527677536011,0.45285138487816,0.12102915346622,0.67078220844269,0.26950585842133,189766.578125,62082.5390625,1.4642482995987,0.47903192043304
dish_1563216412,22.830324172974,9.1192293167114,0.760378241539,0.2448353767395,0.20866553485394,0.24004183709621,166346.5,70638.9609375,1.2835377454758,0.54505372047424
dish_1563216440,16.188373565674,6.7676706314087,0.65640795230865,0.19256797432899,0.36419680714607,0.27379140257835,187305.515625,65401.91015625,1.4452586174011,0.50464433431625
dish_1563216625,22.57354927063,3.3007044792175,0.85138726234436,0.04404716193676,0.18038284778595,0.11105187982321,190557.6875,59506.63671875,1.4703524112701,0.45915612578392
dish_1563216659,18.02830696106,4.6181344985962,0.67571151256561,0.14969520270824,0.34074261784554,0.26730066537857,174429.484375,75951.859375,1.345906496048,0.58604830503464
dish_1563216689,14.689883232117,5.5568070411682,0.61405366659164,0.17562332749367,0.45909449458122,0.29278868436813,188466.84375,61932.0546875,1.4542194604874,0.4778707921505
dish_1563216717,12.306071281433,3.3538303375244,0.5295318365097,0.07472475618124,0.49368250370026,0.17952641844749,188824.46875,63613.953125,1.4569789171219,0.49084839224815
dish_1563216739,11.885750770569,3.2384531497955,0.51632142066956,0.13778479397297,0.54634141921997,0.20884880423546,186208.671875,58959.97265625,1.4367953538895,0.45493802428246
dish_1563217774,16.9729347229,3.0162136554718,0.73371154069901,0.14216886460781,0.26811116933823,0.19531525671482,195149.6875,65388.9609375,1.5057845115662,0.50454443693161
dish_1563217804,13.345217704773,5.4718995094299,0.50927567481995,0.22105069458485,0.47832730412483,0.29565480351448,202807.625,55386.80078125,1.5648736953735,0.42736729979515
dish_1563217895,13.121529579163,1.2051165103912,0.54626935720444,0.077593393623829,0.65356880426407,0.060715727508068,198092.046875,52207.34765625,1.5284880399704,0.40283444523811
dish_1563217939,20.093002319336,11.942848205566,0.63507652282715,0.32766541838646,0.38997477293015,0.47021174430847,175551.921875,76822.4296875,1.3545672893524,0.59276562929153
dish_1563217968,8.0826053619385,1.0737273693085,0.35794049501419,0.020630903542042,0.83263635635376,0.011514561250806,165972.359375,69704.28125,1.28065097332,0.53784173727036
dish_1563217993,11.907216072083,3.86479139328,0.48408716917038,0.16985939443111,0.50353014469147,0.38355028629303,187789.78125,60068.0625,1.4489952325821,0.46348816156387
dish_1563218031,10.601598739624,2.567483663559,0.33589237928391,0.18633721768856,0.74490696191788,0.1039370521903,202351.46875,69058.4765625,1.5613539218903,0.5328586101532
dish_1563218201,12.048903465271,2.1313841342926,0.46920236945152,0.070959180593491,0.61705237627029,0.057047367095947,183556.9375,54907.26171875,1.4163343906403,0.42366713285446
dish_1563218408,12.953363418579,5.4382653236389,0.52012628316879,0.1830512881279,0.50050294399261,0.34200415015221,175988.671875,79316.1875,1.357937335968,0.61200755834579
dish_1563218959,15.123741149902,5.977548122406,0.66713297367096,0.16134341061115,0.39924424886703,0.27705436944962,191495.0625,63975.91015625,1.4775853157043,0.49364128708839
dish_1563218987,11.044965744019,0.49797388911247,0.4607355594635,0.020659929141402,0.77145057916641,0.12377911806107,190992.125,60826.2265625,1.4737046957016,0.46933814883232
dish_1563219009,14.096073150635,0.74948626756668,0.54838931560516,0.078980036079884,0.58528077602386,0.15302672982216,164211.09375,71803.921875,1.2670609951019,0.55404263734818
dish_1563219035,17.09508895874,8.8547334671021,0.67128878831863,0.22167584300041,0.37257307767868,0.31058388948441,187733.328125,58849.9140625,1.4485596418381,0.45408886671066
dish_1563219056,15.305052757263,5.5019450187683,0.6041898727417,0.17895241081715,0.33110862970352,0.29893580079079,195313.1875,64276.19140625,1.5070462226868,0.49595829844475
dish_1563220058,19.55841255188,1.0631247758865,0.81300628185272,0.030249999836087,0.22366677224636,0.093211472034454,193191.1875,66096.3046875,1.4906727075577,0.51000237464905
dish_1563220087,18.349443435669,6.8010210990906,0.70759785175323,0.14309151470661,0.34780162572861,0.26886808872223,187986.25,59120.9296875,1.4505112171173,0.45618003606796
dish_1563220143,10.294523239136,2.0931055545807,0.50360828638077,0.16953007876873,0.52601730823517,0.27211594581604,196026.34375,62707.86328125,1.5125489234924,0.48385700583458
dish_1563220171,15.757722854614,8.6395483016968,0.60002708435059,0.21542842686176,0.39428400993347,0.30968421697617,188456.515625,59464.4609375,1.4541398286819,0.45883074402809
dish_1563220767,12.748438835144,2.2283186912537,0.6379047036171,0.11842545121908,0.51873815059662,0.30002978444099,192461.515625,65681.8515625,1.4850425720215,0.50680440664291
dish_1563220802,10.508361816406,3.0829708576202,0.46098157763481,0.08652102202177,0.61819094419479,0.2930249273777,187538.703125,59659.14453125,1.4470578432083,0.4603328704834
dish_1563220987,16.354335784912,3.5235893726349,0.64813643693924,0.033225521445274,0.40216058492661,0.2447507828474,190900.421875,63280.5078125,1.4729970693588,0.48827549815178
dish_1563221025,16.46964263916,5.2422361373901,0.58830225467682,0.14407302439213,0.46625533699989,0.28176710009575,188615.203125,63891.73046875,1.4553642272949,0.49299174547195
dish_1563221054,13.665622711182,4.1787428855896,0.63237577676773,0.19359749555588,0.39920249581337,0.31078895926476,196743.46875,67161.453125,1.5180822610855,0.51822108030319
dish_1563221086,13.138667106628,5.56267786026,0.57546770572662,0.25002682209015,0.43572741746902,0.38808065652847,197632.8125,67960.5078125,1.5249445438385,0.5243866443634
dish_1563221157,13.124053001404,7.8859477043152,0.48027193546295,0.29895305633545,0.55948263406754,0.42688494920731,200835.890625,72264.3125,1.5496597290039,0.55759501457214
dish_1563221443,20.991069793701,0.51814615726471,0.82043695449829,0.041223142296076,0.24357824027538,0.0655153170228,186504.34375,58641.171875,1.4390767812729,0.4524781703949
dish_1563221495,21.108247756958,3.4698538780212,0.85221880674362,0.081096306443214,0.19509892165661,0.15100860595703,187385.5625,57225.3046875,1.4458762407303,0.44155329465866
dish_1563221519,13.291779518127,1.0041037797928,0.57626092433929,0.064117282629013,0.48809018731117,0.019942834973335,177613.078125,78993.28125,1.37047123909,0.60951602458954
dish_1563221562,15.989261627197,6.6665964126587,0.63598221540451,0.15699262917042,0.37000167369843,0.27585569024086,186652.890625,56645.92578125,1.4402229785919,0.43708270788193
dish_1563221602,13.516630172729,4.4686079025269,0.48688870668411,0.25030118227005,0.42265087366104,0.31501895189285,178827.8125,79811.2890625,1.3798443078995,0.61582785844803
dish_1563221640,9.0734176635742,0.63790166378021,0.35240015387535,0.18121662735939,0.65825027227402,0.26448729634285,179749.625,84938.890625,1.3869569301605,0.65539264678955
dish_1563222745,25.722984313965,2.4059579372406,0.86027443408966,0.064100131392479,0.094150885939598,0.028265252709389,177801.21875,79785.3671875,1.3719229698181,0.61562782526016
dish_1563222775,18.159961700439,2.1106247901917,0.70206618309021,0.12283048778772,0.49683177471161,0.062648363411427,190111.203125,61525.33203125,1.4669073820114,0.47473248839378
dish_1563222800,20.042797088623,6.7357454299927,0.7834489941597,0.08778478205204,0.26517421007156,0.2211896777153,196422.75,63139.109375,1.515607714653,0.48718455433846
dish_1563222830,16.668542861938,8.3289661407471,0.66409015655518,0.29495659470558,0.30214956402779,0.32056188583374,179192.09375,83228.265625,1.3826551437378,0.64219343662262
dish_1563222850,12.576725959778,1.6842507123947,0.5324655175209,0.15382367372513,0.46827599406242,0.1447786539793,199284.75,67172.75,1.5376909971237,0.5183082818985
dish_1563294408,20.746206283569,0.52236199378967,0.82361829280853,0.045095231384039,0.29634654521942,0.035626035183668,165581.90625,74922.671875,1.2776380777359,0.57810705900192
dish_1563294491,17.185836791992,3.1971580982208,0.69386994838715,0.071879975497723,0.3678297996521,0.14805294573307,165922.828125,68271.40625,1.2802686691284,0.52678549289703
dish_1563294522,11.73034286499,3.4369170665741,0.50813782215118,0.1372404396534,0.53442180156708,0.21075411140919,174897.46875,78841.9296875,1.3495173454285,0.60834819078445
dish_1563294547,19.320154190063,3.9638566970825,0.75475746393204,0.11442479491234,0.20352643728256,0.18345530331135,186826.90625,58865.69140625,1.4415656328201,0.45421060919762
dish_1563294987,13.373768806458,4.4210643768311,0.58337581157684,0.048285327851772,0.57605773210526,0.0059377322904766,167032.71875,67635.6953125,1.2888326644897,0.52188032865524
dish_1563295044,15.250997543335,3.8833336830139,0.55539363622665,0.089252188801765,0.45924144983292,0.30933421850204,186648.21875,61545.01171875,1.4401868581772,0.47488436102867
dish_1563295334,16.911819458008,1.6113817691803,0.67071241140366,0.078319653868675,0.37832593917847,0.11524697393179,191296.09375,50225.4140625,1.4760501384735,0.38754177093506
dish_1563302345,13.990968704224,4.8890299797058,0.54753047227859,0.07876293361187,0.51768016815186,0.33404049277306,189412.296875,60798.98046875,1.4615145921707,0.46912795305252
dish_1563302391,13.591086387634,1.6231796741486,0.58962619304657,0.096463724970818,0.42288979887962,0.060792319476604,167841.234375,67998.84375,1.2950712442398,0.52468240261078
dish_1563302447,8.5627460479736,1.3214164972305,0.35852399468422,0.040742810815573,0.74153327941895,0.07362163066864,194884.78125,66992.8203125,1.5037405490875,0.51691991090775
dish_1563303298,16.476757049561,3.9572727680206,0.63029485940933,0.13099546730518,0.37774786353111,0.06513487547636,186383.171875,57827.14453125,1.4381417036057,0.44619709253311
dish_1563303350,14.558332443237,3.7691588401794,0.60683244466782,0.16637319326401,0.43382558226585,0.17425632476807,189228.140625,62636.80078125,1.4600936174393,0.48330861330032
dish_1563303386,19.451728820801,5.7485070228577,0.76071655750275,0.15277950465679,0.22288386523724,0.2712005674839,160882.8125,60920.6953125,1.241379737854,0.47006705403328
dish_1563304261,12.663509368896,3.2090184688568,0.54118275642395,0.11601756513119,0.66322952508926,0.13535629212856,172044.421875,75162.8515625,1.3275032043457,0.57996028661728
dish_1563304301,11.737669944763,3.7060680389404,0.43648168444633,0.18476560711861,0.6644012928009,0.17050537467003,197570.96875,52044.515625,1.5244673490524,0.40157806873322
dish_1563304333,12.625814437866,3.1001691818237,0.49502259492874,0.16730161011219,0.58007264137268,0.25468769669533,197731.609375,67688.046875,1.5257068872452,0.52228432893753
dish_1563304369,11.358318328857,3.6410381793976,0.42199555039406,0.22800017893314,0.65644252300262,0.31399884819984,199210.125,69706.40625,1.5371152162552,0.53785806894302
dish_1563304881,16.755031585693,3.2416801452637,0.70352780818939,0.093462087213993,0.32388642430305,0.12535135447979,190840.046875,62117.2421875,1.4725311994553,0.47929972410202
dish_1563304925,17.553609848022,4.6079626083374,0.678462266922,0.10665103793144,0.37199157476425,0.28752791881561,177611.171875,82094.859375,1.3704564571381,0.6334480047226
dish_1563304958,13.450371742249,4.4177393913269,0.5587991476059,0.21565935015678,0.49362134933472,0.27068874239922,195560.015625,65358.2890625,1.5089507102966,0.50430774688721
dish_1563305005,11.315021514893,4.5517892837524,0.49041265249252,0.10115110129118,0.52919054031372,0.19363462924957,202196.78125,73355.8203125,1.5601603984833,0.56601709127426
dish_1563305047,9.1925945281982,3.3772966861725,0.35327997803688,0.14638069272041,0.67552244663239,0.14514735341072,204704.859375,72277.21875,1.579512834549,0.55769461393356
dish_1563305083,10.867336273193,3.8446607589722,0.42515733838081,0.2184531390667,0.55585414171219,0.29382425546646,205325.0,69442.2734375,1.5842977762222,0.53582000732422
dish_1563305354,12.193158149719,3.6827266216278,0.51125049591064,0.0062292702496052,0.55632382631302,0.14736495912075,193827.390625,69407.5234375,1.4955817461014,0.53555190563202
dish_1563305401,8.3664798736572,1.8715243339539,0.34975206851959,0.065926663577557,0.89124023914337,0.052676726132631,198615.75,53559.1015625,1.5325288772583,0.41326466202736
dish_1563305513,21.817129135132,2.098819732666,0.82380473613739,0.055843912065029,0.14595244824886,0.055863194167614,190287.03125,62925.91015625,1.4682641029358,0.48553943634033
dish_1563305689,14.725365638733,4.107551574707,0.59409099817276,0.087257564067841,0.48443207144737,0.28571480512619,186707.875,57586.8359375,1.4406471252441,0.44434285163879
dish_1563305722,13.384392738342,2.5192031860352,0.5725634098053,0.096025086939335,0.519162774086,0.23065835237503,191772.390625,64208.09765625,1.4797252416611,0.49543285369873
dish_1563305837,16.426465988159,0.024112043902278,0.64136463403702,0.066355660557747,0.44318646192551,0.040569290518761,178881.84375,84293.546875,1.380261182785,0.65041315555573
dish_1563305883,11.141337394714,4.6821551322937,0.55174946784973,0.149597838521,0.65895265340805,0.1431297659874,177023.375,80364.5546875,1.3659211397171,0.62009686231613
dish_1563305913,11.950589179993,1.6497921943665,0.54035627841949,0.085044756531715,0.69297736883163,0.00808637868613,168801.390625,69326.4921875,1.3024798631668,0.53492659330368
dish_1563305948,12.717052459717,4.8001661300659,0.55402338504791,0.19812601804733,0.47863280773163,0.3000613451004,194643.90625,66201.515625,1.5018820762634,0.51081418991089
dish_1563305982,11.013821601868,3.1643893718719,0.44528186321259,0.13225331902504,0.6342077255249,0.23184488713741,218589.296875,47400.41015625,1.6866458654404,0.36574390530586
dish_1563306039,12.337804794312,8.1589956283569,0.46498429775238,0.3092480301857,0.50589263439178,0.35189878940582,192504.9375,64623.16015625,1.4853775501251,0.49863547086716
dish_1563306392,14.748069763184,4.6741418838501,0.62517237663269,0.17965953052044,0.41621240973473,0.1968777179718,191192.421875,64920.046875,1.4752502441406,0.50092631578445
dish_1563307488,11.040512084961,0.83689546585083,0.50388550758362,0.048695098608732,0.56879878044128,0.11513537168503,180086.5,83803.1875,1.3895562887192,0.64662957191467
dish_1563307519,11.751585006714,3.864814043045,0.4601765871048,0.064255207777023,0.63785761594772,0.21446423232555,178632.9375,87818.046875,1.3783404827118,0.67760843038559
dish_1563307575,16.046558380127,2.3074772357941,0.60805481672287,0.12308751046658,0.29485341906548,0.16167877614498,183420.03125,91646.6875,1.4152779579163,0.70715034008026
dish_1563308353,14.418927192688,3.5617971420288,0.59591770172119,0.076145611703396,0.6340588927269,0.22716620564461,162071.4375,66999.171875,1.2505512237549,0.51696890592575
dish_1563308386,13.292409896851,4.0936412811279,0.55319267511368,0.1826981306076,0.67203485965729,0.26175430417061,167618.8125,68649.359375,1.2933551073074,0.52970194816589
dish_1563308428,13.790410041809,6.9635195732117,0.54592275619507,0.21433098614216,0.59307205677032,0.40210375189781,190461.09375,61406.4921875,1.4696071147919,0.47381547093391
dish_1563309237,14.956634521484,1.150017619133,0.67607152462006,0.013115340843797,0.62532526254654,0.015792002901435,175387.578125,77927.390625,1.3532991409302,0.60129165649414
dish_1563309285,12.364205360413,5.2125496864319,0.56438058614731,0.091964520514011,0.45155572891235,0.17957723140717,194053.015625,64458.57421875,1.497322678566,0.49736556410789
dish_1563309315,10.94012260437,1.5189406871796,0.33124858140945,0.1791719943285,0.78602874279022,0.19423101842403,172199.4375,70444.7421875,1.3286993503571,0.54355508089066
dish_1563309353,15.958603858948,3.7059381008148,0.62408661842346,0.1404787749052,0.30100119113922,0.24002593755722,169364.921875,70731.7890625,1.3068280220032,0.54576992988586
dish_1563309398,16.41156578064,6.1610579490662,0.62113738059998,0.25272619724274,0.29986864328384,0.36457324028015,193427.078125,62065.8125,1.4924929141998,0.47890290617943
dish_1563378002,27.525022506714,5.1522679328918,0.88892269134521,0.060276906937361,0.12289507687092,0.12313802540302,172637.578125,75874.2421875,1.3320800065994,0.58544933795929
dish_1563378029,19.803287506104,2.3183598518372,0.74256283044815,0.035443812608719,0.3076297044754,0.14859934151173,169590.40625,77686.109375,1.3085680007935,0.59942990541458
dish_1563378051,19.882692337036,6.2004714012146,0.63660758733749,0.20110167562962,0.42542642354965,0.34764420986176,190740.28125,67111.1953125,1.4717614650726,0.51783329248428
dish_1563378073,16.759395599365,5.4780650138855,0.61964976787567,0.14308799803257,0.4086993932724,0.25971511006355,187572.515625,62192.1640625,1.4473187923431,0.4798778295517
dish_1563378110,14.925023078918,2.9872114658356,0.54689431190491,0.11658848077059,0.49514651298523,0.28384387493134,187518.4375,62161.0703125,1.4469014406204,0.47963786125183
dish_1563378344,21.198171615601,8.3255681991577,0.77894413471222,0.15785351395607,0.35647949576378,0.44120523333549,172127.046875,71044.546875,1.3281407356262,0.54818326234818
dish_1563378372,18.570274353027,4.554304599762,0.72869515419006,0.078134901821613,0.33564472198486,0.19549091160297,165887.421875,66096.8125,1.2799954414368,0.5100063085556
dish_1563378406,16.68314743042,6.6458735466003,0.65893721580505,0.18038058280945,0.44108244776726,0.34567776322365,185432.015625,59135.56640625,1.4308025836945,0.45629298686981
dish_1563378435,15.76655960083,4.9948902130127,0.64401042461395,0.1822002530098,0.47035652399063,0.33336094021797,191058.09375,62104.31640625,1.474213719368,0.47919997572899
dish_1563378660,16.437965393066,6.6693511009216,0.69000673294067,0.15908686816692,0.46180835366249,0.3556307554245,187215.75,61812.49609375,1.4445660114288,0.47694823145866
dish_1563378690,18.426549911499,2.8565649986267,0.74684131145477,0.12358934432268,0.22344636917114,0.13010682165623,191519.171875,49735.80078125,1.4777714014053,0.38376393914223
dish_1563379132,17.981599807739,5.9402904510498,0.68548130989075,0.16163802146912,0.34817358851433,0.19027259945869,200922.828125,52593.80859375,1.5503304004669,0.40581640601158
dish_1563379163,15.575901985168,6.5810036659241,0.67300051450729,0.16616676747799,0.35983690619469,0.29761600494385,160901.25,117666.5390625,1.2415219545364,0.90792083740234
dish_1563379494,18.226057052612,3.0683691501617,0.71907925605774,0.11445114016533,0.2824013531208,0.20134164392948,188923.765625,62301.8046875,1.4577450752258,0.48072379827499
dish_1563381461,19.326187133789,6.7728629112244,0.8004669547081,0.12804584205151,0.30205506086349,0.31141287088394,188881.953125,63407.15234375,1.4574224948883,0.48925268650055
dish_1563381486,13.696806907654,0.54028761386871,0.5457798242569,0.042166572064161,0.58259528875351,0.021096136420965,183245.125,58356.8125,1.4139283895493,0.45028406381607
dish_1563381512,9.4166831970215,0.42394399642944,0.47697451710701,0.10773351043463,0.63084918260574,0.19842129945755,192331.515625,66183.5,1.4840394258499,0.51067519187927
dish_1563381680,24.180194854736,11.551683425903,0.861412525177,0.072658255696297,0.091686815023422,0.091247119009495,171245.125,76147.7890625,1.3213357925415,0.58756011724472
dish_1563381706,20.611738204956,5.9625630378723,0.70635968446732,0.18394945561886,0.31051075458527,0.41272002458572,190965.0625,61644.4765625,1.4734959602356,0.47565180063248
dish_1563381738,14.613735198975,1.9901168346405,0.62344944477081,0.058256469666958,0.55777621269226,0.081585891544819,171022.25,75822.4453125,1.3196160793304,0.58504980802536
dish_1563381760,12.602983474731,1.0356384515762,0.59180742502213,0.091767065227032,0.49362176656723,0.2672458589077,190525.59375,69562.59375,1.470104932785,0.53674840927124
dish_1563382911,14.340793609619,2.1937329769135,0.62166345119476,0.095729567110538,0.55181491374969,0.13746653497219,183919.46875,60929.25390625,1.4191317558289,0.47013312578201
dish_1563382953,16.318172454834,5.8792567253113,0.72537225484848,0.12445991486311,0.25295010209084,0.18147204816341,192116.890625,65059.55078125,1.4823834896088,0.50200271606445
dish_1563382987,16.299388885498,9.0590944290161,0.65425932407379,0.21944354474545,0.36827692389488,0.30545207858086,193099.28125,63499.96484375,1.4899636507034,0.48996886610985
dish_1563389042,13.855432510376,1.1725813150406,0.61775642633438,0.0050470852293074,0.55147099494934,0.010859683156013,173423.9375,70407.5078125,1.3381476402283,0.54326778650284
dish_1563389079,15.894289016724,5.9421300888062,0.56261676549911,0.18967358767986,0.47654050588608,0.34574475884438,188569.8125,61016.06640625,1.4550139904022,0.47080299258232
dish_1563389114,11.409568786621,1.7895950078964,0.4554505944252,0.11122794449329,0.61412221193314,0.14196816086769,186697.0,61293.83984375,1.4405632019043,0.47294628620148
dish_1563389153,10.270755767822,1.1134822368622,0.38178047537804,0.077054560184479,0.63188463449478,0.036159947514534,197139.796875,67553.6640625,1.5211403369904,0.52124738693237
dish_1563389199,14.763886451721,8.2892627716064,0.57655447721481,0.25972327589989,0.39629128575325,0.29964393377304,195787.15625,63203.46875,1.5107033252716,0.48768106102943
dish_1563389446,11.959338188171,4.9614214897156,0.49318715929985,0.188108548522,0.52143621444702,0.31197869777679,195707.265625,62251.6484375,1.5100868940353,0.48033681511879
dish_1563389548,14.57460308075,0.51326423883438,0.60909408330917,0.046916607767344,0.49697607755661,0.038679234683514,191472.5625,62479.74609375,1.4774117469788,0.4820967912674
dish_1563389600,13.462251663208,1.1499022245407,0.56173014640808,0.042293477803469,0.53690701723099,0.026777662336826,165647.890625,66436.9609375,1.2781473398209,0.51263093948364
dish_1563389693,17.035587310791,4.555522441864,0.65918952226639,0.18765127658844,0.36341238021851,0.33409869670868,188575.59375,66759.0234375,1.4550585746765,0.51511591672897
dish_1563389719,16.010971069336,7.7412667274475,0.62375324964523,0.38301858305931,0.44433510303497,0.52702915668488,168167.59375,71619.046875,1.2975894212723,0.55261611938477
dish_1563389742,9.8408260345459,0.26380959153175,0.40957075357437,0.0086438553407788,0.64875203371048,0.022321140393615,176251.609375,77231.3984375,1.3599660396576,0.59592127799988
dish_1563389786,12.495170593262,0.30735167860985,0.47122228145599,0.0092131532728672,0.53263676166534,0.0030077677220106,169966.375,71378.7890625,1.3114689588547,0.55076223611832
dish_1563391375,15.101887702942,1.0772018432617,0.61699557304382,0.11750561743975,0.56545114517212,0.12131622433662,189692.796875,60548.078125,1.4636789560318,0.46719193458557
dish_1563391413,15.425374984741,3.3628582954407,0.66501462459564,0.059030022472143,0.41815838217735,0.19143991172314,190186.234375,63152.1015625,1.4674863815308,0.487284719944
dish_1563391453,11.857262611389,2.0669806003571,0.60971415042877,0.084959089756012,0.41166558861732,0.053026154637337,193437.34375,64968.35546875,1.4925720691681,0.50129908323288
dish_1563391647,16.829504013062,2.1572706699371,0.71308743953705,0.023774784058332,0.5454980134964,0.08623531460762,167332.3125,74210.90625,1.2911443710327,0.57261502742767
dish_1563391681,19.133495330811,5.5599498748779,0.7102245092392,0.14255829155445,0.41513594985008,0.24122740328312,192758.28125,59702.05078125,1.4873324632645,0.46066397428513
dish_1563391708,14.02893447876,1.0465831756592,0.54270952939987,0.014999045059085,0.53427094221115,0.10107254981995,190541.828125,61520.515625,1.4702301025391,0.47469532489777
dish_1563391922,21.558219909668,4.2105441093445,0.79852002859116,0.09933253377676,0.27633255720139,0.21764487028122,175037.0,79914.9609375,1.3505940437317,0.61662775278091
dish_1563391959,14.018513679504,1.8560180664062,0.5643475651741,0.08127848803997,0.4197450876236,0.10206351429224,194843.953125,64926.9296875,1.5034255981445,0.50097942352295
dish_1563391989,11.325300216675,2.297301530838,0.45775735378265,0.074411675333977,0.65569508075714,0.15613561868668,196748.359375,65047.15625,1.5181200504303,0.50190705060959
dish_1563392128,18.743585586548,7.7785992622375,0.6707871556282,0.20827743411064,0.31042572855949,0.21918952465057,193086.859375,65954.3359375,1.4898676872253,0.50890696048737
dish_1563393148,14.316914558411,4.2137141227722,0.61619967222214,0.1377294510603,0.41126090288162,0.20383022725582,193690.078125,62700.01953125,1.4945222139359,0.48379647731781
dish_1563393182,14.755450248718,2.7406904697418,0.67432111501694,0.10768703371286,0.30533146858215,0.19824939966202,187640.609375,61865.09765625,1.4478442668915,0.47735416889191
dish_1563393217,15.841095924377,2.6218130588531,0.70214426517487,0.085139289498329,0.26912009716034,0.12409380823374,193927.3125,65813.5390625,1.4963526725769,0.50782054662704
dish_1563393244,21.168029785156,9.1599769592285,0.78527939319611,0.15433493256569,0.20806497335434,0.20242305099964,195515.78125,68041.1953125,1.5086094141006,0.52500927448273
dish_1563393341,19.665353775024,6.3441638946533,0.78087341785431,0.19201146066189,0.2537993490696,0.31648576259613,195168.5,64877.16015625,1.5059298276901,0.50059539079666
dish_1563393366,14.231830596924,2.8370568752289,0.57688933610916,0.070980563759804,0.41136598587036,0.1779647320509,189849.171875,63787.9375,1.4648854732513,0.49219083786011
dish_1563393403,18.247079849243,8.0100774765015,0.7265305519104,0.25079047679901,0.26802271604538,0.34302496910095,193339.1875,61082.9140625,1.4918147325516,0.47131878137589
dish_1563395341,20.746231079102,2.7482335567474,0.81033408641815,0.093469530344009,0.26381960511208,0.09501127153635,166589.53125,72700.75,1.2854130268097,0.56096261739731
dish_1563395374,19.152582168579,3.7096426486969,0.7159771323204,0.13171988725662,0.40187940001488,0.17175044119358,185971.28125,63999.3125,1.4349635839462,0.49382185935974
dish_1563395415,16.44730758667,2.5585186481476,0.60633414983749,0.046121634542942,0.47690182924271,0.25130093097687,167243.9375,66588.671875,1.2904624938965,0.51380145549774
dish_1563395449,14.377003669739,0.66799312829971,0.55892145633698,0.059856869280338,0.4850714802742,0.07052244246006,166640.71875,66479.515625,1.285807967186,0.51295924186707
dish_1563395480,10.939415931702,2.0616183280945,0.45026621222496,0.14357458055019,0.609135389328,0.24173152446747,193549.328125,62802.296875,1.4934360980988,0.48458561301231
dish_1563395510,11.646659851074,0.34030067920685,0.41179570555687,0.022813476622105,0.63390976190567,0.028951292857528,198167.734375,67980.2265625,1.5290720462799,0.52453875541687
dish_1563464389,13.923293113708,0.06597027182579,0.68429452180862,0.0060220258310437,0.60112702846527,0.085899494588375,166364.3125,69424.96875,1.2836753129959,0.53568649291992
dish_1563464429,10.802333831787,2.354211807251,0.48644936084747,0.013218747451901,0.60959875583649,0.13535894453526,174149.25,77762.828125,1.3437442779541,0.6000217795372
dish_1563464457,13.229583740234,0.050760313868523,0.50637084245682,0.061494044959545,0.59288597106934,0.07529454678297,175033.796875,79381.9765625,1.3505693674088,0.61251521110535
dish_1563464480,18.177877426147,8.3683080673218,0.73298972845078,0.18122258782387,0.25512129068375,0.245575979352,192464.46875,62268.00390625,1.4850653409958,0.48046299815178
dish_1563464543,14.745334625244,8.8668479919434,0.59198808670044,0.24271535873413,0.47703915834427,0.37904608249664,191717.34375,62113.4140625,1.4793004989624,0.47927013039589
dish_1563464627,22.19474029541,0.94331550598145,0.84733146429062,0.030445646494627,0.11334993690252,0.036887113004923,192831.640625,61667.50390625,1.4878984689713,0.47582951188087
dish_1563464651,22.141702651978,1.2483837604523,0.84344637393951,0.04335705563426,0.11991250514984,0.052818760275841,203256.125,54060.5859375,1.5683343410492,0.41713416576385
dish_1563464670,20.441013336182,3.4485702514648,0.78619110584259,0.064599752426147,0.16337455809116,0.080347590148449,192226.625,63623.85546875,1.4832301139832,0.49092483520508
dish_1563465805,19.536529541016,3.544153213501,0.72112214565277,0.12560294568539,0.24751742184162,0.085048615932465,192436.53125,65002.67578125,1.484849691391,0.50156384706497
dish_1563468199,18.995878219604,0.87838077545166,0.70439159870148,0.014307843521237,0.43049961328506,0.036861464381218,172361.9375,74492.0546875,1.3299531936646,0.57478439807892
dish_1563468269,16.306133270264,10.625288963318,0.62595641613007,0.22440372407436,0.49436461925507,0.54243433475494,174934.1875,75465.1953125,1.349800825119,0.58229321241379
dish_1563468327,16.418392181396,11.346396446228,0.66219222545624,0.30508676171303,0.37694051861763,0.45550212264061,175913.0625,75592.609375,1.357353925705,0.58327633142471
dish_1563468776,19.561611175537,0.34009471535683,0.78466320037842,0.075660713016987,0.20585876703262,0.067890100181103,175884.453125,74060.890625,1.3571330308914,0.57145744562149
dish_1563475874,19.754131317139,5.1313591003418,0.76586198806763,0.16094751656055,0.28040751814842,0.25796547532082,171984.4375,78275.46875,1.3270404338837,0.60397738218307
dish_1563475921,20.463720321655,6.5874190330505,0.74108850955963,0.21206212043762,0.36263871192932,0.44613733887672,116724.4765625,151313.9375,0.90065187215805,1.1675457954407
dish_1563475953,14.044681549072,1.309497833252,0.52760046720505,0.042008355259895,0.61192685365677,0.009155054576695,168230.09375,69271.7890625,1.2980716228485,0.53450459241867
dish_1563476323,13.701940536499,0.62950533628464,0.6150518655777,0.015273933298886,0.57387626171112,0.023093860596418,170745.453125,76804.328125,1.3174803256989,0.59262597560883
dish_1563476408,21.148952484131,7.8013544082642,0.8004412651062,0.15064817667007,0.21951100230217,0.21468745172024,189811.03125,59903.5078125,1.4645912647247,0.46221843361855
dish_1563476463,17.796092987061,3.4294924736023,0.72650921344757,0.044118773192167,0.29852336645126,0.087230555713177,169182.46875,70471.546875,1.3054202795029,0.54376190900803
dish_1563476577,15.063034057617,1.2704747915268,0.70725870132446,0.094411067664623,0.31299716234207,0.13457623124123,194031.484375,62028.12890625,1.4971565008163,0.47861206531525
dish_1563476646,14.492349624634,1.2691613435745,0.60649162530899,0.042269539088011,0.46392318606377,0.10569706559181,180046.171875,55731.765625,1.3892451524734,0.43002906441689
dish_1563477659,13.42303943634,1.3801656961441,0.71772611141205,0.0069493832997978,0.59564757347107,0.048250388354063,171255.625,73403.4375,1.3214169740677,0.5663845539093
dish_1563477701,13.427947998047,1.0871175527573,0.61314421892166,0.046237707138062,0.60763168334961,0.029792638495564,175366.0625,76769.3671875,1.3531332015991,0.59235626459122
dish_1563478751,12.42714881897,1.0973349809647,0.52232104539871,0.20433506369591,0.45002749562263,0.13098220527172,191066.03125,61741.33984375,1.4742749929428,0.47639927268028
dish_1563479526,15.506240844727,2.7202985286713,0.66986882686615,0.040476989001036,0.27447956800461,0.1799201965332,167485.0,69697.703125,1.2923225164413,0.53779089450836
dish_1563479568,13.284653663635,3.8688123226166,0.56193959712982,0.18939477205276,0.45914873480797,0.34758824110031,178145.15625,81410.6484375,1.3745768070221,0.6281686425209
dish_1563479596,21.39204788208,2.1240878105164,0.82651686668396,0.089232720434666,0.076165989041328,0.018715124577284,178619.15625,80506.7265625,1.3782343864441,0.62119388580322
dish_1563479625,11.711495399475,4.6534790992737,0.49080416560173,0.21830812096596,0.58807623386383,0.40594956278801,193953.0625,67239.75,1.4965513944626,0.51882523298264
dish_1563479655,13.00294303894,5.7557649612427,0.52369773387909,0.20876124501228,0.52162599563599,0.3609539270401,196719.5,67592.0625,1.5178973674774,0.52154368162155
dish_1563480476,22.801795959473,7.2994084358215,0.81812250614166,0.12930226325989,0.17277304828167,0.21205684542656,193322.78125,66078.3984375,1.4916881322861,0.50986421108246
dish_1563480505,13.4415102005,3.0680365562439,0.55876302719116,0.13613474369049,0.50030493736267,0.15548640489578,187863.984375,60552.23046875,1.4495677947998,0.46722397208214
dish_1563480608,17.444995880127,6.3951950073242,0.67636287212372,0.17342920601368,0.29612335562706,0.22243672609329,202670.65625,56653.4453125,1.5638167858124,0.43714082241058
dish_1563481030,13.845365524292,9.5642642974854,0.58180218935013,0.26752102375031,0.48908123373985,0.37829604744911,189873.53125,63095.3828125,1.4650735855103,0.48684707283974
dish_1563550584,23.567987442017,6.6356744766235,0.80110347270966,0.1465667039156,0.23948319256306,0.19192504882812,183992.671875,56828.35546875,1.4196965694427,0.43849039077759
dish_1563550614,16.904689788818,2.2985908985138,0.66549581289291,0.10649903863668,0.37681370973587,0.068145535886288,182856.0625,61536.33984375,1.4109264612198,0.47481742501259
dish_1563550922,17.576223373413,6.4186000823975,0.73529320955276,0.11354415863752,0.41685202717781,0.30360832810402,182604.421875,57999.80859375,1.4089846611023,0.44752943515778
dish_1563550950,16.127923965454,5.3231887817383,0.66301566362381,0.16597312688828,0.47781425714493,0.25561940670013,193629.375,68168.09375,1.4940538406372,0.52598839998245
dish_1563550976,11.710218429565,0.68586522340775,0.55220538377762,0.038496121764183,0.6552682518959,0.086878180503845,185157.9375,60201.6953125,1.4286876916885,0.46451926231384
dish_1563551006,18.650714874268,7.6535019874573,0.69810736179352,0.23004715144634,0.36709806323051,0.42016619443893,171677.875,73944.59375,1.3246749639511,0.57056015729904
dish_1563551105,22.650566101074,7.3643970489502,0.78599548339844,0.12717600166798,0.23347678780556,0.17431393265724,189397.09375,63517.0703125,1.4613974094391,0.4901008605957
dish_1563551134,25.454559326172,6.241229057312,0.85779941082001,0.09742645919323,0.12622557580471,0.13103099167347,186414.8125,60672.62109375,1.4383859634399,0.46815294027328
dish_1563551164,18.823728561401,6.5462608337402,0.73547041416168,0.12647829949856,0.27888864278793,0.17640088498592,182891.28125,57340.0234375,1.4111981391907,0.44243842363358
dish_1563551194,16.619653701782,5.3466925621033,0.58746814727783,0.20860302448273,0.48209455609322,0.29808732867241,192384.34375,68047.9453125,1.4844471216202,0.52506130933762
dish_1563551220,8.6878986358643,2.5949926376343,0.40564140677452,0.082825891673565,0.68816459178925,0.13805110752583,196925.4375,67971.59375,1.5194864273071,0.52447211742401
dish_1563551360,17.353366851807,6.3416366577148,0.70246320962906,0.15593378245831,0.45148780941963,0.34704387187958,182756.21875,59040.88671875,1.4101560115814,0.4555624127388
dish_1563551397,14.101761817932,4.1785945892334,0.57729870080948,0.07422086596489,0.50188773870468,0.24577656388283,190885.296875,65036.67578125,1.4728803634644,0.50182622671127
dish_1563551432,14.218467712402,9.8530235290527,0.56211590766907,0.26015093922615,0.47642594575882,0.41707482933998,194624.609375,68060.0625,1.5017331838608,0.52515482902527
dish_1563552016,10.877025604248,1.8904814720154,0.54720509052277,0.025063559412956,0.65126317739487,0.093890056014061,190492.875,63486.08203125,1.4698524475098,0.48986169695854
dish_1563553735,13.631237030029,3.5738928318024,0.58160936832428,0.26775190234184,0.48185759782791,0.42910760641098,175095.140625,72316.9375,1.3510427474976,0.55800104141235
dish_1563553756,8.1661462783813,0.26647421717644,0.39798822999001,0.087928153574467,0.78603422641754,0.11739028245211,195024.28125,65515.1875,1.5048170089722,0.50551843643188
dish_1563553780,9.2239360809326,1.7311936616898,0.42768988013268,0.092184811830521,0.73402333259583,0.1042493134737,192677.96875,63882.41015625,1.4867126941681,0.49291980266571
dish_1563555072,20.475475311279,6.8182148933411,0.78656846284866,0.17515534162521,0.24511307477951,0.25261276960373,187906.59375,60323.578125,1.4498965740204,0.46545973420143
dish_1563555100,17.841365814209,1.5776191949844,0.69554150104523,0.14636129140854,0.31085240840912,0.19490802288055,171623.8125,73522.0546875,1.3242577314377,0.56729978322983
dish_1563555126,18.269212722778,3.0586497783661,0.70615512132645,0.067144356667995,0.28886556625366,0.10162102431059,189820.28125,61835.234375,1.4646626710892,0.47712373733521
dish_1563555160,20.58377456665,12.719481468201,0.69035089015961,0.32732445001602,0.25265321135521,0.32485565543175,177005.125,82425.390625,1.3657803535461,0.63599836826324
dish_1563555510,22.992614746094,10.599957466125,0.7149099111557,0.22889393568039,0.2307188808918,0.23246443271637,166933.421875,71016.6953125,1.2880665063858,0.54796832799911
dish_1563555543,14.008625984192,1.8588923215866,0.59442555904388,0.078531049191952,0.54464983940125,0.11044988781214,190227.1875,65469.83984375,1.4678024053574,0.50516849756241
dish_1563555563,17.057319641113,1.8845279216766,0.70166397094727,0.040453683584929,0.35273349285126,0.019660914316773,161341.90625,59630.3046875,1.2449221611023,0.46011036634445
dish_1563555605,13.751410484314,1.0040336847305,0.58406633138657,0.030415695160627,0.45245692133904,0.016432339325547,174822.6875,76430.34375,1.3489404916763,0.58974033594131
dish_1563563264,12.150257110596,1.6036154031754,0.46589460968971,0.10851367563009,0.57488960027695,0.10676041245461,171956.15625,71967.9609375,1.3268221616745,0.55530834197998
dish_1563563289,16.896751403809,4.8509693145752,0.59680980443954,0.22178314626217,0.29752716422081,0.31005609035492,175411.359375,74691.1328125,1.3534827232361,0.57632052898407
dish_1563563317,19.919921875,2.8738837242126,0.76507639884949,0.097723662853241,0.14826960861683,0.12642072141171,130791.1328125,140092.9375,1.0091907978058,1.0809639692307
dish_1563563378,16.575164794922,6.9851598739624,0.62287956476212,0.24230602383614,0.33091780543327,0.32249143719673,176802.71875,80313.8125,1.3642184734344,0.6197053194046
dish_1563563467,13.654638290405,3.1039485931396,0.63752561807632,0.07628969848156,0.43312057852745,0.17135609686375,188447.75,59315.3515625,1.4540721178055,0.45768016576767
dish_1563563492,18.162578582764,7.2269234657288,0.71726489067078,0.15801768004894,0.29945012927055,0.31995448470116,188659.65625,62208.13671875,1.455707192421,0.48000103235245
dish_1563563527,11.760210990906,1.7503035068512,0.54362088441849,0.03459632769227,0.47629708051682,0.025007022544742,197341.171875,68055.2734375,1.5226942300797,0.52511787414551
dish_1563564676,11.461010932922,1.6831495761871,0.56587612628937,0.028398377820849,0.70429974794388,0.10993752628565,176532.140625,74488.5703125,1.3621306419373,0.57475751638412
dish_1563564707,14.250098228455,4.9468054771423,0.60454374551773,0.099898464977741,0.5249508023262,0.30673471093178,188640.875,60464.16015625,1.4555623531342,0.46654444932938
dish_1563564760,15.087538719177,7.3147859573364,0.57336461544037,0.22385634481907,0.43800947070122,0.31482955813408,196986.40625,64960.23046875,1.5199568271637,0.50123631954193
dish_1563564797,10.810198783875,1.9997841119766,0.43022334575653,0.072092309594154,0.67151975631714,0.088752076029778,201650.78125,54142.375,1.5559474229813,0.41776520013809
dish_1563564828,12.706704139709,2.600063085556,0.60601335763931,0.11483347415924,0.42073515057564,0.22227212786674,197882.1875,68191.7421875,1.5268688201904,0.52617084980011
dish_1563565289,19.049255371094,1.6459414958954,0.68976980447769,0.042886413633823,0.3894070982933,0.088943727314472,189790.953125,59764.08984375,1.4644364118576,0.46114265918732
dish_1563565323,18.806009292603,2.4419410228729,0.7882519364357,0.10303971171379,0.25312387943268,0.18956758081913,192754.484375,62243.18359375,1.4873031377792,0.48027148842812
dish_1563565354,18.729410171509,4.2889957427979,0.75195640325546,0.13107079267502,0.32502862811089,0.23258395493031,186894.6875,66877.0078125,1.4420886039734,0.51602625846863
dish_1563565415,16.248065948486,1.3245850801468,0.63522660732269,0.052184905856848,0.30776700377464,0.14505164325237,193775.984375,63613.078125,1.495185136795,0.49084165692329
dish_1563565454,15.416582107544,8.1050243377686,0.58083426952362,0.2366004139185,0.42124569416046,0.30426219105721,192921.125,62748.15234375,1.4885889291763,0.48416784405708
dish_1563565508,12.452313423157,2.1585590839386,0.54855787754059,0.17932763695717,0.50848770141602,0.31903064250946,194292.984375,69278.484375,1.4991742372513,0.53455621004105
dish_1563565683,20.503414154053,6.4137215614319,0.79546415805817,0.12267263233662,0.24589358270168,0.17445605993271,187255.484375,57173.96875,1.4448726177216,0.44115719199181
dish_1563565720,16.884391784668,3.0476343631744,0.70647984743118,0.11297779530287,0.30249431729317,0.17208921909332,186651.71875,58394.96875,1.4402139186859,0.45057848095894
dish_1563565761,18.067991256714,0.97029608488083,0.83435928821564,0.069795086979866,0.17159539461136,0.094525583088398,152648.453125,122062.21875,1.1778430938721,0.9418380856514
dish_1563565805,16.18673324585,0.80508506298065,0.62988948822021,0.03621893748641,0.33728817105293,0.00688068382442,172412.78125,77797.078125,1.3303455114365,0.60028606653214
dish_1563566626,18.079689025879,6.3653140068054,0.73378658294678,0.09829568117857,0.31598952412605,0.2472902238369,171995.953125,69293.5703125,1.3271292448044,0.53467255830765
dish_1563566674,13.681570053101,3.240540266037,0.6492223739624,0.032312978059053,0.47084924578667,0.1796090900898,174246.0625,81913.21875,1.3444912433624,0.63204646110535
dish_1563566725,14.044618606567,4.77618932724,0.54819858074188,0.17483386397362,0.51869773864746,0.31229829788208,194138.78125,62524.69921875,1.4979844093323,0.48244369029999
dish_1563566810,8.7520503997803,1.4525059461594,0.37853583693504,0.12894101440907,0.70221698284149,0.19653211534023,200930.8125,69407.375,1.5503920316696,0.53555071353912
dish_1563566909,16.11131477356,2.7442233562469,0.68093490600586,0.081094101071358,0.38312223553658,0.18773145973682,198174.21875,64460.05078125,1.5291221141815,0.4973768889904
dish_1563566939,11.64296245575,4.5655751228333,0.49717375636101,0.16824640333652,0.59283918142319,0.28019037842751,197964.625,67425.328125,1.5275049209595,0.52025717496872
dish_1563566965,12.117918014526,6.2867097854614,0.47222846746445,0.28556570410728,0.62370467185974,0.41150310635567,199713.25,66976.6171875,1.5409973859787,0.51679486036301
dish_1563567319,18.263790130615,3.9826493263245,0.74908834695816,0.072360157966614,0.16599562764168,0.13967423141003,194128.953125,64477.59765625,1.4979085922241,0.49751231074333
dish_1563567372,10.325933456421,1.2794774770737,0.42393937706947,0.1012477055192,0.69781684875488,0.22848419845104,197984.71875,61703.55859375,1.5276597738266,0.47610768675804
dish_1563567599,10.837255477905,1.9967626333237,0.47447168827057,0.10451497882605,0.52630209922791,0.20653636753559,179396.515625,85128.6953125,1.3842322826385,0.65685719251633
dish_1563567663,13.167589187622,6.2975335121155,0.54117339849472,0.28593781590462,0.44655239582062,0.32842004299164,207944.65625,70835.21875,1.604511141777,0.54656803607941
dish_1563567722,11.572605133057,1.9226967096329,0.36347937583923,0.11230306327343,0.63245368003845,0.27423894405365,180786.609375,84391.421875,1.3949584960938,0.65116840600967
dish_1563567978,17.640546798706,5.9479541778564,0.70988273620605,0.26787376403809,0.29561758041382,0.3403531908989,168825.21875,73362.5859375,1.3026638031006,0.56606936454773
dish_1563568003,16.985712051392,6.0822982788086,0.75952851772308,0.21379429101944,0.31092542409897,0.40808632969856,155691.609375,127385.6171875,1.2013241052628,0.98291367292404
dish_1563568025,14.579540252686,5.2111954689026,0.64431446790695,0.19696912169456,0.43069303035736,0.32743406295776,195198.09375,62241.44140625,1.5061581134796,0.48025804758072
dish_1563568118,21.757083892822,5.1601586341858,0.82598829269409,0.062876246869564,0.17679899930954,0.1409447491169,193381.09375,61087.625,1.4921381473541,0.4713551402092
dish_1563568148,17.065519332886,3.7062606811523,0.74050539731979,0.079844295978546,0.26224702596664,0.12159739434719,194050.71875,64960.921875,1.4973049163818,0.50124168395996
dish_1563568292,23.316265106201,3.6232602596283,0.80934464931488,0.081196866929531,0.22173199057579,0.13968335092068,190126.875,60083.8046875,1.4670283794403,0.46360963582993
dish_1563568319,22.145736694336,4.9079494476318,0.77655649185181,0.15199115872383,0.19915725290775,0.18234018981457,192559.8125,62271.05859375,1.4858009815216,0.48048651218414
dish_1563568338,15.118014335632,0.34067276120186,0.6544890999794,0.094788737595081,0.35977444052696,0.12923796474934,192322.5625,61517.6015625,1.4839704036713,0.47467285394669
dish_1563568357,13.729968070984,3.9291703701019,0.58551645278931,0.23257918655872,0.38031193614006,0.27294996380806,205236.3125,70729.6640625,1.5836136341095,0.5457535982132
dish_1563811412,18.945272445679,2.137110710144,0.69973200559616,0.08556941896677,0.30800375342369,0.034859463572502,187919.484375,63320.3203125,1.4499959945679,0.48858273029327
dish_1563811439,16.998170852661,2.0421295166016,0.6454045176506,0.12317231297493,0.38993325829506,0.057576175779104,172137.453125,76280.1796875,1.3282210826874,0.58858156204224
dish_1563811463,15.441029548645,2.4682056903839,0.6121631860733,0.12102374434471,0.3747615814209,0.080358073115349,187900.15625,63052.77734375,1.4498468637466,0.48651838302612
dish_1563811490,18.27642250061,2.5042188167572,0.65320932865143,0.072087086737156,0.27680504322052,0.0020168742630631,172441.640625,79891.03125,1.3305681943893,0.61644315719604
dish_1563811515,12.44931602478,2.8345460891724,0.53908389806747,0.16022332012653,0.48617938160896,0.21793630719185,187715.375,59505.8828125,1.4484210014343,0.45915031433105
dish_1563811611,13.182470321655,1.6664307117462,0.61499214172363,0.062225487083197,0.48698678612709,0.078901067376137,183239.609375,57769.375,1.4138858318329,0.44575136899948
dish_1563811639,13.299192428589,2.2771039009094,0.53243899345398,0.041904892772436,0.56429928541183,0.064350768923759,187984.78125,64046.39453125,1.4504997730255,0.49418514966965
dish_1563811662,20.255516052246,4.8653812408447,0.70612466335297,0.1929836422205,0.23531007766724,0.21831992268562,194950.859375,65883.1171875,1.5042505264282,0.50835734605789
dish_1563811686,16.405279159546,7.1192407608032,0.68148964643478,0.13970054686069,0.30190107226372,0.22029486298561,189548.21875,64169.640625,1.4625633955002,0.49513611197472
dish_1563812535,16.027084350586,7.9850883483887,0.64889347553253,0.16363899409771,0.39708489179611,0.26026400923729,189521.75,65069.8671875,1.4623591899872,0.50208234786987
dish_1563812570,11.80216884613,2.3907825946808,0.50458723306656,0.11301834881306,0.56629908084869,0.16059926152229,192135.03125,65229.796875,1.4825233221054,0.50331634283066
dish_1563812615,10.725959777832,1.2655507326126,0.37289163470268,0.042439006268978,0.65635061264038,0.1308226287365,189339.859375,62451.59765625,1.4609557390213,0.48187965154648
dish_1563813221,15.130033493042,1.3303595781326,0.7404853105545,0.020310228690505,0.47768753767014,0.18743671476841,173836.234375,76312.4921875,1.3413289785385,0.58883094787598
dish_1563813308,9.1417465209961,1.3965399265289,0.46645390987396,0.078901425004005,0.79523426294327,0.17929512262344,181080.140625,57807.12109375,1.3972232341766,0.44604259729385
dish_1563813360,11.053556442261,4.284330368042,0.487882822752,0.1704163402319,0.63707619905472,0.31591799855232,193547.25,67464.2109375,1.493420124054,0.52055722475052
dish_1563813436,12.939991950989,4.5044164657593,0.53300511837006,0.19626219570637,0.49682682752609,0.33416754007339,194773.8125,66959.7890625,1.5028842687607,0.51666504144669
dish_1563813501,15.9758644104,6.8824210166931,0.64072179794312,0.29972323775291,0.40112978219986,0.47225216031075,191527.15625,63045.2265625,1.477833032608,0.48646008968353
dish_1563813806,20.653873443604,7.6134252548218,0.75525468587875,0.17236651480198,0.31839519739151,0.26206818223,190472.90625,63720.4140625,1.4696984291077,0.49166986346245
dish_1563813833,16.820117950439,5.2466778755188,0.65853118896484,0.20993386209011,0.39395731687546,0.29194498062134,191403.234375,60710.63671875,1.4768767356873,0.46844625473022
dish_1563820775,12.138139724731,1.5432889461517,0.59765321016312,0.04404791072011,0.68132925033569,0.058423176407814,184215.15625,59379.5,1.4214131832123,0.45817515254021
dish_1563820806,12.876105308533,4.1224427223206,0.56888836622238,0.13385185599327,0.59296488761902,0.37040230631828,190746.28125,63382.71875,1.471807718277,0.48906418681145
dish_1563820834,11.314242362976,3.1650478839874,0.51121908426285,0.12211852520704,0.61238867044449,0.21513096988201,184651.0625,55813.75,1.424776673317,0.43066164851189
dish_1563822546,16.52837562561,3.0448236465454,0.75939166545868,0.068366818130016,0.26520311832428,0.14272025227547,192982.90625,61623.015625,1.4890656471252,0.47548621892929
dish_1563822597,20.518323898315,0.77543729543686,0.83111864328384,0.025970382615924,0.14617937803268,0.041047986596823,175674.25,79867.53125,1.3555111885071,0.61626183986664
dish_1563822636,17.415971755981,7.0270895957947,0.73658722639084,0.20097535848618,0.2492742985487,0.24918495118618,192039.40625,62921.515625,1.4817855358124,0.48550552129745
dish_1563822663,16.346748352051,5.5469779968262,0.68036192655563,0.18102794885635,0.3205726146698,0.21094630658627,194265.21875,61782.42578125,1.4989598989487,0.4767162501812
dish_1563823292,11.514092445374,0.54378253221512,0.45547461509705,0.082049578428268,0.77407264709473,0.030890468508005,186623.46875,60191.79296875,1.4399958848953,0.46444284915924
dish_1563823359,9.8610105514526,1.5907582044601,0.39638391137123,0.039412193000317,0.7535103559494,0.1229081377387,192385.40625,62256.53515625,1.4844552278519,0.48037451505661
dish_1563823390,11.103303909302,4.9005298614502,0.40420264005661,0.086404979228973,0.62622904777527,0.27525979280472,166807.375,71940.203125,1.2870938777924,0.55509412288666
dish_1563823423,11.595291137695,0.40655320882797,0.57937633991241,0.083611465990543,0.39680999517441,0.030630918219686,179563.1875,82398.578125,1.3855184316635,0.63579148054123
dish_1563823814,19.394981384277,4.2053074836731,0.76701802015305,0.046733975410461,0.33132812380791,0.14968724548817,191769.875,61208.13671875,1.4797058105469,0.47228497266769
dish_1563823860,14.059457778931,4.2743997573853,0.64658623933792,0.11737153679132,0.46934130787849,0.25021550059319,194478.109375,64865.0234375,1.500602722168,0.50050175189972
dish_1563823894,10.582550048828,0.79773658514023,0.41714331507683,0.068175844848156,0.78520375490189,0.059187177568674,189828.640625,59652.57421875,1.4647271633148,0.46028223633766
dish_1563824065,18.431007385254,1.9297631978989,0.76079744100571,0.10157297551632,0.30909895896912,0.24373492598534,174112.625,76911.8203125,1.3434615135193,0.59345537424088
dish_1563824092,18.511911392212,6.0948691368103,0.69295698404312,0.15345312654972,0.42223566770554,0.30779057741165,189339.78125,59206.91796875,1.4609550237656,0.45684346556664
dish_1563824130,15.946166992188,2.3688158988953,0.55489432811737,0.13376717269421,0.51657754182816,0.32473626732826,188878.71875,60984.12109375,1.4573974609375,0.47055649757385
dish_1563824155,13.834305763245,1.945320725441,0.49940139055252,0.072759471833706,0.53874397277832,0.1541772633791,197051.3125,66192.5390625,1.5204576253891,0.51074492931366
dish_1563824304,9.7726354598999,0.2534367442131,0.41961014270782,0.0039555029943585,0.80088824033737,0.069160871207714,173042.40625,77399.2109375,1.3352037668228,0.59721612930298
dish_1563824377,11.886613845825,2.4968764781952,0.4571333527565,0.11032319813967,0.68634349107742,0.089332483708858,188334.640625,60998.32421875,1.4531993865967,0.47066605091095
dish_1563824406,12.95821762085,1.4631336927414,0.47365584969521,0.078414902091026,0.59356355667114,0.19299054145813,194334.90625,61688.2578125,1.4994976520538,0.47598960995674
dish_1563826223,15.75737285614,3.533303976059,0.68560910224915,0.040626671165228,0.45099458098412,0.24309460818768,181509.296875,56976.21484375,1.4005346298218,0.43963131308556
dish_1563826272,15.218276977539,4.8657102584839,0.63916420936584,0.13859151303768,0.40421572327614,0.31446152925491,192597.78125,64074.23828125,1.4860939979553,0.49439996480942
dish_1563826306,12.211825370789,2.4349095821381,0.59626579284668,0.04050537198782,0.39527693390846,0.14335305988789,194069.84375,66750.2890625,1.4974524974823,0.51504850387573
dish_1563827060,19.182174682617,0.9562600851059,0.79335594177246,0.040761061012745,0.31637448072433,0.00099093560129404,172435.171875,77283.71875,1.330518245697,0.59632503986359
dish_1563827086,17.478616714478,2.9084689617157,0.60272777080536,0.15820407867432,0.46969595551491,0.28624394536018,207996.921875,50514.16015625,1.6049145460129,0.38976979255676
dish_1563827110,15.272651672363,0.29105830192566,0.58007621765137,0.03131964802742,0.49840831756592,0.11786339432001,191134.703125,59625.75390625,1.4748047590256,0.46007522940636
dish_1563827132,19.748737335205,6.8172092437744,0.72700524330139,0.18880859017372,0.35368520021439,0.29037922620773,185916.6875,58043.39453125,1.4345424175262,0.44786569476128
dish_1563827162,14.265474319458,0.20044542849064,0.5840807557106,0.040882531553507,0.43508520722389,0.098788060247898,194984.984375,66359.7734375,1.5045137405396,0.51203525066376
dish_1563827188,12.090120315552,0.97867566347122,0.49073460698128,0.077339597046375,0.5356057882309,0.16852742433548,195979.046875,65098.234375,1.5121840238571,0.50230115652084
dish_1563827425,20.230243682861,0.059640824794769,0.78789448738098,0.016592793166637,0.22845657169819,0.10458919405937,172959.625,79695.1171875,1.3345649242401,0.61493140459061
dish_1563827454,11.055938720703,0.17735309898853,0.50545573234558,0.050284825265408,0.62605780363083,0.05401561036706,191564.90625,66296.8046875,1.4781242609024,0.51154941320419
dish_1563827482,10.275020599365,1.8133291006088,0.43758329749107,0.030812041833997,0.62844431400299,0.086988434195518,199059.25,70145.0625,1.5359510183334,0.54124277830124
dish_1563897338,12.17961025238,1.541200876236,0.38949579000473,0.087361305952072,0.71064484119415,0.090818457305431,206491.15625,55428.69921875,1.5932960510254,0.42769059538841
dish_1563897369,15.590143203735,2.4799711704254,0.69496166706085,0.1043655872345,0.36710596084595,0.14798916876316,160709.71875,71067.6953125,1.2400441169739,0.54836183786392
dish_1563897395,12.082434654236,3.132260799408,0.53145390748978,0.12721244990826,0.58184081315994,0.2108848541975,188906.5625,60521.734375,1.4576122760773,0.46698871254921
dish_1563897439,26.443643569946,6.7823820114136,0.86984020471573,0.094267532229424,0.086963512003422,0.10333456099033,188863.0,59876.7265625,1.4572763442993,0.46201181411743
dish_1563897492,9.7248296737671,1.2022324800491,0.42302516102791,0.014544878154993,0.68834334611893,0.089984834194183,189712.296875,59701.24609375,1.4638293981552,0.46065777540207
dish_1563897794,12.083466529846,3.4701030254364,0.50905859470367,0.027096819132566,0.58846253156662,0.25834178924561,176252.734375,80531.6875,1.359974861145,0.62138640880585
dish_1563897837,11.836524009705,4.4417452812195,0.52057355642319,0.1076525747776,0.74535989761353,0.15818980336189,170732.375,75139.40625,1.3173794746399,0.57977944612503
dish_1563897870,18.929149627686,2.8073401451111,0.78315132856369,0.073349088430405,0.24292427301407,0.16617849469185,166578.8125,68242.5390625,1.2853302955627,0.52656275033951
dish_1563897938,9.9379234313965,0.29332789778709,0.32070285081863,0.043426744639874,0.85769724845886,0.043089125305414,177374.75,77125.515625,1.3686323165894,0.59510433673859
dish_1563897981,19.272733688354,7.4074974060059,0.69802629947662,0.13092257082462,0.46308371424675,0.3456110060215,160625.0625,71333.0546875,1.2393908500671,0.55040937662125
dish_1563898019,14.80398273468,1.2785378694534,0.5373147726059,0.051586199551821,0.64369803667068,0.015925675630569,185894.421875,61170.71875,1.4343705177307,0.47199627757072
dish_1563898055,13.700883865356,2.934543132782,0.55153208971024,0.15571302175522,0.53199648857117,0.14454394578934,190531.796875,64254.67578125,1.4701527357101,0.4957922399044
dish_1563898084,15.5330286026,6.9374175071716,0.57912248373032,0.18690112233162,0.46345829963684,0.30531775951385,187769.796875,67988.5078125,1.4488410949707,0.52460265159607
dish_1563898107,12.82181930542,0.79793298244476,0.5131938457489,0.037325236946344,0.54781699180603,0.10690861195326,188807.796875,60662.03125,1.4568502902985,0.46807125210762
dish_1563898688,17.016036987305,5.0999870300293,0.73440480232239,0.13627217710018,0.34007406234741,0.32952523231506,166534.28125,67143.3125,1.2849867343903,0.51808112859726
dish_1563898722,22.793979644775,8.795337677002,0.79197078943253,0.14339238405228,0.18956118822098,0.25482398271561,184329.84375,56670.84765625,1.4222981929779,0.43727505207062
dish_1563898786,8.6562366485596,0.71132165193558,0.34337770938873,0.040874645113945,0.73903048038483,0.10732334107161,188619.171875,61971.91796875,1.455394744873,0.47817835211754
dish_1563898813,10.721521377563,1.6895407438278,0.41626274585724,0.093636646866798,0.56098276376724,0.12928287684917,193429.1875,70259.6640625,1.4925091266632,0.54212701320648
dish_1563898880,15.404272079468,5.6020746231079,0.50658857822418,0.13305148482323,0.42304074764252,0.38673439621925,166659.5,71111.8984375,1.2859529256821,0.54870289564133
dish_1563900120,18.067579269409,4.584930896759,0.69619905948639,0.096074298024178,0.43433448672295,0.24836571514606,191359.875,61880.27734375,1.4765422344208,0.47747132182121
dish_1563900150,19.433195114136,6.9720396995544,0.7367929816246,0.14173953235149,0.30611202120781,0.33038821816444,190650.3125,65261.64453125,1.4710671901703,0.50356209278107
dish_1563908923,16.077745437622,3.6811625957489,0.64337474107742,0.090037934482098,0.46985054016113,0.1843004822731,192739.671875,64764.6015625,1.4871888160706,0.49972683191299
dish_1563908957,19.330465316772,4.2335920333862,0.77596151828766,0.086927175521851,0.19011713564396,0.098640404641628,192373.46875,64768.953125,1.4843631982803,0.49976041913033
dish_1563908996,11.276052474976,2.6232738494873,0.42479732632637,0.21544995903969,0.5646385550499,0.23629005253315,197546.125,64417.91015625,1.5242757797241,0.4970518052578
dish_1563909469,12.436364173889,4.9790854454041,0.56260800361633,0.10782129317522,0.43004363775253,0.24027901887894,192377.71875,64868.90625,1.484395980835,0.5005316734314
dish_1563909507,10.753993988037,4.6535964012146,0.55415105819702,0.23356825113297,0.52265304327011,0.36674782633781,192723.328125,64653.12109375,1.4870626926422,0.49886667728424
dish_1563909550,9.9280681610107,1.8473150730133,0.28321787714958,0.041347224265337,0.81896281242371,0.066475473344326,196604.125,67518.515625,1.5170072317123,0.52097618579865
dish_1563909919,18.610767364502,0.39476019144058,0.75572443008423,0.074838303029537,0.2241530418396,0.1078419983387,175375.84375,77033.59375,1.3532087802887,0.59439504146576
dish_1563909951,10.62460899353,2.9789099693298,0.51546162366867,0.19128073751926,0.50658762454987,0.29064711928368,192887.40625,65453.9296875,1.4883288145065,0.50504577159882
dish_1563909982,11.655347824097,1.8356564044952,0.40459933876991,0.077322520315647,0.69385647773743,0.11493395268917,177528.078125,78159.15625,1.3698154687881,0.60307991504669
dish_1563910106,16.238622665405,3.3562135696411,0.63647627830505,0.061534356325865,0.35927623510361,0.10881070792675,175913.21875,80335.921875,1.3573551177979,0.61987596750259
dish_1563910137,11.685684204102,4.1163721084595,0.56384950876236,0.11684449017048,0.4491231739521,0.12163862586021,178226.390625,83160.5546875,1.3752036094666,0.64167100191116
dish_1563910171,9.4919500350952,1.4662733078003,0.38878417015076,0.025312997400761,0.79443871974945,0.13215579092503,165890.71875,66035.7109375,1.2800209522247,0.50953477621078
dish_1563910276,14.443969726562,2.45024061203,0.61842322349548,0.029274860396981,0.53900873661041,0.14657579362392,203447.078125,58156.93359375,1.5698076486588,0.44874179363251
dish_1563910530,14.750166893005,1.4734688997269,0.66073822975159,0.12902671098709,0.39725705981255,0.065535433590412,157041.53125,126913.3828125,1.2117402553558,0.97926992177963
dish_1563910639,11.250148773193,1.4689184427261,0.52507960796356,0.050191875547171,0.54107838869095,0.082055382430553,197731.125,69470.9609375,1.5257030725479,0.53604137897491
dish_1563910676,11.681315422058,2.6844091415405,0.49449050426483,0.10842286795378,0.48275116086006,0.16363096237183,212269.734375,59412.0,1.6378837823868,0.4584259390831
dish_1563910708,13.668828010559,5.5149955749512,0.54894876480103,0.21181111037731,0.4549258351326,0.31135094165802,197295.796875,72579.3359375,1.5223441123962,0.56002575159073
dish_1563911156,19.555267333984,5.0439167022705,0.72835326194763,0.10482253879309,0.27462843060493,0.08143300563097,189161.3125,66026.796875,1.459578037262,0.50946605205536
dish_1563911185,17.665903091431,9.7515735626221,0.63333612680435,0.25464171171188,0.44023188948631,0.41147172451019,194216.953125,65233.60546875,1.4985876083374,0.50334566831589
dish_1563911215,15.505129814148,4.3681039810181,0.69851964712143,0.085452884435654,0.31376275420189,0.20054858922958,193743.1875,65889.234375,1.494931936264,0.50840455293655
dish_1563911255,14.599781036377,1.7117093801498,0.60437750816345,0.08038567751646,0.35750862956047,0.096144184470177,196785.1875,67262.4140625,1.5184042453766,0.51900011301041
dish_1563913588,18.546588897705,3.5835044384003,0.65504384040833,0.11631585657597,0.47203809022903,0.11098907887936,185954.5,58977.77734375,1.4348340034485,0.45507544279099
dish_1563913627,15.826575279236,3.360374212265,0.55154597759247,0.062194544821978,0.53038948774338,0.22492003440857,115132.8671875,143519.171875,0.88837087154388,1.1074010133743
dish_1563913675,11.177870750427,1.9447836875916,0.45447945594788,0.055229846388102,0.54191720485687,0.076204396784306,193140.296875,63487.79296875,1.4902800321579,0.48987498879433
dish_1563913709,14.54606628418,3.0395493507385,0.5420349240303,0.12098278850317,0.45124015212059,0.17194613814354,199381.25,67808.1015625,1.538435459137,0.52321064472198
dish_1563913741,16.154537200928,6.5204782485962,0.65225911140442,0.15575836598873,0.29038900136948,0.17960470914841,196159.5,65763.421875,1.5135765075684,0.50743383169174
dish_1563984140,19.176996231079,0.96521544456482,0.69240915775299,0.035667359828949,0.37609893083572,0.059804525226355,168737.78125,76409.625,1.3019890785217,0.58958047628403
dish_1563984242,16.889242172241,2.4524252414703,0.63425195217133,0.070272922515869,0.36063212156296,0.12582582235336,188508.34375,61327.87890625,1.4545396566391,0.47320890426636
dish_1563984296,10.662120819092,1.2069879770279,0.36056065559387,0.050051551312208,0.79350364208221,0.0082960594445467,165940.59375,65691.71875,1.2804057598114,0.50688052177429
dish_1563984729,10.142732620239,0.28049704432487,0.55580109357834,0.09520161896944,0.51007258892059,0.092023216187954,171920.125,78078.140625,1.3265441656113,0.60245478153229
dish_1563984771,10.444922447205,1.7113254070282,0.47845330834389,0.02771414630115,0.60123819112778,0.0070547522045672,193826.109375,64268.75,1.4955718517303,0.49590083956718
dish_1563984835,10.690247535706,1.2672789096832,0.39241564273834,0.11787248402834,0.6760458946228,0.22629237174988,188213.09375,60936.578125,1.4522615671158,0.47018966078758
dish_1563986062,19.588035583496,3.3674130439758,0.73242259025574,0.14781062304974,0.31190031766891,0.28621479868889,184340.8125,58227.12890625,1.4223828315735,0.44928336143494
dish_1563986093,13.837522506714,3.9231083393097,0.57227069139481,0.077266156673431,0.48673343658447,0.22051379084587,183371.53125,62124.44140625,1.4149038791656,0.47935527563095
dish_1563996279,13.575304031372,3.7587213516235,0.56042873859406,0.12730732560158,0.54216432571411,0.26634076237679,120905.890625,108365.765625,0.93291580677032,0.83615559339523
dish_1563996308,17.335884094238,3.8148922920227,0.71643567085266,0.12267679721117,0.27931931614876,0.16625134646893,195320.1875,65835.578125,1.5071001052856,0.50799059867859
dish_1563996464,12.862919807434,1.6997060775757,0.54731464385986,0.098175004124641,0.54266178607941,0.16820368170738,189066.828125,62807.203125,1.4588489532471,0.48462349176407
dish_1563996509,16.589113235474,6.8085389137268,0.70518827438354,0.23022678494453,0.27482378482819,0.27281773090363,177178.09375,81270.6953125,1.3671149015427,0.62708878517151
dish_1563996596,21.90385055542,7.9076976776123,0.80425727367401,0.16044194996357,0.22207048535347,0.27144086360931,191217.796875,61310.74609375,1.4754459857941,0.47307673096657
dish_1563996625,13.449250221252,3.7676632404327,0.66740554571152,0.15774539113045,0.39458540081978,0.23993974924088,188648.8125,65034.91796875,1.4556235074997,0.50181263685226
dish_1563996656,16.119264602661,5.7713656425476,0.69624036550522,0.14919939637184,0.29595386981964,0.23959556221962,198230.75,65239.6484375,1.529558300972,0.50339233875275
dish_1563997327,10.412343025208,0.029510885477066,0.36871263384819,0.10714959353209,0.66913461685181,0.10620306432247,176764.3125,79889.2734375,1.3639222383499,0.61642956733704
dish_1563997386,11.752264976501,5.4084486961365,0.45356857776642,0.17983530461788,0.62507474422455,0.3980712890625,190911.96875,62620.828125,1.4730861186981,0.48318535089493
dish_1563997418,16.493717193604,4.9713416099548,0.6697878241539,0.19649130105972,0.28417462110519,0.25692510604858,178263.140625,78950.2421875,1.3754872083664,0.60918402671814
dish_1563998210,23.853311538696,5.8739976882935,0.82755064964294,0.07361064851284,0.19818864762783,0.13888435065746,192358.234375,58219.5,1.4842456579208,0.44922456145287
dish_1563998244,21.87929725647,7.3903565406799,0.76655167341232,0.10269445180893,0.28619623184204,0.21359722316265,187205.625,56516.8359375,1.4444878101349,0.43608668446541
dish_1563998279,16.032548904419,8.1169300079346,0.6690126657486,0.19051183760166,0.44416132569313,0.31265568733215,185071.921875,58363.51953125,1.4280240535736,0.45033580064774
dish_1563998323,15.296728134155,2.673347234726,0.59733980894089,0.091499701142311,0.43646115064621,0.16599710285664,185364.484375,57858.89453125,1.4302815198898,0.44644206762314
dish_1563998513,20.620059967041,5.8115272521973,0.7647460103035,0.15088586509228,0.20003607869148,0.16479034721851,183361.53125,79189.9453125,1.414826631546,0.61103355884552
dish_1564000202,12.137856483459,1.1702769994736,0.59807574748993,0.051838036626577,0.67687737941742,0.096913002431393,185502.84375,60727.2890625,1.4313490390778,0.46857473254204
dish_1564000417,18.259792327881,1.765499830246,0.76177024841309,0.10776068270206,0.36379700899124,0.1318537145853,173159.984375,76983.3203125,1.3361109495163,0.59400707483292
dish_1564000459,15.439464569092,2.8005623817444,0.55987048149109,0.11238684505224,0.48246398568153,0.13641607761383,174400.703125,77288.1640625,1.3456844091415,0.59635931253433
dish_1564000490,14.290258407593,2.1326289176941,0.55891340970993,0.10366412252188,0.47469666600227,0.18772304058075,192742.453125,63913.13671875,1.4872102737427,0.49315690994263
dish_1564000536,11.864520072937,1.5069580078125,0.4566735625267,0.1316859126091,0.62435919046402,0.21153040230274,189091.03125,58240.9140625,1.4590357542038,0.44938975572586
dish_1564073641,14.936443328857,2.6771042346954,0.65421831607819,0.064110212028027,0.50282609462738,0.11606944352388,187738.0,60138.921875,1.4485957622528,0.4640349149704
dish_1564073677,16.407968521118,5.0646395683289,0.71391922235489,0.11938079446554,0.38901808857918,0.25953233242035,191120.015625,64039.07421875,1.4746915102005,0.4941286444664
dish_1564073716,17.853466033936,8.7469100952148,0.67639011144638,0.15262681245804,0.33183446526527,0.25334247946739,192122.375,62202.87109375,1.4824256896973,0.47996041178703
dish_1564073860,14.809085845947,4.4861102104187,0.62932455539703,0.17442908883095,0.37861123681068,0.31377992033958,191436.59375,66455.2265625,1.4771342277527,0.51277184486389
dish_1564082178,15.389038085938,1.179074048996,0.64702010154724,0.066611364483833,0.4539592564106,0.090859659016132,190235.109375,60105.36328125,1.4678635597229,0.46377599239349
dish_1564082212,16.895853042603,3.5332977771759,0.67043215036392,0.14713202416897,0.36814978718758,0.23062655329704,190131.203125,60288.703125,1.4670617580414,0.46519058942795
dish_1564082323,17.28581237793,11.266749382019,0.66146677732468,0.24232202768326,0.36193290352821,0.29534298181534,199025.765625,65601.8984375,1.535692691803,0.50618743896484
dish_1564082462,13.240580558777,2.3651745319366,0.61213558912277,0.20117737352848,0.36269646883011,0.23951822519302,202735.359375,67292.3359375,1.564316034317,0.51923102140427
dish_1564083459,18.980321884155,0.98057413101196,0.73323595523834,0.045721758157015,0.32162818312645,0.030316503718495,191424.484375,63725.34765625,1.4770407676697,0.49170792102814
dish_1564083480,19.664615631104,12.347946166992,0.69898951053619,0.21180732548237,0.35091337561607,0.28498291969299,149553.0,119380.1328125,1.1539583206177,0.92114299535751
dish_1564083508,11.346134185791,1.4284421205521,0.53808563947678,0.04312102496624,0.53692442178726,0.086246490478516,189674.671875,62365.48046875,1.4635391235352,0.48121511936188
dish_1564083534,9.0715188980103,1.1021727323532,0.42667952179909,0.05071635171771,0.69103026390076,0.047710712999105,185678.703125,61671.9609375,1.4327059984207,0.47586390376091
dish_1564086602,16.985258102417,3.9589183330536,0.65028262138367,0.24563746154308,0.41928350925446,0.3178383409977,176470.109375,75976.8359375,1.3616520166397,0.58624106645584
dish_1564086624,18.321981430054,1.1665573120117,0.64537739753723,0.017916835844517,0.46651518344879,0.081340804696083,170011.90625,83587.6953125,1.311820268631,0.64496672153473
dish_1564086658,18.191362380981,3.18425989151,0.69097363948822,0.055691793560982,0.34900850057602,0.17196817696095,173261.046875,74696.7734375,1.3368906974792,0.57636404037476
dish_1564086709,15.205551147461,0.24631696939468,0.60048913955688,0.04195474460721,0.36023479700089,0.01539455819875,170335.40625,73398.3359375,1.3143162727356,0.56634515523911
dish_1564086748,11.187679290771,2.4522898197174,0.50896865129471,0.054763611406088,0.49171215295792,0.068799443542957,167383.703125,76136.5546875,1.2915408611298,0.58747339248657
dish_1564086778,11.522284507751,0.51987767219543,0.3889981508255,0.15340262651443,0.40931820869446,0.048813488334417,177346.4375,73981.71875,1.3684138059616,0.57084667682648
dish_1564159520,15.247867584229,4.5457997322083,0.65102916955948,0.083929747343063,0.46334195137024,0.31344920396805,184457.6875,59736.90625,1.4232845306396,0.46093291044235
dish_1564159543,13.060440063477,1.8797798156738,0.58611422777176,0.067372165620327,0.44906234741211,0.18369743227959,187022.296875,60412.58984375,1.4430732727051,0.46614649891853
dish_1564159588,12.039375305176,0.25509631633759,0.50620174407959,0.056332148611546,0.62423121929169,0.13532695174217,166814.453125,65955.1171875,1.2871485948563,0.50891292095184
dish_1564159636,18.711278915405,5.1673922538757,0.7955858707428,0.1355357915163,0.14659732580185,0.13282340764999,173365.28125,77605.3359375,1.3376951217651,0.59880656003952
dish_1564160043,17.437076568604,3.4439640045166,0.6894406080246,0.18413798511028,0.44740352034569,0.35736063122749,184249.40625,55573.05859375,1.4216775894165,0.42880445718765
dish_1564160161,14.601907730103,0.62349689006805,0.61666482686996,0.070751912891865,0.57035082578659,0.19885618984699,170055.953125,74813.5859375,1.3121601343155,0.5772653222084
dish_1564168695,20.002828598022,6.869092464447,0.72961384057999,0.14205150306225,0.28745302557945,0.20385305583477,183610.53125,54085.91796875,1.4167479276657,0.4173296391964
dish_1564168739,16.806518554688,2.4507343769073,0.63181269168854,0.078490763902664,0.42159512639046,0.10359185189009,191585.5625,63156.80859375,1.4782836437225,0.48732104897499
dish_1564169197,20.065259933472,6.798351764679,0.77032399177551,0.12940989434719,0.33987534046173,0.25714156031609,182847.921875,56218.9296875,1.4108636379242,0.43378803133965
dish_1564169254,15.559458732605,3.6438546180725,0.62744873762131,0.1101291179657,0.513467669487,0.28397515416145,190934.34375,59489.01953125,1.4732588529587,0.45902022719383
dish_1564169298,12.557862281799,5.7316484451294,0.52038902044296,0.17328906059265,0.55803471803665,0.36856064200401,194091.125,63748.85546875,1.497616648674,0.49188932776451
dish_1564169340,12.504024505615,6.2170333862305,0.48622706532478,0.21344824135303,0.52839916944504,0.37480810284615,193770.125,62215.90625,1.495139837265,0.48006099462509
dish_1564169644,19.214756011963,6.0348725318909,0.73670083284378,0.13446813821793,0.34692573547363,0.2779449224472,190098.6875,62143.04296875,1.4668109416962,0.47949880361557
dish_1564169878,12.148756980896,3.1628339290619,0.53559774160385,0.055541567504406,0.62265843153,0.3286192715168,186312.8125,56816.8828125,1.437598824501,0.4384018778801
dish_1564169932,13.884281158447,5.357458114624,0.60901981592178,0.18140706419945,0.41302683949471,0.22452527284622,195807.3125,72629.625,1.5108588933945,0.56041371822357
dish_1564169958,12.020414352417,3.740355014801,0.51240330934525,0.13071173429489,0.51959282159805,0.21010345220566,191098.328125,58524.640625,1.474524140358,0.45157903432846
dish_1564170010,12.52728843689,4.1112351417542,0.44223302602768,0.21738125383854,0.44901692867279,0.32296845316887,204623.328125,73671.546875,1.578883767128,0.56845331192017
dish_1564170283,12.397172927856,4.152108669281,0.63452786207199,0.1299571543932,0.59097725152969,0.34672600030899,188427.9375,62449.2890625,1.453919172287,0.48186179995537
dish_1564170474,13.686736106873,1.0315525531769,0.65577703714371,0.05514932051301,0.56641638278961,0.089562766253948,169405.125,76681.3125,1.3071383237839,0.59167671203613
dish_1564170542,11.208621025085,4.2492671012878,0.49560078978539,0.18692596256733,0.57871568202972,0.29719114303589,186423.515625,59714.765625,1.43845307827,0.46076208353043
dish_1564170836,20.49015045166,2.1631624698639,0.75085878372192,0.030957328155637,0.2784004509449,0.10027332603931,190763.71875,61598.703125,1.4719423055649,0.47529861330986
dish_1564170880,14.166265487671,5.2583756446838,0.62087416648865,0.16886885464191,0.53286468982697,0.33321571350098,189692.265625,67053.453125,1.463674902916,0.51738774776459
dish_1564170923,7.8144569396973,0.68487697839737,0.35132712125778,0.039191894233227,0.7506257891655,0.053378954529762,189169.21875,58704.09765625,1.4596390724182,0.45296373963356
dish_1564170967,9.2506408691406,0.5994730591774,0.42123571038246,0.083036445081234,0.64430367946625,0.17049868404865,160054.828125,111841.984375,1.2349909543991,0.86297821998596
dish_1564171888,16.845352172852,6.3122749328613,0.7778240442276,0.18547576665878,0.299251049757,0.31593078374863,173942.5,74470.8984375,1.342148900032,0.57462114095688
dish_1564171935,20.020038604736,2.3081555366516,0.7804371714592,0.1057228371501,0.17361794412136,0.15049107372761,174499.9375,79488.4453125,1.3464500904083,0.61333680152893
dish_1564171970,18.289480209351,5.7365636825562,0.73483055830002,0.12733992934227,0.20893104374409,0.21495789289474,197997.765625,67464.890625,1.5277605056763,0.52056241035461
dish_1564171996,10.377734184265,0.69926285743713,0.47459653019905,0.10474063456059,0.55612242221832,0.10324335843325,198543.4375,66686.71875,1.5319709777832,0.51455801725388
dish_1565023128,13.802833557129,1.4381482601166,0.52294218540192,0.041989598423243,0.49727585911751,0.031732320785522,174909.625,79722.6796875,1.3496114015579,0.61514407396317
dish_1565023157,14.928276062012,8.7859554290771,0.62559884786606,0.25803008675575,0.38888218998909,0.32156059145927,191324.65625,62224.2265625,1.4762704372406,0.48012524843216
dish_1565023182,18.614789962769,8.5683641433716,0.61247104406357,0.24859675765038,0.40375456213951,0.38012960553169,189105.09375,61786.73828125,1.4591443538666,0.47674953937531
dish_1565024675,16.881233215332,8.9122219085693,0.63063782453537,0.17348217964172,0.47102242708206,0.39823496341705,183620.4375,56697.84765625,1.4168243408203,0.43748337030411
dish_1565024707,17.551427841187,8.2993659973145,0.64681899547577,0.22442124783993,0.37114843726158,0.29833555221558,191918.609375,60398.90625,1.4808534383774,0.46604093909264
dish_1565024741,15.180501937866,4.9084982872009,0.59374779462814,0.14395466446877,0.40499299764633,0.21249642968178,192724.75,65800.4453125,1.4870736598969,0.50771945714951
dish_1565030350,9.9226713180542,1.6899604797363,0.50754737854004,0.2313741594553,0.53720963001251,0.24258027970791,177126.46875,80862.1171875,1.3667166233063,0.6239361166954
dish_1565030391,10.897861480713,2.8934004306793,0.47829431295395,0.15970231592655,0.53612512350082,0.23812347650528,202900.546875,56101.11328125,1.5655906200409,0.43287897109985
dish_1565031283,14.257567405701,1.8913295269012,0.62561875581741,0.080332443118095,0.50694698095322,0.077062599360943,189647.640625,62957.6875,1.4633305072784,0.48578462004662
dish_1565031338,18.20166015625,6.5515503883362,0.74664950370789,0.11802841722965,0.26741111278534,0.17747816443443,174576.734375,79494.53125,1.347042798996,0.61338371038437
dish_1565031376,15.296102523804,6.5603823661804,0.64781850576401,0.2360734641552,0.37713080644608,0.31357455253601,203387.9375,55784.4296875,1.5693514347076,0.43043538928032
dish_1565032714,13.800855636597,8.8260917663574,0.53420698642731,0.30449676513672,0.47438204288483,0.37870478630066,202949.546875,65486.28515625,1.5659687519073,0.50529539585114
dish_1565032748,9.0432376861572,1.1327993869781,0.40158930420876,0.10260646045208,0.69432723522186,0.18011845648289,194053.890625,59571.953125,1.4973293542862,0.45966011285782
dish_1565033110,9.821665763855,1.53504383564,0.40852344036102,0.13297705352306,0.59892827272415,0.13631616532803,199550.546875,65167.79296875,1.5397418737411,0.50283789634705
dish_1565033139,10.445731163025,2.5022151470184,0.41061663627625,0.1494749635458,0.53130650520325,0.17774073779583,199995.140625,65644.6484375,1.5431723594666,0.50651735067368
dish_1565033189,16.079193115234,2.6160838603973,0.69357061386108,0.18630845844746,0.24669022858143,0.18903906643391,204135.53125,69611.9765625,1.5751198530197,0.53712946176529
dish_1565033220,12.711197853088,3.4125254154205,0.48726323246956,0.21252600848675,0.44378954172134,0.21079906821251,199902.046875,65498.65234375,1.5424540042877,0.50539088249207
dish_1565033265,11.236414909363,3.1470685005188,0.38524460792542,0.15211878716946,0.55253320932388,0.16539417207241,199036.625,67341.515625,1.5357764959335,0.51961046457291
dish_1565034234,22.470699310303,8.4175605773926,0.83002281188965,0.12967051565647,0.19882288575172,0.14096653461456,178005.078125,79272.859375,1.3734959363937,0.61167335510254
dish_1565034281,16.239755630493,5.1951065063477,0.63767826557159,0.19120889902115,0.37874642014503,0.23547020554543,192047.8125,63463.03515625,1.4818503856659,0.48968389630318
dish_1565034330,15.376253128052,3.3793792724609,0.65800124406815,0.12958660721779,0.33674582839012,0.092952616512775,191568.734375,65507.546875,1.4781539440155,0.5054594874382
dish_1565034605,14.555736541748,0.26533767580986,0.62730371952057,0.045292519032955,0.39128828048706,0.14120821654797,169037.09375,74839.8125,1.3042985200882,0.57746762037277
dish_1565034661,11.996515274048,4.0956697463989,0.42992442846298,0.070939615368843,0.54014837741852,0.13388325273991,155696.234375,89446.3984375,1.2013598680496,0.69017285108566
dish_1565034681,11.636106491089,2.961065530777,0.4521940946579,0.18905037641525,0.56559544801712,0.2202734798193,184279.96875,56902.69140625,1.4219132661819,0.43906396627426
dish_1565035715,26.134252548218,4.6958789825439,0.82901364564896,0.12731871008873,0.11275097727776,0.078233487904072,171805.40625,76063.890625,1.3256590366364,0.58691275119781
dish_1565035746,19.095317840576,0.32683700323105,0.73578298091888,0.03766280412674,0.32712119817734,0.058579504489899,173394.78125,77452.3828125,1.3379226922989,0.59762644767761
dish_1565035774,16.026805877686,2.9202075004578,0.66993582248688,0.15580742061138,0.38095033168793,0.29711076617241,171829.28125,72651.921875,1.325843334198,0.56058585643768
dish_1565035802,17.335298538208,2.5666937828064,0.6590861082077,0.18133437633514,0.31401026248932,0.18798884749413,175713.3125,77191.921875,1.3558125495911,0.59561663866043
dish_1565035830,13.903817176819,2.7822482585907,0.67240524291992,0.094856634736061,0.32762986421585,0.13172854483128,191312.953125,63802.546875,1.4761801958084,0.49230360984802
dish_1565035858,15.521155357361,3.1791393756866,0.61516547203064,0.19085389375687,0.31788578629494,0.17161454260349,190485.234375,64764.125,1.4697934389114,0.49972316622734
dish_1565036788,20.24532699585,3.1705555915833,0.6652090549469,0.066806375980377,0.36401772499084,0.092207461595535,170975.34375,69440.4609375,1.3192542791367,0.5358060002327
dish_1565036821,25.063417434692,0.71061879396439,0.84906756877899,0.0091137923300266,0.065323442220688,0.003971497528255,178162.5625,78892.15625,1.3747112751007,0.60873579978943
dish_1565036865,25.337182998657,3.5928897857666,0.8368901014328,0.078929506242275,0.12410432100296,0.046668224036694,193643.265625,62025.23828125,1.4941608905792,0.4785897731781
dish_1565036890,16.769685745239,5.5142650604248,0.653972864151,0.048014711588621,0.34153941273689,0.16080516576767,194139.625,63572.953125,1.4979909658432,0.49053204059601
dish_1565036922,20.138780593872,3.0605554580688,0.69399321079254,0.070460937917233,0.25914442539215,0.078612998127937,187566.703125,58117.2734375,1.4472739696503,0.44843575358391
dish_1565036953,14.512412071228,5.4818749427795,0.53321027755737,0.23428212106228,0.50056648254395,0.32155466079712,207834.09375,55835.14453125,1.603658080101,0.43082675337791
dish_1565107066,23.686185836792,2.0093324184418,0.87018167972565,0.038930706679821,0.13914149999619,0.12381657212973,174389.78125,78654.8046875,1.3456001281738,0.60690426826477
dish_1565107092,22.623096466064,1.4036964178085,0.83653891086578,0.077427804470062,0.17576059699059,0.20093737542629,173792.421875,73348.2734375,1.3409909009933,0.56595885753632
dish_1565107143,20.984634399414,0.95024758577347,0.84889590740204,0.039242044091225,0.1265150308609,0.079894006252289,168783.328125,68663.0546875,1.3023405075073,0.52980750799179
dish_1565107171,12.782550811768,5.3470225334167,0.60249716043472,0.17696979641914,0.38511925935745,0.354850679636,174953.09375,78460.3046875,1.3499467372894,0.60540360212326
dish_1565109606,16.475135803223,5.3542737960815,0.67007684707642,0.19545671343803,0.38019704818726,0.2366886138916,151300.3125,119507.140625,1.1674406528473,0.92212295532227
dish_1565109637,20.035163879395,3.9196472167969,0.72504985332489,0.08380950987339,0.2301235049963,0.11404700577259,188907.828125,61851.48046875,1.4576221704483,0.47724908590317
dish_1565109659,19.792568206787,7.4902539253235,0.78593230247498,0.15365742146969,0.22127206623554,0.24739098548889,189124.5625,61665.66015625,1.4592944383621,0.47581526637077
dish_1565117429,22.873245239258,6.4697790145874,0.80192190408707,0.1094965711236,0.21921524405479,0.1706398576498,190401.046875,64188.52734375,1.4691438674927,0.49528181552887
dish_1565117463,17.956649780273,5.7150473594666,0.65255999565125,0.16459457576275,0.39254719018936,0.19128614664078,201675.59375,66997.34375,1.5561388731003,0.51695477962494
dish_1565117892,21.165752410889,6.1803488731384,0.7425919175148,0.18289035558701,0.27606770396233,0.18832680583,192961.234375,61455.4296875,1.488898396492,0.47419309616089
dish_1565117934,14.233944892883,3.3031983375549,0.67218941450119,0.16483628749847,0.43313908576965,0.27773347496986,192608.6875,66633.1875,1.4861781597137,0.51414501667023
dish_1565117962,18.145763397217,6.5614552497864,0.70352536439896,0.21260719001293,0.27719694375992,0.29063135385513,197639.15625,63629.8203125,1.5249934196472,0.49097082018852
dish_1565117990,17.800983428955,8.1578321456909,0.68033999204636,0.20309250056744,0.2781808078289,0.19860863685608,195929.375,64658.8828125,1.5118007659912,0.49891114234924
dish_1565118029,13.864755630493,4.2563886642456,0.61394643783569,0.0058755655772984,0.33206489682198,0.13009582459927,179497.046875,82657.6015625,1.3850080966949,0.63779008388519
dish_1565118067,16.24621963501,4.1348338127136,0.60436594486237,0.15639546513557,0.40347689390182,0.2456601113081,202165.90625,53812.15234375,1.5599220991135,0.41521719098091
dish_1565118096,18.135364532471,1.6022726297379,0.68297636508942,0.088228911161423,0.2547809779644,0.089340023696423,196582.09375,63963.046875,1.5168371200562,0.49354204535484
dish_1565118782,12.988451004028,5.0318989753723,0.59757483005524,0.26222684979439,0.38114514946938,0.2732874751091,164013.75,93136.0,1.2655382156372,0.71864193677902
dish_1565118999,12.405356407166,3.8596818447113,0.47900715470314,0.076661698520184,0.45941534638405,0.14275874197483,194827.296875,62315.7890625,1.5032970905304,0.48083171248436
dish_1565119418,15.421339988708,0.60876101255417,0.70826083421707,0.069799743592739,0.43209901452065,0.011668622493744,193708.46875,65320.03125,1.4946640729904,0.50401258468628
dish_1565119439,18.337339401245,2.1208996772766,0.74060499668121,0.038568373769522,0.28681272268295,0.020944584161043,191304.078125,67692.6484375,1.4761117696762,0.52231979370117
dish_1565119464,15.986918449402,3.6248457431793,0.66551965475082,0.0377855040133,0.31058114767075,0.067882120609283,191811.390625,64959.31640625,1.4800261259079,0.50122934579849
dish_1565119493,11.269125938416,3.5261681079865,0.32052272558212,0.19362978637218,0.61558628082275,0.15708029270172,198062.46875,65821.921875,1.5282597541809,0.50788515806198
dish_1565119642,12.941442489624,3.4926917552948,0.56374770402908,0.0035915016196668,0.54304993152618,0.10470394045115,165432.171875,68132.6171875,1.2764828205109,0.52571457624435
dish_1565119669,16.525421142578,6.0275444984436,0.6450143456459,0.21538618206978,0.3946675658226,0.26043567061424,189700.96875,61141.93359375,1.463742017746,0.47177416086197
dish_1565119698,12.991444587708,4.3356266021729,0.52013701200485,0.22461892664433,0.51214927434921,0.37303653359413,166135.03125,72273.9296875,1.2819061279297,0.55766922235489
dish_1565119739,13.373315811157,6.6698808670044,0.51562660932541,0.23884549736977,0.5125635266304,0.36672976613045,178501.078125,88005.890625,1.3773231506348,0.67905777692795
dish_1565123783,16.733982086182,0.90300399065018,0.68683016300201,0.084332726895809,0.39351654052734,0.1183687672019,172669.875,74031.9453125,1.3323292732239,0.57123416662216
dish_1565123816,32.310871124268,7.5596461296082,0.93221497535706,0.033290237188339,0.046854548156261,0.041330937296152,170572.1875,80698.5234375,1.3161433935165,0.62267380952835
dish_1565123845,16.281309127808,2.2445623874664,0.63490533828735,0.13576120138168,0.5199111700058,0.20352455973625,186633.671875,57796.25390625,1.4400746822357,0.44595873355865
dish_1565123881,17.543506622314,3.5034599304199,0.68876701593399,0.12696173787117,0.26674389839172,0.16560091078281,197984.9375,63040.6171875,1.5276615619659,0.48642456531525
dish_1565194684,19.085464477539,6.1022801399231,0.69295525550842,0.25355586409569,0.25480058789253,0.25955998897552,171986.25,78084.3671875,1.3270543813705,0.60250282287598
dish_1565194781,15.029888153076,6.6042957305908,0.63623440265656,0.17762212455273,0.40462028980255,0.3058777153492,174177.828125,78922.875,1.3439648151398,0.6089728474617
dish_1565194823,14.313605308533,2.2910878658295,0.52312242984772,0.0050657563842833,0.52634561061859,0.001513366936706,166508.296875,70459.671875,1.2847862243652,0.54367029666901
dish_1565194852,11.977298736572,3.5901637077332,0.46767836809158,0.18866300582886,0.50012749433517,0.32265597581863,175371.09375,81496.765625,1.3531720638275,0.62883305549622
dish_1565194906,15.463445663452,5.2050762176514,0.55199366807938,0.19372095167637,0.3630046248436,0.32352212071419,195086.015625,65396.66796875,1.5052933692932,0.50460398197174
dish_1565195362,23.447889328003,4.8103971481323,0.81666147708893,0.10756200551987,0.10398958623409,0.04942598938942,173669.890625,78449.2265625,1.3400454521179,0.60531806945801
dish_1565195398,14.590811729431,2.3805255889893,0.57618945837021,0.025622501969337,0.44662344455719,0.050905976444483,165142.984375,67478.0078125,1.2742514610291,0.52066367864609
dish_1565195436,15.692531585693,5.3995966911316,0.69322091341019,0.1304978877306,0.31634375452995,0.2082786411047,190706.296875,63875.39453125,1.4714992046356,0.49286568164825
dish_1565195493,12.537879943848,2.0117197036743,0.51089960336685,0.10087250173092,0.56786227226257,0.14427627623081,191585.71875,61757.9296875,1.4782848358154,0.47652724385262
dish_1565203015,15.504570007324,6.4195375442505,0.61732685565948,0.16707199811935,0.31370425224304,0.18893198668957,180051.8125,85926.078125,1.3892886638641,0.66300994157791
dish_1565203094,14.67636680603,0.69074231386185,0.67018067836761,0.065304055809975,0.29937174916267,0.10424333065748,179976.59375,79948.109375,1.3887083530426,0.61688357591629
dish_1565204855,23.088899612427,5.2027106285095,0.84063202142715,0.066324450075626,0.12990361452103,0.090095303952694,190585.765625,58925.95703125,1.4705691337585,0.45467558503151
dish_1565204891,17.615922927856,8.269362449646,0.60693901777267,0.26143416762352,0.42170661687851,0.34165146946907,188531.953125,58480.109375,1.4547219276428,0.45123541355133
dish_1565204931,13.649263381958,3.3896417617798,0.51951986551285,0.027369067072868,0.47303700447083,0.039868727326393,173530.265625,79778.125,1.3389681577682,0.61557197570801
dish_1565207631,18.878545761108,4.6948790550232,0.70503306388855,0.034146070480347,0.28107762336731,0.17106115818024,167687.40625,77826.5390625,1.2938842773438,0.60051339864731
dish_1565207662,15.67841053009,1.8043251037598,0.61915415525436,0.087835609912872,0.41398420929909,0.13206207752228,187816.015625,61716.46484375,1.4491976499557,0.47620731592178
dish_1565207694,14.591174125671,1.3614412546158,0.58747005462646,0.089824430644512,0.4077176451683,0.062217012047768,193550.3125,66923.375,1.4934438467026,0.51638406515121
dish_1565207727,13.873494148254,3.8676178455353,0.60299909114838,0.091814368963242,0.4203913807869,0.27718585729599,190176.75,61239.5078125,1.467413187027,0.47252702713013
dish_1565207815,21.898788452148,7.2205533981323,0.7624848484993,0.060513265430927,0.25576433539391,0.30733501911163,168435.53125,71453.5234375,1.299656867981,0.55133897066116
dish_1565207865,17.224868774414,3.1740438938141,0.60952079296112,0.041469816118479,0.33625876903534,0.1889324337244,192146.125,66742.9140625,1.4826089143753,0.51499164104462
dish_1565207896,11.865985870361,1.5783067941666,0.45382648706436,0.088824674487114,0.49842792749405,0.11468754708767,204766.78125,72571.734375,1.5799906253815,0.55996710062027
dish_1565208562,14.172327041626,1.5152475833893,0.59454488754272,0.069175988435745,0.50743800401688,0.030959837138653,191016.84375,60810.9921875,1.4738954305649,0.46922063827515
dish_1565208611,14.17360496521,0.53071230649948,0.58283859491348,0.063926100730896,0.44235989451408,0.11853450536728,190077.453125,63167.8046875,1.466647028923,0.48740592598915
dish_1565208637,16.488063812256,4.8604350090027,0.56094133853912,0.16862501204014,0.49851402640343,0.31138637661934,191306.921875,64908.2109375,1.4761337041855,0.50083494186401
dish_1565209922,17.687097549438,3.3539283275604,0.6708659529686,0.10052395612001,0.42675685882568,0.15505093336105,190448.828125,64090.8828125,1.4695125818253,0.49452841281891
dish_1565209963,15.856620788574,6.4115343093872,0.68004989624023,0.25189968943596,0.29121553897858,0.3220442533493,174413.34375,76936.34375,1.3457820415497,0.59364461898804
dish_1565210009,16.524269104004,9.0810680389404,0.55908113718033,0.22391591966152,0.44981709122658,0.30387997627258,194759.046875,61452.08203125,1.5027704238892,0.47416731715202
dish_1565210037,17.380462646484,4.4268646240234,0.67290210723877,0.15013882517815,0.30759537220001,0.24447502195835,191317.71875,64225.91796875,1.4762169122696,0.49557036161423
dish_1565210073,19.979906082153,3.1207919120789,0.79153257608414,0.093951277434826,0.1870783418417,0.056699112057686,194565.125,63930.23046875,1.5012741088867,0.49328878521919
dish_1565369938,15.408502578735,2.3300309181213,0.73550397157669,0.082516700029373,0.43690270185471,0.25214058160782,165694.296875,65644.328125,1.2785053253174,0.50651490688324
dish_1565369971,13.486163139343,2.6014244556427,0.45789095759392,0.15253330767155,0.67116981744766,0.04339762404561,197197.75,66494.7890625,1.5215876102448,0.51307708024979
dish_1565370004,12.843813896179,2.5985951423645,0.48843276500702,0.20506818592548,0.48516663908958,0.23186978697777,190895.84375,62232.84765625,1.4729616641998,0.48019173741341
dish_1565378680,16.565507888794,0.044739048928022,0.70879596471786,0.090157248079777,0.40513223409653,0.039685998111963,171363.40625,76164.484375,1.3222484588623,0.58768886327744
dish_1565378731,17.296688079834,7.5656480789185,0.66798305511475,0.175616979599,0.37855619192123,0.32099217176437,190573.609375,65200.2265625,1.470475435257,0.50308817625046
dish_1565378770,10.737714767456,0.7268550992012,0.4720721244812,0.0088647045195103,0.72830021381378,0.11007433384657,165019.34375,72049.625,1.2732974290848,0.55593848228455
dish_1565379251,18.209907531738,4.5635805130005,0.78240036964417,0.074785120785236,0.28736746311188,0.20993287861347,191724.4375,61838.95703125,1.4793553352356,0.47715246677399
dish_1565379320,20.176868438721,15.366640090942,0.74760037660599,0.26072925329208,0.33303681015968,0.4190408885479,177371.59375,78970.0234375,1.3686079978943,0.60933661460876
dish_1565379377,12.491638183594,3.7960858345032,0.60534143447876,0.10078015178442,0.44950583577156,0.17221139371395,178481.03125,79385.25,1.3771684169769,0.61254048347473
dish_1565379788,20.367370605469,5.6742997169495,0.78807151317596,0.16414557397366,0.34155234694481,0.33337956666946,169959.703125,71086.8515625,1.3114174604416,0.54850965738297
dish_1565379868,14.730581283569,6.3091464042664,0.70412957668304,0.19585543870926,0.28397887945175,0.19484381377697,179810.40625,84591.0078125,1.3874260187149,0.65270841121674
dish_1565382762,21.696258544922,4.1481871604919,0.80567300319672,0.074722863733768,0.21340948343277,0.2060940861702,174018.875,76557.8828125,1.3427381515503,0.59072440862656
dish_1565382803,18.157634735107,1.8727294206619,0.72930717468262,0.016474023461342,0.39031606912613,0.08948827534914,169022.65625,71072.6328125,1.3041871786118,0.54839998483658
dish_1565382833,16.736898422241,6.1607666015625,0.66646665334702,0.098201356828213,0.42166075110435,0.2754613161087,191175.59375,63425.4375,1.475120306015,0.48939383029938
dish_1565382856,16.319261550903,5.0591130256653,0.66465830802917,0.20426182448864,0.32066580653191,0.31998056173325,193291.078125,61391.60546875,1.4914435148239,0.47370067238808
dish_1565382886,15.695096969604,6.8849005699158,0.52483475208282,0.24733462929726,0.47913792729378,0.37888306379318,199945.8125,66040.3046875,1.5427918434143,0.50957024097443
dish_1565382969,14.709278106689,9.2809772491455,0.51000875234604,0.34087485074997,0.45195758342743,0.35970118641853,192361.5625,61934.734375,1.4842712879181,0.47789147496223
dish_1565382995,10.680375099182,0.49552583694458,0.46515837311745,0.085821479558945,0.53128117322922,0.11954082548618,194373.640625,63814.71875,1.499796628952,0.49239748716354
dish_1565383026,13.763471603394,5.0170373916626,0.59348750114441,0.27199825644493,0.35682305693626,0.26341623067856,181120.28125,86265.9296875,1.3975330591202,0.66563218832016
dish_1565383062,15.068037033081,5.0365557670593,0.65946447849274,0.28933873772621,0.28649768233299,0.2905769944191,179812.96875,84027.9609375,1.3874456882477,0.6483638882637
dish_1565383097,14.570970535278,0.60432779788971,0.5189311504364,0.033491633832455,0.42713019251823,0.018038555979729,179117.5625,80104.734375,1.3820798397064,0.61809206008911
dish_1565383128,14.776279449463,4.4611735343933,0.60909241437912,0.14870581030846,0.33515125513077,0.21594035625458,198890.75,65612.765625,1.5346508026123,0.50627136230469
dish_1565383159,14.312086105347,0.45312178134918,0.56033170223236,0.073835335671902,0.34949660301208,0.048894666135311,178623.25,82601.3359375,1.3782658576965,0.63735598325729
dish_1565637162,12.90272808075,1.9668835401535,0.51090657711029,0.10073842853308,0.46814090013504,0.042336657643318,175827.28125,72771.3671875,1.3566919565201,0.56150740385056
dish_1565637504,18.959390640259,0.27313044667244,0.74685943126678,0.058478709310293,0.36209136247635,0.021199168637395,175098.03125,77937.2578125,1.3510649204254,0.60136765241623
dish_1565637548,16.560762405396,1.0400516986847,0.70171308517456,0.060985289514065,0.43751084804535,0.089413106441498,193527.28125,62393.53125,1.4932661056519,0.48143157362938
dish_1565637578,15.852112770081,3.8548119068146,0.7017936706543,0.11430962383747,0.3516351878643,0.19558437168598,193779.9375,63782.46875,1.4952155351639,0.49214866757393
dish_1565637608,11.532664299011,1.3664790391922,0.58116233348846,0.17164646089077,0.51105374097824,0.18216305971146,173323.109375,75948.3203125,1.3373696804047,0.58602100610733
dish_1565638287,12.973428726196,2.6259422302246,0.57060408592224,0.089071676135063,0.53757137060165,0.14021934568882,174901.125,82577.15625,1.3495457172394,0.63716942071915
dish_1565638323,12.718502998352,1.7311025857925,0.5426265001297,0.20348224043846,0.45525455474854,0.1406387090683,176651.390625,76547.515625,1.3630508184433,0.59064441919327
dish_1565638365,12.733291625977,3.6119055747986,0.56248438358307,0.17315737903118,0.41358259320259,0.21320405602455,200874.15625,65762.53125,1.5499548912048,0.50742697715759
dish_1565638478,12.698835372925,1.3564002513885,0.54417657852173,0.048141185194254,0.52749425172806,0.029685121029615,163877.25,63238.9140625,1.264485001564,0.48795458674431
dish_1565638515,13.918184280396,3.6045162677765,0.58597421646118,0.12052881717682,0.45555764436722,0.09772152453661,189540.109375,59406.7734375,1.4625009298325,0.45838558673859
dish_1565638550,15.152775764465,4.4552812576294,0.55617713928223,0.11335951089859,0.40597602725029,0.11821777373552,189176.8125,63540.09765625,1.4596976041794,0.49027854204178
dish_1565638599,17.33581161499,3.7644622325897,0.67355668544769,0.044403024017811,0.26523378491402,0.078915610909462,196813.671875,64428.88671875,1.5186240673065,0.4971364736557
dish_1565640227,20.949947357178,1.5243577957153,0.79460006952286,0.059567574411631,0.20479218661785,0.083045668900013,170034.609375,74934.203125,1.3119955062866,0.57819598913193
dish_1565640365,9.859203338623,0.90986955165863,0.28888154029846,0.0034988205879927,0.73605608940125,0.12264809012413,174630.59375,79133.2890625,1.3474583625793,0.61059629917145
dish_1565640427,17.25440788269,0.93609970808029,0.75618839263916,0.071159772574902,0.33862406015396,0.24320131540298,174401.21875,80146.640625,1.3456883430481,0.61841541528702
dish_1565640576,13.145559310913,0.30183255672455,0.53789490461349,0.092896990478039,0.43031963706017,0.061324089765549,196390.46875,63497.87890625,1.5153585672379,0.48995277285576
dish_1565640601,13.30816078186,0.67526197433472,0.5741423368454,0.16930629312992,0.26020169258118,0.0084267351776361,177701.78125,77509.5078125,1.3711557388306,0.59806722402573
dish_1565640723,10.112211227417,1.4446165561676,0.46266162395477,0.092010341584682,0.54214382171631,0.14760762453079,179635.71875,83623.2734375,1.3860780000687,0.64524126052856
dish_1565640772,13.425427436829,0.87282758951187,0.50442695617676,0.023424474522471,0.46935576200485,0.11425721645355,189799.71875,62840.04296875,1.4645040035248,0.48487684130669
dish_1565640812,13.315535545349,1.6656725406647,0.50190103054047,0.06239377707243,0.48913612961769,0.091878980398178,196801.4375,64481.49609375,1.5185295343399,0.49754241108894
dish_1565640842,12.881950378418,5.4970550537109,0.32625499367714,0.21875710785389,0.71485006809235,0.36654081940651,181697.65625,83888.9921875,1.4019881486893,0.64729166030884
dish_1565640868,15.319225311279,8.237021446228,0.54847985506058,0.46173143386841,0.43306067585945,0.47602954506874,169047.0,75431.7734375,1.3043750524521,0.58203536272049
dish_1565640894,11.738554954529,2.2021553516388,0.37583366036415,0.11619034409523,0.62102025747299,0.16025152802467,194402.0,63579.5078125,1.5000153779984,0.49058264493942
dish_1565640914,10.074560165405,0.4538628757,0.39505818486214,0.084784410893917,0.57141065597534,0.077196545898914,183104.609375,84541.5078125,1.4128441810608,0.65232640504837
dish_1565641844,16.135585784912,2.8915786743164,0.67100214958191,0.097151897847652,0.5486713051796,0.35258838534355,167121.953125,72609.5546875,1.2895212173462,0.56025892496109
dish_1565641885,16.526229858398,1.101426243782,0.65459233522415,0.11895528435707,0.36351779103279,0.083331443369389,185593.125,55485.8515625,1.4320456981659,0.42813158035278
dish_1565641915,18.73247718811,8.9625997543335,0.75726860761642,0.21959336102009,0.25492733716965,0.27269399166107,194924.859375,65520.3515625,1.5040498971939,0.50555825233459
dish_1565641943,14.555123329163,3.9607639312744,0.56185179948807,0.12338572740555,0.46071970462799,0.20642082393169,198925.953125,63195.33984375,1.5349225997925,0.48761838674545
dish_1565711083,12.767305374146,5.6536202430725,0.62209171056747,0.14213569462299,0.48959249258041,0.36911833286285,171571.296875,76471.4140625,1.3238525390625,0.59005719423294
dish_1565711115,18.387279510498,0.51153326034546,0.74592125415802,0.039590768516064,0.24317738413811,0.022535961121321,169723.21875,77454.65625,1.3095927238464,0.59764391183853
dish_1565711154,10.476534843445,1.7937685251236,0.4404633641243,0.061771284788847,0.50721621513367,0.086961001157761,174610.375,83537.3828125,1.3473023176193,0.64457857608795
dish_1565711183,14.497058868408,5.5836434364319,0.5703284740448,0.35911884903908,0.40608909726143,0.43665590882301,128727.1484375,143597.0625,0.99326503276825,1.1080020666122
dish_1565711326,11.405405044556,2.2290315628052,0.48227348923683,0.10055558383465,0.68150585889816,0.066479444503784,188906.6875,62318.1015625,1.4576133489609,0.48084953427315
dish_1565711358,17.252346038818,10.044382095337,0.67423439025879,0.22414582967758,0.35568183660507,0.34049648046494,167343.46875,82662.546875,1.2912304401398,0.63782829046249
dish_1565711453,17.310804367065,1.2989429235458,0.72368276119232,0.0067614079453051,0.44215255975723,0.024179836735129,159965.21875,61003.234375,1.2342995405197,0.47070395946503
dish_1565711498,23.042022705078,3.4302909374237,0.80493307113647,0.044405329972506,0.22115261852741,0.033562358468771,162542.234375,70291.0859375,1.2541838884354,0.54236948490143
dish_1565711527,19.027252197266,11.900745391846,0.67203772068024,0.22551906108856,0.31976053118706,0.23803229629993,189470.5625,60296.8828125,1.4619642496109,0.46525371074677
dish_1565711570,10.107325553894,1.8299826383591,0.47393298149109,0.057485789060593,0.57617259025574,0.08090378344059,191672.609375,63771.84765625,1.4789553880692,0.49206674098969
dish_1565721800,15.852221488953,1.228461265564,0.68153697252274,0.016541289165616,0.52320700883865,0.12759850919247,170660.59375,72278.3515625,1.3168256282806,0.5577033162117
dish_1565721828,14.751916885376,2.759290933609,0.60950410366058,0.12883217632771,0.50131261348724,0.22650960087776,192959.6875,49500.21875,1.488886475563,0.38194614648819
dish_1565721855,18.227209091187,7.3212161064148,0.76005524396896,0.14842066168785,0.24611347913742,0.23353853821754,193229.4375,63264.83984375,1.4909678697586,0.48815461993217
dish_1565724050,10.095489501953,0.10151118785143,0.42883732914925,0.047915276139975,0.66628730297089,0.11647041141987,172135.0625,73625.1484375,1.3282027244568,0.568095266819
dish_1565724087,10.771090507507,1.6037930250168,0.45989328622818,0.097918927669525,0.58267867565155,0.13004091382027,197065.609375,69684.6484375,1.5205678939819,0.53769022226334
dish_1565724196,17.441261291504,5.8739032745361,0.66794347763062,0.1221502572298,0.41829088330269,0.22330613434315,192592.84375,54011.91796875,1.4860558509827,0.41675859689713
dish_1565724235,12.596997261047,3.0441644191742,0.57618802785873,0.05466079339385,0.47644725441933,0.079538494348526,183800.46875,66859.0234375,1.4182133674622,0.51588749885559
dish_1565724269,14.638127326965,5.9289860725403,0.58886134624481,0.19010053575039,0.49199461936951,0.33833709359169,188915.34375,60126.8671875,1.4576799869537,0.4639418721199
dish_1565724509,12.328575134277,3.5624980926514,0.53104865550995,0.069992989301682,0.70563638210297,0.11011130362749,206623.796875,44700.6171875,1.5943194627762,0.34491217136383
dish_1565724552,10.250580787659,0.44979521632195,0.47706347703934,0.073082275688648,0.58200550079346,0.049061585217714,169928.8125,74354.8984375,1.3111791610718,0.57372605800629
dish_1565724588,11.307909011841,4.9885115623474,0.49729171395302,0.1916923224926,0.53387743234634,0.25594049692154,192355.546875,65124.69921875,1.4842249155045,0.50250542163849
dish_1565724620,11.841502189636,1.9453716278076,0.48260059952736,0.1280734539032,0.5801796913147,0.22241948544979,196478.578125,68973.90625,1.5160384178162,0.53220611810684
dish_1565725123,20.330924987793,5.9858269691467,0.74198818206787,0.21533335745335,0.29279845952988,0.37799513339996,187369.84375,59022.17578125,1.4457548856735,0.45541802048683
dish_1565725156,17.427227020264,5.6428890228271,0.68824589252472,0.25700795650482,0.3364300429821,0.33062469959259,175539.34375,75808.578125,1.3544702529907,0.5849426984787
dish_1565725188,12.137917518616,2.4415016174316,0.44822081923485,0.11873586475849,0.61730498075485,0.14436326920986,193814.75,65290.8046875,1.4954841136932,0.50378704071045
dish_1565725244,14.884009361267,0.85606116056442,0.5356268286705,0.012734923511744,0.48694723844528,0.015231681056321,164861.75,66905.453125,1.2720813751221,0.51624578237534
dish_1565726812,15.734941482544,2.5577702522278,0.63454258441925,0.097855627536774,0.5776846408844,0.020942389965057,168747.65625,72019.2421875,1.3020652532578,0.55570405721664
dish_1565726848,12.808485031128,3.4251408576965,0.51259255409241,0.12937198579311,0.65899550914764,0.10318475961685,175438.3125,74815.328125,1.3536906242371,0.57727879285812
dish_1565726887,19.471021652222,6.3189306259155,0.71998524665833,0.1991052031517,0.32756635546684,0.3922573029995,174630.015625,73611.65625,1.3474538326263,0.56799119710922
dish_1565726915,14.349558830261,4.6834297180176,0.50210267305374,0.24123130738735,0.45048916339874,0.34946265816689,186970.484375,62410.8515625,1.4426734447479,0.48156523704529
dish_1565726949,11.991622924805,5.0623559951782,0.52685552835464,0.1821366995573,0.50474667549133,0.29385563731194,193866.734375,66861.015625,1.4958852529526,0.51590293645859
dish_1565727765,9.9633388519287,0.91576540470123,0.39643767476082,0.042355813086033,0.62140727043152,0.066003650426865,172179.734375,81341.6484375,1.3285473585129,0.62763619422913
dish_1565727791,9.3065423965454,0.90208685398102,0.31954208016396,0.08293766528368,0.69163733720779,0.10222170501947,171575.421875,73483.1796875,1.3238843679428,0.56699985265732
dish_1565727821,10.163788795471,1.6713415384293,0.40313142538071,0.044147916138172,0.69125139713287,0.12215682119131,190800.4375,62368.2890625,1.4722255468369,0.48123675584793
dish_1565727851,14.400356292725,0.84412044286728,0.58845174312592,0.25478681921959,0.25851005315781,0.098364382982254,176476.203125,85203.421875,1.3616991043091,0.65743380784988
dish_1565727875,10.268669128418,1.6897790431976,0.30164170265198,0.10630106180906,0.73457950353622,0.021611133590341,165272.21875,76542.921875,1.2752485275269,0.59060895442963
dish_1565727921,9.6298904418945,1.5179136991501,0.44821262359619,0.10945787280798,0.65601098537445,0.18992866575718,181288.171875,85635.0078125,1.3988285064697,0.66076397895813
dish_1565728388,17.073734283447,3.8387622833252,0.73302102088928,0.056765146553516,0.37812525033951,0.086414836347103,194074.171875,59373.73828125,1.4974858760834,0.4581306874752
dish_1565728415,25.091716766357,10.492274284363,0.77215468883514,0.25451120734215,0.2812981903553,0.3114640712738,171237.359375,71708.90625,1.3212759494781,0.55330950021744
dish_1565728453,18.654613494873,1.6983230113983,0.67629426717758,0.09459538012743,0.37618741393089,0.053108241409063,190381.03125,63774.4375,1.4689894914627,0.49208670854568
dish_1565728494,21.692892074585,6.7747488021851,0.78752893209457,0.12714110314846,0.25304073095322,0.18678629398346,190827.46875,63276.96875,1.4724341630936,0.48824822902679
dish_1565728562,15.763989448547,1.7629120349884,0.61853927373886,0.043777666985989,0.48935267329216,0.14869859814644,183337.453125,54846.17578125,1.4146409034729,0.42319577932358
dish_1565728591,14.082104682922,0.81449699401855,0.59026849269867,0.085930943489075,0.43117019534111,0.16423408687115,189409.125,64122.73828125,1.4614901542664,0.49477419257164
dish_1565728634,15.613608360291,3.2248139381409,0.59007853269577,0.14727561175823,0.39610874652863,0.2044572532177,169081.1875,85532.4453125,1.3046387434006,0.65997260808945
dish_1565728684,18.129928588867,10.166291236877,0.62763035297394,0.27759683132172,0.34395289421082,0.43214040994644,169607.5625,73864.703125,1.3087003231049,0.56994372606277
dish_1565797671,15.751267433167,3.6884765625,0.65164315700531,0.18260395526886,0.41610160470009,0.26770901679993,189983.3125,61563.23828125,1.4659206867218,0.4750249683857
dish_1565797699,12.392237663269,0.91618394851685,0.5356525182724,0.10555521398783,0.58706152439117,0.20615877211094,181832.0,58960.7734375,1.4030246734619,0.45494425296783
dish_1565797723,9.2226505279541,0.81971305608749,0.40069481730461,0.047862678766251,0.78337013721466,0.14642885327339,188930.015625,61739.71875,1.4577933549881,0.47638669610023
dish_1565798531,19.941360473633,5.6033906936646,0.67296969890594,0.27439540624619,0.25189074873924,0.27302834391594,175955.875,76300.4765625,1.3576843738556,0.58873826265335
dish_1565798591,13.99400138855,4.254903793335,0.4757074713707,0.16660015285015,0.39691141247749,0.32690754532814,174257.953125,77001.8515625,1.3445830345154,0.59415012598038
dish_1565798617,12.287731170654,8.4757442474365,0.50108462572098,0.25211104750633,0.57363557815552,0.39714276790619,176217.0,83858.15625,1.359699010849,0.64705365896225
dish_1565799507,14.215711593628,2.5292875766754,0.5572754740715,0.14905129373074,0.56935095787048,0.056474879384041,171787.59375,71419.5390625,1.3255215883255,0.5510767698288
dish_1565799565,19.434593200684,9.8022737503052,0.74934232234955,0.17116156220436,0.29196479916573,0.27955493330956,171121.234375,78273.453125,1.3203798532486,0.60396182537079
dish_1565799597,12.943380355835,3.3604888916016,0.57923924922943,0.18169727921486,0.55990028381348,0.26843029260635,172386.96875,78349.5,1.3301463127136,0.60454851388931
dish_1565799617,12.936904907227,0.5899675488472,0.45124167203903,0.10611571371555,0.50714939832687,0.16791458427906,156520.3125,60278.859375,1.2077184915543,0.46511462330818
dish_1565799663,11.040548324585,2.8738884925842,0.53132355213165,0.19605399668217,0.558997631073,0.35341173410416,166821.3125,71458.1640625,1.2872015237808,0.55137473344803
dish_1565808975,11.7044506073,1.765588760376,0.48092955350876,0.062851741909981,0.49575442075729,0.17818430066109,174122.8125,74153.2421875,1.3435401916504,0.57217007875443
dish_1565809033,12.445707321167,0.096173711121082,0.47310793399811,0.03504816070199,0.60525780916214,0.063514292240143,176456.859375,73643.84375,1.3615498542786,0.56823951005936
dish_1565809080,13.167763710022,2.0191791057587,0.4788276553154,0.083322629332542,0.54512667655945,0.13799701631069,197478.71875,64552.1875,1.5237555503845,0.49808785319328
dish_1565809120,16.943981170654,1.2182409763336,0.6016731262207,0.031224709004164,0.28776669502258,0.14083643257618,197889.09375,64836.6484375,1.5269221067429,0.50028282403946
dish_1565810146,10.173871040344,2.156200170517,0.41455647349358,0.1150050163269,0.74745500087738,0.13437728583813,213172.453125,54168.38671875,1.6448491811752,0.4179659485817
dish_1565810237,13.980784416199,6.8302292823792,0.61736613512039,0.3424534201622,0.43940642476082,0.51261448860168,181592.75,87924.0546875,1.4011785984039,0.67842638492584
dish_1565810969,10.498067855835,1.0508674383163,0.36851006746292,0.072027057409286,0.72584140300751,0.099396735429764,217146.40625,49086.09375,1.6755123138428,0.37875074148178
dish_1565811000,14.582154273987,3.0748250484467,0.6420424580574,0.090022973716259,0.37155085802078,0.16770270466805,170487.9375,73245.2109375,1.3154933452606,0.56516367197037
dish_1565811025,11.622989654541,2.7313287258148,0.44470492005348,0.10115792602301,0.55142432451248,0.1277062445879,188202.734375,67277.4140625,1.4521815776825,0.51911580562592
dish_1565811061,11.09774017334,0.1076046153903,0.4614691734314,0.1552878767252,0.53300762176514,0.16242577135563,176698.625,87409.0625,1.3634153604507,0.67445260286331
dish_1565811091,17.474317550659,4.0222182273865,0.67713057994843,0.23642581701279,0.24293960630894,0.27175837755203,159075.546875,97064.84375,1.2274348735809,0.74895709753036
dish_1565811287,12.362389564514,1.05890417099,0.57084655761719,0.070656791329384,0.58091461658478,0.071467064321041,168065.75,80034.0390625,1.2968035936356,0.61754655838013
dish_1565811335,17.970823287964,13.207686424255,0.66917264461517,0.29007172584534,0.39616298675537,0.48745185136795,167063.4375,63680.93359375,1.2890697717667,0.49136519432068
dish_1565811390,12.510225296021,6.9203386306763,0.52165102958679,0.28034374117851,0.59287595748901,0.42144739627838,189709.59375,64565.6328125,1.4638086557388,0.49819162487984
dish_1565811423,10.544813156128,1.1986485719681,0.45013669133186,0.046583339571953,0.65489983558655,0.091897137463093,186115.234375,59347.41796875,1.436074256897,0.45792758464813
dish_1565811529,11.499151229858,2.0060625076294,0.43215399980545,0.01555701252073,0.61604511737823,0.12745800614357,162972.28125,67611.9453125,1.2575021982193,0.5216971039772
dish_1565811588,15.076537132263,6.5058131217957,0.66393268108368,0.27918481826782,0.32394868135452,0.32949858903885,172311.046875,76659.1484375,1.3295605182648,0.59150570631027
dish_1565812116,15.488538742065,5.328631401062,0.66413301229477,0.14442452788353,0.37865662574768,0.10440362244844,165539.03125,75629.265625,1.2773072719574,0.58355909585953
dish_1565812146,16.080316543579,4.5641832351685,0.60107600688934,0.12546202540398,0.43717181682587,0.16491565108299,123496.71875,139165.0625,0.95290678739548,1.0738044977188
dish_1565812186,12.476031303406,6.1194944381714,0.50594139099121,0.28262940049171,0.51544463634491,0.40380719304085,165978.515625,69837.5390625,1.2806984186172,0.53886991739273
dish_1565813414,9.8956165313721,2.8939611911774,0.48874336481094,0.25183686614037,0.56496477127075,0.2979556620121,165167.671875,67890.8671875,1.2744419574738,0.52384930849075
dish_1565813446,10.175870895386,2.9676020145416,0.40397122502327,0.19567495584488,0.62375968694687,0.35929402709007,173746.75,76002.5,1.3406383991241,0.58643907308578
dish_1565884692,15.992941856384,1.154149889946,0.64127331972122,0.052379861474037,0.46392357349396,0.093403808772564,187136.65625,58297.0546875,1.4439556598663,0.44982296228409
dish_1565884766,19.522550582886,9.1950349807739,0.68733215332031,0.22784931957722,0.40619152784348,0.48792579770088,168966.5625,74931.0859375,1.3037543296814,0.57817196846008
dish_1565884833,11.364003181458,0.5796874165535,0.48910948634148,0.070529200136662,0.58725690841675,0.12949870526791,188054.375,63829.47265625,1.4510368108749,0.49251136183739
dish_1565894858,14.781167030334,1.6526473760605,0.63209640979767,0.016910074278712,0.50316882133484,0.10102696716785,170909.734375,75145.2734375,1.3187479972839,0.57982462644577
dish_1565894910,21.931888580322,7.7390904426575,0.77762472629547,0.17058941721916,0.20275536179543,0.24778978526592,176448.828125,80011.7421875,1.361487865448,0.61737447977066
dish_1565895808,8.2376317977905,0.77736288309097,0.28036883473396,0.047460805624723,0.83283174037933,0.093310594558716,182105.75,78799.1875,1.4051369428635,0.60801839828491
dish_1565895879,7.2929043769836,3.1919453144073,0.27569574117661,0.13015568256378,0.78384459018707,0.082095868885517,165870.84375,66965.1484375,1.2798675298691,0.51670634746552
dish_1565895966,11.08428478241,4.6091866493225,0.37056502699852,0.15425004065037,0.68928426504135,0.21406994760036,199346.71875,68686.140625,1.5381691455841,0.52998566627502
dish_1565896039,15.25877571106,5.992769241333,0.63474780321121,0.29506519436836,0.33381447196007,0.31337621808052,186373.4375,89058.609375,1.4380667209625,0.68718063831329
dish_1565896662,10.158885002136,0.021089607849717,0.54707998037338,0.1132029145956,0.73510611057281,0.00024457817198709,169034.96875,68430.5,1.3042821884155,0.52801311016083
dish_1565896701,10.70544052124,0.12839345633984,0.50538766384125,0.088150553405285,0.59529805183411,0.034843601286411,170110.09375,73610.7109375,1.3125779628754,0.56798392534256
dish_1565896745,9.4182624816895,1.6931400299072,0.34839931130409,0.062257461249828,0.76471722126007,0.086950235068798,195127.21875,61815.9296875,1.5056113004684,0.47697475552559
dish_1565897569,14.651916503906,2.9469265937805,0.71650207042694,0.10962087661028,0.36070236563683,0.19757755100727,169444.296875,74235.7421875,1.3074405193329,0.57280665636063
dish_1565897617,12.910684585571,2.9265429973602,0.5670593380928,0.11008199304342,0.51099646091461,0.17065647244453,184721.28125,63681.51171875,1.4253185987473,0.49136969447136
dish_1565897680,7.6040010452271,0.95111173391342,0.29958808422089,0.045731000602245,0.8546975851059,0.01455747243017,190484.09375,61756.49609375,1.4697847366333,0.47651618719101
dish_1565898128,16.398134231567,2.4807407855988,0.70478838682175,0.037111666053534,0.4262178838253,0.15876746177673,184050.890625,56556.58203125,1.4201457500458,0.4363933801651
dish_1565898158,14.210961341858,4.1733565330505,0.63061100244522,0.13610304892063,0.45676320791245,0.18530049920082,200630.609375,51559.1171875,1.5480756759644,0.39783272147179
dish_1565898230,11.211302757263,4.0672755241394,0.41639497876167,0.17861196398735,0.68345367908478,0.26078727841377,196602.8125,65863.2890625,1.5169970989227,0.5082044005394
dish_1565898331,14.452323913574,0.099317528307438,0.66512870788574,0.021555880084634,0.59573888778687,0.098409898579121,169263.390625,77080.3046875,1.3060446977615,0.59475547075272
dish_1565898361,24.225856781006,7.3457612991333,0.79390341043472,0.20139509439468,0.14586162567139,0.11341485381126,174207.65625,77599.796875,1.3441948890686,0.59876394271851
dish_1565898544,11.579374313354,2.7874872684479,0.49462684988976,0.014438962563872,0.65690129995346,0.1997946947813,166055.5625,69738.1328125,1.2812929153442,0.53810286521912
dish_1565898590,12.967593193054,4.2667045593262,0.48079350590706,0.095579169690609,0.55856198072433,0.24775393307209,190275.515625,63447.20703125,1.4681752920151,0.48956176638603
dish_1565898659,13.847674369812,5.0717420578003,0.53986090421677,0.20870785415173,0.42722564935684,0.25443643331528,195966.25,64913.06640625,1.5120853185654,0.50087243318558
dish_1565898723,10.535535812378,0.35367071628571,0.39195346832275,0.014538955874741,0.73582541942596,0.074082061648369,170428.375,67712.4609375,1.3150336742401,0.52247267961502
dish_1565898758,13.102360725403,5.2930736541748,0.62557184696198,0.23806303739548,0.3641549050808,0.27251887321472,195741.59375,64681.3203125,1.5103516578674,0.49908423423767
dish_1565972429,15.318752288818,4.240074634552,0.5923325419426,0.15447238087654,0.37604063749313,0.20448085665703,188676.453125,61900.70703125,1.4558367729187,0.477628916502
dish_1565972591,13.633865356445,0.28305959701538,0.60111629962921,0.017455749213696,0.67950880527496,0.088013030588627,161877.5625,65364.6953125,1.2490553855896,0.50435727834702
dish_1565972628,16.465343475342,4.8607006072998,0.63048297166824,0.16930827498436,0.40703263878822,0.28147423267365,182222.40625,56536.875,1.4060370922089,0.43624129891396
dish_1565972674,17.407350540161,4.3380446434021,0.65723866224289,0.20201040804386,0.32326513528824,0.34380698204041,187645.40625,57236.08984375,1.4478812217712,0.44163650274277
dish_1565972715,11.308012008667,1.5752812623978,0.42308729887009,0.024748481810093,0.54497814178467,0.030500831082463,176306.96875,83785.3359375,1.3603932857513,0.64649176597595
dish_1565974409,8.8518514633179,1.0787678956985,0.41454648971558,0.026230733841658,0.87117826938629,0.0097852749750018,183647.71875,57749.8359375,1.4170348644257,0.44560062885284
dish_1565981802,15.120377540588,0.39552760124207,0.57118219137192,0.1466349363327,0.41019070148468,0.16766250133514,167279.875,68671.3671875,1.290739774704,0.52987158298492
dish_1565981848,14.937839508057,7.2410054206848,0.60662835836411,0.22901119291782,0.55180543661118,0.43003818392754,187497.015625,60311.91015625,1.4467362165451,0.46536967158318
dish_1565981898,12.739875793457,7.7239384651184,0.53174424171448,0.36527061462402,0.48096939921379,0.51204961538315,173092.09375,75802.921875,1.3355872631073,0.58489906787872
dish_1565984299,22.221729278564,9.3699340820312,0.76231056451797,0.17854923009872,0.25563803315163,0.29409998655319,167612.75,64775.90234375,1.2933082580566,0.4998140335083
dish_1565984345,18.460304260254,0.18189230561256,0.71940398216248,0.046641010791063,0.28141555190086,0.11903345584869,167073.890625,69377.0,1.2891503572464,0.53531634807587
dish_1565986702,12.230259895325,1.8917294740677,0.56922924518585,0.050888732075691,0.72583907842636,0.18747453391552,181361.75,57132.73828125,1.3993961811066,0.44083908200264
dish_1565986733,11.234052658081,2.0190455913544,0.50455945730209,0.049771718680859,0.74347406625748,0.12641525268555,180827.25,58313.3828125,1.3952720165253,0.44994893670082
dish_1565986761,10.052024841309,1.1075320243835,0.37432128190994,0.019477743655443,0.7680584192276,0.098763860762119,196714.28125,53165.203125,1.5178570747375,0.41022533178329
dish_1565987015,15.237885475159,4.7603445053101,0.61887300014496,0.14904241263866,0.37912383675575,0.28736415505409,183704.6875,60028.16015625,1.4174743890762,0.46318024396896
dish_1565987054,8.8388156890869,0.29330363869667,0.41705656051636,0.0016434952849522,0.67450892925262,0.010257405228913,177319.375,78362.15625,1.3682049512863,0.6046462059021
dish_1565987081,12.117446899414,1.7317607402802,0.40749475359917,0.11604400724173,0.67313796281815,0.21293030679226,199276.796875,71801.640625,1.5376296043396,0.55402499437332
dish_1565987116,13.842315673828,4.9840035438538,0.57968628406525,0.27076590061188,0.38471233844757,0.22849869728088,180758.515625,88439.9140625,1.3947416543961,0.6824067234993
dish_1565987142,14.536074638367,7.5653810501099,0.56161332130432,0.2972200512886,0.37728726863861,0.42575362324715,171352.5625,71741.046875,1.322164773941,0.55355751514435
dish_1565987269,20.598041534424,4.7909250259399,0.73628968000412,0.13450317084789,0.29350239038467,0.20821680128574,186319.15625,56485.02734375,1.437647819519,0.43584123253822
dish_1565987298,22.242895126343,8.9478597640991,0.79260683059692,0.13744319975376,0.23327691853046,0.18428084254265,187826.46875,57401.6796875,1.4492782354355,0.44291421771049
dish_1566230222,20.990665435791,2.2645211219788,0.81342589855194,0.050298344343901,0.23079088330269,0.064799189567566,162891.671875,68734.0234375,1.2568802833557,0.53035509586334
dish_1566230258,15.445081710815,0.70437890291214,0.66806173324585,0.036865126341581,0.37244015932083,0.010821213945746,189610.75,64671.83203125,1.463045835495,0.49901100993156
dish_1566230300,9.9762773513794,1.272251367569,0.43790602684021,0.054760336875916,0.81993246078491,0.052210807800293,182289.703125,59053.390625,1.4065563678741,0.45565891265869
dish_1566230377,8.9674482345581,1.6909257173538,0.37377145886421,0.091298535466194,0.76423114538193,0.076223820447922,193372.90625,66351.515625,1.4920748472214,0.51197159290314
dish_1566242164,22.618370056152,1.9431585073471,0.81771999597549,0.080361649394035,0.13584952056408,0.13664361834526,175933.625,80704.90625,1.3575124740601,0.62272298336029
dish_1566242195,12.355243682861,1.0294626951218,0.47976738214493,0.017268048599362,0.55638122558594,0.0066556194797158,175695.984375,74460.0078125,1.3556789159775,0.57453709840775
dish_1566242234,16.408695220947,4.495988368988,0.6194561123848,0.21894079446793,0.33993491530418,0.22758027911186,197275.984375,64199.24609375,1.522191286087,0.49536454677582
dish_1566242273,13.998788833618,4.0454201698303,0.5671694278717,0.13014571368694,0.45689016580582,0.20675812661648,189023.78125,60213.3828125,1.4585168361664,0.46460944414139
dish_1566242298,15.641571998596,1.0628032684326,0.56062197685242,0.036885153502226,0.50262498855591,0.10500847548246,173320.390625,77465.9375,1.3373486995697,0.59773099422455
dish_1566244815,9.9864368438721,0.80688083171844,0.50139176845551,0.038410402834415,0.72742581367493,0.16863152384758,171747.90625,77846.34375,1.3252152204514,0.60066622495651
dish_1566244863,10.961581230164,1.5971218347549,0.45690503716469,0.057577610015869,0.63728982210159,0.087479136884212,159165.4375,110649.6796875,1.2281283140182,0.85377842187881
dish_1566244904,9.2985858917236,1.2285702228546,0.42681884765625,0.070358648896217,0.76612055301666,0.14501522481441,185347.09375,56989.3515625,1.4301472902298,0.43973261117935
dish_1566244964,10.117099761963,2.3482966423035,0.37623959779739,0.073289774358273,0.6709833741188,0.1349550485611,190621.25,62180.7109375,1.4708429574966,0.47978943586349
dish_1566245365,13.977122306824,3.6384584903717,0.64578676223755,0.11143694072962,0.57860666513443,0.1505131572485,206886.84375,47000.0390625,1.5963491201401,0.36265462636948
dish_1566245398,13.274463653564,2.0459923744202,0.54476583003998,0.0054664802737534,0.57407438755035,0.14700922369957,178755.03125,60501.3359375,1.3792827129364,0.46683126688004
dish_1566245437,10.520991325378,5.4320435523987,0.3785029053688,0.24314433336258,0.71636092662811,0.31551960110664,215902.890625,63133.90234375,1.6659173965454,0.48714426159859
dish_1566246415,9.4474172592163,0.78266608715057,0.36884820461273,0.11422869563103,0.6349766254425,0.054520532488823,195042.65625,65242.9609375,1.5049588680267,0.50341790914536
dish_1566246478,15.003262519836,6.7408413887024,0.56960046291351,0.23657885193825,0.45379316806793,0.34604638814926,191763.046875,65249.13671875,1.4796532392502,0.50346559286118
dish_1566246513,13.118112564087,1.7010684013367,0.55811953544617,0.033072043210268,0.3974621295929,0.022879902273417,169320.359375,75732.3515625,1.3064842224121,0.58435451984406
dish_1566246541,11.702125549316,0.50729197263718,0.42629194259644,0.079911522567272,0.59397125244141,0.18661549687386,187084.859375,59887.4140625,1.4435560703278,0.46209421753883
dish_1566246573,10.757089614868,0.56379133462906,0.37998309731483,0.13293862342834,0.61592108011246,0.083264052867889,179040.25,85885.421875,1.3814833164215,0.66269612312317
dish_1566246626,10.554001808167,1.4066876173019,0.40643295645714,0.087431363761425,0.58856374025345,0.056181337684393,198198.125,65306.5,1.5293065309525,0.50390815734863
dish_1566246902,27.324760437012,8.0816259384155,0.86542189121246,0.079754792153835,0.12041272968054,0.13517971336842,188703.4375,60225.35546875,1.4560450315475,0.46470180153847
dish_1566246946,22.317800521851,5.0214200019836,0.78440570831299,0.065590180456638,0.1816693842411,0.10748613625765,189491.875,63164.046875,1.4621286392212,0.48737692832947
dish_1566246972,13.274622917175,1.2331920862198,0.54083329439163,0.029783675447106,0.55409532785416,0.056266587227583,188636.28125,61645.390625,1.4555268287659,0.47565892338753
dish_1566247003,15.219066619873,4.8990392684937,0.63841092586517,0.19897000491619,0.33666300773621,0.22184838354588,195765.375,67708.7734375,1.5105352401733,0.52244418859482
dish_1566316496,15.558885574341,7.8465914726257,0.56776571273804,0.19102956354618,0.48842194676399,0.2933623790741,195342.359375,48959.2578125,1.5072712898254,0.37777206301689
dish_1566316525,14.452834129333,3.7494983673096,0.59428232908249,0.056115616112947,0.36812701821327,0.15780852735043,187310.671875,58217.96484375,1.4452984333038,0.44921272993088
dish_1566316558,8.5480804443359,1.240377664566,0.31202507019043,0.0027688371483237,0.83289682865143,0.091291673481464,169545.21875,72495.109375,1.3082193136215,0.55937588214874
dish_1566316612,12.211663246155,3.8184316158295,0.4441282749176,0.1295000910759,0.4378574192524,0.19581058621407,172760.640625,72927.96875,1.3330295085907,0.56271582841873
dish_1566316681,13.280268669128,3.005471944809,0.51162803173065,0.12592068314552,0.64663743972778,0.20455412566662,214086.078125,41378.69921875,1.6518987417221,0.31928008794785
dish_1566316726,13.656334877014,0.73741745948792,0.5449977517128,0.040973480790854,0.54991745948792,0.071439035236835,163932.921875,68244.4296875,1.2649145126343,0.52657735347748
dish_1566316757,12.217423439026,1.0221667289734,0.47075778245926,0.027861168608069,0.55145508050919,0.043829333037138,189473.359375,60722.1953125,1.4619858264923,0.46853542327881
dish_1566317801,18.137962341309,7.2113108634949,0.68994414806366,0.18375465273857,0.38130414485931,0.43790465593338,171263.15625,76836.046875,1.3214750289917,0.59287071228027
dish_1566328724,18.131395339966,2.702654838562,0.72821128368378,0.096690595149994,0.32278382778168,0.11966703087091,199565.640625,50853.04296875,1.539858341217,0.39238458871841
dish_1566328745,20.27853012085,4.5657539367676,0.75086897611618,0.12266179919243,0.23972457647324,0.21245159208775,193138.53125,62638.94921875,1.4902665615082,0.48332521319389
dish_1566328776,19.173498153687,5.9499282836914,0.78942006826401,0.14203086495399,0.18900340795517,0.19948020577431,196533.578125,68071.078125,1.516462802887,0.52523988485336
dish_1566328805,17.78800201416,3.688761472702,0.70747816562653,0.10796593874693,0.290905803442,0.18022538721561,198511.359375,69438.6171875,1.5317233800888,0.53579181432724
dish_1566328831,19.481544494629,4.8087186813354,0.77230185270309,0.15811713039875,0.21454861760139,0.20347498357296,193465.390625,62422.0546875,1.4927885532379,0.48165166378021
dish_1566328894,14.535516738892,0.29465433955193,0.66607528924942,0.0026785165537149,0.58721029758453,0.0061310599558055,171073.453125,76017.296875,1.3200112581253,0.58655315637589
dish_1566328929,15.642971038818,2.3319339752197,0.60806113481522,0.12536895275116,0.45613086223602,0.063402131199837,182016.75,55270.94921875,1.4044501781464,0.42647337913513
dish_1566328961,16.657144546509,2.5789902210236,0.68717014789581,0.04104483127594,0.32968041300774,0.095928363502026,185544.5625,61647.11328125,1.4316710233688,0.47567218542099
dish_1566328988,14.807931900024,5.5696711540222,0.59080022573471,0.22608131170273,0.48432663083076,0.37356203794479,186572.0625,61301.62109375,1.439599275589,0.47300633788109
dish_1566329021,13.731065750122,8.7532606124878,0.58351057767868,0.27290672063828,0.47489932179451,0.35778379440308,194790.328125,64561.78515625,1.5030117034912,0.49816191196442
dish_1566329049,15.358773231506,6.6641836166382,0.60589951276779,0.22393475472927,0.32514646649361,0.30184000730515,194171.46875,64908.8984375,1.498236656189,0.50084030628204
dish_1566329234,20.205060958862,7.7510232925415,0.74060106277466,0.18814454972744,0.26861065626144,0.24523843824863,167385.765625,71513.40625,1.2915568351746,0.55180096626282
dish_1566329257,22.133502960205,10.634876251221,0.81340444087982,0.18913409113884,0.16600397229195,0.23313471674919,156241.640625,52517.75390625,1.2055681943893,0.40522956848145
dish_1566330399,13.928040504456,4.948531627655,0.60845166444778,0.11299716681242,0.57878315448761,0.27262884378433,184296.375,57098.60546875,1.4220398664474,0.44057565927505
dish_1566330428,20.556470870972,7.1956958770752,0.80360788106918,0.085788309574127,0.16748115420341,0.1758611947298,114895.625,106210.9453125,0.88654029369354,0.81952887773514
dish_1566330466,14.186786651611,6.6986808776855,0.63870054483414,0.24993361532688,0.44754868745804,0.35855650901794,196563.546875,67877.3671875,1.5166940689087,0.52374511957169
dish_1566331801,13.724129676819,3.5178899765015,0.61497646570206,0.075663484632969,0.65569674968719,0.1977155059576,185269.34375,60920.765625,1.4295474290848,0.47006765007973
dish_1566331828,12.652591705322,2.9199950695038,0.60355442762375,0.11730453372002,0.530601978302,0.2942755818367,193512.453125,65477.9375,1.4931516647339,0.50523096323013
dish_1566331868,15.188739776611,7.0720815658569,0.66424679756165,0.22789891064167,0.38877171278,0.41548264026642,192761.6875,61876.9453125,1.4873586893082,0.47744554281235
dish_1566331914,12.20006942749,4.2738060951233,0.45425814390182,0.24497807025909,0.61068296432495,0.40073761343956,196613.65625,66341.109375,1.5170806646347,0.51189130544662
dish_1566332040,11.994451522827,3.4681441783905,0.47142368555069,0.16254255175591,0.57351297140121,0.25201162695885,187778.09375,60643.06640625,1.4489049911499,0.46792489290237
dish_1566332085,9.551399230957,1.4623422622681,0.32084664702415,0.021367255598307,0.7183450460434,0.075198464095592,190007.0625,65716.390625,1.4661037921906,0.5070708990097
dish_1566332116,8.5594005584717,0.51344031095505,0.33152520656586,0.045477714389563,0.80087333917618,0.094158165156841,167447.609375,80415.5234375,1.2920340299606,0.62049013376236
dish_1566332154,9.9224338531494,0.56068456172943,0.34342962503433,0.04123567417264,0.79595893621445,0.088774241507053,166363.125,73602.3671875,1.2836661338806,0.56791949272156
dish_1566332193,19.337175369263,11.197552680969,0.70345371961594,0.30799335241318,0.28010812401772,0.32574132084846,174053.78125,75508.5,1.3430075645447,0.5826273560524
dish_1566332268,12.236282348633,1.6675174236298,0.50718313455582,0.11242283880711,0.47264263033867,0.13261492550373,196113.65625,66891.1640625,1.5132225751877,0.5161355137825
dish_1566333118,18.287963867188,4.0157141685486,0.70823436975479,0.10662483423948,0.35368537902832,0.21383635699749,191435.578125,65039.62890625,1.4771263599396,0.50184899568558
dish_1566333167,13.466128349304,0.67605328559875,0.58301985263824,0.038581933826208,0.56748569011688,0.0331448353827,191437.6875,64907.33984375,1.477142572403,0.5008282661438
dish_1566333194,19.558095932007,4.0698714256287,0.7157062292099,0.090244144201279,0.36947509646416,0.23542788624763,188140.546875,59222.73828125,1.4517017602921,0.45696556568146
dish_1566333228,16.487703323364,4.4336891174316,0.70304608345032,0.093786232173443,0.27855151891708,0.17129312455654,190427.390625,64097.62109375,1.4693471193314,0.49458038806915
dish_1566333255,12.720062255859,0.76805245876312,0.59524428844452,0.029174154624343,0.44211411476135,0.040743257850409,191018.265625,69114.5625,1.4739063978195,0.53329139947891
dish_1566333291,13.332262992859,4.8150196075439,0.49877297878265,0.20327894389629,0.56135237216949,0.34527164697647,190528.703125,63628.046875,1.4701288938522,0.49095714092255
dish_1566333324,11.465476036072,1.0411865711212,0.47011712193489,0.050149563699961,0.57127928733826,0.043351501226425,198610.78125,69130.5703125,1.5324906110764,0.53341490030289
dish_1566402123,19.240636825562,2.9717102050781,0.76691621541977,0.011977038346231,0.15792074799538,0.080437652766705,169054.171875,77044.8671875,1.3044303655624,0.59448194503784
dish_1566402160,12.160049438477,3.3054032325745,0.50713413953781,0.076068043708801,0.56576657295227,0.20240050554276,166183.9375,73231.4375,1.2822835445404,0.56505739688873
dish_1566402232,13.413207054138,3.1693134307861,0.54806280136108,0.029338337481022,0.50289380550385,0.16768266260624,165427.96875,74433.1171875,1.2764503955841,0.57432961463928
dish_1566413321,11.025126457214,0.59914171695709,0.54119902849197,0.017259309068322,0.4596338570118,0.059702537953854,194982.375,66961.7734375,1.5044937133789,0.51668035984039
dish_1566413356,11.521889686584,2.1511869430542,0.547816157341,0.19625082612038,0.45235720276833,0.22175726294518,191486.71875,69631.6171875,1.477520942688,0.53728103637695
dish_1566413388,13.376794815063,5.1472120285034,0.48165106773376,0.21710956096649,0.50037086009979,0.28792956471443,222913.625,45169.1640625,1.7200126647949,0.34852749109268
dish_1566413419,17.061595916748,5.8875966072083,0.6635068655014,0.24177686870098,0.28748804330826,0.28566637635231,114060.4140625,148793.859375,0.88009577989578,1.1481008529663
dish_1566413445,12.937269210815,4.3629775047302,0.50236994028091,0.24538579583168,0.54493641853333,0.31963977217674,197022.140625,68817.953125,1.5202325582504,0.53100270032883
dish_1566413469,11.891516685486,1.3585724830627,0.48526155948639,0.046817343682051,0.53587555885315,0.085610292851925,189929.15625,61688.31640625,1.4655027389526,0.47599005699158
dish_1566413510,12.383480072021,1.1370643377304,0.60101199150085,0.1485567688942,0.40912610292435,0.16109459102154,197209.171875,62105.0859375,1.5216757059097,0.47920587658882
dish_1566414225,13.811671257019,2.0129415988922,0.60589414834976,0.11718572676182,0.48009303212166,0.14977820217609,202488.546875,59456.26953125,1.5624115467072,0.45876750349998
dish_1566414291,20.000719070435,3.0482659339905,0.73471087217331,0.023733552545309,0.23133534193039,0.059446804225445,193103.78125,66468.1328125,1.4899983406067,0.51287138462067
dish_1566414342,18.135265350342,4.5524778366089,0.61106491088867,0.26142844557762,0.31042256951332,0.27949658036232,208660.046875,56679.7265625,1.610031247139,0.43734353780746
dish_1566414412,13.638770103455,5.6590237617493,0.5641513466835,0.21138513088226,0.42968952655792,0.22949916124344,196624.4375,65994.328125,1.5171638727188,0.50921553373337
dish_1566414611,21.962272644043,6.5789394378662,0.72610872983932,0.30994462966919,0.22405050694942,0.25064104795456,175942.28125,74531.6875,1.3575793504715,0.57509022951126
dish_1566414642,17.932403564453,2.3521914482117,0.76100498437881,0.14254909753799,0.32319864630699,0.21399240195751,190485.53125,66354.171875,1.4697957038879,0.5119920372963
dish_1566414686,19.379505157471,6.6920614242554,0.69303905963898,0.22021812200546,0.26016461849213,0.1774073690176,204385.53125,56995.2734375,1.5770487785339,0.43977835774422
dish_1566414723,18.036870956421,8.0225706100464,0.67383033037186,0.22969309985638,0.3116163611412,0.21580149233341,200672.5,67651.6015625,1.5483989715576,0.52200311422348
dish_1566414754,15.352830886841,6.3073143959045,0.59256792068481,0.27925592660904,0.36609104275703,0.2504318356514,194049.0625,66165.6796875,1.4972921609879,0.51053762435913
dish_1566414780,16.469181060791,0.98813593387604,0.6517995595932,0.040712755173445,0.27461004257202,0.012306891381741,197553.046875,69493.421875,1.5243290662766,0.53621470928192
dish_1566414862,16.799354553223,2.209664106369,0.73245447874069,0.020981712266803,0.41478288173676,0.0078694280236959,167806.125,72426.359375,1.2948004007339,0.5588453412056
dish_1566414891,18.498516082764,9.5887155532837,0.72320967912674,0.16339169442654,0.23927569389343,0.19682975113392,193001.296875,63437.56640625,1.4892075061798,0.48948737978935
dish_1566414924,15.48787021637,4.1335597038269,0.51117557287216,0.17324765026569,0.33329749107361,0.19970209896564,193033.59375,59032.52734375,1.489456653595,0.45549789071083
dish_1566415520,16.41588973999,0.43571478128433,0.69636964797974,0.026449169963598,0.24930143356323,0.038393218070269,173639.9375,74086.6015625,1.3398144245148,0.5716558098793
dish_1566415558,12.607328414917,2.3423840999603,0.51083064079285,0.092990346252918,0.43750333786011,0.074411831796169,189296.9375,62078.1328125,1.4606245756149,0.4789979159832
dish_1566415591,12.576861381531,6.823157787323,0.5151926279068,0.28222480416298,0.50905644893646,0.31663584709167,198403.0,65575.2890625,1.5308873653412,0.50598216056824
dish_1566416299,10.397178649902,0.10984952002764,0.4908906519413,0.085624396800995,0.54785323143005,0.064405061304569,168114.453125,72808.296875,1.2971794605255,0.56179243326187
dish_1566416339,10.166382789612,2.8737070560455,0.43749231100082,0.053393293172121,0.63030308485031,0.2465693205595,173026.28125,84923.3203125,1.3350793123245,0.65527254343033
dish_1566416388,12.706774711609,7.831235408783,0.51354217529297,0.20292037725449,0.52465885877609,0.29722514748573,118265.1171875,106788.84375,0.9125394821167,0.82398802042007
dish_1566416421,12.015789985657,5.0037641525269,0.55619388818741,0.28352084755898,0.45221066474915,0.29779246449471,195006.90625,64489.67578125,1.5046830177307,0.49760550260544
dish_1566416455,13.802318572998,1.2190209627151,0.53059929609299,0.032095797359943,0.42819094657898,0.045724518597126,192849.875,63997.18359375,1.4880391359329,0.49380540847778
dish_1566417442,18.645154953003,5.2922434806824,0.76830667257309,0.095281630754471,0.20254032313824,0.081421703100204,179819.53125,81310.9609375,1.387496471405,0.62739944458008
dish_1566417475,10.018947601318,1.2885595560074,0.35646724700928,0.11789485812187,0.69883173704147,0.033872988075018,196778.625,68884.25,1.5183535814285,0.53151428699493
dish_1566417516,12.215311050415,2.4319002628326,0.52596318721771,0.095159597694874,0.43272745609283,0.075622096657753,200530.75,65964.703125,1.547305226326,0.50898689031601
dish_1566419510,17.627281188965,4.1733431816101,0.68634819984436,0.1790396720171,0.3726282119751,0.24068397283554,191055.46875,64689.375,1.4741933345795,0.49914643168449
dish_1566419546,18.667980194092,4.1304178237915,0.77603060007095,0.12169828265905,0.25984328985214,0.1242483779788,190069.015625,64459.62890625,1.4665819406509,0.49737364053726
dish_1566419577,13.505246162415,2.768890619278,0.56705647706985,0.064995788037777,0.49365490674973,0.11920189112425,193636.578125,62758.09375,1.4941093921661,0.48424449563026
dish_1566419603,12.708081245422,4.779881477356,0.60120940208435,0.18288820981979,0.44887274503708,0.21832919120789,188113.28125,67232.875,1.451491355896,0.51877218484879
dish_1566419635,13.337425231934,1.3939567804337,0.55735421180725,0.093981347978115,0.44764897227287,0.062884382903576,198691.078125,67826.28125,1.5331101417542,0.52335089445114
dish_1566488928,18.33304977417,0.53236120939255,0.80993330478668,0.13564352691174,0.21889984607697,0.18709933757782,167963.65625,73085.0625,1.2960157394409,0.56392794847488
dish_1566488956,26.575679779053,0.53235447406769,0.89503562450409,0.051423832774162,0.067483760416508,0.022222466766834,168196.140625,77148.1328125,1.2978097200394,0.59527885913849
dish_1566499633,17.178024291992,1.0176824331284,0.631307721138,0.18068747222424,0.30235317349434,0.15769845247269,196127.40625,65747.59375,1.5133287906647,0.5073117017746
dish_1566499686,11.07403755188,5.9869856834412,0.40727543830872,0.090573005378246,0.60103023052216,0.20709106326103,175685.140625,76125.296875,1.3555952310562,0.58738660812378
dish_1566500963,11.932585716248,1.4745773077011,0.45682495832443,0.040422599762678,0.58039474487305,0.071862444281578,173440.453125,77910.359375,1.3382750749588,0.60116016864777
dish_1566500988,15.09964466095,8.1297044754028,0.58044171333313,0.2382954210043,0.39803797006607,0.30344289541245,195851.890625,64668.55859375,1.5112028121948,0.49898582696915
dish_1566501041,14.960221290588,2.7912683486938,0.61357939243317,0.099663138389587,0.29063168168068,0.09436222910881,199066.96875,66165.140625,1.5360105037689,0.51053351163864
dish_1566501067,14.420115470886,2.120730638504,0.43898969888687,0.10900124907494,0.57665181159973,0.16545960307121,208980.046875,59290.20703125,1.6125004291534,0.45748615264893
dish_1566501126,15.490889549255,3.5621523857117,0.6186683177948,0.18132397532463,0.34116929769516,0.18783591687679,198630.359375,64532.78125,1.5326416492462,0.49793812632561
dish_1566501153,13.000974655151,3.7008504867554,0.54972636699677,0.078019365668297,0.44591817259789,0.11892057210207,198733.625,68417.5234375,1.5334384441376,0.52791303396225
dish_1566501258,18.458362579346,1.7200809717178,0.74921214580536,0.0056051937863231,0.2279078066349,0.0037161614745855,169660.4375,69086.03125,1.309108376503,0.53307121992111
dish_1566501382,16.191104888916,6.0433473587036,0.65979278087616,0.23312218487263,0.38910603523254,0.35544028878212,182305.671875,83904.609375,1.4066796302795,0.64741212129593
dish_1566501447,21.221267700195,7.9226756095886,0.72562205791473,0.30287766456604,0.21648573875427,0.31521531939507,200262.34375,66828.5546875,1.5452340841293,0.5156524181366
dish_1566501473,23.683605194092,6.0515599250793,0.88145464658737,0.084535144269466,0.077559538185596,0.068084508180618,197293.140625,69291.28125,1.5223236083984,0.53465497493744
dish_1566501575,11.51220703125,2.4120733737946,0.39467036724091,0.067432321608067,0.66015183925629,0.11042523384094,198354.28125,69709.7265625,1.5305113792419,0.53788363933563
dish_1566501594,11.712725639343,3.1407704353333,0.34533920884132,0.067450851202011,0.61773860454559,0.18777693808079,192852.09375,66531.140625,1.4880563020706,0.5133575797081
dish_1566502000,15.955047607422,1.7811372280121,0.60933500528336,0.099710926413536,0.36105597019196,0.085923619568348,173808.328125,74979.4375,1.3411135673523,0.57854497432709
dish_1566502033,13.605478286743,2.2949481010437,0.59677839279175,0.081568516790867,0.40443730354309,0.0885309278965,196841.46875,67093.5703125,1.5188385248184,0.51769727468491
dish_1566502061,11.90974521637,3.4343612194061,0.48185044527054,0.092050991952419,0.54080128669739,0.20098039507866,195417.515625,63544.60546875,1.5078511238098,0.49031332135201
dish_1566502211,15.569225311279,3.2928569316864,0.58973401784897,0.16295766830444,0.39634275436401,0.17397791147232,193480.015625,66182.9453125,1.4929013252258,0.5106708407402
dish_1566502271,17.715293884277,6.3366532325745,0.58705741167068,0.30351597070694,0.34975978732109,0.29663595557213,204223.5625,58160.98046875,1.5757991075516,0.44877299666405
dish_1566502315,14.369132041931,5.5427327156067,0.62934827804565,0.25811824202538,0.38064947724342,0.33292126655579,201539.046875,67419.1328125,1.5550851821899,0.52020937204361
dish_1566502437,12.287227630615,6.9023723602295,0.52960175275803,0.22949244081974,0.58236753940582,0.30698665976524,165762.8125,64941.4921875,1.2790341377258,0.50109177827835
dish_1566502505,14.390579223633,1.2798266410828,0.58245813846588,0.10797864198685,0.33840692043304,0.062767125666142,197786.59375,67052.453125,1.5261311531067,0.51738005876541
dish_1566502537,11.098522186279,3.0263884067535,0.42543861269951,0.072004422545433,0.56464457511902,0.18602129817009,192502.484375,66036.7890625,1.4853587150574,0.50954312086105
dish_1566502573,10.677645683289,2.0090193748474,0.35459604859352,0.1157718449831,0.63605672121048,0.1706844419241,199750.65625,68147.984375,1.5412859916687,0.5258332490921
dish_1566587143,15.230204582214,4.7291707992554,0.66843575239182,0.045474801212549,0.37650060653687,0.073617681860924,193391.59375,66081.890625,1.4922190904617,0.5098911523819
dish_1566587182,10.964193344116,3.334511756897,0.37077876925468,0.084774799644947,0.64134049415588,0.16387364268303,174999.09375,79028.375,1.3503016233444,0.6097868680954
dish_1566587689,12.587841033936,5.8004374504089,0.47243344783783,0.06184584274888,0.56352114677429,0.22394487261772,171439.109375,77625.21875,1.3228325843811,0.59895998239517
dish_1566587714,15.156614303589,5.9104347229004,0.57151353359222,0.022715255618095,0.40024673938751,0.10553134977818,168692.0625,78282.3125,1.3016362190247,0.60403019189835
dish_1566587958,18.494186401367,5.3989129066467,0.71192276477814,0.13616405427456,0.37402269244194,0.31370651721954,193015.84375,62835.9921875,1.4893198013306,0.48484560847282
dish_1566588016,10.471531867981,4.5722346305847,0.41202014684677,0.074792891740799,0.67607760429382,0.2643221616745,169546.0,72108.75,1.308225274086,0.55639469623566
dish_1566588066,11.452377319336,4.6477751731873,0.38521108031273,0.31865188479424,0.64972543716431,0.2746789753437,183763.21875,90805.1796875,1.4179260730743,0.70065724849701
dish_1566589933,18.587549209595,8.9166860580444,0.66581010818481,0.24033433198929,0.40580189228058,0.29469338059425,186917.5625,61689.23828125,1.4422651529312,0.47599717974663
dish_1566589967,17.287441253662,1.6202238798141,0.75394624471664,0.11453230679035,0.27190300822258,0.13747730851173,190584.21875,63539.70703125,1.4705573320389,0.49027553200722
dish_1566590007,14.305009841919,5.5257234573364,0.64270311594009,0.14263789355755,0.38440245389938,0.20575772225857,194962.65625,61711.83984375,1.5043413639069,0.47617158293724
dish_1566590056,14.608918190002,5.3307375907898,0.61658245325089,0.075389474630356,0.31282299757004,0.10744591802359,196703.875,64981.6875,1.5177768468857,0.50140190124512
dish_1566590566,20.444999694824,12.882321357727,0.74279260635376,0.16386736929417,0.3823606967926,0.42968705296516,171450.0625,74921.65625,1.3229171037674,0.57809913158417
dish_1566590946,11.046970367432,2.3317558765411,0.56460332870483,0.03365396335721,0.7269674539566,0.026099056005478,166772.203125,69255.296875,1.2868225574493,0.53437733650208
dish_1566590987,15.839797019958,6.9320921897888,0.57043743133545,0.22496718168259,0.49365186691284,0.32759100198746,202649.0,56971.7734375,1.5636496543884,0.43959701061249
dish_1566591022,15.074631690979,7.03364610672,0.57583594322205,0.20649096369743,0.42582225799561,0.31811785697937,191333.015625,62921.19140625,1.4763349294662,0.48550301790237
dish_1566591048,16.212652206421,6.0057106018066,0.65324139595032,0.21049892902374,0.34299063682556,0.2398162484169,194498.0625,63830.1875,1.5007566213608,0.49251687526703
dish_1566591080,13.58233165741,2.5320513248444,0.54168701171875,0.11715560406446,0.41809058189392,0.16239397227764,194791.75,63029.40625,1.5030226707458,0.48633798956871
dish_1566592456,14.530690193176,2.3047451972961,0.57601398229599,0.05191095918417,0.53053516149521,0.089646525681019,190069.0,61942.0546875,1.4665818214417,0.47794795036316
dish_1566835603,16.787162780762,2.9124639034271,0.63313519954681,0.060661241412163,0.49802228808403,0.095803454518318,170663.90625,74178.625,1.3168511390686,0.57236593961716
dish_1566835641,23.197130203247,12.191519737244,0.7550420165062,0.27525162696838,0.23087900876999,0.29746499657631,165488.53125,63029.2734375,1.2769176959991,0.48633694648743
dish_1566835701,12.492182731628,4.9353756904602,0.42370426654816,0.10472493618727,0.65545076131821,0.39099332690239,190236.515625,63507.25390625,1.4678744077682,0.49002510309219
dish_1566838378,19.025661468506,1.9784337282181,0.75242906808853,0.072426661849022,0.17143994569778,0.069031894207001,171630.015625,75021.5078125,1.3243056535721,0.57886970043182
dish_1566838407,9.7709331512451,0.84496879577637,0.41132235527039,0.018832076340914,0.742924451828,0.050600703805685,177230.59375,81767.125,1.3675199747086,0.63091915845871
dish_1566844766,20.385166168213,1.8905917406082,0.81757110357285,0.052822459489107,0.12685863673687,0.036207392811775,187915.328125,57411.51171875,1.449963927269,0.44299006462097
dish_1566844803,19.128913879395,4.706693649292,0.77632749080658,0.14389801025391,0.18442821502686,0.15361832082272,196976.46875,62790.15234375,1.5198801755905,0.48449191451073
dish_1566844850,10.549589157104,0.35052299499512,0.34640720486641,0.071552596986294,0.71964102983475,0.13951981067657,202838.359375,72009.71875,1.5651108026505,0.55563056468964
dish_1566846997,14.996237754822,2.5450820922852,0.63838285207748,0.13549144566059,0.43106749653816,0.13846968114376,189976.96875,60492.57421875,1.4658716917038,0.46676370501518
dish_1566847043,11.52246761322,1.1908614635468,0.50894749164581,0.073247253894806,0.50913459062576,0.10898274183273,190206.34375,64765.12109375,1.4676415920258,0.49973085522652
dish_1566847431,18.825977325439,5.1185283660889,0.74035143852234,0.089597664773464,0.34698688983917,0.22719623148441,186445.4375,56958.81640625,1.4386221170425,0.43949699401855
dish_1566847454,13.005269050598,4.4247717857361,0.58978635072708,0.16939759254456,0.50666242837906,0.29190003871918,189735.578125,59250.43359375,1.4640090465546,0.45717924833298
dish_1566847483,13.415844917297,6.0202307701111,0.51217341423035,0.24639762938023,0.57030886411667,0.39673835039139,191108.765625,63063.34765625,1.4746047258377,0.48659989237785
dish_1566849208,15.819250106812,9.7929372787476,0.50465309619904,0.35714304447174,0.47458431124687,0.49196755886078,179986.90625,80515.484375,1.3887878656387,0.6212614774704
dish_1566849233,14.622250556946,5.5025072097778,0.52696686983109,0.26042279601097,0.45902222394943,0.36421352624893,192809.53125,61286.60546875,1.4877278804779,0.47289046645164
dish_1566849269,14.419467926025,1.313516497612,0.5478407740593,0.071766264736652,0.4248531460762,0.020009672269225,192945.15625,64388.046875,1.4887742996216,0.49682134389877
dish_1566849295,16.347587585449,9.6584558486938,0.60540610551834,0.43085920810699,0.41628867387772,0.52197122573853,179067.140625,83446.9921875,1.3816909790039,0.64388114213943
dish_1566849387,18.109443664551,6.920343875885,0.61690938472748,0.28144496679306,0.40701448917389,0.46287736296654,170190.25,69884.1015625,1.3131963014603,0.53922915458679
dish_1566849923,17.315462112427,2.3785300254822,0.70158290863037,0.017164766788483,0.21487013995647,0.04112895950675,177490.90625,77255.2109375,1.3695286512375,0.59610497951508
dish_1566849955,13.340951919556,0.73994827270508,0.51504427194595,0.023105997592211,0.53714472055435,0.00066060968674719,168264.828125,67955.3671875,1.2983397245407,0.52434694766998
dish_1566849987,15.657970428467,4.9544401168823,0.59608483314514,0.18322204053402,0.44565236568451,0.27781063318253,201000.375,51515.21875,1.5509288311005,0.39749401807785
dish_1566850031,11.770191192627,2.9478282928467,0.4041140973568,0.12449289858341,0.75812977552414,0.065052725374699,194692.9375,62212.296875,1.5022603273392,0.48003312945366
dish_1566850099,9.4073753356934,0.83693659305573,0.40328282117844,0.030197653919458,0.7554447054863,0.074467845261097,182771.296875,59342.140625,1.410272359848,0.45788690447807
dish_1566850142,12.940178871155,5.1721978187561,0.46228903532028,0.23130537569523,0.5881844162941,0.40594607591629,199106.46875,67458.2890625,1.5363153219223,0.52051144838333
dish_1566851115,18.631711959839,4.4223980903625,0.69656360149384,0.11178423464298,0.25242978334427,0.16466742753983,182840.828125,57002.8203125,1.410808801651,0.43983656167984
dish_1566851155,15.867185592651,7.209454536438,0.66334366798401,0.20896252989769,0.38273274898529,0.28855407238007,190221.015625,64426.796875,1.4677547216415,0.49712038040161
dish_1566851198,14.943772315979,2.7042417526245,0.62371498346329,0.079125210642815,0.31676462292671,0.077098019421101,191625.65625,63513.1328125,1.4785929918289,0.49007049202919
dish_1566851222,17.066268920898,0.99222642183304,0.7287260890007,0.037989109754562,0.2132403999567,0.075057573616505,203761.0,70752.3203125,1.5722298622131,0.54592835903168
dish_1566851549,17.765573501587,0.69277304410934,0.65128320455551,0.047877263277769,0.50973564386368,0.038449507206678,187117.9375,60617.7421875,1.4438112974167,0.4677295088768
dish_1566851584,17.011291503906,2.9165649414062,0.60865807533264,0.13496735692024,0.43235492706299,0.14589263498783,193080.3125,61850.75390625,1.4898172616959,0.47724351286888
dish_1566851616,13.667323112488,2.0107381343842,0.54007858037949,0.12355591356754,0.52351379394531,0.10691040754318,192252.828125,61578.8203125,1.4834322929382,0.47514525055885
dish_1566851677,17.912519454956,3.9885737895966,0.6858759522438,0.13872034847736,0.29329204559326,0.16017234325409,190859.78125,57706.8046875,1.4726835489273,0.4452685713768
dish_1566851704,12.270002365112,1.2641036510468,0.48767837882042,0.076473593711853,0.5407822728157,0.11297136545181,199402.8125,68044.1328125,1.5386019945145,0.52503192424774
dish_1566920304,23.986888885498,4.2581372261047,0.76685965061188,0.054365556687117,0.18605470657349,0.12629480659962,169147.625,73671.6484375,1.3051513433456,0.56845408678055
dish_1566920365,15.237733840942,3.3597929477692,0.54815208911896,0.18556490540504,0.40403586626053,0.19709369540215,183145.78125,55583.734375,1.4131618738174,0.42888680100441
dish_1566922978,20.296823501587,2.4350755214691,0.73625290393829,0.058336421847343,0.3514196574688,0.076053082942963,189259.125,61558.859375,1.4603327512741,0.47499117255211
dish_1566923004,18.707372665405,3.7801456451416,0.69620531797409,0.089863583445549,0.33663260936737,0.12532833218575,188084.15625,59971.0859375,1.4512666463852,0.46273985505104
dish_1566923030,13.437749862671,4.2369022369385,0.49396854639053,0.24327190220356,0.51271766424179,0.26043450832367,214615.59375,47767.62109375,1.6559845209122,0.36857730150223
dish_1566923060,11.521608352661,0.35548540949821,0.54899001121521,0.053173139691353,0.55597484111786,0.067718982696533,167612.21875,68436.65625,1.2933042049408,0.52806055545807
dish_1566931116,23.221076965332,7.851318359375,0.81738179922104,0.13007563352585,0.19297453761101,0.19471217691898,164223.984375,69416.9765625,1.2671604156494,0.53562480211258
dish_1566931140,15.460340499878,3.2712721824646,0.6259138584137,0.11687112599611,0.52202713489532,0.21721723675728,190793.3125,65043.29296875,1.4721705913544,0.50187730789185
dish_1566931179,12.88973236084,4.3472499847412,0.57341378927231,0.2606243789196,0.40669897198677,0.3650775551796,188912.984375,61658.0,1.457661986351,0.47575613856316
dish_1566931217,12.314603805542,2.7764427661896,0.54727399349213,0.21416787803173,0.47092375159264,0.35278552770615,192899.859375,65747.609375,1.4884248971939,0.50731182098389
dish_1566931482,10.183128356934,0.72659075260162,0.41372388601303,0.079326525330544,0.56723988056183,0.08562233299017,178084.65625,81736.0390625,1.3741099834442,0.63067930936813
dish_1566931519,11.877153396606,4.0983304977417,0.42265239357948,0.24554044008255,0.61393344402313,0.32841375470161,200924.9375,66208.5078125,1.5503468513489,0.51086813211441
dish_1566931548,10.771509170532,1.1111278533936,0.37050426006317,0.0019611138850451,0.64353227615356,0.022160643711686,181328.515625,83061.1171875,1.3991397619247,0.64090365171432
dish_1566931586,10.092082977295,1.6823283433914,0.31046229600906,0.040250930935144,0.80034863948822,0.07353338599205,204201.421875,54926.0625,1.5756281614304,0.42381221055984
dish_1566931620,14.866979598999,6.466639995575,0.59486716985703,0.22176221013069,0.40836107730865,0.37170940637589,197057.25,66379.7265625,1.5205034017563,0.51218920946121
dish_1566931650,13.394631385803,2.5662066936493,0.54977512359619,0.14254149794579,0.45093077421188,0.14652566611767,195112.65625,62170.44921875,1.5054988861084,0.47971028089523
dish_1566931674,12.857269287109,2.7153913974762,0.47727137804031,0.12887991964817,0.44244349002838,0.27529764175415,177394.0625,81299.375,1.3687813282013,0.62730991840363
dish_1566933180,16.542261123657,1.3548412322998,0.65111196041107,0.10295195877552,0.44332030415535,0.067026413977146,187899.359375,58421.7890625,1.4498406648636,0.45078539848328
dish_1566933226,23.896432876587,2.4225189685822,0.84017568826675,0.029476756229997,0.14003795385361,0.062659129500389,184625.28125,58485.33984375,1.4245777130127,0.45127576589584
dish_1566933401,17.681465148926,5.419219493866,0.61223763227463,0.14957478642464,0.40399160981178,0.17743995785713,172995.0625,73781.6171875,1.3348385095596,0.56930261850357
dish_1566933454,14.307942390442,2.3933057785034,0.61603438854218,0.11061806976795,0.37277838587761,0.1197062805295,184400.28125,87752.40625,1.422841668129,0.67710191011429
dish_1566933498,11.568962097168,3.692863702774,0.46479868888855,0.18360249698162,0.58352476358414,0.28312307596207,212103.359375,61022.98828125,1.6366000175476,0.47085636854172
dish_1566934057,16.590799331665,3.4254224300385,0.75902289152145,0.037652485072613,0.26393038034439,0.069556623697281,190352.15625,62666.32421875,1.4687666893005,0.48353645205498
dish_1566934085,15.260333061218,2.9156541824341,0.62244081497192,0.10911332070827,0.34339046478271,0.078452862799168,190742.0,61327.92578125,1.4717746973038,0.47320929169655
dish_1566934120,13.538792610168,2.2409765720367,0.56077003479004,0.11970422416925,0.46304005384445,0.23178945481777,191741.65625,60869.3203125,1.4794881343842,0.46967068314552
dish_1566934152,17.267887115479,5.3927602767944,0.69241172075272,0.13934633135796,0.25819811224937,0.15085381269455,189943.375,60151.875,1.4656125307083,0.46413487195969
dish_1566934366,21.092498779297,4.0854997634888,0.74342811107635,0.15463963150978,0.28643411397934,0.21811451017857,195456.296875,67070.859375,1.5081503391266,0.51752209663391
dish_1566934401,15.258993148804,2.4272925853729,0.6831539273262,0.10347782820463,0.41022676229477,0.19900315999985,190613.359375,64092.5,1.4707820415497,0.49454089999199
dish_1566934430,13.786041259766,2.9725966453552,0.60626399517059,0.07452542334795,0.46481451392174,0.17300707101822,192072.5,63767.375,1.4820408821106,0.49203222990036
dish_1566934455,16.017227172852,5.6479339599609,0.71500182151794,0.14979709684849,0.31439429521561,0.21138381958008,188629.515625,58628.1484375,1.455474615097,0.45237764716148
dish_1566934487,14.925461769104,3.4319434165955,0.62031400203705,0.11416739225388,0.38124313950539,0.22539891302586,193900.5,64695.49609375,1.4961458444595,0.49919363856316
dish_1566936266,19.972524642944,4.8954610824585,0.71046042442322,0.15834602713585,0.320192694664,0.12571012973785,189353.96875,61386.68359375,1.4610645771027,0.47366270422935
dish_1566936297,20.960994720459,3.950248003006,0.79000133275986,0.12575516104698,0.23569263517857,0.13534320890903,188767.03125,58461.64453125,1.4565358161926,0.45109295845032
dish_1566936323,18.802272796631,0.39299887418747,0.73992502689362,0.045795761048794,0.26710137724876,0.044680472463369,193188.921875,62735.3515625,1.4906553030014,0.48406907916069
dish_1566936352,22.983699798584,5.3369369506836,0.81554019451141,0.15721891820431,0.16402044892311,0.16634958982468,187576.453125,55746.08203125,1.447349190712,0.43013951182365
dish_1566937992,21.88748550415,4.9348654747009,0.76438498497009,0.11337927728891,0.25085574388504,0.16932466626167,190027.0625,58120.5078125,1.4662581682205,0.44846069812775
dish_1566938026,16.641223907471,1.5602459907532,0.62300354242325,0.023867581039667,0.44402155280113,0.040476880967617,192430.6875,60742.4375,1.4848046302795,0.46869167685509
dish_1566938059,16.780387878418,1.6111325025558,0.54441750049591,0.075673155486584,0.4981909096241,0.15941576659679,188148.859375,57896.671875,1.4517658948898,0.44673353433609
dish_1566938088,16.379875183105,4.6789956092834,0.68744623661041,0.18275599181652,0.32897338271141,0.30510917305946,197049.578125,62114.3125,1.5204442739487,0.47927710413933
dish_1567007814,16.842754364014,1.3988620042801,0.71780377626419,0.073194831609726,0.21296761929989,0.046838022768497,171317.4375,79597.953125,1.3218938112259,0.61418181657791
dish_1567019993,22.176509857178,9.1186037063599,0.75344151258469,0.21108582615852,0.27934411168098,0.3256288766861,173724.4375,72125.4921875,1.34046626091,0.55652391910553
dish_1567020054,15.860635757446,4.3785786628723,0.62274903059006,0.031220683827996,0.38319131731987,0.16480214893818,193863.40625,59152.1640625,1.4958596229553,0.45642104744911
dish_1567020091,11.14994430542,4.70081615448,0.43870779871941,0.27221471071243,0.57228189706802,0.31920838356018,203212.359375,66915.984375,1.5679966211319,0.51632702350616
dish_1567020340,12.562810897827,5.2305889129639,0.47199749946594,0.084612183272839,0.53792893886566,0.24729539453983,183329.84375,84652.015625,1.4145822525024,0.65317910909653
dish_1567020366,14.8655834198,7.7176847457886,0.6391509771347,0.31646829843521,0.38896843791008,0.38771054148674,193338.515625,66996.796875,1.4918094873428,0.51695054769516
dish_1567020394,9.4556684494019,3.4307284355164,0.40529403090477,0.23411944508553,0.64400863647461,0.34775665402412,196407.421875,65541.171875,1.5154893398285,0.50571894645691
dish_1567020417,11.8699426651,3.9783520698547,0.48552909493446,0.23128265142441,0.52273851633072,0.29612332582474,197023.109375,66052.1640625,1.5202400684357,0.50966173410416
dish_1567021799,18.70788192749,1.2908629179001,0.77828741073608,0.12384484708309,0.14504086971283,0.014859366230667,178184.234375,81675.578125,1.3748784065247,0.63021278381348
dish_1567021831,9.9979019165039,0.64939057826996,0.47404301166534,0.0025100766215473,0.55247753858566,0.021837968379259,179975.84375,82364.921875,1.3887025117874,0.63553184270859
dish_1567022180,16.295341491699,0.32331421971321,0.61613470315933,0.023794846609235,0.29234027862549,0.097407497465611,173757.5625,73931.5703125,1.3407219648361,0.57045966386795
dish_1567022212,10.655436515808,0.83775120973587,0.37601572275162,0.054698750376701,0.59858614206314,0.084617301821709,172512.03125,73624.2265625,1.3311113119125,0.56808823347092
dish_1567022296,13.314779281616,0.49672386050224,0.43249750137329,0.026746410876513,0.57942223548889,0.064850851893425,173874.546875,78546.296875,1.3416246175766,0.6060671210289
dish_1567022383,13.478848457336,3.9756426811218,0.50390660762787,0.2208644002676,0.44821581244469,0.30859249830246,170761.421875,67666.0703125,1.3176035881042,0.52211475372314
dish_1567023132,16.969276428223,1.8997169733047,0.69961369037628,0.087845914065838,0.40534499287605,0.094829946756363,176641.578125,78332.1875,1.3629751205444,0.60441499948502
dish_1567023161,17.769390106201,1.4458969831467,0.67683863639832,0.080618493258953,0.34786379337311,0.11404635757208,198219.921875,50201.34765625,1.52947473526,0.38735607266426
dish_1567023184,14.864941596985,5.5513830184937,0.54357087612152,0.25877171754837,0.4972657263279,0.31114515662193,203889.28125,53677.6796875,1.5732196569443,0.41417962312698
dish_1567023262,18.231761932373,5.2202010154724,0.7264575958252,0.10421608388424,0.30364644527435,0.17870447039604,186357.390625,60913.7734375,1.4379427433014,0.47001367807388
dish_1567023296,19.739528656006,8.6785926818848,0.77569472789764,0.20581145584583,0.18292637169361,0.20851999521255,180706.96875,82359.015625,1.3943438529968,0.63548618555069
dish_1567023335,10.33194065094,3.1985058784485,0.32964849472046,0.0062926947139204,0.74577021598816,0.019307799637318,197883.296875,64495.90625,1.52687728405,0.49765357375145
dish_1567023375,12.897004127502,4.8330368995667,0.51520711183548,0.24184089899063,0.43884685635567,0.24231308698654,201388.375,66800.5234375,1.5539226531982,0.51543611288071
dish_1567024066,19.059383392334,2.4728600978851,0.68276357650757,0.17413054406643,0.39951586723328,0.13644570112228,175681.640625,80063.0234375,1.3555681705475,0.61777019500732
dish_1567024112,19.968410491943,1.0792236328125,0.71523326635361,0.085441693663597,0.35203990340233,0.066399656236172,191087.640625,59319.20703125,1.4744417667389,0.45770990848541
dish_1567024135,20.20369720459,5.5515203475952,0.74325311183929,0.14574372768402,0.34310019016266,0.25073277950287,189988.5625,61245.140625,1.4659612178802,0.47257053852081
dish_1567024187,14.666621208191,1.5463923215866,0.52609372138977,0.047232579439878,0.48994573950768,0.027785789221525,194172.40625,64574.40625,1.4982438087463,0.49825930595398
dish_1567024224,15.341319084167,3.9001293182373,0.62466943264008,0.13304501771927,0.37706220149994,0.15213969349861,193199.90625,61088.9609375,1.4907400608063,0.47136542201042
dish_1567024252,11.861796379089,1.7608276605606,0.46663776040077,0.070701934397221,0.51605212688446,0.089362919330597,192503.25,62657.30078125,1.4853646755219,0.48346680402756
dish_1567106646,12.801750183105,3.4462449550629,0.43892854452133,0.098053574562073,0.57901018857956,0.1620915979147,192260.234375,61931.125,1.4834895133972,0.4778636097908
dish_1567106668,13.404178619385,2.3813724517822,0.48996114730835,0.053889527916908,0.46855446696281,0.052530188113451,172884.65625,78136.171875,1.3339865207672,0.60290259122849
dish_1567106794,17.515226364136,0.17270092666149,0.74174892902374,0.10045477747917,0.21917186677456,0.099052913486958,171664.90625,74845.2265625,1.3245748281479,0.5775094628334
dish_1567106825,20.283639907837,6.0274066925049,0.79296135902405,0.11350268870592,0.16859531402588,0.11566006392241,178711.4375,81500.0078125,1.378946185112,0.62885808944702
dish_1567106870,16.394222259521,5.0944232940674,0.69133687019348,0.086191572248936,0.28420668840408,0.19374459981918,197034.25,69555.765625,1.5203260183334,0.53669571876526
dish_1567107049,23.366840362549,8.0837955474854,0.76600104570389,0.20403704047203,0.18025003373623,0.15868498384953,185905.078125,56046.1640625,1.4344527721405,0.43245497345924
dish_1567110631,14.849212646484,3.2250261306763,0.66983443498611,0.15788005292416,0.30394893884659,0.17363527417183,196321.34375,66135.0703125,1.5148251056671,0.51030147075653
dish_1567110665,11.336276054382,4.1896252632141,0.47030329704285,0.15844167768955,0.46181854605675,0.23872423171997,204577.21875,72663.421875,1.5785279273987,0.56067454814911
dish_1567110756,18.805025100708,1.6788218021393,0.70990377664566,0.045612249523401,0.35863474011421,0.10904347896576,192050.8125,63572.35546875,1.4818735122681,0.49052745103836
dish_1567110783,16.898767471313,1.9597833156586,0.63537120819092,0.11279440671206,0.41786170005798,0.086448267102242,173772.734375,81548.859375,1.3408389091492,0.62923502922058
dish_1567110811,11.846450805664,3.3894696235657,0.46776393055916,0.050431065261364,0.53024655580521,0.27460452914238,195550.390625,66420.734375,1.5088764429092,0.51250565052032
dish_1567110848,9.4159250259399,0.99699079990387,0.35606247186661,0.12675482034683,0.64113211631775,0.20323298871517,176179.1875,86641.28125,1.3594073057175,0.6685283780098
dish_1567525637,9.9404439926147,3.0275661945343,0.46752482652664,0.11396910250187,0.6770453453064,0.20004221796989,170495.453125,72508.046875,1.3155514001846,0.5594756603241
dish_1567525681,10.396876335144,1.4950354099274,0.41442462801933,0.082541540265083,0.66881918907166,0.049845825880766,193324.09375,63761.24609375,1.4916982650757,0.49198496341705
dish_1567525712,9.7616519927979,1.2541943788528,0.324751496315,0.025946715846658,0.77785110473633,0.060595441609621,196534.9375,68835.953125,1.5164732933044,0.53114157915115
dish_1567525744,14.149421691895,8.298903465271,0.51002144813538,0.30989825725555,0.49450114369392,0.41475740075111,196987.453125,64501.078125,1.5199649333954,0.49769350886345
dish_1567526738,18.726173400879,2.1460311412811,0.71996891498566,0.099589504301548,0.27980923652649,0.020310629159212,168925.671875,79462.2421875,1.3034389019012,0.61313456296921
dish_1567526785,22.867614746094,11.482510566711,0.80403077602386,0.17622250318527,0.20105458796024,0.25078073143959,170335.78125,73153.3359375,1.3143192529678,0.5644548535347
dish_1567526814,11.248853683472,1.616607427597,0.45467108488083,0.077111728489399,0.64354109764099,0.094687066972256,175239.671875,77211.0859375,1.3521579504013,0.59576451778412
dish_1567526845,21.512496948242,8.7301635742188,0.72295689582825,0.23314166069031,0.15601946413517,0.16026708483696,175860.90625,79701.046875,1.3569513559341,0.61497712135315
dish_1567526888,9.6513614654541,1.4052137136459,0.33781719207764,0.032686609774828,0.79139268398285,0.023467870429158,172372.84375,78877.859375,1.330037355423,0.60862547159195
dish_1567537185,13.615555763245,3.0570449829102,0.68394535779953,0.10956939309835,0.38121530413628,0.16184444725513,196923.015625,65954.90625,1.5194677114487,0.50891131162643
dish_1567537212,13.711944580078,1.7934724092484,0.69301211833954,0.057218004018068,0.2820890545845,0.062557362020016,195142.765625,65912.5546875,1.5057312250137,0.50858449935913
dish_1567537252,10.629658699036,1.0082035064697,0.39409402012825,0.060655564069748,0.80429899692535,0.038800921291113,190585.53125,62794.203125,1.4705673456192,0.48452314734459
dish_1567537280,12.720505714417,1.8724114894867,0.55939638614655,0.16738966107368,0.47633764147758,0.21909700334072,199169.15625,68787.359375,1.5367990732193,0.53076666593552
dish_1567537352,10.76131439209,5.5956044197083,0.49664762616158,0.20976801216602,0.57341462373734,0.29012271761894,194750.046875,64698.78515625,1.5027010440826,0.49921905994415
dish_1567537387,7.4854989051819,0.69569325447083,0.4058820605278,0.01586177945137,0.8129917383194,0.11409573256969,190520.046875,62636.97265625,1.4700620174408,0.48330995440483
dish_1567537422,10.506118774414,4.3115978240967,0.4846196770668,0.21214826405048,0.55391079187393,0.27606722712517,198769.75,65256.8984375,1.5337171554565,0.50352543592453
dish_1567537457,14.931429862976,3.4004702568054,0.68665087223053,0.16438195109367,0.24438652396202,0.17123156785965,196760.515625,66543.375,1.5182138681412,0.51345193386078
dish_1567538263,17.359100341797,7.573390007019,0.64680033922195,0.31403121352196,0.34332266449928,0.37201452255249,176722.015625,77186.84375,1.3635958433151,0.59557747840881
dish_1567538303,11.132027626038,2.4469926357269,0.41581276059151,0.06508757174015,0.67221480607986,0.11213242262602,202905.703125,70960.625,1.5656304359436,0.54753565788269
dish_1567542778,20.007572174072,2.3672664165497,0.71115064620972,0.013276004232466,0.34016418457031,0.069785319268703,163249.5625,72271.1484375,1.2596416473389,0.55764770507812
dish_1567542813,17.287382125854,5.1229882240295,0.69243848323822,0.1345311999321,0.4363124370575,0.24610476195812,190885.96875,60002.765625,1.4728856086731,0.46298432350159
dish_1567542843,16.627603530884,1.7641736268997,0.55773389339447,0.021617475897074,0.51692652702332,0.096196934580803,195879.25,63544.46875,1.5114139318466,0.4903122484684
dish_1567542876,19.298778533936,4.1222653388977,0.6664160490036,0.10601984709501,0.28561496734619,0.11831364035606,177125.390625,78287.375,1.366708278656,0.60406929254532
dish_1567542914,17.478012084961,6.1790380477905,0.62942337989807,0.16114571690559,0.38691005110741,0.30418029427528,190886.84375,58164.08984375,1.4728922843933,0.44879695773125
dish_1567542953,14.166370391846,2.1545732021332,0.5251732468605,0.084551103413105,0.48408904671669,0.28381556272507,193623.125,61141.79296875,1.4940056800842,0.47177311778069
dish_1567542986,13.568959236145,1.8430716991425,0.4913926422596,0.11749773472548,0.51866990327835,0.25487956404686,198556.515625,68534.8828125,1.5320718288422,0.52881848812103
dish_1567612954,10.602450370789,3.0644252300262,0.4192022383213,0.16823184490204,0.7451975941658,0.16534513235092,210458.96875,47656.4140625,1.6239117383957,0.36771926283836
dish_1567612986,11.92978477478,0.18011540174484,0.49540063738823,0.0220787525177,0.6778479218483,0.018982687965035,163819.390625,70382.421875,1.2640385627747,0.54307419061661
dish_1567613019,15.631345748901,9.8583631515503,0.59654343128204,0.25235271453857,0.53587007522583,0.43963581323624,182357.5625,52378.578125,1.4070799350739,0.40415573120117
dish_1567613057,13.625541687012,3.6470944881439,0.58153975009918,0.07836926728487,0.41393899917603,0.13048082590103,191995.015625,66266.15625,1.4814430475235,0.51131290197372
dish_1567625294,19.716646194458,5.407114982605,0.64025795459747,0.12771518528461,0.35704407095909,0.10727776587009,170655.640625,74682.578125,1.3167873620987,0.57625448703766
dish_1567625343,14.848240852356,10.401746749878,0.5999419093132,0.20032769441605,0.50276643037796,0.38726916909218,184032.640625,54454.71484375,1.4200049638748,0.42017525434494
dish_1567625392,12.45460319519,7.9874186515808,0.46953839063644,0.30448788404465,0.63105487823486,0.42605426907539,194006.578125,65013.203125,1.4969644546509,0.5016450881958
dish_1567625434,12.851551055908,5.9335761070251,0.4225954413414,0.26087155938148,0.56311595439911,0.3263321518898,206915.46875,71978.0546875,1.5965698957443,0.5553862452507
dish_1567628069,16.028184890747,7.5739684104919,0.56889593601227,0.23540422320366,0.46806704998016,0.32070299983025,193828.734375,64020.96484375,1.4955921173096,0.49398893117905
dish_1567628099,13.515886306763,2.087895154953,0.50996351242065,0.097305350005627,0.56059956550598,0.092299990355968,192122.1875,64754.09765625,1.4824242591858,0.49964579939842
dish_1567628157,11.403636932373,3.8601908683777,0.47044974565506,0.13086619973183,0.5348356962204,0.20308774709702,194668.875,63836.2109375,1.5020747184753,0.49256333708763
dish_1567628193,13.631290435791,3.89883685112,0.54273498058319,0.15266905725002,0.44371888041496,0.21211412549019,204292.828125,72711.234375,1.5763335227966,0.56104344129562
dish_1567629081,20.409540176392,4.329861164093,0.74923634529114,0.087251596152782,0.27206176519394,0.17211538553238,190182.9375,60783.8203125,1.4674609899521,0.46901094913483
dish_1567629106,22.367727279663,4.2513566017151,0.73730212450027,0.098682068288326,0.21455357968807,0.20093007385731,186884.328125,61456.46875,1.4420087337494,0.47420117259026
dish_1567629129,16.843360900879,4.1878628730774,0.63539326190948,0.17993150651455,0.40692523121834,0.22051653265953,189927.84375,59896.765625,1.465492606163,0.46216639876366
dish_1567711272,18.871023178101,2.8477997779846,0.68163812160492,0.12507131695747,0.3342978656292,0.13545861840248,201143.3125,55011.11328125,1.5520316362381,0.42446845769882
dish_1567711356,12.548555374146,2.6906733512878,0.43051645159721,0.10530431568623,0.65665125846863,0.10309715569019,205913.390625,60145.7421875,1.5888378620148,0.46408751606941
dish_1567711402,12.072866439819,3.1116275787354,0.47094285488129,0.099666573107243,0.51269555091858,0.12544532120228,207947.21875,58062.5625,1.6045309305191,0.44801360368729
dish_1567714745,9.3215970993042,1.5904700756073,0.25219944119453,0.040842574089766,0.82709014415741,0.026782503351569,207889.890625,54503.86328125,1.6040886640549,0.42055451869965
dish_1567714780,12.375177383423,3.8200299739838,0.48790499567986,0.24030607938766,0.49991554021835,0.2568821310997,207624.90625,58172.56640625,1.6020439863205,0.44886237382889
dish_1567714813,15.006947517395,7.8441853523254,0.51335912942886,0.29174390435219,0.4980545938015,0.33393016457558,199931.953125,69487.640625,1.5426847934723,0.53617006540298
dish_1567714839,11.328097343445,1.6639723777771,0.36857151985168,0.079441264271736,0.59082913398743,0.035104744136333,174447.921875,75026.3515625,1.3460487127304,0.57890701293945
dish_1567714875,12.1741771698,4.3651933670044,0.4487564265728,0.2689702808857,0.57461613416672,0.32446351647377,203512.234375,56548.328125,1.5703104734421,0.43632969260216
dish_1567714934,12.8162317276,1.0847669839859,0.47393730282784,0.034947417676449,0.46755981445312,0.051754750311375,207838.953125,54209.8828125,1.6036956310272,0.41828611493111
dish_1567785130,17.854688644409,2.8128840923309,0.64850860834122,0.021458562463522,0.28078600764275,0.094842165708542,159743.984375,64011.4609375,1.2325924634933,0.49391555786133
dish_1567785223,16.667171478271,2.4041452407837,0.63252115249634,0.065101623535156,0.32209631800652,0.14217893779278,161503.34375,66737.0390625,1.2461676597595,0.51494628190994
dish_1567785622,20.133712768555,11.073759078979,0.70532739162445,0.27015426754951,0.35242128372192,0.4494469165802,166541.78125,71920.9921875,1.2850445508957,0.5549458861351
dish_1567785654,22.119220733643,1.6793476343155,0.79508495330811,0.051112536340952,0.13733479380608,0.015446261502802,165661.296875,70685.3828125,1.2782506942749,0.5454118847847
dish_1567785709,13.944306373596,2.2131493091583,0.63126802444458,0.020509500056505,0.33695304393768,0.021314904093742,162878.9375,67496.109375,1.2567818164825,0.52080327272415
dish_1567785739,12.357288360596,2.251718044281,0.5542693734169,0.025908932089806,0.42766624689102,0.01660349778831,166273.921875,70822.9296875,1.2829778194427,0.54647320508957
dish_1567789154,16.025699615479,3.2336592674255,0.72362983226776,0.11875169724226,0.29828974604607,0.17634336650372,171488.0625,75620.8359375,1.3232102394104,0.58349406719208
dish_1567789190,15.740468978882,8.9527149200439,0.57446539402008,0.27743828296661,0.44030538201332,0.37678456306458,198277.921875,65402.60546875,1.529922246933,0.50464975833893
dish_1567789230,9.9799699783325,1.8744580745697,0.35601508617401,0.059357456862926,0.6684011220932,0.073079496622086,190516.0,62990.05078125,1.4700309038162,0.4860343337059
dish_1567789256,13.992176055908,0.56898176670074,0.57357943058014,0.14152731001377,0.38694283366203,0.20702849328518,168636.6875,68377.9453125,1.3012090921402,0.52760761976242
dish_1567798511,16.614040374756,3.4533567428589,0.65853404998779,0.12330728769302,0.32364892959595,0.16039301455021,201322.875,54591.3984375,1.5534173250198,0.42122992873192
dish_1567801468,13.084959983826,5.1472973823547,0.52110910415649,0.12865890562534,0.57708990573883,0.23487873375416,212966.65625,37841.921875,1.6432613134384,0.29199013113976
dish_1567801520,13.479190826416,4.1751952171326,0.50909876823425,0.24510070681572,0.45286303758621,0.3116612136364,186469.3125,56931.72265625,1.4388065338135,0.43928799033165
dish_1567801716,21.505432128906,4.2278008460999,0.83042997121811,0.025858085602522,0.13803660869598,0.063393779098988,191160.890625,63844.3125,1.4750069379807,0.49262586236
dish_1567801748,18.568389892578,6.0729541778564,0.6903617978096,0.1538722962141,0.38260117173195,0.25193721055984,194741.84375,64565.72265625,1.5026376247406,0.49819231033325
dish_1567801791,16.407638549805,3.6482338905334,0.67052447795868,0.10530933737755,0.37687689065933,0.18814946711063,202412.703125,56469.98046875,1.561826467514,0.43572515249252
dish_1567801830,17.84531211853,2.6391348838806,0.72138738632202,0.054219052195549,0.2483564466238,0.085693746805191,192442.40625,61933.91015625,1.4848951101303,0.47788509726524
dish_1568044496,21.678779602051,8.0262031555176,0.73838031291962,0.17428807914257,0.24564692378044,0.17977121472359,192428.625,62658.7734375,1.484788775444,0.48347821831703
dish_1568044528,20.423557281494,3.4002392292023,0.72224074602127,0.11352489888668,0.22310125827789,0.22502906620502,163562.671875,68413.5390625,1.2620576620102,0.5278822183609
dish_1568044581,18.017444610596,4.9910550117493,0.6378830075264,0.14748126268387,0.27460387349129,0.1903360337019,194559.828125,63969.96875,1.5012332201004,0.49359545111656
dish_1568044634,9.9433574676514,1.2395480871201,0.31196475028992,0.039985559880733,0.8302196264267,0.073395378887653,204820.1875,58215.01953125,1.5804027318954,0.44918996095657
dish_1568047932,11.702519416809,0.97068440914154,0.56423830986023,0.038896400481462,0.64653307199478,0.1135606393218,165476.609375,64798.40234375,1.2768256664276,0.49998769164085
dish_1568047973,11.705332756042,2.7080790996552,0.55386626720428,0.16212129592896,0.54180687665939,0.24233157932758,156165.578125,124886.0703125,1.2049813270569,0.96362709999084
dish_1568048018,12.557216644287,3.2996437549591,0.4995539188385,0.25922131538391,0.45507705211639,0.28660026192665,177456.09375,76006.9375,1.3692600727081,0.58647328615189
dish_1568056019,20.211322784424,9.2189264297485,0.72363823652267,0.26385858654976,0.33131662011147,0.42795643210411,164398.421875,65698.90625,1.2685062885284,0.50693601369858
dish_1568056046,16.657943725586,6.7053294181824,0.63557839393616,0.18055991828442,0.36707818508148,0.38623347878456,171789.09375,75159.3203125,1.3255330324173,0.57993298768997
dish_1568056217,17.354141235352,4.0419607162476,0.6587570309639,0.20233459770679,0.29040896892548,0.27533158659935,194908.109375,63906.3359375,1.5039205551147,0.4931044280529
dish_1568056258,15.640720367432,5.3836231231689,0.59607708454132,0.2264239937067,0.38271877169609,0.27859055995941,195594.46875,63768.80859375,1.5092165470123,0.49204322695732
dish_1568060414,17.306797027588,1.9008895158768,0.69201356172562,0.097084537148476,0.39486277103424,0.055110022425652,188458.578125,65060.15625,1.4541556835175,0.50200742483139
dish_1568060461,15.924633026123,2.9120538234711,0.66627478599548,0.12243347615004,0.35003358125687,0.10173421353102,175011.46875,78139.234375,1.3503971099854,0.60292619466782
dish_1568060501,19.621170043945,6.1502647399902,0.71066343784332,0.14091247320175,0.27102890610695,0.2954817712307,197110.96875,63468.7109375,1.5209178924561,0.48972770571709
dish_1568060542,18.823017120361,5.6158075332642,0.72182059288025,0.14548997581005,0.25750923156738,0.16583746671677,198577.328125,65998.828125,1.5322324037552,0.50925022363663
dish_1568060616,8.8733339309692,1.1157112121582,0.32841911911964,0.07450357824564,0.80566269159317,0.086515456438065,193296.484375,68885.40625,1.4914852380753,0.53152322769165
dish_1568060646,12.627398490906,2.4526383876801,0.4708303809166,0.14419810473919,0.53831142187119,0.1661187261343,194242.96875,65132.2109375,1.498788356781,0.50256335735321
dish_1568060697,10.955841064453,3.5527765750885,0.43282866477966,0.23910291492939,0.63770294189453,0.32624337077141,192169.625,65522.27734375,1.482790350914,0.50557309389114
dish_1568060722,13.133375167847,1.4782333374023,0.51467221975327,0.073415011167526,0.50384455919266,0.11989104002714,197365.78125,66410.7578125,1.5228840112686,0.51242864131927
dish_1568060746,11.908449172974,0.95345783233643,0.44015464186668,0.058050852268934,0.58045315742493,0.066982075572014,193183.125,63406.07421875,1.4906105995178,0.4892443716526
dish_1568061097,21.934850692749,5.5535311698914,0.79152971506119,0.10388683527708,0.28182131052017,0.22206443548203,189167.953125,57599.9140625,1.4596292972565,0.44444373250008
dish_1568061145,16.059860229492,0.4948647916317,0.57064414024353,0.025162545964122,0.50964170694351,0.021743934601545,183698.0625,59391.2734375,1.4174233675003,0.45826599001884
dish_1568061174,17.071786880493,4.1134886741638,0.57025820016861,0.11144355684519,0.51049947738647,0.29438787698746,190852.0625,63813.7734375,1.4726239442825,0.49239021539688
dish_1568061202,19.852355957031,6.0346932411194,0.71110844612122,0.18507142364979,0.27766412496567,0.2610330581665,194047.6875,62844.16796875,1.4972815513611,0.48490869998932
dish_1568061234,14.317724227905,0.3281255364418,0.569351375103,0.12280509620905,0.46071919798851,0.20411692559719,192797.765625,62371.52734375,1.4876370429993,0.48126175999641
dish_1568061272,12.285772323608,0.2696285545826,0.47213104367256,0.018391480669379,0.55926221609116,0.021101510152221,200032.4375,69407.25,1.5434601306915,0.53554981946945
dish_1568061320,13.734908103943,4.5670785903931,0.60874927043915,0.20199753344059,0.42056724429131,0.3252130150795,193556.5,66058.53125,1.4934914112091,0.50971084833145
dish_1568132484,10.794208526611,3.1211709976196,0.57695633172989,0.11591110378504,0.68715667724609,0.12994295358658,171666.78125,76055.3984375,1.3245892524719,0.58684724569321
dish_1568132521,10.59340763092,1.0207221508026,0.45523074269295,0.04756361618638,0.74449270963669,0.11590677499771,115805.609375,102646.3828125,0.89356178045273,0.79202455282211
dish_1568132561,9.7423877716064,2.3841171264648,0.38344278931618,0.065522335469723,0.82450187206268,0.016282549127936,165873.6875,68817.6796875,1.2798894643784,0.53100055456161
dish_1568132601,10.23804473877,2.397225856781,0.34983214735985,0.1100148409605,0.74619048833847,0.14168184995651,205236.078125,60022.5234375,1.5836117267609,0.4631367623806
dish_1568141871,15.161835670471,3.1234073638916,0.65669316053391,0.092629864811897,0.45233502984047,0.057449601590633,187279.75,59744.4609375,1.4450597763062,0.46099120378494
dish_1568141915,13.920683860779,4.4722094535828,0.62525081634521,0.17486733198166,0.55370146036148,0.37741875648499,185168.3125,57002.57421875,1.4287679195404,0.43983465433121
dish_1568141951,11.593081474304,2.2384793758392,0.50056457519531,0.064397253096104,0.58488684892654,0.17416596412659,204097.015625,55320.09765625,1.5748226642609,0.42685258388519
dish_1568143252,10.494665145874,1.3748282194138,0.43080055713654,0.08563120663166,0.67287170886993,0.0649658665061,172467.75,80991.3359375,1.3307695388794,0.62493318319321
dish_1568143288,16.274753570557,6.2125005722046,0.59945797920227,0.17052607238293,0.44351637363434,0.21851719915867,186685.1875,62684.05078125,1.4404721260071,0.48367327451706
dish_1568143326,16.744846343994,3.622481584549,0.6999454498291,0.060275234282017,0.30099761486053,0.043972726911306,191023.84375,63537.41015625,1.4739493131638,0.4902577996254
dish_1568143362,14.858922958374,4.7338051795959,0.55188870429993,0.20584058761597,0.41784438490868,0.22545363008976,203174.484375,60788.578125,1.5677043199539,0.46904766559601
dish_1568143527,14.312314987183,8.9289321899414,0.44133165478706,0.33442366123199,0.53043073415756,0.36913058161736,199053.359375,67088.15625,1.5359055995941,0.51765549182892
dish_1568143572,18.805723190308,1.5474898815155,0.75640475749969,0.064645566046238,0.22740334272385,0.053793512284756,186679.484375,60473.921875,1.4404280185699,0.46661975979805
dish_1568143612,13.438672065735,2.0832870006561,0.50018292665482,0.19007493555546,0.49896314740181,0.19950145483017,200805.28125,70315.2890625,1.549423456192,0.54255622625351
dish_1568144612,13.686985015869,0.81514704227448,0.62573063373566,0.056256558746099,0.57845091819763,0.057080149650574,174549.34375,81578.03125,1.3468313217163,0.6294601559639
dish_1568144643,10.766620635986,2.4012274742126,0.45634439587593,0.12275879830122,0.62488448619843,0.21427726745605,191111.34375,59082.05078125,1.4746246337891,0.45588004589081
dish_1568144688,11.775821685791,5.7160787582397,0.43559685349464,0.32191619277,0.5869756937027,0.38271793723106,202702.578125,68228.3125,1.5640630722046,0.52645295858383
dish_1568144774,11.029502868652,0.7120059132576,0.46752697229385,0.056261889636517,0.66134417057037,0.0051473523490131,169602.828125,76093.421875,1.3086638450623,0.58714056015015
dish_1568144803,12.707786560059,0.29774624109268,0.53130215406418,0.015140075236559,0.50782179832458,0.09094101190567,172149.890625,73835.9296875,1.3283170461655,0.56972163915634
dish_1568144855,12.669343948364,2.5298810005188,0.50138926506042,0.10240145772696,0.52707380056381,0.27628910541534,169905.90625,75188.0625,1.3110023736954,0.58015477657318
dish_1568144925,9.925386428833,1.4950621128082,0.33835536241531,0.12582670152187,0.71062964200974,0.024486631155014,193660.28125,62942.5859375,1.4942922592163,0.48566809296608
dish_1568144954,11.712885856628,1.5251399278641,0.38773477077484,0.080645993351936,0.66564983129501,0.10794367641211,192374.28125,62145.24609375,1.4843695163727,0.47951573133469
dish_1568145027,18.810161590576,3.1854507923126,0.76478338241577,0.038851641118526,0.36681002378464,0.25040099024773,173005.9375,79591.859375,1.3349223136902,0.61413472890854
dish_1568145059,15.38978099823,3.831503868103,0.63576751947403,0.079454615712166,0.50156229734421,0.23475243151188,184740.234375,60085.94140625,1.4254648685455,0.46362608671188
dish_1568145100,12.16736125946,0.60014194250107,0.47044032812119,0.091008722782135,0.5770012140274,0.13569812476635,188056.125,64620.01171875,1.4510504007339,0.49861118197441
dish_1568145136,12.764049530029,4.8100337982178,0.494180560112,0.17389239370823,0.56654936075211,0.28305515646935,201420.046875,54826.84765625,1.5541670322418,0.42304667830467
dish_1568145177,12.030128479004,1.5598323345184,0.48061129450798,0.080748699605465,0.54340755939484,0.144640147686,193057.765625,62766.36328125,1.4896432161331,0.48430836200714
dish_1568146905,15.8263463974,5.4256119728088,0.66876000165939,0.18656469881535,0.34145924448967,0.21404305100441,187840.984375,67830.5078125,1.449390411377,0.52338355779648
dish_1568146942,13.313508033752,0.65800869464874,0.55334407091141,0.065655522048473,0.49827381968498,0.14388355612755,192756.109375,64716.07421875,1.4873156547546,0.49935242533684
dish_1568146977,11.931537628174,3.1019473075867,0.57636362314224,0.11834824085236,0.47177907824516,0.1261492818594,198661.78125,65556.75,1.5328841209412,0.50583910942078
dish_1568147009,17.34593963623,7.1307611465454,0.69826889038086,0.17465306818485,0.31531897187233,0.2416855096817,203061.078125,70996.765625,1.5668293237686,0.54781454801559
dish_1568147044,12.42537021637,2.6564648151398,0.48249113559723,0.090216912329197,0.54332530498505,0.15716299414635,197700.453125,65247.6328125,1.5254664421082,0.5034539103508
dish_1568217267,14.744455337524,1.1456208229065,0.58905351161957,0.0022313385270536,0.49457922577858,0.074040003120899,171420.0625,75322.4921875,1.3226857185364,0.58119207620621
dish_1568217325,12.549237251282,0.19634902477264,0.48486876487732,0.0087681459262967,0.60592973232269,0.0034101859200746,170864.5625,74122.7109375,1.3183994293213,0.57193446159363
dish_1568217372,12.238028526306,2.6103467941284,0.55864357948303,0.13101103901863,0.44636273384094,0.17564103007317,185634.296875,70124.25,1.4323633909225,0.54108220338821
dish_1568217417,9.836220741272,2.1664907932281,0.42711627483368,0.10178151726723,0.61672902107239,0.19594325125217,195651.046875,63342.640625,1.5096530914307,0.48875489830971
dish_1568217465,18.269176483154,4.2742600440979,0.74866515398026,0.15888649225235,0.2364597171545,0.16785116493702,197273.265625,63761.37109375,1.5221703052521,0.49198588728905
dish_1568229399,12.555545806885,3.9068379402161,0.54104751348495,0.13813965022564,0.54105693101883,0.23042976856232,195782.53125,65992.5625,1.5106675624847,0.50920188426971
dish_1568229442,12.641649246216,3.6219010353088,0.51943212747574,0.18276818096638,0.5057789683342,0.23876482248306,199837.671875,66762.234375,1.5419573783875,0.5151407122612
dish_1568233444,12.516411781311,2.713650226593,0.57134467363358,0.17160475254059,0.41748887300491,0.17805962264538,180781.1875,88830.7734375,1.3949166536331,0.68542259931564
dish_1568233478,10.298492431641,2.0853316783905,0.42679679393768,0.10198829323053,0.59273445606232,0.12044169008732,190935.375,64228.84765625,1.4732668399811,0.4955929517746
dish_1568233509,10.433729171753,1.5901769399643,0.41483601927757,0.090675428509712,0.63705378770828,0.089824520051479,198334.0,67083.328125,1.5303549766541,0.51761829853058
dish_1568305198,14.08738899231,1.3536643981934,0.62565743923187,0.060502853244543,0.37294897437096,0.02646379545331,168215.328125,70126.9140625,1.2979578971863,0.54110270738602
dish_1568305225,13.209547042847,3.4159359931946,0.52305155992508,0.017922526225448,0.38715651631355,0.047359444200993,174057.8125,77203.65625,1.3430386781693,0.59570723772049
dish_1568305257,16.982181549072,3.2422595024109,0.68935936689377,0.1332056671381,0.25278922915459,0.15213613212109,196480.28125,64819.890625,1.516051530838,0.5001534819603
dish_1568313487,10.140106201172,0.59977126121521,0.32624742388725,0.013979224488139,0.73769801855087,0.10393396019936,166954.375,68941.1484375,1.2882282733917,0.53195333480835
dish_1568313527,10.015041351318,0.64045339822769,0.34633231163025,0.060369607061148,0.62422800064087,0.064657144248486,174619.625,79871.2265625,1.3473737239838,0.61629033088684
dish_1568314823,17.751235961914,2.8887510299683,0.72528111934662,0.0077382880263031,0.34446632862091,0.14599350094795,172341.65625,70638.6953125,1.3297966718674,0.54505163431168
dish_1568314857,22.398878097534,7.7949070930481,0.76529324054718,0.15736371278763,0.25648847222328,0.32525053620338,193708.0,61345.83203125,1.4946604967117,0.47334751486778
dish_1568314907,12.897623062134,0.33397498726845,0.52698647975922,0.0097476383671165,0.66025829315186,0.04201952368021,169143.0625,75984.3984375,1.3051161766052,0.58629941940308
dish_1568314951,12.487005233765,1.585660815239,0.64400923252106,0.11371982842684,0.43364971876144,0.18928031623363,178832.203125,80396.8203125,1.3798781633377,0.62034583091736
dish_1568315001,14.656339645386,7.4111909866333,0.60588246583939,0.26905784010887,0.46277129650116,0.43577516078949,176513.15625,81927.6875,1.3619842529297,0.63215804100037
dish_1568315040,8.6283740997314,0.3721809387207,0.42462736368179,0.037154238671064,0.64819633960724,0.051680255681276,174964.21875,73688.734375,1.3500325679779,0.56858587265015
dish_1568315088,8.4698429107666,0.16780851781368,0.33571475744247,0.067080862820148,0.7467235326767,0.063917927443981,177868.78125,77578.1015625,1.3724442720413,0.59859645366669
dish_1568315132,13.512719154358,4.9840030670166,0.54747313261032,0.1897891163826,0.45053008198738,0.29099208116531,180548.625,83853.6640625,1.3931220769882,0.64701896905899
dish_1568315177,11.066669464111,1.8461095094681,0.49958282709122,0.11865391582251,0.4882718026638,0.13980038464069,181687.5,86114.265625,1.4019097089767,0.66446191072464
dish_1568315988,16.310131072998,2.6983835697174,0.68984258174896,0.043815907090902,0.48137819766998,0.16516222059727,171889.390625,71113.171875,1.3263070583344,0.54871273040771
dish_1568316041,12.337295532227,1.5929164886475,0.47858244180679,0.028980508446693,0.54353898763657,0.026522083207965,198343.203125,68216.3125,1.5304259061813,0.5263603925705
dish_1568316085,13.092844009399,4.3332710266113,0.52847170829773,0.13876561820507,0.45751386880875,0.13732129335403,197700.40625,64837.55859375,1.525465965271,0.5002897977829
dish_1568318286,12.980749130249,4.67751121521,0.45166572928429,0.22162112593651,0.57740277051926,0.32812434434891,192933.984375,61941.27734375,1.4886881113052,0.47794196009636
dish_1568318316,12.970064163208,2.848913192749,0.5764142870903,0.17553523182869,0.36067843437195,0.22182913124561,182200.9375,82194.453125,1.4058713912964,0.63421648740768
dish_1568318361,13.438398361206,3.9562032222748,0.62241661548615,0.20116421580315,0.34731182456017,0.17503647506237,194846.75,69206.875,1.5034471750259,0.53400361537933
dish_1568318408,14.179307937622,3.4269895553589,0.64010417461395,0.17699599266052,0.33660310506821,0.20852619409561,198804.140625,65495.35546875,1.5339826345444,0.5053653717041
dish_1568318480,14.208835601807,5.6639904975891,0.54293632507324,0.23690061271191,0.43078589439392,0.23144029080868,121307.421875,113094.9453125,0.93601405620575,0.87264615297318
dish_1568319725,18.159862518311,5.4235968589783,0.63724851608276,0.19227685034275,0.3545184135437,0.20973399281502,191159.484375,61448.17578125,1.474995970726,0.47413718700409
dish_1568319769,14.290069580078,4.2328367233276,0.5489262342453,0.14095111191273,0.4605692923069,0.15874487161636,190251.921875,63622.5546875,1.4679931402206,0.49091476202011
dish_1568319838,13.330950737,3.9720284938812,0.4972802400589,0.11703243851662,0.47416144609451,0.12286967784166,198050.625,67045.59375,1.5281684398651,0.51732707023621
dish_1568319899,9.7095232009888,1.9245276451111,0.36179792881012,0.067845650017262,0.64251178503036,0.10798323154449,205920.28125,56478.234375,1.5888910293579,0.43578884005547
dish_1568320296,20.704116821289,2.2288951873779,0.75105357170105,0.10926958173513,0.22135306894779,0.064173951745033,175009.5625,77748.0,1.3503824472427,0.59990745782852
dish_1568320338,17.119174957275,1.4120720624924,0.65233546495438,0.024428144097328,0.38793939352036,0.075056172907352,188348.796875,62621.99609375,1.4533085823059,0.48319441080093
dish_1568320383,21.470705032349,4.9423413276672,0.77805423736572,0.11050683259964,0.22818590700626,0.11668887734413,152343.328125,124188.625,1.1754887104034,0.95824557542801
dish_1568320427,13.788543701172,3.4412035942078,0.59464347362518,0.13933955132961,0.43701392412186,0.19994880259037,190400.4375,69601.453125,1.4691390991211,0.53704822063446
dish_1568320470,13.535465240479,3.6951525211334,0.57202219963074,0.10855092853308,0.37901738286018,0.15933908522129,194215.28125,63916.703125,1.4985747337341,0.49318444728851
dish_1568400935,9.386510848999,0.43770614266396,0.32664421200752,0.032868769019842,0.68593293428421,0.0089534232392907,178043.15625,78162.5390625,1.3737897872925,0.6031060218811
dish_1568400967,9.9992980957031,1.2559996843338,0.35320648550987,0.12557257711887,0.67505180835724,0.2354182600975,118901.9296875,149433.8125,0.91745316982269,1.1530387401581
dish_1568401018,13.732320785522,7.683901309967,0.59023773670197,0.41283419728279,0.42290866374969,0.48960763216019,175328.484375,82827.6796875,1.3528432846069,0.63910245895386
dish_1568401064,12.490867614746,0.5391526222229,0.49304437637329,0.058896362781525,0.42803293466568,0.0018516585696489,179804.125,81020.375,1.3873775005341,0.62515723705292
dish_1568401090,12.724333763123,4.5888772010803,0.53996378183365,0.16767306625843,0.39796391129494,0.21433515846729,178333.640625,79385.7578125,1.3760311603546,0.61254441738129
dish_1568401167,16.587940216064,4.9163990020752,0.75093656778336,0.13109685480595,0.38164895772934,0.26019650697708,186710.203125,55028.23828125,1.4406651258469,0.42460060119629
dish_1568401199,15.57804107666,3.0317454338074,0.67201679944992,0.12409558147192,0.40591529011726,0.24494977295399,171636.21875,68263.21875,1.3243535757065,0.52672237157822
dish_1568401233,11.799916267395,0.04621059820056,0.48250848054886,0.027024820446968,0.62302005290985,0.022219575941563,189551.78125,60766.234375,1.4625909328461,0.46887522935867
dish_1568401261,11.313833236694,2.5974144935608,0.43140169978142,0.084783606231213,0.72601312398911,0.16085012257099,193951.75,59557.34375,1.496541261673,0.45954740047455
dish_1568401302,20.652839660645,4.5288052558899,0.77931982278824,0.16326843202114,0.21916021406651,0.27616974711418,192983.734375,63463.5078125,1.4890720844269,0.48968753218651
dish_1568404850,16.389419555664,1.5966993570328,0.7170215845108,0.08772774040699,0.46585091948509,0.26213625073433,172709.625,74188.4765625,1.3326358795166,0.57244193553925
dish_1568404889,15.605912208557,3.9326734542847,0.59793668985367,0.17691621184349,0.49517112970352,0.32016369700432,192484.546875,61520.734375,1.4852201938629,0.47469702363014
dish_1568405183,12.997057914734,4.5718698501587,0.57775914669037,0.13357716798782,0.5760213136673,0.22674298286438,186476.28125,60140.8828125,1.4388601779938,0.46405002474785
dish_1568405214,12.567975997925,2.2009477615356,0.56175398826599,0.081561550498009,0.42437550425529,0.14601784944534,185550.65625,57137.38671875,1.4317179918289,0.44087490439415
dish_1568405273,16.905952453613,7.2599520683289,0.60929995775223,0.21814957261086,0.34577345848083,0.27265995740891,197820.578125,68138.9375,1.5263934135437,0.52576339244843
dish_1568405306,16.988735198975,5.4158444404602,0.70513242483139,0.12817268073559,0.21169954538345,0.1668234616518,198472.21875,68434.796875,1.5314214229584,0.52804630994797
dish_1568405405,13.877353668213,0.32854378223419,0.52218687534332,0.01331187132746,0.45883643627167,0.010171552188694,171129.0,80245.7578125,1.3204398155212,0.61918026208878
dish_1568405430,15.786825180054,3.8017625808716,0.6671975851059,0.14854401350021,0.34408348798752,0.18235720694065,185614.703125,59556.9140625,1.4322122335434,0.45954409241676
dish_1568405466,17.861921310425,2.2825090885162,0.69907259941101,0.10085812956095,0.21339350938797,0.10443926602602,187073.21875,56280.734375,1.4434661865234,0.43426492810249
dish_1568405499,14.647369384766,5.1875901222229,0.59271919727325,0.20495447516441,0.42701256275177,0.31251287460327,195449.515625,63262.85546875,1.5080981254578,0.48813930153847
dish_1568649354,14.432794570923,3.4343807697296,0.64852559566498,0.31614226102829,0.35857084393501,0.31504648923874,168401.71875,71061.9140625,1.2993960380554,0.54831719398499
dish_1568649387,16.430467605591,3.7629172801971,0.50882685184479,0.18301843106747,0.37622562050819,0.26629021763802,120901.5546875,136487.78125,0.93288230895996,1.0531463623047
dish_1568649430,21.10394859314,12.624601364136,0.66222941875458,0.38688144087791,0.30664485692978,0.41211426258087,169044.015625,71491.3203125,1.3043520450592,0.55163049697876
dish_1568660810,18.822723388672,3.6403398513794,0.75233745574951,0.095098122954369,0.29520896077156,0.25793695449829,168018.59375,70640.9296875,1.2964396476746,0.54506891965866
dish_1568664931,12.821817398071,2.593784570694,0.4950835108757,0.23711094260216,0.45008260011673,0.16583941876888,176427.703125,81393.046875,1.3613249063492,0.62803274393082
dish_1568664972,17.818552017212,2.2592985630035,0.71782940626144,0.11463667452335,0.23720088601112,0.072938650846481,213237.09375,45008.09375,1.6453479528427,0.34728470444679
dish_1568665012,14.299766540527,3.2613372802734,0.56126952171326,0.15653176605701,0.4463375210762,0.27154713869095,162084.734375,68605.3203125,1.2506537437439,0.52936202287674
dish_1568665052,13.021816253662,2.1401062011719,0.5796269774437,0.22616274654865,0.38774892687798,0.23197938501835,201098.140625,53545.62109375,1.5516831874847,0.41316065192223
dish_1568665935,22.56005859375,6.6252164840698,0.79685640335083,0.12451166659594,0.22588643431664,0.17627015709877,192070.1875,61393.86328125,1.4820230007172,0.47371807694435
dish_1568665970,16.656188964844,2.3843705654144,0.59472393989563,0.071611754596233,0.52714151144028,0.06682064384222,177333.5,77578.46875,1.3683140277863,0.59859931468964
dish_1568666000,13.773451805115,1.8077679872513,0.41369780898094,0.1086719930172,0.68138158321381,0.098810978233814,198946.109375,68529.1171875,1.5350780487061,0.52877408266068
dish_1568666032,15.475464820862,2.245947599411,0.49101513624191,0.068569406867027,0.46533969044685,0.14956893026829,196616.09375,65660.6171875,1.5170994997025,0.50664055347443
dish_1568666061,18.612173080444,6.9944438934326,0.64973926544189,0.23343275487423,0.32157701253891,0.31214237213135,194755.203125,69978.1875,1.5027407407761,0.53995513916016
dish_1568666089,13.285726547241,1.7808026075363,0.42696112394333,0.096355251967907,0.5533754825592,0.18760898709297,196941.109375,64470.65625,1.5196073055267,0.49745872616768
dish_1568666184,15.998983383179,0.98885881900787,0.62081432342529,0.14058063924313,0.3261182308197,0.14024123549461,179801.96875,81201.34375,1.3873609304428,0.62655359506607
dish_1568666230,15.025248527527,2.3910953998566,0.60872918367386,0.056832242757082,0.398696154356,0.072262987494469,189149.421875,57438.0625,1.459486246109,0.44319492578506
dish_1568666263,16.829423904419,7.3869290351868,0.61431890726089,0.23718270659447,0.35272496938705,0.26499381661415,191896.03125,66643.21875,1.4806791543961,0.51422238349915
dish_1568666303,14.955521583557,2.383537530899,0.59415346384048,0.091993816196918,0.38377115130424,0.13210551440716,193830.078125,65297.9921875,1.4956024885178,0.50384253263474
dish_1568666357,16.480895996094,0.40245720744133,0.69069164991379,0.036204732954502,0.24557411670685,0.027479082345963,181672.09375,79820.1015625,1.4017908573151,0.61589586734772
dish_1571931623,12.322486877441,1.3723020553589,0.42987978458405,0.020806992426515,0.68279421329498,0.0029310605023056,166137.046875,67040.7109375,1.2819216251373,0.51728945970535
dish_1571931678,11.96054649353,1.6634134054184,0.37039020657539,0.073697559535503,0.73743629455566,0.11964988708496,172039.984375,76984.8203125,1.3274689912796,0.59401869773865
dish_1571931809,12.564901351929,1.687047958374,0.37384232878685,0.054853826761246,0.67680269479752,0.033284209668636,169550.453125,72242.8203125,1.3082597255707,0.55742913484573
dish_1571932398,11.613470077515,3.7110159397125,0.43128389120102,0.082575894892216,0.78409910202026,0.13900674879551,170932.609375,75907.625,1.3189244270325,0.58570694923401
dish_1571944487,9.6645421981812,0.16825830936432,0.34892749786377,0.026720026507974,0.77819395065308,0.013828170485795,165089.9375,73923.40625,1.2738420963287,0.57039666175842
dish_1571944507,8.7261600494385,1.1176356077194,0.25765544176102,0.03393591567874,0.7561936378479,0.026864569634199,175323.28125,76980.1640625,1.3528031110764,0.59398275613785
dish_1571944531,10.111978530884,0.58720272779465,0.29976466298103,0.0012205305974931,0.82726585865021,0.14060138165951,167517.171875,70416.6796875,1.2925707101822,0.54333859682083
dish_1571944648,14.705213546753,8.993034362793,0.44188439846039,0.25937694311142,0.42326390743256,0.44403010606766,173407.21875,82608.0390625,1.338018655777,0.63740772008896
dish_1572029300,12.418390274048,1.9545880556107,0.42835658788681,0.03510756790638,0.57099270820618,0.23817567527294,165684.78125,66762.0078125,1.2784320116043,0.5151389837265
dish_1572031211,11.225904464722,3.1309497356415,0.34180146455765,0.1586139947176,0.60765868425369,0.18083012104034,167264.9375,74490.796875,1.2906246185303,0.57477468252182
dish_1572031254,12.131791114807,3.0016887187958,0.35027396678925,0.11918579787016,0.63957762718201,0.25072076916695,190281.71875,62847.7578125,1.4682232141495,0.48493638634682
dish_1572032356,11.295909881592,0.51226001977921,0.34081441164017,0.07858868688345,0.75713956356049,0.15685048699379,182079.546875,55588.28125,1.4049347639084,0.42892190814018
dish_1572035359,15.834272384644,5.6082553863525,0.47693100571632,0.20232690870762,0.30645689368248,0.31319850683212,179123.75,83729.8046875,1.3821276426315,0.64606326818466
dish_1572376778,9.939733505249,0.42869818210602,0.3536673784256,0.13243673741817,0.73097538948059,0.064644038677216,168621.3125,75885.2578125,1.3010904788971,0.58553445339203
dish_1572376802,9.4578151702881,0.73170638084412,0.31598314642906,0.0096738394349813,0.88089847564697,0.066953979432583,165420.90625,72194.7265625,1.2763959169388,0.55705809593201
dish_1572464354,9.5854797363281,0.69498467445374,0.3088693022728,0.015256864018738,0.74055433273315,0.018218943849206,166279.8125,77571.921875,1.2830232381821,0.59854876995087
dish_1572464738,13.430515289307,4.8411588668823,0.38835871219635,0.15862631797791,0.51879167556763,0.46540173888206,165656.46875,64329.44140625,1.2782135009766,0.49636921286583
dish_1572540208,9.8733615875244,0.78190833330154,0.24349048733711,0.02987451851368,0.8272157907486,0.021930564194918,166980.671875,71131.53125,1.2884311676025,0.54885441064835
dish_1572548822,12.477440834045,0.69698750972748,0.36316168308258,0.030878635123372,0.60231137275696,0.26091781258583,169519.59375,68621.0546875,1.3080216646194,0.52948349714279
dish_1572548878,9.7742652893066,2.6051020622253,0.28289440274239,0.040046669542789,0.84433281421661,0.0095419203862548,168537.53125,78276.796875,1.3004438877106,0.60398763418198
dish_1572625898,13.945806503296,1.6352181434631,0.36610201001167,0.010817536152899,0.57438510656357,0.34894621372223,168956.453125,68721.5625,1.303676366806,0.53025901317596
dish_1572627130,11.592510223389,2.612184047699,0.35676115751266,0.09734158217907,0.74509286880493,0.070392780005932,169953.71875,80979.890625,1.3113712072372,0.62484484910965
dish_1572984755,12.520117759705,0.95920020341873,0.37154918909073,0.012896534986794,0.6680520772934,0.24648860096931,169342.65625,73319.828125,1.3066563606262,0.56573939323425
dish_1572988741,12.389764785767,0.1562521904707,0.36165475845337,0.031509932130575,0.67876875400543,0.14447425305843,167756.125,69139.0703125,1.2944145202637,0.53348046541214
dish_1572988785,9.3436889648438,1.9431979656219,0.27997401356697,0.0011849164729938,0.87177085876465,0.043469920754433,172606.09375,78411.1484375,1.3318371772766,0.60502421855927
dish_1573072410,11.341461181641,4.6889152526855,0.33598083257675,0.13791248202324,0.60469782352448,0.39725178480148,174501.59375,75183.59375,1.3464629650116,0.58012026548386
dish_1573073741,14.799428939819,3.0336067676544,0.38524347543716,0.05081270262599,0.49143663048744,0.37001237273216,167901.796875,64705.56640625,1.2955385446548,0.49927136301994
dish_1573159511,12.288359642029,0.90559214353561,0.29144012928009,0.078947566449642,0.73347592353821,0.068918988108635,164711.28125,66975.8984375,1.2709203958511,0.51678937673569
dish_1573159903,10.09291267395,0.67384457588196,0.26340392231941,0.0065344767645001,0.85420024394989,0.046618640422821,180883.84375,56530.65625,1.3957085609436,0.43619331717491
dish_1573234760,8.6872959136963,0.25667700171471,0.23068287968636,0.027019249275327,0.90118968486786,0.12251595407724,166348.203125,75294.578125,1.2835509777069,0.58097672462463
dish_1573491352,14.11994934082,7.2453904151917,0.48738640546799,0.26765245199203,0.556980073452,0.13549773395061,167201.953125,63960.5859375,1.2901384830475,0.49352300167084
dish_1573579470,14.326362609863,0.64591562747955,0.37892317771912,0.040917802602053,0.54221493005753,0.28173702955246,165702.34375,69009.1015625,1.2785675525665,0.53247761726379
dish_1573579635,9.6624526977539,0.83069008588791,0.28153520822525,0.065579675137997,0.8104110956192,0.047995019704103,167829.859375,76309.1328125,1.2949833869934,0.5888050198555
dish_1573665025,9.6457004547119,1.9095193147659,0.26726448535919,0.0093343472108245,0.7557932138443,0.048597507178783,165669.40625,68537.796875,1.2783132791519,0.52884101867676
dish_1573665056,9.0880298614502,0.79517143964767,0.24080085754395,0.075835786759853,0.79083597660065,0.054938036948442,172187.4375,73896.5390625,1.3286068439484,0.57018941640854
dish_1573666680,12.778350830078,1.5229328870773,0.34578490257263,0.051409989595413,0.6278258562088,0.10317286849022,168872.546875,67828.46875,1.3030289411545,0.52336782217026
dish_1573679123,16.059509277344,2.2626276016235,0.43892008066177,0.2473728209734,0.35295879840851,0.082635700702667,176507.71875,72104.75,1.3619422912598,0.55636382102966
dish_1573762582,12.564474105835,1.8355532884598,0.30798384547234,0.11291625350714,0.65998035669327,0.20089666545391,166449.640625,69648.296875,1.2843337059021,0.53740966320038
dish_1573851615,11.134780883789,0.70748376846313,0.26563566923141,0.074177339673042,0.68630659580231,0.1024846509099,184393.34375,57609.44140625,1.422788143158,0.44451728463173
dish_1574109245,12.741012573242,2.3300173282623,0.35222262144089,0.10397730767727,0.55936735868454,0.3600917160511,166919.515625,65814.7109375,1.2879592180252,0.50782954692841
dish_1574193218,10.521788597107,1.0874871015549,0.30883204936981,0.038327857851982,0.77159678936005,0.068759210407734,166138.1875,70583.78125,1.2819304466248,0.54462796449661
dish_1574197731,13.109167098999,1.9753108024597,0.3245724439621,0.061264112591743,0.51720905303955,0.29206293821335,167918.96875,65208.5703125,1.2956709861755,0.50315254926682
dish_1574280343,9.860258102417,1.4084471464157,0.23364156484604,0.017000079154968,0.75634515285492,0.020210888236761,170027.40625,76146.9453125,1.3119399547577,0.5875535607338
dish_1574280383,12.619576454163,0.23923225700855,0.31006306409836,0.014559903182089,0.52684390544891,0.12753708660603,169437.78125,66350.6171875,1.3073902130127,0.5119646191597
dish_1574359160,12.786851882935,0.039945770055056,0.27251040935516,0.015685392543674,0.67207098007202,0.20646144449711,166145.96875,74809.1484375,1.2819904088974,0.57723104953766
dish_1574455517,12.094450950623,1.3683806657791,0.31065085530281,0.039179459214211,0.70800536870956,0.12150877714157,166043.03125,69796.8671875,1.2811962366104,0.53855609893799
dish_1574702427,12.490867614746,2.2915868759155,0.31916397809982,0.12723982334137,0.63045036792755,0.14077228307724,167251.578125,71257.5390625,1.2905213832855,0.54982674121857
dish_1574711451,11.136472702026,0.274887830019,0.26056092977524,0.0068629398010671,0.78823274374008,0.035762865096331,67956.1328125,67567.5859375,0.52435290813446,0.5213548541069
dish_1574711517,17.22947883606,2.9220383167267,0.51944839954376,0.12429166585207,0.34003129601479,0.24103812873363,171938.171875,70345.59375,1.3266834020615,0.54279005527496
dish_1574728191,15.2487449646,3.6894075870514,0.50505834817886,0.15618777275085,0.35741251707077,0.30916920304298,170393.90625,72998.921875,1.3147677183151,0.56326323747635
dish_1575997268,12.923217773438,4.3298106193542,0.3355667591095,0.14019958674908,0.67529821395874,0.062447257339954,172121.4375,77634.609375,1.3280974626541,0.59903246164322
dish_1575999037,14.463013648987,1.8964422941208,0.35113763809204,0.082227595150471,0.55671656131744,0.34616035223007,62259.75,76710.5234375,0.48039931058884,0.59190219640732
dish_1576258685,12.517107009888,3.7769005298615,0.28334206342697,0.079552412033081,0.72407925128937,0.10454538464546,173377.046875,74484.703125,1.3377858400345,0.57472771406174
