dish_id,psnr_frame_mean,psnr_frame_min,psnr_frame_max,ssim,ssim_frame_min,ssim_frame_max,psnr_from_avg_mse
dish_1566502505,18.1180045,12.9144215,28.04111242,0.635610193,0.3762360513,0.8666219711,14.84078047
dish_1551236949,32.3746218,30.24260572,34.27462332,0.9479568973,0.9375478029,0.9572638273,32.1314993
dish_1550705288,31.01289332,25.28554461,34.29812463,0.9465403184,0.8894349337,0.9682132602,29.89235438
dish_1551306798,31.25956937,28.02259201,34.71431836,0.9662759975,0.9578586221,0.9732113481,30.68953589
dish_1551375142,33.0340455,31.2982796,36.50484959,0.9635131657,0.9536595941,0.974991262,32.77200433
dish_1551492935,33.53664048,28.49606105,37.48770072,0.9748713225,0.9670199156,0.9822698832,32.57563152
dish_1561664061,17.85480077,16.406534,19.30306754,0.7395226359,0.6222578287,0.8567874432,17.61766714
dish_1563823423,17.00156148,16.14998325,17.8531397,0.6541465819,0.6486266851,0.6596664786,16.918601
dish_1563898722,17.19019425,16.1957134,18.96038698,0.6880064011,0.6327368021,0.7634612918,17.02246509
dish_1550788191,33.8459189,30.0509869,36.21856445,0.97446201,0.9660456181,0.9832574725,33.40787969
dish_1551234316,30.65702639,28.41217156,33.90829226,0.940521948,0.9170863628,0.9648267627,30.28390052
dish_1551237231,30.78636828,24.24090576,35.06507481,0.9721359834,0.9562113285,0.9832012653,28.78194086
dish_1568229442,18.66957507,15.28409113,25.0283174,0.70804286,0.5967501998,0.9033505321,17.01144679
dish_1568666357,14.10632137,13.69972419,14.51291855,0.5018058419,0.4939872026,0.5096244812,14.0873158
dish_1563389079,20.78408403,19.90455257,21.64669791,0.8501780828,0.8184238076,0.8668037653,20.72591192
dish_1551389749,26.82684802,20.70368352,31.03902135,0.9547199607,0.9254463315,0.9752852917,25.196492
dish_1551235600,6.452454092,6.281640328,6.617977903,0.07724526844,0.05583234131,0.09609659016,6.451211914
dish_1551390651,30.92792999,28.02847092,34.72254289,0.9723449722,0.9566906095,0.9800773859,30.36231305
dish_1568056258,14.39303312,10.31628637,17.40652262,0.6601428092,0.3684258759,0.8302320838,13.32190028
dish_1551235109,29.41176329,25.80925825,32.14858648,0.9214392751,0.8880847692,0.955026269,29.01932186
dish_1563389693,17.77533793,14.12785138,23.91405163,0.7474087477,0.6002916098,0.9270170927,16.17762415
dish_1563306392,18.27335024,16.77002672,20.54520037,0.7644714117,0.6484645009,0.8668744564,17.99323291
dish_1551124322,29.23168147,22.67575595,31.22533259,0.9439687861,0.9212278128,0.9628395438,28.22956073
dish_1557937758,27.13683451,24.71036228,29.54486189,0.9167338908,0.8927121758,0.9386600256,26.76906727
dish_1550777319,33.20657919,29.96297029,34.45624319,0.9763113782,0.965791285,0.9826902747,32.93626786
dish_1551563511,25.97935799,22.42041067,30.87814089,0.9592698067,0.9186291695,0.9748778343,25.24987582
dish_1563381738,28.35868116,26.87145652,29.84590579,0.9499709904,0.9381298423,0.9618121386,28.10886075
dish_1551123023,30.54357909,27.35421232,33.24579635,0.9564866126,0.9204081893,0.9683679342,29.96717963
dish_1563218408,21.45544043,18.82506887,24.08581199,0.877833724,0.8504444957,0.9052229524,20.70328884
dish_1558373639,24.14004569,22.51648643,25.76360495,0.90702793,0.9044730663,0.9095827937,23.84338728
dish_1551381730,30.60505743,23.55282494,33.29379672,0.9701090306,0.9515591264,0.9781612158,29.21851182
dish_1557861216,10.18873048,9.052576686,11.86980142,0.001151688994,0.000809387886,0.001798172598,10.09934265
dish_1561579867,20.98151549,18.12603345,23.83699753,0.8065387607,0.7577508688,0.8553266525,20.10351483
dish_1550861324,6.263049448,6.15145548,6.555578004,0.02803708334,0.0231177751,0.03476827592,6.261377391
dish_1560367733,15.90511837,15.78850267,16.13395261,0.6306258837,0.593005538,0.6884818077,15.90213059
dish_1550781317,6.142623351,5.224090655,7.045284802,0.03574468475,0.02687134035,0.04509305209,6.112860276
dish_1551493236,27.38484475,17.81488895,30.30121281,0.9581068382,0.8900210857,0.9737138152,24.84588872
dish_1551322890,30.18094093,28.00077552,32.33407102,0.9594369009,0.947404623,0.971036911,29.98406089
dish_1567537422,17.43840822,13.95662736,24.12263703,0.6929453015,0.5847620368,0.8698433638,15.64442512
dish_1551124637,30.95935309,27.97953414,33.63329428,0.9515688568,0.9411227703,0.9607058764,30.49016423
dish_1550873434,32.28872472,29.32983244,35.59167486,0.9636120051,0.9514378309,0.9737365842,31.88926194
dish_1563898688,24.52052142,21.71380396,27.32723887,0.8388600647,0.7628507018,0.9148694277,23.67045962
dish_1562615128,18.14739213,17.96599788,18.32878638,0.6490996182,0.6430470943,0.655152142,18.14360503
dish_1563997418,19.9755643,18.20982408,21.74130451,0.7791102827,0.6992482543,0.858972311,19.62608417
dish_1550770222,24.7782988,19.15064615,31.31130444,0.8787382543,0.7759296298,0.9447248578,22.30651626
dish_1561578570,32.33821447,29.44002665,35.75028774,0.9591428836,0.9418948889,0.973923564,31.63111163
dish_1551135179,31.35142463,26.64626793,36.65238208,0.9505744129,0.9048848152,0.9775871038,30.38774017
dish_1551390051,26.83226685,24.33026342,28.62217983,0.9096969739,0.862567842,0.9390804768,26.56676654
dish_1561574815,17.7899057,14.39463221,21.18517919,0.6111498773,0.3907990456,0.8315007091,16.57928685
dish_1561576074,23.08282722,19.58266007,26.58299438,0.8815148473,0.8199580908,0.9430716038,21.80291813
dish_1562615070,27.52864758,23.46974589,32.03471467,0.9265864094,0.8961129785,0.961071372,26.26954787
dish_1565711115,16.71790361,14.36247528,19.07333193,0.6991390586,0.622595191,0.7756829262,16.10822008
dish_1561492703,26.08482038,25.3552814,26.81435937,0.8829531074,0.8726023436,0.8933038712,26.0238315
dish_1566931586,16.2477129,10.68742002,26.22703463,0.5950938761,0.3562810719,0.9193964005,13.77173949
dish_1551378584,31.79614992,23.51627911,34.11555633,0.9168293104,0.8114724755,0.9575260878,29.96194694
dish_1551134053,27.85184282,22.25361361,32.31623177,0.9405498107,0.9043405652,0.967671752,26.62373363
dish_1557863056,34.64659248,31.07786114,36.21123827,0.9751473665,0.9695287943,0.9793334007,34.30857487
dish_1567538263,19.78184783,17.13633612,22.42735955,0.7321627438,0.5676189065,0.8967065811,19.02148574
dish_1551303476,25.12829268,20.28931079,27.98008346,0.9046537504,0.8544437885,0.9401161075,24.39400501
dish_1563897338,23.26691724,19.74280756,28.18913573,0.878129974,0.8390781879,0.9360262752,22.30534697
dish_1562168800,17.47024112,11.37630032,25.45424649,0.6337470313,0.4192136824,0.8985609412,14.6278334
dish_1551142128,18.51689185,13.94603667,20.93058283,0.8552738627,0.7637091279,0.8985745311,17.76036083
dish_1562784266,20.34852022,17.02936206,23.67957974,0.8268448114,0.7386487722,0.8912518024,19.53917804
dish_1551136315,29.00756409,25.39533028,31.32389798,0.915594399,0.880759418,0.9407363534,28.55311403
dish_1551384080,32.83759163,29.7701014,35.83973055,0.9800267071,0.9740683436,0.9848663211,32.52588432
dish_1566419603,19.49204936,13.6432521,29.54861503,0.7141937415,0.5071829557,0.9116315842,16.0819694
dish_1559593722,18.32251693,15.67737259,20.96766127,0.6656965315,0.5928407907,0.7385522723,17.56235451
dish_1550710207,32.90994569,28.31455857,35.8393877,0.9649121389,0.9439888,0.9752708077,31.93776502
dish_1551225381,12.34587961,9.406525704,14.93300117,0.0969576831,0.0607153587,0.1402636915,11.8100159
dish_1551125305,29.1756766,27.4925832,31.93371009,0.9290571676,0.9010323286,0.9458321333,29.02651963
dish_1574280383,7.190915759,7.083057382,7.298774137,0.136782743,0.1158896238,0.1576758623,7.189576549
dish_1551392833,32.79857089,19.60481063,42.86664662,0.9437165484,0.8606015444,0.975764513,25.58491549
dish_1551378719,29.09902824,26.90156611,31.53187493,0.931785427,0.9178854227,0.9547193646,28.79441758
dish_1561061123,11.98339887,11.56349359,12.4348834,0.4541680316,0.3777470887,0.5159974098,11.96883653
dish_1551141628,27.98897647,24.08047313,31.3641672,0.956322439,0.9391878843,0.9693969488,27.49908263
dish_1557863104,33.79213829,31.03326813,36.73465083,0.9659404159,0.9575689435,0.9749966264,33.50089575
dish_1550710715,31.64200735,28.65739338,34.3960617,0.9321510643,0.9030835032,0.9497871995,31.19893346
dish_1563566909,16.55596437,14.610416,18.02194021,0.6516787608,0.6363999844,0.6677039862,16.31095349
dish_1551389176,28.78031556,26.58572119,30.9722341,0.952865243,0.9381834865,0.9679388404,28.4802667
dish_1566329257,19.3027635,15.46247441,26.02931412,0.7881550193,0.6874469519,0.9107092023,17.46781627
dish_1551389458,32.68873399,29.57854372,34.1074035,0.9772203639,0.9727340341,0.9821346998,32.4068406
dish_1562961609,20.54348633,18.32814173,24.32293376,0.6935082674,0.5924361348,0.8220270872,19.85192649
dish_1560543525,7.189287871,6.929856505,7.448719238,0.166430153,0.1291463673,0.2037139386,7.181543743
dish_1551142547,26.29899915,21.62941912,29.16663927,0.9161545104,0.8455521464,0.9470242262,25.6383753
dish_1565727765,14.95877143,14.84841369,15.06912917,0.5401316881,0.5089569688,0.5713064075,14.95736944
dish_1562945900,12.33532787,11.55772321,12.72897012,0.5395554701,0.5093440413,0.555249095,12.29955579
dish_1565194852,10.03803089,8.64369871,11.43236307,0.4960842282,0.4799148142,0.5122536421,9.817943751
dish_1550772809,30.64723424,26.63639952,32.48616395,0.95192229,0.9288406968,0.9657709599,30.20694554
dish_1561662842,6.709050991,6.689670349,6.728431633,0.1004402824,0.08831369132,0.1125668734,6.709007747
dish_1562960472,25.3545376,23.57522499,28.3649238,0.8795995514,0.8284773827,0.9442560077,24.89598826
dish_1574193218,23.05191427,21.34603895,24.75778959,0.8504493237,0.778306663,0.9225919843,22.72516328
dish_1551139831,32.56672059,29.93995437,36.16622289,0.9545357898,0.9429017305,0.9672262073,32.15277535
dish_1565035830,20.43968358,16.0101448,27.94023983,0.7357554237,0.5617046952,0.9392069578,18.23948482
dish_1551318068,33.51463037,32.26146417,35.02082198,0.9763763812,0.9701948166,0.9829674363,33.42690989
dish_1565204931,22.42982778,14.98402221,29.87563336,0.7588182688,0.6134436727,0.9041928649,17.85574995
dish_1562605384,22.32820866,16.29486645,28.36155087,0.8198297918,0.6996799707,0.9399796128,19.04337198
dish_1551564992,30.26935125,22.12777018,34.24023722,0.9585580751,0.8776599169,0.9801823497,27.51286188
dish_1563221086,17.47180292,13.03809667,23.98789848,0.6269872288,0.4186652005,0.8715804815,15.60225956
dish_1551492590,31.08207619,29.7427054,34.42705923,0.9256145135,0.9010013938,0.9469095469,30.87679073
dish_1551486628,24.88996447,22.86418342,26.83814592,0.9046744332,0.8841463327,0.9350858331,24.68894813
dish_1550779336,27.5808117,24.90156417,29.05729919,0.8868505359,0.8731224537,0.9193782806,27.37211982
dish_1551224208,26.63630508,25.37040857,27.82805503,0.8964589089,0.8773995638,0.9147741795,26.53587314
dish_1563378110,16.88699092,16.25139565,17.70366276,0.6931958199,0.6596940756,0.7146989703,16.84556142
dish_1564171996,16.14756344,15.48308498,17.30082427,0.6310504476,0.5561307669,0.6965643764,16.07401698
dish_1562173267,18.04380013,14.10450902,24.94341995,0.7136283716,0.6141427755,0.9107199907,16.13271142
dish_1557937335,31.22273527,24.33884679,40.68400017,0.9671053737,0.9471188188,0.9880828857,27.5785387
dish_1550778355,30.90007684,29.20734772,33.34675504,0.9643369839,0.952968955,0.9742741585,30.71257592
dish_1565638365,21.82772034,15.60791344,28.13471368,0.6743406753,0.4766869843,0.9056876302,19.24128891
dish_1550860747,27.51775645,20.05250761,36.73493093,0.9162556678,0.7947266698,0.9870516658,25.1541694
dish_1561492161,23.17116242,22.90308368,23.43924117,0.7548141479,0.7244797945,0.7851485014,23.16289377
dish_1551373738,27.56238477,22.78336109,30.40521134,0.9368178315,0.8950354457,0.9565842748,26.82061081
dish_1561578676,19.06834532,13.36416782,26.710111,0.7063036958,0.5183119774,0.9049526453,16.47294446
dish_1568405306,14.34916024,13.43453138,16.11627542,0.5495089889,0.5032343268,0.6353125572,14.18298038
dish_1568044581,17.06979914,12.10703667,20.43105078,0.7413837512,0.5368449688,0.9164063334,15.51840886
dish_1551390474,31.97906415,30.25122131,34.50543104,0.9727554056,0.9687905908,0.9800972342,31.79121552
dish_1565379251,27.32408056,24.61335925,31.60006269,0.9501325488,0.9241284132,0.9787617922,26.44365435
dish_1560456370,19.59422881,18.20929755,20.97916007,0.7028983831,0.677773118,0.7280236483,19.3770511
dish_1551306958,28.7921683,25.35146136,34.42929402,0.9536243876,0.9410308599,0.9724223018,28.06243725
dish_1565981848,16.91314491,12.52761591,20.17922513,0.5903342664,0.4914880693,0.6520773172,15.67544714
dish_1563378660,24.23709461,20.19753483,27.75898341,0.9032283227,0.8325392008,0.9500834942,23.13463113
dish_1551377177,28.21285535,23.68928303,30.00124675,0.9403390959,0.9203960896,0.9534855485,27.71328891
dish_1550770751,28.04783824,17.65959895,34.49876555,0.9518378899,0.8712168336,0.9845100641,23.5942899
dish_1563305401,20.28350264,15.03144312,25.94522197,0.7426836193,0.5733175278,0.8809826374,17.85337997
dish_1551318673,28.11454497,26.27488229,30.99987944,0.924955301,0.904011786,0.9560860395,27.89647327
dish_1551307090,26.10573372,23.83054486,29.22932285,0.9039707854,0.8825948238,0.9377983212,25.74698878
dish_1551324079,32.67931476,30.10558997,34.77915704,0.9733530581,0.9670481086,0.980250299,32.35873026
dish_1562872498,17.34436129,12.87658886,22.92059481,0.6393177112,0.5153254271,0.8651714921,15.71549049
dish_1566416421,22.80316213,16.76269937,29.86595547,0.7862230341,0.6524989009,0.9163050652,20.18624133
dish_1550861703,21.16036899,9.54224189,24.16470959,0.8451337554,0.3802498281,0.9246227741,17.30554383
dish_1551381103,20.4162486,12.52510373,26.67922546,0.8499110937,0.7190510631,0.9331712723,17.93669176
dish_1559838402,17.72847451,17.46588183,17.99106718,0.6931996047,0.6758148074,0.7105844021,17.72054061
dish_1562617416,22.09700411,19.78516623,25.24543044,0.6784106692,0.5550724864,0.8235130906,21.55385811
dish_1562788816,19.51248833,13.82579445,28.28273133,0.7667894661,0.609143436,0.9339839816,17.11717779
dish_1565119739,18.58756236,17.28943731,19.88568741,0.6207996607,0.5098782182,0.7317211032,18.39637664
dish_1567020054,26.13946026,18.51851658,33.60883549,0.8257847428,0.6391366124,0.9704909325,22.5052177
dish_1562690112,20.3937424,16.64814056,27.45881431,0.7145465016,0.6101782918,0.8984414339,18.43188771
dish_1551303285,19.55036405,15.0934279,27.48451413,0.8668481931,0.7832100987,0.93574965,18.12746621
dish_1563216412,17.77037482,13.2014178,22.33933184,0.750443846,0.5948802829,0.9060074091,15.7119536
dish_1551565613,18.11600687,13.40565688,23.2321692,0.7680322006,0.6363444924,0.9239550233,16.64790701
dish_1563304881,20.13275368,15.20996561,23.00329021,0.6628023386,0.4407209754,0.7954785824,18.62384168
dish_1566230222,15.44774044,13.72568225,17.16979863,0.6849720478,0.5934305191,0.7765135765,15.11491494
dish_1566244964,13.65375767,13.37236646,14.07004541,0.5492933691,0.4775763452,0.607270062,13.64351577
dish_1550862580,29.6949944,15.51051718,35.1126307,0.9520599097,0.8536119461,0.9882306457,23.52343295
dish_1562704616,21.62148013,20.36808107,23.39843056,0.7873876691,0.7171941996,0.84633255,21.44156049
dish_1561661806,23.57439357,21.99265696,25.15613018,0.9156585336,0.9065838456,0.9247332215,23.29250419
dish_1551225106,26.62278209,22.88662514,28.75727217,0.929518491,0.9006068707,0.9485116005,26.01519228
dish_1562859116,23.92429774,20.45750319,28.65420352,0.9181423585,0.8789256811,0.9579664469,22.78960868
dish_1561575445,17.50234406,15.49534647,19.50934165,0.7553646266,0.708330214,0.8023990393,17.0542223
dish_1550711845,24.20768336,22.15336764,25.9820314,0.8579462022,0.7180002928,0.9112074375,24.03017527
dish_1550863037,29.57568402,26.40249266,33.43773899,0.9489695504,0.9360672235,0.9657847285,28.97472885
dish_1550704750,14.96263089,12.60842033,17.31684145,0.7746260166,0.7088506222,0.8404014111,14.35354975
dish_1566328831,18.48989179,15.88609413,23.51274859,0.7039899429,0.610157311,0.857340157,17.37132707
dish_1562686520,18.74654298,18.03878195,19.45430401,0.8110453486,0.7959643006,0.8261263967,18.68912526
dish_1567021799,19.16522408,18.86945605,19.46099211,0.7239351869,0.6992596984,0.7486106753,19.15516049
dish_1551124157,29.37934735,27.41209267,31.41230049,0.9440409541,0.9303101301,0.9572327733,29.15899697
dish_1566245365,14.94540517,9.022626833,17.92366426,0.7035469353,0.3282276094,0.8397313952,13.52024052
dish_1551491020,32.19262275,27.7142548,34.54753571,0.9747761786,0.9623700976,0.9829553366,31.59206995
dish_1560798928,17.51540095,17.11846304,17.91233886,0.5097437054,0.4880184233,0.5314689875,17.49728642
dish_1551377473,29.30578757,26.97622669,30.66956497,0.9485108786,0.9320737123,0.9613342881,29.16525006
dish_1551379408,24.91986751,17.21861385,27.84630899,0.8739867881,0.7686443925,0.9106450677,23.29827053
dish_1561574368,21.24698275,18.5650538,22.71217184,0.7735451659,0.6704413295,0.8363951445,20.80203271
dish_1550710448,31.3701719,27.40605595,34.66555171,0.9671781924,0.962405324,0.9710616469,30.8966051
dish_1564169254,23.11506324,17.0473813,27.4340088,0.8294917146,0.7241053581,0.9187090993,20.82588094
dish_1557862345,30.70379574,26.43251502,33.74447121,0.9654993638,0.954163909,0.974132359,30.0903895
dish_1562774456,6.566596726,6.222353722,6.91083973,0.04972757027,0.01749034971,0.08196479082,6.552967798
dish_1563304333,19.99574496,15.14927791,27.14827257,0.7369390527,0.5801928043,0.9060188532,17.8246864
dish_1568666032,20.32717636,16.63638535,25.8888251,0.6800279419,0.5872707963,0.8613442183,18.91206455
dish_1551122713,25.53692151,22.07314049,27.78307888,0.8852708042,0.8265782595,0.9194682837,25.10316643
dish_1567024224,17.11888265,14.94977326,19.29242413,0.7061455846,0.6194024682,0.7951911092,16.76446886
dish_1551233827,27.90273081,26.14890463,31.26401357,0.9333051667,0.8896099925,0.9551884532,27.67566436
dish_1565030350,16.73083927,16.45322443,17.00845411,0.717682302,0.6445177794,0.7908468246,16.72197229
dish_1562010048,23.58443763,21.66468506,25.50419021,0.8937809467,0.8919277787,0.8956341147,23.17327274
dish_1551391257,31.41613344,27.71498068,33.94895182,0.9633249566,0.9497665167,0.9732206464,31.02373426
dish_1559925083,25.66292741,24.43078634,26.89506848,0.8723170161,0.8341556787,0.9104783535,25.49043712
dish_1559846825,23.96489917,21.86343485,25.27998222,0.8726856311,0.8474085927,0.916637361,23.6907598
dish_1565117429,21.63019775,19.12782558,25.8761642,0.8070384264,0.697732687,0.9105652571,20.7791147
dish_1566587714,23.00296354,17.96822722,28.03769985,0.7985673845,0.6994134188,0.8977213502,20.5708703
dish_1551303912,27.40260081,21.57632526,33.85703619,0.9014927745,0.8311712146,0.9547662735,25.34783308
dish_1564169197,29.5175754,27.71351232,33.12347582,0.9532981912,0.9265116453,0.9822338223,28.89162668
dish_1563824377,18.18456265,16.4838661,21.3893499,0.8109291792,0.7345213294,0.8984835744,17.67777918
dish_1551567848,32.44241573,30.25991708,33.95593157,0.9577622158,0.9474691153,0.9682889581,32.24372984
dish_1568144612,6.862562141,6.809447579,6.915676702,0.1101999022,0.1012632921,0.1191365123,6.862237351
dish_1561662054,9.062506361,8.086840361,9.60561834,0.3145595392,0.2559961677,0.3708935082,9.005642141
dish_1562784307,17.89282728,17.24484536,18.32005031,0.6767192284,0.6410958767,0.7290655971,17.86733725
dish_1551233802,30.3556387,12.95806003,37.69178854,0.9333131984,0.7182866931,0.9891688228,20.08581318
dish_1565972429,11.10158993,10.80566372,11.37448071,0.5716576179,0.5148572922,0.6201046109,11.0953368
dish_1551320684,9.095443238,8.299981347,9.561313944,0.0008378427228,0.0006925351918,0.0009354702779,9.072250391
dish_1563294987,27.99895969,27.17290483,28.82501456,0.9597313404,0.9470809698,0.972381711,27.92086851
dish_1562873264,14.96840023,13.21458091,16.49904602,0.5227418939,0.4219067693,0.6372522712,14.75591408
dish_1551224175,26.95976204,22.29757913,28.52629153,0.8986851647,0.8568270206,0.9267095923,26.42776718
dish_1566934487,18.31205002,12.88048914,26.34667472,0.719239374,0.6044846177,0.9230707884,15.70269541
dish_1550771984,28.19084329,25.04853355,30.85323432,0.9161656052,0.8696271181,0.9408110976,27.69666522
dish_1550791822,29.26163553,25.94165778,32.0942278,0.9603460497,0.9443000555,0.9743828773,28.68185358
dish_1551376692,29.87730523,25.69306511,34.00409004,0.9596898332,0.9417569637,0.9726175666,29.12824726
dish_1562947436,18.92561876,14.32985925,23.52137826,0.7550759912,0.6043388844,0.905813098,16.84619
dish_1551492666,30.21258503,26.90694236,32.89339982,0.9698468894,0.9616746902,0.9776102304,29.82704518
dish_1550860820,27.91757921,25.21509351,31.12620495,0.9402995631,0.9139086008,0.9630644321,27.50163574
dish_1561494032,15.79700126,14.79406006,17.14558959,0.6013562481,0.5496265292,0.670460403,15.68879933
dish_1563220143,15.58485792,14.19058756,17.22792528,0.548679014,0.4603244066,0.6357728839,15.41100577
dish_1558115320,32.62134678,31.72595446,33.58907509,0.9751434525,0.9718275666,0.9785645604,32.55524266
dish_1551375297,35.29191328,30.45869331,38.73445416,0.9677651823,0.9398852587,0.9789578319,34.48733896
dish_1551237814,25.32734058,20.62874993,28.55860333,0.8954800293,0.8306661248,0.9300495386,24.67919752
dish_1550859694,27.7301863,16.03812631,34.48831533,0.9382397756,0.8309805989,0.9705800414,22.96196748
dish_1572988785,16.9664314,16.71698959,17.21587322,0.7256325483,0.72160393,0.7296611667,16.95927186
dish_1551225609,27.58268628,15.88727948,32.76920277,0.9345604032,0.7762197256,0.9724851847,22.06932672
dish_1561061658,13.64482286,13.62376827,13.66587745,0.4474045187,0.4294230342,0.4653860033,13.64477183
dish_1562963484,17.78614012,16.32699779,20.09828384,0.6672912836,0.5724174976,0.8333884478,17.50105499
dish_1560455090,16.45551983,15.46521722,17.44582244,0.681786567,0.6067681909,0.7568049431,16.34357775
dish_1551490433,30.87246536,26.45590957,34.70432232,0.9455653355,0.9188516736,0.9616686702,30.05854049
dish_1551566356,31.39666772,28.17521089,33.38763334,0.9565848245,0.9451949596,0.9672387838,31.14974503
dish_1565810237,13.90459772,13.36074158,14.44845387,0.4403218329,0.3961038888,0.484539777,13.87063348
dish_1566849295,8.29585269,8.139074566,8.452630815,0.2806548476,0.2792566121,0.2820530832,8.293023499
dish_1565799507,25.70541769,23.89874961,27.51208577,0.911152184,0.8994594812,0.9228448868,25.33999354
dish_1562611853,19.35057198,16.00175311,25.58668693,0.6601181626,0.5176610351,0.8836417198,17.74270996
dish_1560887457,15.99762932,15.5758417,16.41941694,0.6222695708,0.5588080287,0.685731113,15.97717939
dish_1561393764,13.52799762,11.08867927,18.09359144,0.5523533225,0.4824319184,0.6762006283,12.57659248
dish_1565721800,23.27130928,22.53617788,24.00644069,0.8415658176,0.8383282423,0.8448033929,23.20938621
dish_1562691674,20.47906485,17.78589634,22.61568487,0.8297569752,0.7175319195,0.8950599432,19.99944116
dish_1551494178,25.20826675,21.80577486,29.63635169,0.8958661109,0.852943778,0.9360161424,24.16021096
dish_1551223249,23.20342531,16.83087499,28.07577857,0.9133136496,0.7654131651,0.9535316229,21.97868323
dish_1564159588,6.886403589,6.777374852,6.995432325,0.1341898888,0.1208821982,0.1474975795,6.88503516
dish_1551222935,28.8656789,27.79648338,30.37275715,0.9649531469,0.9571319222,0.968986392,28.78407393
dish_1564171970,15.38855185,14.0802738,17.21488949,0.553283304,0.4038787186,0.728775084,15.19748683
dish_1551373181,26.91223029,21.18620301,33.45859052,0.9194883704,0.7392645478,0.9726413488,25.02486786
dish_1563381760,24.83622105,22.15727553,28.89779823,0.9119017919,0.8703132868,0.9539825916,24.01979744
dish_1559845637,23.03540329,19.8718409,26.19896567,0.8639399111,0.8091390133,0.918740809,21.97263934
dish_1566934120,15.17475177,12.71636931,16.68240245,0.6232014795,0.4218991697,0.7576996684,14.79861402
dish_1561746876,28.58696419,28.13235961,29.04156878,0.9559746087,0.9454683661,0.9664808512,28.56321429
dish_1551224833,26.25162171,21.3392036,30.90648799,0.890472129,0.8130162358,0.9439233541,25.06207629
dish_1563217968,14.03973876,9.922576799,18.15690071,0.4813510776,0.2917712331,0.670930922,12.32527673
dish_1562007763,18.78313159,14.35489986,26.11861277,0.654898564,0.4396220446,0.9167826176,16.64354084
dish_1561404458,17.85934272,14.68632421,21.03236124,0.7272617817,0.6781946421,0.7763289213,16.79068973
dish_1565726812,26.3083977,25.46031655,27.15647884,0.8520570993,0.8139984608,0.8901157379,26.22611293
dish_1564170474,19.4379142,17.76160716,21.11422123,0.8747881055,0.8644102216,0.8851659894,19.12212805
dish_1561737223,23.41500955,22.00671681,24.82330229,0.8875733614,0.8448056579,0.9303410649,23.19056792
dish_1561749778,18.88637606,17.65537915,20.25293811,0.712585628,0.6379284263,0.8245801926,18.75878856
dish_1550706639,30.8658655,26.47688405,33.36314467,0.9632300884,0.9438357949,0.97456038,30.16585768
dish_1561392386,29.96738014,29.13400837,30.80075191,0.9583933353,0.9549376965,0.9618489742,29.88790783
dish_1563464670,18.5338361,16.56536036,20.0802778,0.7669465343,0.6787140965,0.8288895488,18.2790821
dish_1562783691,9.494618396,7.273550995,11.7156858,0.3507281914,0.1981669217,0.5032894611,8.949827104
dish_1560798707,20.85411403,20.18362116,21.5246069,0.8102966547,0.7936087847,0.8269845247,20.80256076
dish_1562689645,18.25920051,14.35112085,22.16728016,0.7261221111,0.6038675904,0.8483766317,16.69688557
dish_1551133789,18.97967455,13.23620649,23.00710108,0.779643933,0.5616672635,0.930660069,17.61925619
dish_1572540208,13.86115957,13.00422385,14.71809528,0.6593286991,0.6585558653,0.6601015329,13.77715866
dish_1565034661,25.19099134,19.3031423,31.07884039,0.8387304842,0.7632545829,0.9142063856,22.03407764
dish_1550792023,34.56034301,30.55204836,37.85082023,0.9824994877,0.97527951,0.9858054519,33.88459404
dish_1565810146,15.88377243,12.6283352,18.74542802,0.6696465015,0.5426112413,0.7743316293,15.34331431
dish_1564159520,25.88462341,23.01129799,31.02071571,0.919448336,0.8696134686,0.9751213193,24.71398444
dish_1565207865,22.94831228,21.42402076,24.25072341,0.7953939438,0.7671051621,0.8440275788,22.78975342
dish_1560368138,23.31863786,20.39958971,26.237686,0.9032677114,0.8611668348,0.945368588,22.4036701
dish_1566838407,14.31652313,13.92651648,14.70652977,0.6386640072,0.6023651361,0.6749628782,14.29903486
dish_1560543557,17.22001487,14.44394031,19.99608944,0.6955677569,0.6362195611,0.7549159527,16.38732032
dish_1563391708,22.22787496,19.13374537,24.65167869,0.7874429027,0.6368839741,0.9233065844,21.59798595
dish_1561663891,20.60866956,18.17428573,24.81238182,0.7451909383,0.6498452425,0.8700866699,19.7755692
dish_1551493749,29.75601853,27.04312263,32.48581444,0.9440459477,0.9301772118,0.9619419575,29.26102738
dish_1551122662,24.77401201,22.80289432,26.71335669,0.8829113841,0.8425670862,0.9153248668,24.55966612
dish_1562775373,20.21650193,16.77312204,25.8203269,0.8262608051,0.7466897964,0.9100295305,18.82879821
dish_1562009894,16.16728175,14.84869878,17.48586472,0.6601931751,0.6101854444,0.7102009058,15.97011281
dish_1558376734,31.58763539,28.01070483,35.16456595,0.9273269773,0.8906963468,0.9639576077,30.2561252
dish_1562873028,18.22638151,13.56983709,26.5645935,0.7360989849,0.5821387768,0.9292429686,15.67140838
dish_1550708440,28.56888931,22.37555949,32.06254553,0.9660110548,0.9470697641,0.9803689122,26.84804415
dish_1565637608,18.68618498,15.70777808,21.66459189,0.7634909451,0.7088363171,0.8181455731,17.73614552
dish_1564168695,30.21957999,25.03965106,35.65707296,0.9516076048,0.9193338156,0.9769966602,28.3227426
dish_1568056019,19.36512275,15.97037652,22.75986898,0.8406252563,0.7734338045,0.9078167081,18.15484857
dish_1568405273,15.44496325,13.81445373,16.94686493,0.5815039575,0.4677989781,0.6911505461,15.25506556
dish_1563389548,18.72316051,16.09250279,23.02911089,0.8323059877,0.7645394802,0.9232560396,17.84258439
dish_1562699699,21.05870049,17.09868111,23.09291657,0.7573042909,0.5434054732,0.8789545894,20.08184353
dish_1566499686,16.53319173,14.61380595,18.45257751,0.5633204877,0.4249039292,0.7017370462,16.12217917
dish_1551568059,16.82210727,9.594372549,29.49684878,0.7401777878,0.4980383515,0.9612141252,13.57384647
dish_1565033189,18.37409385,11.53747685,26.89994835,0.6698430181,0.403192997,0.88206774,15.05463443
dish_1567525712,14.03473591,12.14610674,16.16762374,0.5683557987,0.5458778739,0.5972138047,13.73472711
dish_1564171888,28.15083602,22.2952755,34.00639655,0.9389099181,0.8992940784,0.9785257578,25.02215947
dish_1551228396,34.367179,30.48552727,36.54297852,0.9776248932,0.9648816586,0.9838423729,33.99499
dish_1566333167,22.99227937,22.31775074,24.20869678,0.8477747639,0.805478096,0.9149372578,22.9110557
dish_1571944531,22.81446788,21.33038543,24.29855033,0.7379466295,0.7039577961,0.771935463,22.56568231
dish_1562085672,7.181073096,6.878016367,7.500171085,0.143598487,0.1086921841,0.1627338827,7.173647855
dish_1559593794,18.36206049,17.658533,19.06558797,0.5541297495,0.5463889241,0.561870575,18.30532465
dish_1564160161,19.5499233,18.81039184,20.28945476,0.8220477104,0.8010711074,0.8430243134,19.48726029
dish_1561405836,6.336367132,6.192941155,6.479793108,0.03479027096,0.02314733155,0.04643321037,6.333999237
dish_1551391758,28.80380905,25.81312834,31.09864772,0.9499979483,0.9412872791,0.9593089223,28.49032996
dish_1551490701,34.92940108,33.37256832,36.48902594,0.9756390982,0.9705939889,0.9800216556,34.81681137
dish_1561661324,24.22201531,23.60153567,25.17139574,0.8426077366,0.8075860739,0.8717153668,24.17036026
dish_1551378291,27.70722422,24.94611051,29.78131693,0.9192325324,0.873849988,0.9420933723,27.47637269
dish_1560368506,14.37529202,12.42338152,15.72862563,0.6410544515,0.5858722329,0.6835404038,14.13460826
dish_1564160043,27.52077027,22.18801011,33.127428,0.919519484,0.8631032109,0.9631965756,25.52121045
dish_1551384167,24.5075472,20.80408933,27.89428289,0.8808000684,0.8398267627,0.9126942754,23.95282585
dish_1550772314,25.27913774,21.80151137,28.29459523,0.8763743937,0.7813341618,0.9235774279,24.77839479
dish_1550862217,20.79802549,12.36339052,29.67511946,0.8300459832,0.5365445614,0.9719339609,17.90940387
dish_1565123881,17.17194246,15.87482943,18.88264259,0.6651341716,0.6377829909,0.6833934784,16.99827004
dish_1551568200,33.17835538,32.42693128,34.0001331,0.9615161344,0.9561542273,0.9670644999,33.14502307
dish_1550711688,30.22131022,19.61000889,34.27349315,0.9446177557,0.828977406,0.9699499607,26.92126911
dish_1564170283,23.37861729,18.47195238,31.82064682,0.8374169469,0.7504038811,0.964279294,20.74997982
dish_1550711244,30.79465097,27.58060012,33.75489966,0.9532459842,0.9376098514,0.9695909023,30.3618701
dish_1551374746,26.72007972,23.34663387,30.55716904,0.9376435578,0.9226864576,0.9550576806,26.17839522
dish_1550876619,37.47722978,34.08977396,40.19328204,0.9879380688,0.981167376,0.99153018,36.93126882
dish_1568305198,27.33160382,27.29718495,27.36602269,0.9151320159,0.9013640285,0.9289000034,27.33146743
dish_1563563289,16.85194555,11.78789574,21.91599536,0.7418478131,0.5898162127,0.8938794136,14.39575938
dish_1565034281,19.0127729,14.91434135,23.17845857,0.705418388,0.6561934352,0.7646118999,17.79796319
dish_1562876494,23.17379063,20.6077294,25.77062675,0.9000008305,0.8613374233,0.922953248,22.67826583
dish_1551564176,32.3175268,28.58671416,33.8318452,0.9792576896,0.9695104957,0.9846768975,31.87522014
dish_1550778401,32.98210169,28.49721376,35.13180684,0.970969446,0.9582837224,0.9795863032,32.41371327
dish_1568060722,23.34679915,16.47243966,26.9526212,0.8216976325,0.6289428473,0.9183149934,20.50172172
dish_1563219009,18.25162578,15.80777742,20.69547414,0.7555766404,0.6764338613,0.8347194195,17.59751946
dish_1550777124,21.89594752,18.20921025,27.08530356,0.7694332898,0.6127103567,0.8996066451,21.10107379
dish_1563910639,17.10115635,15.82273029,18.78709314,0.6953374545,0.618288517,0.8095206022,16.93231219
dish_1562963289,20.2757463,18.77781776,22.53656012,0.7373316089,0.6405570507,0.8051929474,19.99806771
dish_1565640772,24.85055194,17.39014658,29.14389754,0.8145040075,0.6138685346,0.9174820781,21.54184589
dish_1562788845,17.3778018,14.10451111,22.28344749,0.6545993288,0.5748825073,0.8044866323,16.23360959
dish_1551393210,25.82478262,21.92518558,29.74216413,0.9139024748,0.8774835467,0.9467096925,25.08381458
dish_1551314855,32.02057396,28.25640512,36.32488528,0.9701070487,0.9590924978,0.9825124741,31.35165761
dish_1563208459,20.4832524,17.81665498,22.41368547,0.8063436747,0.749329865,0.8494983315,20.02605202
dish_1561062586,20.81776422,17.27695688,27.84026398,0.7709468007,0.6425881386,0.8450737,19.46325706
dish_1550705580,30.23589504,28.00322276,32.43074596,0.9631183371,0.9513802528,0.9742141962,29.95557343
dish_1551314669,31.68173754,28.16809872,33.38007668,0.9761990979,0.9670850039,0.9800588489,31.38396127
dish_1551227539,30.54997271,26.58921914,33.64146379,0.9593157098,0.9268940687,0.9754312038,29.85990276
dish_1560455263,15.9042269,14.11512112,17.69333268,0.5736792386,0.5234872103,0.6238712668,15.54568446
dish_1567801716,28.38912628,24.18661156,31.76055356,0.9515857498,0.9192714691,0.9757627845,27.2299961
dish_1561578623,16.79996973,15.88419568,17.55369695,0.7668528159,0.7347045541,0.7883230448,16.74417026
dish_1562686548,19.94754843,18.07369794,21.82139892,0.7884535193,0.7293111086,0.8475959301,19.5552469
dish_1551392376,26.79016878,23.90985075,29.81182841,0.9234433472,0.9026005864,0.9539771676,26.28577129
dish_1563565720,21.99204055,20.30703049,22.97391245,0.7785154581,0.7129298449,0.845852375,21.81866538
dish_1565638599,18.15454244,15.68664958,20.76709093,0.6341578563,0.6047537327,0.6522721648,17.67919058
dish_1563221640,12.74724457,10.30353316,15.19095598,0.4667161554,0.3700491488,0.563383162,12.09320809
dish_1551122952,25.6862078,23.16865833,27.45489498,0.871595107,0.8365927339,0.9076966643,25.49225068
dish_1563395415,20.43211438,16.74923261,24.11499614,0.7643942237,0.6229193807,0.9058690667,19.02817923
dish_1572376778,20.84420138,15.58665355,26.10174921,0.7274824977,0.5223492384,0.932615757,18.2274092
dish_1566933454,19.20394859,14.80245652,23.60544065,0.6180199981,0.3508275747,0.8852124214,17.27530853
dish_1563565354,17.72359397,13.8056184,22.7133997,0.7664631804,0.6213622689,0.8890590072,16.40764088
dish_1562611580,9.148942002,7.692144205,10.5236158,0.4292610387,0.2427905202,0.5866850615,8.994650637
dish_1550707756,36.57221625,33.46728822,38.63150856,0.9801729984,0.9753357768,0.9855318069,36.29231855
dish_1550773591,26.455668,22.82313328,31.21021649,0.9034269974,0.8509976268,0.9558995366,25.81824047
dish_1562876709,17.71378252,15.46911296,21.80761916,0.7235347629,0.671051085,0.7810160518,16.92542618
dish_1551222877,29.49434088,23.71548239,33.73871909,0.9528042823,0.9182534814,0.9721111059,28.53253569
dish_1551237498,19.16643159,9.061913009,27.7045624,0.7905430757,0.2361600101,0.935819447,15.29730935
dish_1562690074,17.76429065,17.06167669,18.46690461,0.6547439396,0.6295889616,0.6798989177,17.70770142
dish_1551492908,32.26474301,30.61734903,35.07766269,0.9651321173,0.9580166936,0.9766666293,31.96481971
dish_1551563429,25.56931325,23.30746463,27.55465675,0.9039129615,0.8489332199,0.9356154203,25.32011673
dish_1563220171,19.59162999,16.67445468,23.37114023,0.7133527199,0.6170859933,0.8602529764,18.80457689
dish_1565640914,23.91159731,19.52008902,28.3031056,0.8202897608,0.7222038507,0.9183756709,21.99061206
dish_1566590056,17.24216221,15.79161716,19.48583396,0.6485930284,0.6422842145,0.6521313787,16.97079048
dish_1563464627,24.70519913,19.72596862,27.47940981,0.8794794083,0.7952374816,0.9216859341,23.16503207
dish_1551374222,24.1381739,21.62937674,27.32924617,0.8972754147,0.8602228761,0.9249349833,23.6832322
dish_1568217465,21.55922126,14.97232268,25.52798362,0.740346094,0.4884777069,0.8688322306,18.92258812
dish_1551564543,15.16452492,6.422609027,30.79176412,0.4351029743,0.02097695507,0.9098026752,9.500089179
dish_1551374502,17.67547975,11.04491317,22.78424793,0.7835295945,0.6076141596,0.8978895545,15.50948262
dish_1561392430,7.013403345,6.861798099,7.165008591,0.1131012663,0.1003948152,0.1258077174,7.010757734
dish_1551566499,32.29850454,29.07832831,34.53133779,0.973908537,0.9637963772,0.979594171,31.96119011
dish_1562959379,17.97606115,14.69425678,21.41702214,0.7520653804,0.657469213,0.8966401815,17.16121058
dish_1563305354,19.26643048,13.8249934,27.86255363,0.7205503782,0.5290436745,0.9472754002,16.47403503
dish_1561661347,15.93020639,13.83898621,17.71073808,0.666271468,0.5641790628,0.7237645984,15.63209974
dish_1551374831,33.62195025,30.08897857,35.3528317,0.9688005298,0.964612186,0.972632587,33.32494785
dish_1551566887,12.79760199,9.521767276,15.91075454,0.06973087392,0.0179635901,0.2538378835,12.18528376
dish_1568143326,21.39904455,18.3414503,27.22938605,0.6801489194,0.4582386017,0.9284142256,19.96199134
dish_1568666061,21.50344694,18.15673455,23.73680327,0.7579306364,0.6348364353,0.8340654969,20.7933524
dish_1566846997,22.5673629,20.61861613,25.79492917,0.8188998501,0.7609508634,0.8832466602,22.04388599
dish_1561577947,16.47038327,11.80073241,23.22923776,0.5912541449,0.4550815523,0.817625165,14.46611078
dish_1562010085,21.54520964,20.17990634,22.91051294,0.7815889418,0.7556731105,0.8075047731,21.33404709
dish_1550788264,36.79096162,34.69348206,40.86346222,0.9835852318,0.9756282568,0.9902815819,36.41753323
dish_1561576794,14.93316427,14.26260634,15.60372221,0.5618883371,0.5477873087,0.5759893656,14.88160103
dish_1565210073,20.41440068,15.50213084,29.02250001,0.7322037617,0.6352533102,0.913629353,17.72020642
dish_1561062286,21.60207806,19.70466085,23.49949526,0.8156343699,0.7488822341,0.8823865056,21.2001422
dish_1551392590,36.53269856,32.15858639,39.31151645,0.9757477567,0.9634636045,0.9820491076,35.91313376
dish_1566851616,18.8458569,18.14662638,19.44734305,0.7301466465,0.6373304725,0.794899106,18.81254444
dish_1568145059,22.75165313,17.29566191,28.20532451,0.842761596,0.6822760701,0.9496127963,20.71345124
dish_1550712622,27.87134005,24.69246543,30.03579726,0.9142197594,0.8820845485,0.9433470964,27.37129368
dish_1562775549,16.73723636,14.48358228,18.20402371,0.6666829785,0.5393189788,0.7515982389,16.41927435
dish_1568145177,14.55561614,12.91500107,17.11739199,0.5974048575,0.5625920892,0.6299512386,14.20839909
dish_1550705939,37.72039811,34.43474074,42.4102791,0.9776929766,0.9647512436,0.9858881235,37.17492351
dish_1550797692,36.26775884,33.66595409,39.58929483,0.9809568077,0.9756698608,0.9844624996,35.89417866
dish_1563563527,18.5769337,14.49623361,26.3149559,0.7254859209,0.6287725568,0.912296772,16.31639581
dish_1550876249,6.670914143,6.440349884,7.013264694,0.03505228017,0.02274639904,0.05277806148,6.666570572
dish_1559846073,28.01210537,27.52553411,28.49867663,0.9268464148,0.9229016304,0.9307911992,27.98490517
dish_1563566725,21.96124093,19.18833714,26.41221133,0.721528848,0.6022533774,0.8723427057,21.02223051
dish_1551224089,24.02337952,17.63825904,30.25160702,0.710930571,0.5376706123,0.9220000505,22.37493591
dish_1571931678,18.92442561,15.85458768,21.99426354,0.7247293591,0.6274954081,0.8219633102,17.91934294
dish_1568405499,15.17761902,12.40318698,19.50143944,0.5695676108,0.4105904996,0.7664189339,14.27566005
dish_1563811463,16.4500197,12.81345656,19.59704296,0.6905191938,0.6030814052,0.7479071021,15.55315791
dish_1563308386,16.53090413,14.11856945,18.9432388,0.5849567354,0.5000309348,0.6698825359,15.89278469
dish_1567625294,22.23236777,21.86799432,22.59674121,0.9398406148,0.9178656936,0.961815536,22.21710019
dish_1562702412,14.85707647,14.40376575,15.3103872,0.6214463711,0.5964888334,0.6464039087,14.83346133
dish_1551399151,27.4445383,25.83932233,30.04628977,0.9438257068,0.9281066656,0.9561393261,27.25610384
dish_1566333255,13.97494397,13.54391574,14.63024153,0.5500553052,0.5051135421,0.6081867814,13.94999936
dish_1557862738,34.29622076,29.60713629,37.20175699,0.9621118233,0.9458220005,0.9741935134,33.56146872
dish_1561737200,19.96715866,15.71902468,28.05784675,0.8733304739,0.8081883788,0.9630097747,17.54733859
dish_1563216659,7.154955645,7.052963714,7.256947576,0.159088403,0.1295598298,0.1886169761,7.15375814
dish_1551235983,35.06875983,32.77555806,36.1804419,0.9699261338,0.9666659832,0.976054132,34.95328101
dish_1551227581,24.78769777,20.47888028,29.83189028,0.8681983426,0.8271913528,0.9185093045,23.81229202
dish_1550777919,32.35663198,28.73152196,33.81337517,0.9686206778,0.9509031177,0.9768694043,31.94669157
dish_1561740385,23.7451546,19.88516348,27.60514573,0.8149949312,0.7003255486,0.9296643138,22.21715195
dish_1551567368,33.81244672,30.80466463,35.77287687,0.9651138186,0.9563754797,0.9731656313,33.51221129
dish_1551222712,27.82873991,17.97332746,36.72123381,0.8385222703,0.7170636058,0.9461072683,22.77395661
dish_1571944487,25.17375865,21.65426665,28.69325065,0.8525169492,0.752310276,0.9527236223,23.8809294
dish_1551375715,33.1398742,25.39955124,39.22438364,0.9759873599,0.9393048882,0.9887834191,29.79376882
dish_1551563925,32.18216336,27.953137,34.85622334,0.9701412693,0.961806953,0.9776877761,31.57157546
dish_1561576483,23.22752105,20.24429848,26.21074362,0.8555825949,0.7787690163,0.9323961735,22.2746132
dish_1567542986,14.83600037,14.04263339,15.83053934,0.5993961096,0.5328941941,0.6374528408,14.77395297
dish_1562691566,18.14885412,14.9496883,24.30665712,0.7442950805,0.6303947568,0.9209440947,16.57784442
dish_1563221443,25.5697916,20.22217573,28.96827084,0.9381094575,0.8878726363,0.9684504271,23.78824088
dish_1550781280,23.87546214,19.37800943,30.50350109,0.7703699619,0.656306982,0.8916293979,22.70604041
dish_1565896701,23.60988973,20.04203622,27.17774324,0.8721748292,0.8175014257,0.9268482327,22.28451988
dish_1563820834,13.05600964,11.78427879,15.50459711,0.5803137322,0.4537844956,0.7362620831,12.74799027
dish_1566849269,19.05952382,14.53715908,26.68296539,0.6874269644,0.5716452599,0.9086313844,16.79952314
dish_1563568319,22.13218556,19.20640046,27.88998429,0.7936672171,0.6578387618,0.8989607692,20.72646681
dish_1551317743,26.87648222,23.25056548,28.54203807,0.9267802909,0.8985151649,0.9471247196,26.53845719
dish_1561667207,17.26974025,16.09181989,18.50033658,0.7460023016,0.6330150366,0.8689876199,17.18689895
dish_1563984296,12.80339711,12.37812662,13.22866761,0.544651866,0.5260182023,0.5632855296,12.7826086
dish_1550861584,25.10269912,13.31626591,37.19431141,0.9194395021,0.7696787715,0.9749823809,19.72302262
dish_1565194684,25.45521435,22.57045764,28.33997105,0.8952251077,0.8212286234,0.9692215919,24.5602654
dish_1562097673,14.1642299,13.88830569,14.44015411,0.6293214262,0.6168356538,0.6418071985,14.15547052
dish_1562788601,18.94072838,17.09421203,21.19342601,0.7558895548,0.6835514307,0.829118669,18.62907919
dish_1568305257,16.05080338,10.04333432,24.72425516,0.6152553558,0.4007779956,0.8556901217,13.06139499
dish_1551389588,28.35066824,26.9149355,30.23385033,0.9370927364,0.9156825542,0.9542781711,28.20888658
dish_1565811091,17.75673636,11.93105998,24.83348521,0.7090345442,0.4239186347,0.898021698,15.91835264
dish_1550712961,23.98938518,20.8147195,29.56133149,0.8625588587,0.8337017298,0.8983971477,22.91347921
dish_1563205927,20.22244092,18.30845752,22.46493821,0.8160615762,0.7229866982,0.9107512236,19.90286383
dish_1562961588,20.96561374,17.51384317,25.51385886,0.7460484058,0.5709125996,0.8751723766,19.99863811
dish_1550874267,31.61987375,28.1153343,34.58739077,0.9609401623,0.9448847771,0.9721156955,31.10576865
dish_1551122844,33.01747692,26.2740178,36.76494456,0.9634828568,0.8991622925,0.9814994335,31.59984842
dish_1565895879,19.33140574,19.28428362,19.37852785,0.6544112563,0.595980227,0.7128422856,19.3311501
dish_1551377737,33.19178488,30.44013365,35.53996677,0.9725280338,0.9648382664,0.9781758189,32.88750815
dish_1562007739,20.95286597,19.27970919,23.13228244,0.7345034679,0.7021099329,0.7585551739,20.67386356
dish_1561577848,21.19218951,16.62673735,25.75764168,0.7369927764,0.5619395971,0.9120459557,19.13651065
dish_1562691000,19.71106223,13.95707117,27.06994499,0.7563956181,0.6524319649,0.8935038447,17.16429324
dish_1551565204,22.01681303,17.96530818,28.90227348,0.686746534,0.4434208572,0.8851115108,20.50350199
dish_1564159636,26.24662007,18.93574153,33.5574986,0.8391053677,0.7097383738,0.9684723616,21.79873481
dish_1563827060,21.07481348,19.52910551,22.62052145,0.8801086545,0.8771843314,0.8830329776,20.80536354
dish_1560356523,22.05352191,21.67589027,22.43115354,0.7891359925,0.7834338546,0.7948381305,22.03712447
dish_1561752481,20.50548615,19.52284879,21.48812351,0.8544638157,0.8543564081,0.8545712233,20.39525583
dish_1561999309,20.91181587,19.70238285,22.12124888,0.6922289431,0.6609770656,0.7234808207,20.74554575
dish_1551314095,38.37685516,36.70599051,40.51742035,0.9880138569,0.9861197472,0.9895130396,38.2208169
dish_1563381512,16.03202224,14.21176536,17.01500892,0.6513330936,0.6104672551,0.7006293535,15.83015045
dish_1551381285,27.82687571,22.47826994,31.40527097,0.9394137189,0.8730122447,0.9594576955,26.93015815
dish_1551227280,31.49894205,28.67378137,34.3843709,0.9654335603,0.9500590563,0.9737232924,31.1647126
dish_1551390215,22.21137427,16.22463499,29.01293148,0.7777921259,0.598590076,0.9179219604,20.22062292
dish_1551393161,26.12235151,22.0649548,28.31111587,0.9209015965,0.8836542368,0.9516509175,25.60815994
dish_1550779282,32.13251972,21.95673417,35.06783021,0.9620252475,0.9115374684,0.9731209278,29.20709122
dish_1551124407,25.08703616,11.90521134,29.72613001,0.875078102,0.6827765107,0.9190216064,20.3222272
dish_1565378731,26.33930641,18.84418152,34.75797974,0.8611664573,0.7425965071,0.976316154,22.66078838
dish_1562698132,23.28400177,20.01326262,25.67437658,0.8196213047,0.6953778863,0.9065072536,22.59369264
dish_1551564947,30.53896946,24.52794201,34.82651259,0.9725646377,0.9565529823,0.9809898138,29.28583913
dish_1559841061,25.460379,22.57687416,28.34388383,0.8754648268,0.8546029925,0.8963266611,24.5661575
dish_1559849097,16.78785644,16.34152994,17.23418294,0.6966218948,0.6804463267,0.7127974629,16.76496211
dish_1563566626,32.66194283,25.41922964,39.90465602,0.9463405013,0.9190695882,0.9736114144,28.27760665
dish_1567628193,18.80191289,14.96755174,25.93114082,0.5870441894,0.4299907982,0.8717856407,16.80893235
dish_1565799663,12.5945928,11.58306375,13.60612186,0.5665308237,0.5376327634,0.595428884,12.4778435
dish_1563379163,20.58648705,18.25566239,24.03010717,0.82926174,0.7756627798,0.9075362682,19.97333102
dish_1551322652,33.00212641,30.04474631,36.37271864,0.9740571231,0.9588303566,0.9808084369,32.59042021
dish_1566328724,23.05882152,16.1923539,30.56303013,0.8475559652,0.7299150229,0.9570912719,19.34157157
dish_1568405405,19.37070108,18.32250397,20.4188982,0.7458370626,0.7074343562,0.784239769,19.24541596
dish_1562875870,21.14689686,17.46183926,26.05592352,0.7954093218,0.6609730124,0.92489779,19.91420621
dish_1560453380,17.10360742,14.81883898,19.38837585,0.6425203681,0.5966538787,0.6883868575,16.52844788
dish_1563294491,16.15539455,15.15110536,17.15968373,0.6493210793,0.589662075,0.7089800835,16.04029594
dish_1550793485,35.19821058,34.01099352,36.2777503,0.9682182148,0.9549990296,0.9772974253,35.12319724
dish_1561752970,20.31001157,15.37486742,25.24515571,0.779723227,0.682412982,0.8770334721,17.95928716
dish_1566242298,15.72297451,14.92115574,16.52479328,0.6374780238,0.5362902284,0.7386658192,15.6493731
dish_1562688552,15.74730702,15.13460518,16.36000886,0.7163464427,0.6849122643,0.7477806211,15.70422971
dish_1562790824,14.1709343,13.75358036,14.38189625,0.4987614055,0.4517425001,0.5233039856,14.16075253
dish_1551139066,6.481282635,6.402043617,6.544750521,0.08428749815,0.06513953954,0.1012623534,6.480940724
dish_1550713503,28.72629607,22.83611065,32.47673618,0.9299714863,0.8952977061,0.9542752504,27.63880079
dish_1567537387,15.80327119,15.20565651,16.44962622,0.7081252337,0.6919047832,0.7283165455,15.77365802
dish_1559590005,15.56817428,14.52463072,16.43483346,0.5679231683,0.5245404243,0.6287186146,15.49525654
dish_1550712585,30.05208535,27.25075469,32.14458211,0.9547456205,0.9392235875,0.9700588584,29.70654802
dish_1561576680,19.68587464,19.48655192,19.88519736,0.7839879692,0.7791929245,0.7887830138,19.68130221
dish_1568318480,18.15927286,14.14965382,25.20117638,0.684582899,0.4657904804,0.8765608072,16.18626845
dish_1551225067,19.96370662,15.3960481,23.59514099,0.8528815284,0.7182066441,0.9119521976,19.13672617
dish_1551316838,28.7905515,17.53663553,39.37218512,0.8842473626,0.7037333846,0.9778522849,22.19535397
dish_1551565034,28.17908196,26.1129401,29.28998424,0.9477125928,0.9414098263,0.9626850486,28.00428739
dish_1567629106,18.58964879,17.34858362,19.54900638,0.6685753862,0.6340605021,0.7173329592,18.48980173
dish_1562875159,27.09087335,17.32062594,32.44385929,0.8743336371,0.7235525846,0.9404868484,23.97590101
dish_1559590099,24.35036967,23.51315319,25.18758615,0.8433309197,0.8240960836,0.8625657558,24.27016688
dish_1561577219,7.849672779,7.524900737,8.464988379,0.2558178951,0.2225960046,0.3137899339,7.828394066
dish_1551142509,28.60612894,26.35712045,31.4734397,0.944848977,0.9174109101,0.9574344754,28.39572804
dish_1551391083,27.2044451,24.42792862,30.76865118,0.9304439351,0.9134975076,0.9521702528,26.69945284
dish_1563216625,24.35473041,22.09722509,28.21101919,0.8837098877,0.8302928209,0.9181115031,23.63806526
dish_1562788732,30.35110004,25.6940093,36.87251391,0.9265979528,0.8568960428,0.9806449413,28.41882362
dish_1562613045,17.39712454,12.66145353,26.36561287,0.6444835762,0.4267947376,0.9317402244,14.56971261
dish_1567110783,25.28622479,20.69347795,29.87897164,0.8129215539,0.6784159541,0.9474271536,23.20916052
dish_1561662190,21.63395391,19.18526923,24.08263859,0.8085633814,0.7243862152,0.8927405477,20.97737912
dish_1551394781,6.331271107,6.246508154,6.449392708,0.05814690019,0.04389917478,0.07036051899,6.330865594
dish_1551565653,26.03829912,24.78398591,27.95414571,0.9214215014,0.8762809634,0.956582129,25.94713549
dish_1573762582,18.37649171,17.54648324,19.20650019,0.639367789,0.6317067146,0.6470288634,18.29765573
dish_1551235171,30.29807407,26.27592067,32.72200637,0.9577470496,0.9397236109,0.9650811553,29.79435895
dish_1567023296,22.88613491,19.68936114,26.08290868,0.7219072282,0.5474126339,0.8964018226,21.80263229
dish_1551491048,26.32593828,22.30913116,29.35675537,0.9177155942,0.8772314787,0.9415265322,25.73642638
dish_1551374783,25.26719668,17.21291503,32.49424005,0.9368545637,0.8655378819,0.9815069437,22.47382976
dish_1567023375,16.60714245,12.35946437,22.3884219,0.5933022797,0.3924544752,0.8301624656,14.99648389
dish_1550789255,27.52542861,24.6626274,30.42355014,0.9108355343,0.8845448494,0.9381987453,27.04726346
dish_1550789705,31.98616278,27.66429444,34.90127878,0.9487415925,0.9205107093,0.9702641368,31.21116157
dish_1551566316,28.34136688,26.41427007,30.82908718,0.9414982597,0.9172503948,0.9600319862,28.11265376
dish_1564168739,17.38545776,14.44795598,20.64109903,0.7031238278,0.5789573193,0.8463685513,16.69705152
dish_1562615360,19.87016037,19.65620456,20.08411617,0.7662299871,0.7217522264,0.8107077479,19.86489222
dish_1560975572,13.27291681,13.12443888,13.42139474,0.5788941681,0.5481207371,0.6096675992,13.2703792
dish_1559842374,21.69643989,18.48368755,24.90919222,0.8154789209,0.7600520253,0.8709058166,20.6029045
dish_1550861605,25.17959449,19.26575342,35.61876143,0.953714475,0.9176772833,0.9849765897,23.08325911
dish_1551233403,28.61955728,25.06173252,31.02511412,0.9100032747,0.8492794037,0.9395779371,27.91377157
dish_1551303984,29.10976467,24.93216844,35.31384185,0.9675479159,0.9533106685,0.9855681062,28.36927297
dish_1565641943,22.01358378,18.57638291,26.52413983,0.749121964,0.660408318,0.8704112172,20.9404616
dish_1563476323,21.64649798,17.92363717,25.36935878,0.8178988695,0.7597969174,0.8760008216,20.21488007
dish_1562784388,13.76931682,13.5390607,14.08942478,0.5408656796,0.5105281472,0.5807529092,13.76310069
dish_1551379331,34.73838026,31.64046507,36.07456765,0.9807920977,0.9776170254,0.9844242334,34.4771896
dish_1562789301,15.45856103,13.73556215,17.90144256,0.6324206789,0.5520629287,0.7265358567,15.12829707
dish_1574109245,20.67097711,16.33271831,25.0092359,0.8025307953,0.6791954041,0.9258661866,18.79065868
dish_1557937427,36.2798375,34.4528364,38.22110878,0.9887790233,0.9871537089,0.9909539819,36.07095201
dish_1551321793,28.11479,24.34839267,31.88166124,0.9139712825,0.8885067105,0.945273459,27.56745
dish_1550859578,28.77309027,25.54003022,30.92053859,0.9194642007,0.8801000714,0.9468960762,28.46197005
dish_1560526490,16.0048586,14.01610503,17.99361216,0.5908362418,0.442758292,0.7389141917,15.5645837
dish_1551565321,28.14770132,24.18466238,32.30027904,0.9295057207,0.9020054936,0.9534386396,27.44542108
dish_1563909550,13.40750955,12.0162276,14.85678037,0.5132814348,0.4088800251,0.577170372,13.25485994
dish_1560455399,13.93088052,13.59710137,14.26465967,0.5570956767,0.5480694771,0.5661218762,13.91806675
dish_1556575083,34.37586278,23.25706497,37.67979883,0.9630601764,0.8993887305,0.9763324261,31.29807045
dish_1561663817,18.49926828,16.00317058,20.99536598,0.7261686921,0.661580205,0.7907571793,17.8182837
dish_1563393182,25.04318376,19.08802792,31.74975532,0.9024367332,0.8440068364,0.9579797983,22.53691984
dish_1565797723,14.8131569,12.61115325,18.36526995,0.5456395944,0.4047441781,0.7824776173,14.1856755
dish_1551378955,31.94916191,29.34784822,33.69938008,0.9689619765,0.9621287584,0.9766338468,31.68716731
dish_1551491413,32.39195022,29.81924606,34.07348746,0.9620175436,0.9495774508,0.969761014,32.15875856
dish_1560453356,14.03669949,12.52629205,15.45697238,0.6340882579,0.5594341755,0.7144899368,13.8713126
dish_1563381706,24.67890251,21.91410447,28.88544002,0.8893528382,0.8432875276,0.9532696605,23.81125887
dish_1550770265,33.93922659,28.20365728,36.42635022,0.9750277326,0.937237978,0.9835216999,33.08605278
dish_1551563550,33.1619763,29.69684442,34.76432251,0.9754568636,0.9699047208,0.9791930914,32.85679119
dish_1559751710,28.81730927,25.98712291,31.64749562,0.9131405056,0.879689157,0.9465918541,27.95384727
dish_1551379162,31.99409915,26.92772359,34.81538141,0.9605683429,0.9070107341,0.9747704268,30.93408632
dish_1551376623,24.99356381,22.64317428,26.39451019,0.8866403401,0.8502168655,0.9129597545,24.83126772
dish_1550705370,38.42043969,35.17774409,40.81521872,0.9795607858,0.9672804475,0.9869936109,38.08396591
dish_1572984755,7.971436414,7.60681383,8.336058999,0.1660065502,0.1488604844,0.183152616,7.956147971
dish_1550712556,30.70077484,24.5806839,33.62045371,0.9591807798,0.9387120008,0.9690448642,29.63218655
dish_1571944507,24.12474511,21.8752586,26.37423162,0.8597205877,0.8551120162,0.8643291593,23.56649478
dish_1563551397,21.07759775,15.25011459,29.51228419,0.7757910093,0.6531003714,0.9477891326,18.2204159
dish_1563551006,19.88079944,16.2718455,23.48975338,0.7909524143,0.7093120813,0.8725927472,18.52754457
dish_1562787817,18.52737286,16.615166,20.92737234,0.7517477473,0.6853464246,0.7935721278,18.18311372
dish_1551222833,28.05284278,24.00617513,31.57654927,0.9286900503,0.8967657685,0.9504711628,27.36601615
dish_1551376933,26.91101149,23.04365773,30.9376921,0.9206577241,0.8861185312,0.9421415925,26.37468075
dish_1568233509,14.47892125,13.26723365,15.74528644,0.5254955788,0.4762954414,0.5637498498,14.3624381
dish_1561662532,18.15148979,18.01741134,18.28556823,0.6594288945,0.65351969,0.665338099,18.14942043
dish_1550704903,30.78726292,29.3045893,32.60148623,0.950400278,0.9215669036,0.9684199095,30.61475053
dish_1571944648,26.3864087,23.12365631,29.6491611,0.8876475394,0.8307659626,0.9445291162,25.26125006
dish_1550876748,6.191500619,6.14343767,6.236937507,0.02852374632,0.02034767717,0.03848790377,6.191384468
dish_1562945779,21.16496214,20.24887785,22.08104642,0.8350321352,0.8036984205,0.86636585,21.06905256
dish_1551141779,27.3444431,25.02485501,29.34499583,0.9294207543,0.9076119065,0.9489526153,27.08595928
dish_1551123986,32.80238209,19.58385174,37.36300565,0.9693705663,0.9189583659,0.9853366017,27.70191899
dish_1566413469,16.40171903,12.14590998,23.82763456,0.6030534705,0.5086110234,0.7907379866,14.25315853
dish_1565031283,20.45048115,18.40111954,22.02580841,0.8285536965,0.7723519206,0.8968692422,20.17647158
dish_1563565323,24.44723345,22.95732046,26.04961458,0.9245438774,0.9008556604,0.945299089,24.26724037
dish_1563568148,15.18719965,12.77775736,18.73569056,0.6447356542,0.546718657,0.7016687393,14.53863817
dish_1551567964,27.79002331,24.11346076,29.72980755,0.9041702971,0.860268712,0.9229136109,27.4183708
dish_1565035715,24.14691125,22.58551644,25.70830606,0.895783931,0.8862026334,0.9053652287,23.87207756
dish_1565119464,26.04486124,21.22346763,29.78545197,0.8670063615,0.7605601549,0.9273468256,24.54532313
dish_1551134138,29.64227403,26.8853143,32.70743671,0.9347400798,0.87937814,0.963098228,29.35765301
dish_1562959766,18.43630982,15.00112952,24.32343995,0.7245197495,0.6216122508,0.8938212991,16.95226689
dish_1551226101,26.47470686,25.52758932,27.50047961,0.90950232,0.8922027349,0.9326993227,26.43904428
dish_1562963059,22.22858035,17.74975496,29.01281829,0.7883482178,0.6642919779,0.9489657879,20.26522858
dish_1551391034,34.06680612,28.60454462,36.28315306,0.9763661623,0.9648574591,0.9851335883,33.28648462
dish_1562168450,20.19529817,18.68450414,21.70609219,0.7847662568,0.7417041659,0.8278283477,19.93765095
dish_1565724620,17.67029997,13.94361225,24.58610456,0.6706226468,0.5034318566,0.8680026531,15.77055426
dish_1551397629,26.54116896,25.17504825,28.07156967,0.9190307632,0.9004080296,0.9456742406,26.41963546
dish_1566851677,18.32507564,16.27857048,21.13652073,0.6901341081,0.5699041486,0.8120357394,17.88755086
dish_1562862529,20.48210528,14.57991993,25.15426245,0.851187408,0.7336943746,0.9192454219,18.97288455
dish_1562602860,18.69735443,17.09761244,19.53080206,0.7232797941,0.6428034902,0.8060443997,18.54238689
dish_1565123816,26.33977547,25.8838071,26.79574384,0.9229148328,0.8854207993,0.9604088664,26.31588312
dish_1562947503,11.389124,9.578009535,12.93868407,0.5878794193,0.4985684752,0.6924102306,11.16497069
dish_1562094621,25.95321528,23.57708183,28.32934873,0.9101089239,0.8937635422,0.9264543056,25.33325025
dish_1563221495,22.30140383,16.13133455,28.21534572,0.8534795841,0.7119213939,0.9546968937,19.79801034
dish_1551237079,28.34036991,24.01758627,31.28166728,0.9010353514,0.8620465994,0.930116415,27.73591561
dish_1551226892,29.93298727,26.66268542,32.37064016,0.9673861802,0.9595745206,0.9736076593,29.52036341
dish_1551375027,26.69254199,25.1037779,28.24015665,0.8845475167,0.8504987955,0.9149363041,26.55494801
dish_1561405934,14.20284978,12.508288,16.26117725,0.4499746263,0.3583732545,0.5671966076,13.94001624
dish_1563811686,19.00456292,16.65926005,20.38206278,0.8089343905,0.7847166061,0.8261141777,18.66431208
dish_1551374155,34.80637054,21.16186504,38.53499153,0.9735661745,0.9251134992,0.9842249155,29.3962531
dish_1566330428,18.23825111,16.28729381,20.07543727,0.7805916071,0.6741456389,0.8711636662,17.96298789
dish_1561662022,21.585388,18.38367959,24.78709641,0.832942158,0.7618905902,0.9039937258,20.49879077
dish_1566501575,6.935667099,6.395502695,7.954867385,0.1090850718,0.04938228801,0.2153691202,6.878311238
dish_1562956510,20.70526775,13.72868468,27.77870246,0.7888429165,0.6194744706,0.9291202426,17.55000493
dish_1560787696,6.589763941,6.29586638,6.883661502,0.0214492036,0.01980838925,0.02309001796,6.579827143
dish_1563217895,21.36445909,18.20479572,24.48427644,0.7992600501,0.7016727328,0.8982589245,20.79556212
dish_1565382856,20.71643508,18.05516661,25.23855585,0.8114316265,0.7739247084,0.8491286039,19.76650549
dish_1562611649,24.29932728,21.3409294,28.78204145,0.8167130947,0.6859377623,0.9261053801,23.32682654
dish_1566414754,16.50638899,15.05332772,18.9040314,0.5359619955,0.4859103858,0.5632779002,16.20434912
dish_1562945393,15.32669487,14.63821486,16.67498282,0.6364945372,0.6034699678,0.6567254663,15.22797644
dish_1565640812,20.2549034,16.20489994,25.68503594,0.732297202,0.6545583606,0.8798425794,18.79210679
dish_1568401167,7.187262531,7.085370584,7.318596027,0.1439248845,0.1231921092,0.1717309505,7.186172458
dish_1551222311,19.91967208,16.85336503,23.95357115,0.8608453944,0.8273343444,0.9143201113,19.49009748
dish_1551222068,31.81608311,27.90405817,34.63153954,0.9653363749,0.9503768682,0.9769946337,31.18902309
dish_1550790874,6.323019262,6.180924556,6.641237928,0.05366880912,0.03009868786,0.1076170653,6.320926286
dish_1561492665,24.65939503,21.87587998,27.44291008,0.8439365923,0.8035767674,0.8842964172,23.82249698
dish_1551379252,30.22060643,27.3091893,31.90002592,0.9378569052,0.8884126544,0.9578894973,29.9089094
dish_1565195362,36.87838682,33.8451232,39.91165044,0.9633927345,0.9368699789,0.9899154902,35.89546972
dish_1567106870,16.28161496,14.22601526,17.36945399,0.6190998356,0.5175527334,0.6867530346,16.0231181
dish_1562959344,25.62020336,19.28244957,31.95795714,0.9000616968,0.828487277,0.9716361165,22.06431499
dish_1563381486,15.63351619,14.25742401,16.85641561,0.6551098426,0.628774941,0.6933659911,15.50130111
dish_1551485983,35.50790944,31.20278933,39.89968991,0.9764163718,0.9601590633,0.9860292077,34.80521948
dish_1562168673,19.65055128,13.92244515,23.2170702,0.7156877915,0.521974504,0.842717886,17.62087401
dish_1565726915,19.43270924,14.67606972,23.22725976,0.7060187459,0.4581725001,0.8432811499,17.96250863
dish_1561661972,25.8479853,25.22689289,26.46907771,0.8581252396,0.8338532448,0.8823972344,25.8037241
dish_1562086702,22.30945363,21.55650742,23.06239983,0.8432856202,0.8373143673,0.8492568731,22.24450802
dish_1550769882,24.65931029,16.90838063,30.63399778,0.8671211675,0.7293357849,0.9293838739,21.95660401
dish_1551487560,29.15474086,25.60920359,32.44170181,0.9432592168,0.9280716181,0.9601542354,28.63375911
dish_1551392752,6.020997067,6.020599913,6.022291632,0.0004510610925,0.0003998407046,0.000672309543,6.020997022
dish_1560367116,19.6418395,15.43897038,27.74583418,0.7952049772,0.7173609734,0.9309689999,17.21800675
dish_1551492534,30.12636697,27.49246825,32.9372935,0.9634130225,0.9537194371,0.9723534584,29.80836118
dish_1551486680,25.4357968,21.08368383,27.16368855,0.9013443664,0.8544690013,0.9300518632,24.92480023
dish_1550771267,29.65211579,27.06904792,32.11381104,0.9360348508,0.9153625965,0.9624967575,29.3539971
dish_1551566687,32.99324482,30.36945055,35.02389065,0.970243454,0.9585005045,0.9807994366,32.79509548
dish_1562959129,15.7224338,13.80567825,17.72194982,0.5955340068,0.4871369004,0.7462206483,15.43527067
dish_1551391795,26.18278313,23.63655662,28.87292264,0.9308219999,0.9067520499,0.9463051558,25.81383633
dish_1564170967,14.88594427,11.71286763,18.78415556,0.5527102947,0.4440867901,0.6549180746,14.01564804
dish_1562012076,18.27791686,17.14459859,19.41123512,0.7935067117,0.7656158209,0.8213976026,18.13169211
dish_1560455059,18.932509,15.84896953,22.01604847,0.80120942,0.7708491683,0.8315696716,17.91907259
dish_1551323035,28.62385659,26.78272621,29.9799904,0.9272467494,0.9123798013,0.943066895,28.50577308
dish_1566587689,18.16822398,17.18838849,19.14805946,0.7403971553,0.7187366486,0.762057662,18.05861616
dish_1551564131,35.2657433,34.19484042,35.80301262,0.9755800366,0.9706996083,0.9829121828,35.23985496
dish_1563823860,24.01710387,17.54569339,31.55687752,0.7948499521,0.6166172028,0.945633173,21.08522219
dish_1574702427,26.52770479,25.65474483,27.40066474,0.868696332,0.8130013347,0.9243913293,26.44055401
dish_1558379712,25.30602504,22.71381335,27.89823673,0.8934289217,0.8709131479,0.9159446955,24.57440162
dish_1551381208,33.54541447,32.52339897,34.97514686,0.9748153836,0.9555803537,0.9843478203,33.46187329
dish_1566591048,14.51134649,13.15797117,16.33285252,0.5972522994,0.454757601,0.706496954,14.31756761
dish_1563566674,22.88598639,22.19967197,23.57230081,0.8627221882,0.8449033499,0.8805410266,22.83198157
dish_1558461792,19.35206972,17.72159748,20.98254197,0.7175701857,0.6337382793,0.801402092,19.0529362
dish_1551233745,34.71925962,29.77697689,37.69746109,0.9826865569,0.9705485702,0.9877128005,34.01530024
dish_1563822663,18.93975867,14.00247725,25.62425852,0.694967707,0.5262447596,0.8908544183,16.87439966
dish_1561060448,20.97266576,18.55630059,25.71831188,0.8205599984,0.7176451087,0.9462032914,19.95817927
dish_1560453132,22.40435691,21.27907529,23.52963854,0.7452797294,0.6990660429,0.7914934158,22.26017608
dish_1567789154,24.20038655,23.11493582,25.28583728,0.8890115023,0.8809168339,0.8971061707,24.06613003
dish_1565638478,23.24326336,20.93903846,25.54748826,0.878852725,0.8538483977,0.9038570523,22.65868493
dish_1557937037,34.45915526,31.71347298,37.20483754,0.9786179364,0.9720774889,0.9851583838,33.64354038
dish_1550862648,19.02788113,15.82558542,21.18248701,0.06967773847,0.02988643758,0.1176564023,18.75511418
dish_1568320338,21.3608743,19.96195549,22.92990438,0.8390669227,0.8108060956,0.8740680218,21.19503989
dish_1574455517,19.86226413,19.26136837,20.46315989,0.7112751901,0.6794625521,0.7430878282,19.82082572
dish_1566920304,23.65451509,22.72685489,24.58217529,0.9184321761,0.8872023225,0.9496620297,23.55618457
dish_1551323866,35.56458428,32.22724189,37.77765185,0.9788975914,0.9741737843,0.9835129976,35.22328012
dish_1562700593,17.19148047,14.65418288,19.72877806,0.6749578118,0.6059733033,0.7439423203,16.48897749
dish_1562008738,16.22701375,15.01887533,17.43515218,0.7024893761,0.63374722,0.7712315321,16.06109494
dish_1562010130,17.04293567,16.95911301,17.12675834,0.6006460488,0.5984042883,0.6028878093,17.0421268
dish_1550707850,26.26214668,15.98443959,31.33854312,0.9223143384,0.8247936368,0.9536669254,22.37517546
dish_1551374189,28.09266473,25.27410711,30.37644835,0.958123222,0.9362302423,0.9697365165,27.85714083
dish_1560444985,14.94644656,13.61807206,16.27482105,0.6753053367,0.6143642664,0.736246407,14.74638279
dish_1560368570,9.664636737,9.590923027,9.738350448,0.3998167366,0.3684621453,0.4311713278,9.664011188
dish_1550795423,30.71538012,27.36757639,34.73606108,0.9558875263,0.930185616,0.9731018543,30.11203997
dish_1562699652,18.70288756,17.37766878,20.02810634,0.6988492012,0.6495018601,0.7481965423,18.50375897
dish_1562959799,13.99934199,13.61838545,14.34576323,0.5908493598,0.571249187,0.6123767495,13.98908707
dish_1560369008,19.17087284,14.72545021,26.66017324,0.7389702996,0.6313531995,0.9173381329,16.97243002
dish_1560453275,6.355381628,6.205069961,6.505693294,0.01812129468,0.01783434674,0.01840824261,6.352780963
dish_1550710793,27.3752723,25.74537064,29.22886774,0.8684209585,0.8380078077,0.9122747779,27.21884586
dish_1551390265,33.00200231,30.50642846,35.07761426,0.9769162834,0.9718025327,0.9840510488,32.76846819
dish_1562787745,23.58464681,21.8156717,25.35362193,0.8180201948,0.7501606345,0.885879755,23.23391841
dish_1550770699,33.5768351,30.9091263,36.08249049,0.9718989059,0.9640088677,0.9811561704,33.23207749
dish_1550708702,28.93428588,24.30892802,31.19731471,0.9403335825,0.8992776275,0.9573317766,28.36035602
dish_1563897794,22.94913224,19.1880013,26.71026317,0.9129731357,0.8810508251,0.9448954463,21.49083651
dish_1568056046,17.01865199,16.40323469,17.63406929,0.801335007,0.7963638306,0.8063061833,16.97519327
dish_1550788827,36.0364417,34.48439663,37.63125243,0.9837849289,0.9807869792,0.9876184464,35.91540447
dish_1551237436,33.96569053,28.01509169,36.96152228,0.980249919,0.9290686846,0.991044879,32.89558381
dish_1568316085,21.3946008,15.22806307,32.6845469,0.7138613264,0.4892584085,0.9584565759,17.43584935
dish_1567625434,16.52518808,12.71132157,23.9493831,0.5989383459,0.4103999138,0.8910412788,14.40883453
dish_1551374332,26.34635713,21.62675972,29.97455808,0.9180495068,0.8700836897,0.9414584041,25.44039122
dish_1550860107,26.58387519,22.89079728,31.62479946,0.9239015728,0.8878133893,0.9611028433,25.96677193
dish_1551237778,32.3787453,30.71715536,35.1218713,0.9688145891,0.9586333036,0.980522573,32.18890891
dish_1562094877,31.20039469,29.65432384,33.68160655,0.9582596223,0.9485885501,0.968288064,30.87602704
dish_1562611680,16.55081018,13.96992978,17.98508688,0.5901577175,0.442925185,0.6761820316,16.13897634
dish_1550795331,27.20752982,17.53319396,35.18546598,0.9354428308,0.8289520144,0.9793768525,21.68672517
dish_1558028194,22.85053224,20.31040908,26.79166355,0.8204051057,0.7792819738,0.8889845014,22.08409198
dish_1565728634,15.53116069,13.75211076,17.31021063,0.6347616017,0.5653451681,0.7041780353,15.17653149
dish_1551562881,29.21729532,26.25404103,34.72898391,0.8714448214,0.8099421859,0.9010810852,28.32308948
dish_1566328776,8.883838014,8.420023304,9.516410079,0.3363390565,0.2841064632,0.411023438,8.859603901
dish_1562874250,8.867655513,8.42928033,9.35716705,0.3010765836,0.2759694457,0.3375555277,8.845568993
dish_1562180157,16.81768975,15.1443301,19.24506768,0.6261662245,0.6041225791,0.6615201235,16.49487518
dish_1561752509,29.93840947,25.83907716,34.03774177,0.9371989071,0.904381454,0.9700163603,28.23710479
dish_1551487735,27.72589711,21.22641092,31.9545231,0.8783566132,0.7061507106,0.9505194426,25.81047294
dish_1551492093,27.67177229,22.78473981,29.99322771,0.9191114455,0.8747796416,0.9506118298,26.66814686
dish_1551124267,31.45979576,29.44635808,34.1778413,0.9472957924,0.9249554873,0.9585162401,31.27677049
dish_1559849053,21.12909386,20.70824799,21.54993973,0.7741674185,0.7277873158,0.8205475211,21.10873501
dish_1551381050,23.64529711,20.22871342,27.22550176,0.9087576941,0.8658899665,0.9285578728,23.22862782
dish_1551392519,30.00436329,26.08478955,32.64545636,0.9724764153,0.9642849565,0.9798024297,29.45733077
dish_1551396678,31.2302844,30.00711313,32.07042094,0.9537904039,0.946341157,0.9662930965,31.19208613
dish_1551323574,33.47615338,30.49161908,36.46325629,0.9740835652,0.967574954,0.9821764827,33.07750142
dish_1563811412,17.36404015,15.42615029,20.19079113,0.8242007097,0.7417750955,0.9016926885,16.93554219
dish_1573579635,18.33076386,17.29608681,19.36544091,0.8763465583,0.8659294248,0.8867636919,18.20866009
dish_1563897981,22.69084173,22.02883967,23.3528438,0.8840589523,0.8530607224,0.9150571823,22.6405809
dish_1564086602,6.419062708,6.200703152,6.637422263,0.03283472825,0.0209821444,0.0446873121,6.413575553
dish_1563218201,7.236012315,6.5350231,7.669962731,0.1737724319,0.09309186786,0.2251261026,7.20652478
dish_1560802730,16.45518646,16.02095515,16.88941777,0.6874889135,0.6371973753,0.7377804518,16.43351413
dish_1562787783,22.22971384,18.61644859,28.29393674,0.8068012794,0.6719375253,0.9409428835,20.66251822
dish_1550773839,30.7420627,28.03272985,34.31473873,0.9448273405,0.9224681258,0.9650835395,30.38181316
dish_1557937079,24.50249363,13.14972468,32.66263571,0.8911125461,0.6773984432,0.9566257596,20.52520642
dish_1550860858,28.3956096,22.24720303,31.67963659,0.9437448978,0.9056572914,0.961317718,26.98688022
dish_1566414342,19.74980194,13.38338005,27.62703477,0.6965113804,0.4626490772,0.8476880193,17.06549013
dish_1551237274,26.04933846,21.9819043,34.95959985,0.9215053064,0.8611172438,0.9761231542,24.06332387
dish_1551222759,31.48866803,30.1626896,33.15820672,0.9704828784,0.965400815,0.977730453,31.36961276
dish_1551307013,26.76554649,23.69627124,29.02958807,0.9050746262,0.8775587082,0.9328653216,26.38165354
dish_1561662216,22.00179226,18.69717156,25.30641297,0.8061979115,0.7176131606,0.8947826624,20.84988943
dish_1568320427,22.50464255,14.79290237,33.58621257,0.7676487366,0.5084590316,0.9465463758,18.16164365
dish_1550861903,33.13463377,29.79386406,35.95763919,0.9784424305,0.9659559727,0.9849198461,32.74921559
dish_1563464480,21.992098,17.34648817,29.51908398,0.8340778152,0.6896231771,0.9509615302,19.74529431
dish_1560369255,24.59467795,22.46546515,25.7185624,0.8887955745,0.8816004395,0.8986635208,24.31697007
dish_1551566922,32.61582199,30.1239709,34.76883497,0.9754510447,0.9627084136,0.9844210148,32.31676931
dish_1564086778,13.56566026,13.40671706,13.72460346,0.5298850834,0.5171253681,0.5426447988,13.56275241
dish_1551228830,25.71722612,17.71824061,31.24691943,0.8730246648,0.6524636149,0.9613032937,22.69969985
dish_1560888893,6.982376767,6.929349411,7.035404123,0.1569966972,0.1551134735,0.1588799208,6.982053043
dish_1550861994,27.12750917,17.01154816,34.75041542,0.9392801523,0.8442977071,0.9744109511,22.89805002
dish_1551493773,30.34978425,23.65905854,33.57997868,0.9471277148,0.9085677266,0.9666537046,29.13872253
dish_1566936352,19.39546655,14.84274501,28.02208186,0.7213891347,0.5907903314,0.9244244099,16.72767024
dish_1559667973,18.97305138,17.60972676,21.60984381,0.7518344223,0.6702756286,0.8806896806,18.70281245
dish_1565711183,22.31564023,20.41121385,24.2200666,0.8238218129,0.8063592315,0.8412843943,21.91081842
dish_1566851704,17.00458077,14.85002514,18.67613683,0.6643956304,0.538659215,0.7485422492,16.70049483
dish_1566933226,21.54931026,14.23935179,32.53870683,0.782943368,0.5970310569,0.9671451449,17.40212231
dish_1567107049,41.31050694,40.51397946,42.05786633,0.983969907,0.9811159968,0.9881167412,41.26449502
dish_1562949541,17.4969625,14.66596113,19.88197434,0.6798678835,0.6218628883,0.7362667918,16.95473424
dish_1550874729,30.82630191,26.39955892,33.59825542,0.958578594,0.9306873083,0.9702740312,30.24658096
dish_1563910276,25.01573187,22.07046614,29.54396416,0.912887454,0.8890157938,0.954828918,24.24735485
dish_1561749061,16.66771958,15.27569429,18.05974488,0.6014508307,0.5533179641,0.6495836973,16.44834809
dish_1565033265,17.19532349,11.55191099,25.64809041,0.6240784029,0.3753255308,0.8793676496,14.39286127
dish_1565207815,28.28359462,27.99321783,28.57397141,0.9386199713,0.9328346252,0.9444053173,28.2738943
dish_1551303338,6.163566396,6.108391637,6.231407719,0.005529369959,0.002192841843,0.01205267385,6.163369265
dish_1551323969,28.78684344,25.19563797,30.77209295,0.9255994931,0.8939837813,0.953797698,28.36773996
dish_1562613403,17.89482674,13.62276517,24.43258796,0.6073206961,0.459230274,0.8694475293,16.0563478
dish_1550793245,27.89226787,26.00944576,29.25144506,0.9412950344,0.9198945165,0.9607945681,27.76417477
dish_1566851198,19.86793823,17.62011919,22.73697647,0.7577788631,0.6917219162,0.8356776237,19.39094734
dish_1561576737,18.05417009,15.25314377,20.58447129,0.6662878593,0.5663223863,0.8134481311,17.50560329
dish_1550873952,32.41628767,28.75253787,35.51960335,0.9763719663,0.9641312957,0.9840586185,31.89801183
dish_1566931482,15.00330608,14.52989878,15.47671339,0.6354705989,0.5973960161,0.6735451818,14.97755489
dish_1561665422,18.67957232,17.38115566,19.97798899,0.6916711628,0.6477415562,0.7356007695,18.48830193
dish_1561575474,17.05036202,16.49588868,17.98753064,0.7111283938,0.7025161386,0.7239095569,17.00112953
dish_1550788591,27.64527399,22.56283393,31.06507856,0.9107381776,0.8313525319,0.9444442391,26.62561647
dish_1568401261,13.60036391,12.9301504,14.21939673,0.5929508408,0.518203795,0.6308372617,13.56819165
dish_1568319899,19.39721157,13.87490428,26.96979009,0.701883994,0.474932164,0.9012199044,17.38757548
dish_1558122740,23.1129723,18.76231854,27.46362606,0.8004962802,0.7320702672,0.8689222932,21.22321213
dish_1563221519,18.84087978,18.81342386,18.8683357,0.7540794015,0.7404208779,0.7677379251,18.84079299
dish_1558544427,19.74906348,18.34483687,22.4230424,0.8724369009,0.8409460187,0.8925841451,19.38598538
dish_1563811662,20.25381171,12.16090267,26.81441861,0.776856482,0.5287712216,0.9193364978,16.35065681
dish_1560270630,17.44621326,17.06448916,17.82793735,0.6983220279,0.6886439919,0.7080000639,17.42945895
dish_1561575613,7.375499255,7.358909958,7.392088552,0.1944070756,0.1921499074,0.1966642439,7.375467571
dish_1551136264,33.81632742,31.22672555,34.90803328,0.9669205546,0.9608313441,0.9747599363,33.67434136
dish_1559844951,25.57310154,21.00353906,30.14266401,0.8699847758,0.791324079,0.9486454725,23.51420648
dish_1568314823,20.48663814,20.20307287,20.77020341,0.8372361064,0.8292400837,0.8452321291,20.47738725
dish_1550713114,26.66183035,23.84191411,28.98599507,0.9112560079,0.869299233,0.9347795844,26.30849046
dish_1566244863,18.12893091,13.3908277,25.62923214,0.7559038599,0.6106212139,0.9300249815,15.87241113
dish_1550771869,32.52373241,28.16098758,36.56923965,0.9684423283,0.9589511752,0.980297327,31.85077129
dish_1550861388,35.19577967,27.26766473,39.44240897,0.9820743427,0.9721765518,0.9879022241,33.38789682
dish_1560455179,17.59898513,17.1852776,18.01269266,0.7168782949,0.7078638077,0.7258927822,17.57931003
dish_1563294522,17.31750506,16.52399568,18.11101445,0.6973585486,0.6342425942,0.760474503,17.24541289
dish_1561753400,18.14578509,16.69078765,19.95382121,0.7450219274,0.6832559705,0.8004960418,17.95171391
dish_1551391337,28.35224637,23.86355477,31.87508194,0.9337803523,0.8666525483,0.9616618752,27.61176693
dish_1551235759,29.86933652,21.08686164,35.24160715,0.9412054047,0.8706105947,0.9750746489,27.49902092
dish_1566416339,23.14746326,15.82033988,30.47458665,0.7894040942,0.6352294683,0.9435787201,18.68441277
dish_1561060976,19.18208961,18.98106704,19.38311217,0.6590668559,0.5698869228,0.748246789,19.17743889
dish_1551232627,34.95838277,28.60250031,37.86711187,0.9768210948,0.9617694616,0.9837799072,33.85816882
dish_1551399340,29.78651979,27.30526318,31.91569821,0.960585922,0.9464358687,0.9705435634,29.50325196
dish_1551305410,28.43828163,24.12671761,31.15474046,0.964239262,0.9590008259,0.969193697,27.75603747
dish_1551565945,28.95892965,26.08767873,31.55347263,0.9418730065,0.9180873036,0.9584490657,28.60391845
dish_1551224380,22.34334899,8.943663496,33.05179508,0.7892522356,0.123317115,0.9771915674,15.86629167
dish_1566246972,15.67036532,15.42271439,15.81832818,0.6439682245,0.5840380192,0.6768270135,15.66675859
dish_1551314496,12.94805604,6.38759733,32.22726342,0.3675845447,0.04066539183,0.9642196894,9.154776925
dish_1565637548,25.43967108,20.45901883,28.97401718,0.8917089502,0.791051805,0.9566807747,23.86798675
dish_1551228296,31.88620673,27.27681666,34.68183998,0.9740681276,0.9560213685,0.9793466926,31.21694843
dish_1563564707,15.79986513,14.67769257,16.40978911,0.6740371188,0.6043088436,0.7777507901,15.72443571
dish_1551233573,21.90413156,17.70369661,25.64943445,0.9175663739,0.8832863569,0.9561163187,20.95978546
dish_1551566047,26.46982024,14.96766346,35.35648181,0.9155420735,0.7482394576,0.9816042185,20.39958475
dish_1561577083,28.65380678,20.07826764,37.22934592,0.939763546,0.8931000829,0.9864270091,23.0056732
dish_1558115011,32.18216572,30.22438045,34.13995099,0.9716432095,0.9632216692,0.9800647497,31.75506711
dish_1563476463,22.30662451,20.55580717,24.05744184,0.8615647256,0.850641191,0.8724882603,21.96287623
dish_1550706237,32.73238473,30.20284645,35.17022545,0.9592166916,0.9447693825,0.9679794908,32.39592807
dish_1551379741,31.8309717,27.77918844,33.81846152,0.9632401168,0.9527289271,0.9684307575,31.41952682
dish_1560367904,27.94978816,27.12372709,28.77584922,0.9047966599,0.8912588954,0.9183344245,27.8716958
dish_1562008979,17.70870725,16.2379959,19.15812557,0.6475387017,0.607488513,0.691554904,17.54618715
dish_1561575996,21.9889074,21.22718749,22.75062731,0.8392406404,0.8088169098,0.869664371,21.92244713
dish_1567007814,20.45637785,19.72678095,21.18597474,0.8394158781,0.8247116208,0.8541201353,20.39537932
dish_1550707995,26.36642701,22.45767613,29.36146742,0.9133931696,0.8857068419,0.9489893913,25.79753546
dish_1551563964,30.86174974,24.27363699,34.75246128,0.9501787722,0.9162433743,0.9694535732,29.55413665
dish_1560888849,18.16836598,15.96283388,19.64355734,0.790175279,0.7719960809,0.8089280128,17.8624818
dish_1551306241,30.56963464,28.2762667,33.0792088,0.9558146521,0.9454751015,0.9644446373,30.32256987
dish_1560356566,22.37386528,20.35462917,24.3931014,0.7875387371,0.7046039701,0.8704735041,21.92044469
dish_1567020340,7.439865873,7.3874868,7.492244945,0.198921144,0.1956845224,0.2021577656,7.439550015
dish_1568047973,20.97337117,18.53294985,24.05978151,0.7999004722,0.7024070024,0.8794270158,20.42246767
dish_1560367952,19.20644092,16.65873568,24.15276082,0.7030181686,0.5895573497,0.8713508844,18.11704021
dish_1562691441,17.46265715,14.12900459,20.83976572,0.7414580782,0.6924704313,0.7663816214,16.64180417
dish_1562872470,17.94591084,14.50652512,23.9042534,0.7079844872,0.6168187857,0.8900919557,16.43593205
dish_1562618000,19.44561091,15.52710147,23.36412034,0.7255223095,0.6181951761,0.832849443,17.87581971
dish_1565369971,23.57421295,18.42781306,28.84004161,0.7819294135,0.6170479655,0.9374372363,21.72159901
dish_1559845513,17.5805498,15.11792379,20.04317582,0.6840774715,0.585457027,0.782697916,16.91683707
dish_1551491179,33.30587921,31.75000268,34.29174414,0.9705400914,0.9637064338,0.9754903316,33.22795421
dish_1562876618,13.4114031,9.121023305,16.2039227,0.702344805,0.3780473173,0.8033974171,12.69637565
dish_1562691383,34.31209808,33.93832726,34.6858689,0.9805110991,0.9788549542,0.982167244,34.29603381
dish_1561665378,27.95403358,19.27320809,33.7176357,0.9589740833,0.9066568613,0.9882535934,23.61019868
dish_1572464738,17.50257622,17.04596214,17.9591903,0.7288238406,0.7042819262,0.7533657551,17.47861627
dish_1568145027,32.56265884,29.77455169,35.350766,0.9802172482,0.97383672,0.9865977764,31.72316217
dish_1551228478,27.63800395,23.6084954,30.48020655,0.9291128069,0.8919607401,0.9542858005,26.90271163
dish_1568044634,15.08519268,11.31356398,19.59154245,0.6827504784,0.4445868134,0.886377871,14.18389262
dish_1566934152,18.95202201,15.35370879,24.37348073,0.7367889881,0.5982525945,0.8666170239,17.59686972
dish_1566934430,18.11948692,17.29852373,18.75041111,0.7019094626,0.6418209076,0.7551050186,18.07619996
dish_1565724087,19.47535065,17.413762,23.24454012,0.6993616025,0.5890533328,0.8845781684,18.79464804
dish_1562690917,21.46373832,18.55444884,23.38381306,0.8001135588,0.7204768062,0.8726184368,20.92911263
dish_1551141747,26.88372251,24.42514477,29.42952696,0.9211700633,0.9077388644,0.9344379306,26.58659296
dish_1563305837,6.318448857,6.173910241,6.462987474,0.04357443471,0.01373082586,0.07341804355,6.316044089
dish_1566844850,13.73693631,12.06509581,15.54346551,0.4779901604,0.3594287038,0.5851243138,13.5102488
dish_1563998513,14.41360284,13.90622848,14.9900959,0.5955913464,0.5705091357,0.6363940239,14.39099397
dish_1566328894,20.70322449,18.83817436,22.56827462,0.836111486,0.7661836147,0.9060393572,20.31449328
dish_1551378996,26.79985177,23.28047695,29.5963897,0.9011427835,0.8232418299,0.940982461,26.14945632
dish_1551490503,26.44696206,24.33790334,28.06709464,0.9110087752,0.8837506175,0.9301523566,26.32432378
dish_1551391379,27.32217392,24.07321726,29.16085295,0.9279043376,0.901747942,0.9520081878,27.03685423
dish_1550705724,25.11371378,22.28838356,28.11073151,0.9003477544,0.8608529568,0.9322029352,24.83923397
dish_1567625343,21.12136749,17.12008616,26.28543985,0.8041422963,0.7568560243,0.8911648989,19.73924388
dish_1550712877,28.23558922,19.73684495,31.56372067,0.8870443478,0.7125617862,0.9424565434,26.29825378
dish_1551324180,31.32629458,29.61508659,34.23413315,0.9656007066,0.957251668,0.9737248421,31.15835398
dish_1551139956,30.83924621,27.62869967,32.77379288,0.9362631308,0.9171082973,0.9460346103,30.54813379
dish_1562875898,19.43353797,14.20169842,25.92957364,0.7625483672,0.6064608097,0.9364485145,17.30488118
dish_1551138312,29.201052,26.26396103,32.35922124,0.933205843,0.9027687907,0.9527284503,28.88884965
dish_1551397591,27.28320343,23.53790268,31.18812588,0.9172176984,0.884010613,0.9392995238,26.58198591
dish_1550710664,33.95060863,31.18950762,35.75575123,0.97050386,0.9628816843,0.977514863,33.65372202
dish_1566589967,19.83252106,17.67023266,20.97117028,0.7424180706,0.6931287646,0.8037465811,19.54596217
dish_1550778172,28.43479624,22.88599974,31.67433322,0.9340758845,0.8910079002,0.9548103809,27.64823049
dish_1562617939,21.90816496,15.98359925,30.1617987,0.747386078,0.5878757238,0.940333724,19.06636498
dish_1566933180,28.60023472,23.06817017,36.65011354,0.9310165246,0.8533591628,0.9860136509,25.95465724
dish_1561134156,21.28516383,20.59469818,21.97562947,0.7845241725,0.765037775,0.80401057,21.23050646
dish_1551564053,27.71089587,25.54008056,30.04964427,0.9200034142,0.895909667,0.9414966702,27.43223644
dish_1551563723,33.56187974,30.1069342,36.06678953,0.981584385,0.9660506845,0.9866746068,33.20921002
dish_1563984729,19.58328857,18.49652675,20.6700504,0.819103539,0.8053700924,0.8328369856,19.44871084
dish_1556575386,26.04354833,24.57821417,28.80583318,0.8973607004,0.8743617535,0.9262809157,25.84836241
dish_1567801791,21.43584104,18.4082235,23.12783903,0.7844034135,0.6172996163,0.8830951452,21.00701326
dish_1550772753,33.93916563,32.57125215,35.32062881,0.962551631,0.9515529871,0.9700426459,33.81746038
dish_1568660810,25.29310426,24.59824749,25.98796104,0.9352712631,0.9206245542,0.9499179721,25.23775243
dish_1563909951,19.9010067,15.31396934,29.00220974,0.7015432715,0.5699034333,0.9532415271,17.01849964
dish_1560369403,12.10043243,9.707411006,14.87949623,0.5655680299,0.4086990952,0.6935670376,11.61431317
dish_1562687246,19.58547411,19.4406112,19.73033702,0.7794650495,0.7483333349,0.8105967641,19.58305854
dish_1560441311,20.22888413,16.16561256,24.2921557,0.7639729977,0.6807758808,0.8471701145,18.55408797
dish_1562873814,16.30470709,11.64225466,22.63085675,0.6286025175,0.4655728042,0.8444135189,14.86444776
dish_1551222472,36.57084305,32.21060395,39.05682341,0.9781984091,0.9602318406,0.9874686599,35.96514784
dish_1568318361,17.94712461,13.30436413,23.5875087,0.6495250364,0.3945179284,0.8744345307,16.24091115
dish_1551306290,33.371477,30.04532766,35.63801916,0.9718537703,0.9658126831,0.9766484499,33.02117174
dish_1560973984,17.43913652,14.31043162,21.82651126,0.637261947,0.4886069298,0.8465612531,16.46355704
dish_1551493942,27.03817231,22.50145926,29.15816447,0.9073263407,0.8718572855,0.9346320629,26.35154668
dish_1568314857,21.02536854,18.57587878,24.2903712,0.8182961941,0.7671156526,0.8995887637,20.43629822
dish_1560541793,15.30295149,14.72183429,15.88406868,0.525313288,0.5238512754,0.5267753005,15.26418813
dish_1565194906,11.89625883,9.761771143,15.56012484,0.5716735323,0.540276289,0.6331359148,11.24294066
dish_1564170010,14.44280835,13.29676971,15.61696258,0.5256129404,0.4799104035,0.5784454346,14.340404
dish_1561576978,11.54606063,11.29971438,11.79240687,0.4748773724,0.4311715662,0.5185831785,11.53907758
dish_1550778312,32.85294737,29.49107962,34.67998639,0.9631513506,0.9531696439,0.9762256742,32.56412786
dish_1565972591,6.770344696,6.719476198,6.821213195,0.1052927598,0.09637583047,0.1142096892,6.770046794
dish_1563827162,20.09304509,16.33452457,25.47964254,0.7642939687,0.684761703,0.9122316837,18.71513788
dish_1551222527,33.48613458,31.23143307,35.36470188,0.9741751022,0.9640306234,0.9811788797,33.28218347
dish_1551565529,26.63626271,24.46916277,28.57226896,0.9214926511,0.8995193839,0.9377731681,26.4009371
dish_1563897938,24.58579505,24.27398001,24.89761009,0.8993368447,0.8769629002,0.9217107892,24.5746108
dish_1550710542,27.48501217,24.73240722,30.47752902,0.9365454689,0.9110966921,0.9546433091,27.11219083
dish_1562949162,26.59154854,20.20276942,32.98032766,0.9396315813,0.8922724128,0.9869907498,22.989806
dish_1551135896,34.43213263,30.29270147,37.9933141,0.9588075578,0.9480699301,0.9696722627,33.92405245
dish_1562785328,20.53216374,20.04304428,21.02128321,0.7776666284,0.7611234784,0.7942097783,20.5046785
dish_1561740353,17.39669668,17.14377126,17.6496221,0.7091622949,0.6945108771,0.7238137126,17.38933587
dish_1563220087,24.50942827,20.80949351,29.5363519,0.7999061147,0.6184031963,0.9443754554,23.24287787
dish_1558030289,18.99645817,15.50408858,22.48882777,0.8419196606,0.7580348253,0.9258044958,17.72174887
dish_1562876674,21.09883155,15.75584581,28.00332587,0.7678905527,0.5637382865,0.9361432791,18.8295738
dish_1550778007,25.58099865,18.84601221,32.86460875,0.9047658294,0.8538560867,0.9458924532,23.19703854
dish_1565981802,19.61938199,19.02442764,20.21433634,0.8081380129,0.767079711,0.8491963148,19.57875644
dish_1550792734,34.71194789,32.30724623,37.0574735,0.9824091718,0.9766210318,0.9886036515,34.46645298
dish_1563563467,22.95868913,18.40940087,29.73108383,0.8664367398,0.8056013584,0.964903295,20.98197607
dish_1562008517,17.76166563,14.28014115,23.17246266,0.6935030421,0.5950689316,0.8838614821,16.43032775
dish_1551314531,32.67859777,27.34102355,36.01568315,0.9705224037,0.9555435181,0.9772358537,31.7652536
dish_1551233007,27.3670851,23.82005518,30.78379339,0.9315049276,0.9030668139,0.9466766119,26.71371399
dish_1567537280,18.56887742,14.91748266,25.38987287,0.6564639409,0.4956386089,0.8610537648,16.71177175
dish_1551222036,28.93056051,24.39102786,32.10205797,0.9437444881,0.8727863431,0.959854424,28.32041691
dish_1562875833,22.14369614,20.6333046,23.64650786,0.8146709204,0.745580852,0.8655722737,21.97104543
dish_1550860513,27.36345609,23.17108953,30.28208058,0.9259125814,0.8855825663,0.9533049464,26.66268774
dish_1560543505,21.82861984,17.78682247,25.8704172,0.8578185141,0.8038582206,0.9117788076,20.16954385
dish_1560369080,19.33035131,18.79997483,19.86072778,0.7267797291,0.699960053,0.7535994053,19.29804572
dish_1563813833,19.17669191,12.58153203,27.43583214,0.7944248915,0.674135983,0.9511734843,16.03662061
dish_1558116260,27.53556407,25.25469353,29.8164346,0.931573391,0.9215133786,0.9416334033,26.96228348
dish_1560368972,22.4960529,18.86026678,26.13183903,0.9019095004,0.8600750566,0.9437439442,21.12448077
dish_1550711066,29.62958712,25.89795832,31.55210601,0.9490964015,0.9254688621,0.9585595727,29.22295923
dish_1551314810,32.72722879,31.66903743,34.08511685,0.9726804197,0.9667326808,0.9776260853,32.65294205
dish_1562947376,15.79433308,11.60545461,19.98321156,0.8039045036,0.6741544008,0.9336546063,14.02661436
dish_1551324331,27.214662,25.47661575,28.4376204,0.9296373129,0.9186286926,0.9436385632,27.10947306
dish_1551376970,27.46008942,23.15370249,29.64363838,0.9183049947,0.8855364919,0.9409127235,26.97787716
dish_1563468327,19.96617675,17.07949797,22.85285553,0.7364097238,0.6052799225,0.867539525,19.07011046
dish_1551224138,28.61953991,25.46232246,30.5565667,0.9554564357,0.9454680681,0.9695438743,28.2597107
dish_1551567004,24.66235895,21.93247618,28.12706336,0.9027210325,0.8650701642,0.9313693643,24.25224668
dish_1563468199,26.70896959,25.41869615,27.99924303,0.9442761242,0.9286830425,0.959869206,26.52005676
dish_1561576767,17.63818365,13.14840072,22.12796659,0.6747734845,0.5506874323,0.7988595366,15.64144162
dish_1563996625,14.57265769,12.23955532,16.58666338,0.6884279847,0.6418266892,0.7489441633,14.19929226
dish_1551375747,28.64083224,25.96299592,31.1330434,0.9444265813,0.9183571935,0.9610598087,28.32828352
dish_1550797169,28.49304239,25.50256369,31.88538072,0.9251149669,0.8888377547,0.9570145607,28.15860106
dish_1550790252,6.342233912,6.278623567,6.549776361,0.05284244288,0.04324593022,0.06398589909,6.341410237
dish_1551564480,26.23007839,23.18612526,28.48044976,0.9162157252,0.8842297792,0.9390588999,25.82900138
dish_1564169644,19.19621075,14.89444492,23.30874554,0.6720672548,0.4470950067,0.856390357,17.90584958
dish_1551375252,28.3215162,26.46238633,29.68802837,0.9187243059,0.8929822445,0.9417310953,28.21938657
dish_1551316878,30.44251897,26.15359261,33.15264998,0.9452324212,0.9195485711,0.9641595483,29.66944128
dish_1551322714,29.57216405,25.26403046,32.34399385,0.9572002739,0.9360172153,0.9738324285,28.91434354
dish_1551225467,35.79581943,31.24913555,37.57457434,0.9774081185,0.9629327655,0.9861574769,35.25798845
dish_1560455421,16.84248409,14.16857664,19.51639155,0.7139871418,0.6016359925,0.8263382912,16.06662283
dish_1551374463,33.0072072,31.17776969,34.01867224,0.9632984598,0.9527845979,0.9778515697,32.91025845
dish_1550859927,32.32048782,30.05059967,35.19308628,0.9736591429,0.9652171731,0.9842157364,31.98181238
dish_1562688524,23.56672545,18.79788712,28.33556378,0.8433734477,0.757632792,0.9291141033,21.35013709
dish_1561575068,15.43166666,14.73878676,16.12454655,0.6292298436,0.5310161114,0.7274435759,15.37662801
dish_1563464389,28.76322588,27.23839682,30.28805494,0.9458516836,0.9362841845,0.9554191828,28.50086398
dish_1551226475,28.28089154,26.04301921,30.53584322,0.9058650881,0.8885223269,0.9324914217,28.08184311
dish_1550713174,27.70486211,23.13801065,31.99536001,0.9309525862,0.9074410796,0.9606128931,27.06878485
dish_1551392271,6.332965128,6.242260495,6.39018369,0.05851384159,0.0434156619,0.06576379389,6.332722626
dish_1562099053,11.6837273,10.43068426,12.93677034,0.484976545,0.4502163827,0.5197367072,11.50541462
dish_1568318316,16.07159473,14.52186871,17.62132076,0.6579645872,0.6454280019,0.6705011725,15.80077056
dish_1551225793,22.75586661,17.90578561,26.28160081,0.9031608626,0.8725758791,0.929790616,22.09685661
dish_1560799113,32.78241588,20.16130376,38.48099059,0.9536050028,0.834556818,0.9864141941,26.88447819
dish_1568044496,20.74813414,18.66651525,22.04633761,0.8394629359,0.7903818488,0.9288723469,20.47936617
dish_1566414891,19.3920596,17.65670182,22.77656337,0.7154680292,0.6830077171,0.7378498912,18.83342207
dish_1565379788,22.5174698,21.88784515,23.14709444,0.8460938632,0.7770789862,0.9151087403,22.47198842
dish_1559841808,13.59661353,12.75958119,14.43364588,0.335601449,0.3333031833,0.3378997147,13.51644581
dish_1551317449,31.90986467,26.765305,33.9632424,0.9723638445,0.9626616836,0.9793595672,31.2518361
dish_1550772027,27.71183128,22.32643341,30.94114496,0.9052765742,0.851106286,0.9447396398,26.75414483
dish_1551303644,33.45695944,29.90805047,35.73053062,0.9723321994,0.9666141272,0.9770463705,33.09337408
dish_1563910676,20.01412258,14.62305252,26.8357898,0.7321804464,0.5805677772,0.9055718184,18.21119492
dish_1559842326,20.36649899,19.7886672,20.94433078,0.8573324382,0.8525886536,0.8620762229,20.32817141
dish_1560798656,17.5338589,16.79975848,18.27236218,0.7976439993,0.7836015224,0.8060093522,17.49236717
dish_1562605411,17.10927803,12.6600163,20.7100314,0.7165949742,0.6515439153,0.7551467419,15.81172105
dish_1551379566,29.5119759,25.49232592,32.54710582,0.9571608371,0.918208003,0.9758504033,28.8515032
dish_1551395233,28.68018309,23.8960958,32.79776002,0.9408237785,0.8955462575,0.9604685307,27.81954635
dish_1566332268,13.59813357,12.55033187,14.44011139,0.6075413426,0.5320129395,0.6472864151,13.52587172
dish_1568315177,13.72370777,13.28427698,14.16313855,0.5251541734,0.4844514728,0.565856874,13.70151421
dish_1565797699,7.984248527,7.640214762,8.359275099,0.2277127554,0.1933077723,0.2533022165,7.97431301
dish_1551375366,33.82450478,31.93326779,35.27892244,0.9808140844,0.9731916785,0.9854784608,33.65634734
dish_1558547008,27.41563838,26.2682996,28.56297715,0.9433275461,0.9323301911,0.9543249011,27.2658146
dish_1563305689,22.37732896,16.70707578,30.26381469,0.8006477157,0.655716002,0.9507513046,19.7303475
dish_1551492762,29.0535161,23.82659184,31.03945937,0.9291174147,0.8784379363,0.9500163198,28.4099262
dish_1565117892,23.87940802,19.88134931,26.06582938,0.8839511077,0.8530659676,0.9142454863,22.88244535
dish_1572548878,6.413844695,6.34495124,6.482738151,0.05679452606,0.04923835024,0.06435070187,6.413298279
dish_1551323219,26.47456881,22.34448315,29.19687234,0.9081533402,0.8598648906,0.9457066655,25.8975194
dish_1562785159,13.8966845,12.69509176,14.64518763,0.482121855,0.4360006154,0.5166749954,13.80875945
dish_1550710577,24.98305783,20.2367689,29.6288609,0.9067353308,0.8428042531,0.9487376809,23.89768909
dish_1551227216,35.66357086,31.43889254,39.25106236,0.9800172374,0.9589058757,0.9865381718,34.97004789
dish_1559841979,29.12852979,27.03868108,31.21837851,0.8973798454,0.8404240608,0.9543356299,28.64399211
dish_1551379654,26.74166189,25.85890972,28.47830489,0.9276180416,0.9083945751,0.9480087757,26.6394686
dish_1566332040,7.764478312,7.43698508,8.065481664,0.2221880257,0.177208975,0.2536920607,7.756838718
dish_1565382803,24.46604504,22.5992539,26.33283618,0.8554074466,0.851210773,0.8596041203,24.07660868
dish_1551377674,32.88881409,26.03377165,35.74595958,0.9618860409,0.9434764385,0.9693571925,31.62767144
dish_1566934057,18.79882895,13.50516487,25.22848441,0.6651504437,0.3295660615,0.9294539094,16.65922692
dish_1551318603,32.67777613,29.66045347,35.28184724,0.9704520777,0.9630604982,0.9772588015,32.30781876
dish_1558029686,29.23145504,20.52131832,34.57369995,0.9391266108,0.8676633239,0.9757298231,25.57593713
dish_1551237527,27.77114633,23.69521128,31.06026163,0.9220562801,0.8801842332,0.9418212771,27.07564636
dish_1551492318,28.86688062,24.62868288,32.53398512,0.9435668066,0.9050433636,0.9637485147,27.90631409
dish_1562183175,16.3480766,15.84840534,16.86869056,0.6387390693,0.5796740651,0.6719660163,16.32814773
dish_1551236521,24.39822707,16.58802307,28.45198283,0.8594976217,0.7013738155,0.9212986231,22.52651044
dish_1565119439,22.59848276,18.41712742,30.88950544,0.802796185,0.6569288969,0.9561252594,20.09156645
dish_1550874153,6.217815456,6.133869647,6.373313487,0.01654774288,0.01292551775,0.02340704761,6.217277968
dish_1551234288,28.59655749,24.87674554,31.54526668,0.9177772999,0.8811836839,0.935765326,28.1067324
dish_1550863247,12.45772058,11.47828249,13.96331639,0.03806671686,0.02841045707,0.04467139393,12.34817603
dish_1551378449,25.34928976,22.15236201,29.65147527,0.9012528583,0.812171638,0.9381328821,24.55417081
dish_1562615324,28.95823704,27.27671863,31.12909988,0.9261455933,0.9088023901,0.9401038885,28.6796981
dish_1561578188,18.5663511,18.386613,18.74608919,0.7434818447,0.71143049,0.7755331993,18.56263282
dish_1562963517,14.73504615,13.39496889,16.8688601,0.4968607525,0.429887414,0.5967374444,14.49044457
dish_1562872914,20.10788337,18.72127013,21.39473453,0.7576141755,0.6371506453,0.8272114396,19.96970529
dish_1568320296,22.00589638,21.47099823,22.54079453,0.8871200383,0.8633720279,0.9108680487,21.973039
dish_1562687274,19.78447683,17.8605055,21.70844816,0.7816314101,0.7361596823,0.827103138,19.37155806
dish_1551304854,32.18847741,28.92517822,34.36442125,0.9638403356,0.9394675493,0.9734988809,31.68043779
dish_1561574394,19.54714745,17.04053358,21.69300827,0.7015338739,0.618941009,0.7637052536,19.11824655
dish_1567110756,6.257591581,6.140713887,6.349616385,0.02599791531,0.01274116244,0.03384038061,6.25671633
dish_1551314442,34.11985372,29.50349139,37.8468043,0.9708945975,0.9546695352,0.9766577482,33.1937806
dish_1568405430,22.88871861,15.82358273,28.97868161,0.8247142633,0.656817615,0.9555024505,19.7835355
dish_1561574479,13.39376655,12.34115073,14.11782654,0.5041360259,0.4226633906,0.5799874663,13.32505148
dish_1562876531,20.3004018,12.98496298,29.3089018,0.7273380359,0.4851953983,0.9541611075,16.62570175
dish_1551391438,34.84605363,30.45118515,36.67124473,0.9839917645,0.9818511605,0.9868186116,34.3223215
dish_1563813221,30.97035817,30.90214519,31.03857116,0.9549390972,0.9524561763,0.9574220181,30.9698225
dish_1550860631,20.48582714,12.57799274,25.8358649,0.8701377114,0.7083218694,0.9560589194,17.13571238
dish_1565637162,22.92936037,16.64810803,29.21061271,0.8074229956,0.6881861091,0.9266598821,19.4241112
dish_1563813501,13.99869134,12.87765077,15.51111797,0.6130950054,0.5180581212,0.6673147082,13.86366987
dish_1551391672,24.40362672,14.87500508,33.80553091,0.8925491638,0.8074492812,0.97326231,19.62833339
dish_1551375783,26.4596395,20.69872335,30.48087379,0.9211636409,0.8656964898,0.9600333571,25.26166125
dish_1551324284,26.40800808,23.47022475,28.92887338,0.9133776948,0.8723024726,0.9365181327,26.14549288
dish_1550860787,30.63941058,28.20398225,32.92003571,0.9649210771,0.9544230103,0.974196136,30.43508592
dish_1558029923,15.49423986,12.83185917,19.79648841,0.6916154921,0.634262085,0.7814472318,14.85625296
dish_1566417475,19.91244061,13.59541755,28.20832386,0.6680138906,0.4919444919,0.934871316,16.89650063
dish_1563898055,18.54471259,15.0731368,22.80715967,0.7533730865,0.6718193889,0.8623464704,17.51966836
dish_1562873155,18.0919999,17.68894742,18.49505237,0.7578967214,0.7071736455,0.8086197972,18.07332379
dish_1550873218,36.28476494,31.23836474,39.75666001,0.9776381254,0.9741727114,0.9837742448,35.18297144
dish_1561753649,19.8825325,19.66770946,20.09735554,0.7853042483,0.7694178224,0.8011906743,19.87722157
dish_1551375086,31.9269053,29.24922219,35.76989796,0.9692015573,0.9599956274,0.9758477807,31.52840227
dish_1550793093,28.79140894,25.93416821,31.71283504,0.9578158632,0.9369856715,0.9721978307,28.32771895
dish_1565119418,26.37604755,15.4531497,36.28129914,0.8665845195,0.7080094814,0.9816606641,19.92148526
dish_1565711154,17.56861773,12.84310566,22.2941298,0.6940238178,0.5914469361,0.7966006994,15.38660357
dish_1551389118,37.02302967,34.67995742,39.8855531,0.9872174859,0.9848334789,0.9905199409,36.69940215
dish_1558460138,33.46120093,31.375179,35.54722285,0.9698563814,0.9577054381,0.9820073247,32.97837327
dish_1551378762,27.71003067,24.77637217,29.29986624,0.9143656641,0.8755068183,0.9444963336,27.41072743
dish_1551373253,28.36914297,22.13959422,32.22313104,0.9460535579,0.9205967188,0.9606467485,27.28513903
dish_1563898084,13.74418655,12.71651537,15.26473024,0.5547545751,0.5357671976,0.5918866992,13.61334741
dish_1563389742,22.08146072,16.6667009,27.49622053,0.8280650377,0.7054356337,0.9506944418,19.33226875
dish_1551233248,28.83354598,26.04553208,31.79999426,0.9441232309,0.9266040921,0.9517722726,28.46475753
dish_1566413356,14.78768281,12.67142926,16.11207585,0.5933644573,0.5475175977,0.6380942464,14.50960367
dish_1551390560,28.30247486,21.32470735,32.31530498,0.9383757412,0.8754453063,0.9616712332,26.77960719
dish_1558031302,6.413049123,6.302115215,6.523983031,0.08129706979,0.06309192628,0.0995022133,6.411632458
dish_1561666849,16.93987153,15.82642666,18.0533164,0.5877617598,0.5115708113,0.6639527082,16.79867573
dish_1567526888,16.4399623,13.57552673,19.30439787,0.753572762,0.7155071497,0.7916383743,15.55679202
dish_1559675178,16.17507358,14.98066179,16.90209685,0.7382173538,0.6995006204,0.7766296268,16.08852038
dish_1563824130,21.71578213,19.13427188,23.35721517,0.8046168884,0.6649475098,0.8789139986,21.2984398
dish_1563208412,31.7306602,29.87787531,35.09881659,0.9625309904,0.9366491437,0.9826018214,31.17424294
dish_1562777099,15.34175702,11.76479165,19.75551627,0.7065953414,0.5379911065,0.7991346717,14.25478535
dish_1561481634,19.30047678,18.63475806,19.9661955,0.7379396856,0.7375563383,0.7383230329,19.24965221
dish_1562787848,18.38916998,14.13995126,23.63126078,0.7193456093,0.5173444748,0.8913645744,16.91118103
dish_1563822636,20.91725935,17.04017797,27.29126944,0.7600736618,0.6743143201,0.9047912359,19.20558123
dish_1566316681,24.42696108,16.63166705,32.92258568,0.8443403319,0.5557253957,0.9494696856,21.79874697
dish_1558462106,6.66496957,6.392353373,6.937585766,0.08345733583,0.02803063393,0.1388840377,6.656418824
dish_1550861950,33.42941355,22.78844696,38.97642865,0.9806319144,0.9528335929,0.9918419123,29.05722658
dish_1563476577,17.48611881,14.79316188,20.92598047,0.6501775781,0.5512186885,0.7993328571,16.81710104
dish_1565728415,32.52163211,31.47045068,33.57281355,0.9723072052,0.963052392,0.9815620184,32.3956394
dish_1563822546,20.73681158,14.34748424,28.36795457,0.7782078187,0.5862768888,0.9465718269,17.83053537
dish_1562959700,23.59220015,19.05503129,29.43721969,0.8186349074,0.7271115184,0.9418712258,21.87559336
dish_1565024675,28.62604501,24.9019318,31.3491448,0.9249485532,0.8485930562,0.9653461576,27.73216771
dish_1565378680,26.61409879,21.81271007,31.41548752,0.9055152833,0.8610806465,0.9499499202,24.37143276
dish_1561575977,14.14428596,12.16142664,16.12714527,0.6470434964,0.554302752,0.7397842407,13.70653285
dish_1562947469,20.34700645,16.04851745,24.7400448,0.8167435129,0.6934338808,0.9163004756,19.01559111
dish_1550778646,26.99765271,23.55656113,30.40960773,0.9067218378,0.8761456609,0.9367182255,26.49521427
dish_1563219056,13.42159448,12.96843472,13.65894067,0.5793634057,0.5092577934,0.6169712543,13.40956782
dish_1565726848,23.46441591,21.72828706,25.20054476,0.7593547106,0.6453495026,0.8733599186,23.12626671
dish_1551563370,24.1911634,20.26163148,29.21807266,0.9230282679,0.8761900663,0.9605958462,23.10785698
dish_1563476408,17.66144675,15.23739993,19.26706656,0.7073758046,0.620613277,0.8239505887,17.29166236
dish_1551124062,31.23851842,25.67731533,35.37302464,0.9678652212,0.9333202243,0.9835074544,29.70988259
dish_1563568003,24.0039032,19.79101675,30.86791383,0.8603043954,0.7947322726,0.9604443312,22.06782932
dish_1565897569,28.26765261,23.65327462,32.88203061,0.9293486476,0.8800070882,0.978690207,26.17359346
dish_1560799615,16.10987924,15.45497753,17.27220653,0.5571751595,0.4989957809,0.5896381736,16.03540984
dish_1562959295,6.483254365,6.328834044,6.637674686,0.07976710424,0.0493741706,0.1101600379,6.480509613
dish_1561576887,15.73738208,6.711312399,24.76345177,0.4722719789,0.07652121782,0.8680227399,9.654129745
dish_1562687299,15.25643019,11.74400183,18.76885855,0.7174372375,0.6324489117,0.8024255633,13.96832905
dish_1561577573,14.4025981,12.42525717,17.8333906,0.5234399935,0.4353440404,0.6795194745,13.82342406
dish_1551222363,29.04615022,25.5716586,30.76757139,0.9501413107,0.8799322844,0.9688046575,28.72641272
dish_1565638550,24.17883059,21.46799678,29.0234407,0.804187874,0.6610760093,0.9088041186,23.11923733
dish_1562789328,13.78551829,11.19660291,16.10332643,0.5700460076,0.5048735142,0.6226018667,13.31799192
dish_1562702813,25.24081418,23.15317704,28.28586709,0.8299321085,0.7199552655,0.9422854185,24.79375028
dish_1551396309,21.67600719,18.24909911,25.96371004,0.8761859164,0.8543498516,0.9226036072,21.17525276
dish_1550706037,25.66579151,21.52222882,28.92548099,0.9000095204,0.8454434872,0.9306228161,25.11945022
dish_1566332193,17.62499428,12.27373109,22.97625747,0.6831618696,0.4844168127,0.8819069266,14.92947627
dish_1551391543,26.85507578,22.78601141,28.93327677,0.9030588269,0.8646886945,0.9254791141,26.38799616
dish_1563304261,23.76556632,23.72952763,23.80160502,0.8238359988,0.8233318329,0.8243401647,23.7654168
dish_1561578461,17.57955454,17.23014211,17.92896696,0.66089499,0.6148240566,0.7069659233,17.56551366
dish_1551323381,26.4041355,22.55765878,28.5577349,0.9180669859,0.8786844611,0.9446885586,25.97353344
dish_1559675268,14.65790535,13.65806463,15.65774608,0.6930377483,0.6413012147,0.744774282,14.54381532
dish_1568061202,14.07551133,13.34551136,14.54838309,0.5542678436,0.5193762183,0.5880972743,14.04321921
dish_1551565797,32.8968941,31.04571478,35.07875416,0.9659611923,0.9495719075,0.9729942679,32.71628675
dish_1551237558,28.69107879,26.45771673,30.41381532,0.9350815713,0.9112756252,0.9471671581,28.46843387
dish_1562168471,18.76161862,16.51719781,21.00603942,0.7971622944,0.7379583716,0.8563662171,18.20577791
dish_1562605352,23.04061115,16.6090443,30.08192267,0.8377645413,0.6690995097,0.9529935718,20.21864199
dish_1551375981,30.66329081,29.01575843,31.61553979,0.9409053922,0.9246334434,0.9552021623,30.58712224
dish_1561749348,21.16610923,17.67927465,23.69487554,0.7907127341,0.6243169308,0.8775703311,20.63888834
dish_1558379876,20.93914399,17.40074183,24.61315858,0.757627964,0.7378560305,0.7757684588,20.0055544
dish_1566333228,20.44748007,16.73690138,25.64840337,0.7140307625,0.6327537298,0.8750818968,19.13206594
dish_1550862106,29.97857962,26.20383671,32.84445886,0.9551353509,0.9392880797,0.964712441,29.51548295
dish_1566317801,27.4444125,20.56292118,34.32590382,0.8836418986,0.7874848247,0.9797989726,23.39436149
dish_1561578156,19.5808955,17.73698081,21.42481018,0.6973504126,0.5976154804,0.7970853448,19.20067805
dish_1557861795,25.25229736,16.20597736,29.84587993,0.9077540636,0.7156193852,0.9650879502,22.43172248
dish_1568315988,21.80293365,18.71191343,24.89395386,0.908696264,0.8541864753,0.9632060528,20.78492483
dish_1565898544,20.69817074,18.51247904,22.88386244,0.8804706931,0.8348895907,0.9260517955,20.1699308
dish_1551233345,36.14545255,34.3034545,37.48083004,0.9832602218,0.9778858423,0.9858782887,36.0202193
dish_1565107171,8.500273383,8.371754242,8.628792524,0.3832587004,0.35126248,0.4152549207,8.498372051
dish_1566414924,22.53934477,12.51995396,28.4035801,0.7564623555,0.4645069242,0.9081034064,17.02157279
dish_1562702044,7.212358454,6.941553643,7.483163265,0.1474207714,0.1348157972,0.1600257456,7.203920887
dish_1562788760,26.96119631,21.46621862,32.79431477,0.8821058273,0.8017429113,0.9491888285,24.84284506
dish_1551492506,32.70566745,30.02254869,35.64508678,0.9631857201,0.9481117725,0.9731393456,32.35288264
dish_1550797474,34.03683526,29.92295254,36.85176112,0.9806799889,0.9701595306,0.9850293398,33.44322985
dish_1565207662,22.21880249,17.917784,30.38937779,0.8579723636,0.7907833457,0.9687830806,19.76193797
dish_1551223346,27.57274426,23.71034657,29.8953734,0.8939049906,0.8417494297,0.9450884461,26.98356409
dish_1551123455,25.86602869,17.40605739,30.54431072,0.8993181512,0.7571650147,0.9636296034,22.57232495
dish_1563996464,20.17420288,16.07235276,24.27532045,0.7802156409,0.6331053972,0.9268330336,18.96817032
dish_1563567978,25.60285765,20.80558532,30.40012998,0.9325642586,0.9004135728,0.9647149444,23.36349427
dish_1565030391,17.07618124,14.11515033,20.76350664,0.6452476978,0.4630166292,0.7984985709,16.41090815
dish_1551565464,35.1069463,31.6243765,38.26655003,0.9833842888,0.9790683389,0.988121748,34.61358251
dish_1563568292,26.25041892,21.79579807,34.51737981,0.9164585074,0.8529779911,0.9764745235,23.74314074
dish_1558550181,31.42874009,31.27473876,31.58274143,0.9710818827,0.9679858685,0.974177897,31.42601021
dish_1550859544,23.81432804,19.40678368,31.79775653,0.8974925131,0.842013061,0.9490346909,22.22873642
dish_1551374946,22.33186072,17.74554488,30.42980619,0.8843978345,0.797446847,0.9604882002,21.15910675
dish_1551139874,28.75987096,25.77455542,31.19951666,0.9207369685,0.9061009288,0.9346495271,28.36154177
dish_1561752680,22.28830103,19.55141652,24.64406224,0.8727631569,0.8334550261,0.9269066453,21.7764101
dish_1551226049,27.10009365,24.24924179,30.78299349,0.9126467034,0.8847329021,0.9477283359,26.71106484
dish_1551234214,31.35552474,27.22007485,33.61906389,0.9587403014,0.9378430247,0.9690597653,30.65771261
dish_1551135536,32.27072678,28.20359911,35.79029806,0.9602527395,0.9408483505,0.9759118557,31.43959337
dish_1565208562,23.72075166,18.29084686,30.52419652,0.8197478652,0.6780382991,0.9564025998,21.44009449
dish_1551236775,25.28183396,20.07325329,30.35788036,0.8853720129,0.8114965558,0.9402230382,24.05305559
dish_1551567471,32.92473269,28.2921263,37.14227412,0.9535679892,0.8370317817,0.9791409373,32.00912771
dish_1563563492,23.71140201,20.14212308,30.07287568,0.873530825,0.7880171537,0.9560826421,22.04031002
dish_1551226363,26.8966461,22.1360802,32.71064901,0.9334224292,0.9111934304,0.9569907188,25.56295505
dish_1551377094,33.77455221,30.56072703,36.56269219,0.9755589291,0.9695526361,0.9818604589,33.29261051
dish_1562789240,26.85609475,20.41021309,33.24338924,0.890283078,0.7323083282,0.9668076634,23.80591645
dish_1560454488,21.43288667,19.62002497,23.24574837,0.6731422842,0.6080310941,0.7382534742,21.06502126
dish_1551374560,28.83505771,27.25589648,30.89077455,0.9358993024,0.916126132,0.949182272,28.68058697
dish_1561753238,14.59396576,12.64371712,17.24937736,0.5519774258,0.4250877202,0.7075318694,14.19888638
dish_1560974009,9.064162811,8.50184443,9.626481192,0.3095008135,0.2975855172,0.3214161098,9.02785998
dish_1566851222,17.5482907,12.61215042,25.91728882,0.6302401423,0.4994915724,0.8710399866,14.94274739
dish_1551488448,28.01185215,23.41776625,29.56677563,0.9354590252,0.8655790687,0.9533035159,27.46539799
dish_1568315001,14.27581215,13.53726333,15.01436098,0.587458998,0.5820575953,0.5928604007,14.21331476
dish_1565383062,19.81451506,15.41750888,24.21152124,0.6629444063,0.4582610726,0.8676277399,17.88931561
dish_1551396061,34.29852919,32.26329468,35.54078246,0.9757442847,0.9696793556,0.979727149,34.13647349
dish_1560442374,7.031743112,6.982674065,7.080812159,0.1152749993,0.1132638529,0.1172861457,7.031465913
dish_1550874191,29.03616743,24.31534932,32.22624146,0.9333522394,0.9064622521,0.9557766914,28.29921844
dish_1561579933,13.67298613,11.43702981,15.36801682,0.4668692946,0.2982030511,0.5683027506,13.34796325
dish_1572627130,6.575336862,6.504836606,6.645837118,0.09113609791,0.07516761124,0.1071045846,6.574764662
dish_1551135656,35.19624324,32.41554611,37.48709264,0.9801729545,0.9712074399,0.9844734073,34.81276565
dish_1566501153,16.69755455,11.18699545,25.31237939,0.629412363,0.3930831254,0.8840405345,13.8810985
dish_1562700568,18.85117398,17.60642958,20.09591839,0.7237184048,0.6612814665,0.7861553431,18.67518406
dish_1561753168,24.45445824,21.07339652,27.83551996,0.889387548,0.8662968874,0.9124782085,23.25311676
dish_1551314967,27.5072661,22.7303021,30.53088872,0.9314456806,0.8992729783,0.9472617507,26.73889783
dish_1563563264,16.20057725,13.54254685,18.85860765,0.7246411443,0.6063560843,0.8429262042,15.43339818
dish_1562777566,21.56598706,17.37291484,25.75905928,0.8267120719,0.7267306447,0.9266934991,19.7951377
dish_1550712024,21.94328166,16.64976199,29.49444542,0.8186696097,0.720000267,0.914814651,20.03048945
dish_1560357427,18.31042015,12.96667729,23.65416301,0.7773753107,0.6039754152,0.9507752061,15.62124147
dish_1551493883,30.47611103,28.41300014,32.65566477,0.9659761935,0.949847579,0.9732934833,30.16706419
dish_1563565415,15.6486798,13.91136238,18.51701604,0.6528614759,0.5235748291,0.7620503306,15.22690264
dish_1550769725,33.79845255,31.43617174,36.05322807,0.9611916078,0.9469128251,0.9756704569,33.5499323
dish_1573491352,16.14949231,10.1644711,22.13451353,0.7571474314,0.6038588285,0.9104360342,12.90726351
dish_1563565683,26.11854915,23.55604835,28.92414964,0.9131397804,0.87974298,0.964689374,25.5932007
dish_1561748862,24.03616317,22.72726717,25.34505917,0.9141180813,0.9105972052,0.9176389575,23.84183831
dish_1563302345,21.43315047,19.79701874,23.09965113,0.748149097,0.6884378195,0.8264809251,21.22698182
dish_1566844766,16.99064145,11.98707903,21.97773517,0.6587248743,0.3602937758,0.8908144832,15.25076414
dish_1562784347,13.826212,13.01219257,14.64023143,0.4381837994,0.3889307082,0.4874368906,13.75036672
dish_1551567775,29.21649116,25.64585215,31.57759062,0.9347627908,0.9188322425,0.9533342719,28.69789713
dish_1551493311,25.35081054,20.88304056,31.2330167,0.9271968901,0.8940793872,0.9576528668,24.29094851
dish_1562774159,14.15110547,12.95054323,15.01867031,0.6375771562,0.5969168544,0.6617901921,14.06008017
dish_1563820806,17.20690814,13.40653556,21.29938138,0.7089457115,0.5855949521,0.808423996,16.11412608
dish_1566587182,7.990002702,7.581889843,8.398115561,0.2630693242,0.2250169367,0.3011217117,7.970855377
dish_1564073641,28.4539364,23.31873628,32.04595503,0.9250707825,0.8550100327,0.966065228,26.79009787
dish_1558380181,7.549008499,6.987552945,8.110464054,0.2017458603,0.1432191283,0.2602725923,7.512816681
dish_1561407312,20.59608287,19.56701752,21.62514822,0.7953650355,0.7857343554,0.8049957156,20.47528789
dish_1551390802,33.27193317,30.69959762,35.14870186,0.977516969,0.9717981815,0.983240962,32.97582073
dish_1550876819,6.335083823,6.230815649,6.47966392,0.05414912198,0.03667038679,0.07110392302,6.334234278
dish_1563309398,14.55846938,14.38540903,14.74533726,0.5973268151,0.5589642525,0.6393031478,14.55597691
dish_1561481577,25.0387306,24.91201018,25.16545102,0.8646136522,0.8232445717,0.9059827328,25.03688211
dish_1563824155,21.5986287,16.64076836,30.37823239,0.7674072981,0.6683126688,0.9240593314,18.83013541
dish_1561577549,22.29337234,19.13793273,23.94594004,0.8776608904,0.7800104618,0.9309002757,21.67513715
dish_1565210037,23.27829955,19.21118463,30.89717575,0.7928947608,0.7105944753,0.9491490722,21.0688588
dish_1566316558,14.71449023,14.39706063,15.03191983,0.4907308519,0.4257993698,0.555662334,14.70289994
dish_1562012048,23.90768905,22.79123537,25.02414273,0.8795714676,0.8482288718,0.9109140635,23.76573734
dish_1563565761,18.44797979,17.12779371,20.0299749,0.7748808861,0.7317113876,0.8197659254,18.2886702
dish_1562010865,7.930817237,7.904768749,7.956865725,0.2488978505,0.2156910598,0.2821046412,7.93073912
dish_1551142589,27.29710149,24.592975,30.00098175,0.9364606076,0.9235638976,0.957597971,26.967328
dish_1566419510,28.08366622,22.23196332,33.30983376,0.9159488281,0.8514747024,0.9527650476,25.85349911
dish_1561405034,17.12427451,16.64897626,17.59957277,0.5044675022,0.461450845,0.5474841595,17.0983176
dish_1551323433,35.10703765,25.29508609,43.44523489,0.9672312396,0.9089371562,0.9829389453,31.79522202
dish_1550876467,31.97971608,29.29227619,34.31012058,0.9611674017,0.9494150281,0.9727750421,31.58499756
dish_1563911215,23.89843902,16.87284558,28.70570136,0.86223797,0.7316173911,0.9308974147,20.90838485
dish_1550790042,26.5861896,23.4520819,30.04198977,0.9066472517,0.8757551312,0.9414517879,26.08602781
dish_1550791160,20.95091288,13.28340029,28.10457948,0.6836321255,0.4667252898,0.9375896454,17.604179
dish_1561749750,16.82648356,15.68429516,18.16480938,0.7286642591,0.6445369124,0.782666862,16.70962394
dish_1561665065,9.083804726,8.797901962,9.36970749,0.3557939678,0.3224053383,0.3891825974,9.074400805
dish_1562871488,15.36038676,14.07542722,16.25893393,0.5997952422,0.4571044445,0.7268212438,15.25700493
dish_1562086740,20.35181773,19.51733173,21.18630373,0.8052559793,0.7635086179,0.8470033407,20.27213406
dish_1551566592,32.11037989,28.28456442,35.30673432,0.9714680165,0.9588986635,0.9820668697,31.59184222
dish_1561578865,14.35605229,12.87329684,15.71484039,0.45155708,0.4296390116,0.4806927443,14.1994626
dish_1550862190,18.25840314,14.53776526,26.43133714,0.8539859429,0.7279960513,0.9493507147,17.04121547
dish_1550781347,27.36269933,22.61850272,30.21899092,0.9002825107,0.8217514157,0.9326652288,26.50184998
dish_1562007789,17.3614518,13.88669041,24.29221357,0.6143263777,0.3711225986,0.8925637007,15.46314752
dish_1565897617,22.00892568,18.87369846,27.92842094,0.7910437187,0.7012572885,0.9364687204,20.53440327
dish_1565898659,13.12374571,12.87337993,13.37379568,0.5614236593,0.3922495246,0.655166626,13.11894183
dish_1564000202,21.62415577,17.95290733,27.34060366,0.8469646772,0.7467481494,0.9531910419,20.16456034
dish_1565725188,17.82535231,11.71872016,27.4936173,0.649447004,0.396684587,0.9491292834,14.4951239
dish_1566230300,15.18925265,11.12002691,17.54867977,0.7167450587,0.6329650879,0.7755795717,14.15389888
dish_1550771421,25.53217322,16.31342818,31.15315479,0.8732628624,0.7584659457,0.9289660454,23.18226883
dish_1562789268,16.17355496,15.39748538,16.73728146,0.6214442054,0.5460199118,0.7280446887,16.13577861
dish_1563302447,13.3166304,12.9060522,13.8355771,0.5231277545,0.5034995079,0.5409676433,13.29959599
dish_1560961059,20.66512302,20.1050063,21.22523975,0.7781736255,0.7303529382,0.8259943128,20.62910313
dish_1551305209,27.17954648,23.85891606,29.51308274,0.9236392453,0.8917655349,0.9453091621,26.70513042
dish_1551228438,26.38558846,23.59282774,29.03548542,0.920861274,0.9038785696,0.9369964004,26.14618087
dish_1561574456,16.47274953,12.70107851,22.52651204,0.6695412397,0.5872411132,0.8255661726,14.88652186
dish_1551373813,27.87638324,24.70229624,29.5245003,0.9394444644,0.9084038734,0.9570921659,27.63401232
dish_1550785292,24.23408212,19.88190585,27.40886501,0.8491359353,0.7670421004,0.9001765251,23.11527695
dish_1562700524,20.93207365,18.72337829,23.14076901,0.7803080678,0.7107318044,0.8498843312,20.39309649
dish_1562169762,24.31659562,21.40526056,27.22793067,0.8793357611,0.8310352564,0.9276362658,23.40614619
dish_1566588066,17.78573531,14.94222467,20.62924595,0.640090093,0.4917425811,0.7884376049,16.9146275
dish_1563378690,22.83336752,17.01133353,28.19777826,0.8590921909,0.760180831,0.9582059383,20.19652749
dish_1566415520,16.3647227,16.32908235,16.40036304,0.6632672846,0.6149315238,0.7116030455,16.36457646
dish_1551564637,32.37295506,30.20933025,34.60007891,0.9473463148,0.8904798031,0.9699124098,32.16542289
dish_1561578800,21.06745031,20.60571454,21.52918608,0.7563818693,0.7449358702,0.7678278685,21.04295086
dish_1565036788,20.49035372,16.54526093,24.4354465,0.7713889182,0.644926548,0.8978512883,18.90145222
dish_1564083480,21.18751759,17.23527249,28.10679429,0.83560733,0.7453348637,0.949768126,19.26755213
dish_1563309353,13.12677647,12.96674553,13.28680742,0.4928074032,0.4539391696,0.5316756368,13.12382869
dish_1567024112,26.85127141,20.83617246,32.99893795,0.9126664996,0.8637880683,0.9570425153,24.40542985
dish_1567537352,22.59633003,18.0478964,25.5683272,0.7856334249,0.5462799072,0.9121756554,21.29297702
dish_1551564282,28.09815846,27.35917152,29.3894386,0.9387266561,0.9293065071,0.9501357079,28.05023395
dish_1562704564,28.12781679,26.12250454,31.89681067,0.9259048303,0.9022352099,0.9636588097,27.44887184
dish_1562183151,19.80071607,18.07524603,21.52618611,0.772031039,0.6720171571,0.8720449209,19.46660328
dish_1551227165,34.04996585,32.18313944,35.93314775,0.9694470614,0.9539337754,0.9769331217,33.85340972
dish_1550795361,32.61883667,30.47495889,35.34853843,0.9594570473,0.9442846775,0.9748010635,32.20646927
dish_1558031019,20.42131783,15.54670384,27.52573345,0.7821323276,0.6821183562,0.8881239891,18.5170353
dish_1566931674,8.256766346,7.553270129,8.960262562,0.3193939179,0.272875458,0.3659123778,8.20003553
dish_1551307325,34.29583559,33.61676374,34.80669147,0.9781241491,0.9747005105,0.9825867414,34.26878073
dish_1565728388,6.163811349,6.132619709,6.216943478,0.02352603401,0.02115196735,0.02643184178,6.163647523
dish_1551227628,27.0462077,24.61833646,29.29078716,0.9019888118,0.8845191002,0.931925416,26.8280144
dish_1550707914,30.32765038,27.64265238,34.02340066,0.9566815943,0.9348952174,0.9689103961,29.82401101
dish_1550779388,26.98618952,23.5579461,28.09264661,0.8856524229,0.8263298869,0.922299087,26.73411178
dish_1568233444,12.42406557,11.20853856,13.63959257,0.4945355207,0.4107132256,0.5783578157,12.25613697
dish_1562179966,28.69335405,24.75399957,32.63270853,0.9073193371,0.8417183757,0.9729202986,27.10858436
dish_1563389719,16.25250997,13.95562642,18.54939353,0.6772761941,0.5882591605,0.7662932277,15.67149333
dish_1559678127,20.60763116,20.1198918,21.09537051,0.6791585982,0.6318490505,0.7264681458,20.58030048
dish_1561579845,22.02291403,21.27245233,22.77541753,0.8508547743,0.8229614496,0.8830233216,21.97968726
dish_1561753589,29.21732956,24.59150085,33.84315828,0.9596893191,0.9532587528,0.9661198854,27.11425731
dish_1551316788,34.57244796,33.43813315,35.96689616,0.980807811,0.975420773,0.9861653447,34.51342207
dish_1551377874,25.03386589,17.02455474,27.93902108,0.9038405642,0.8189621568,0.948895514,23.18180884
dish_1562602657,13.70191189,12.99383563,14.40998814,0.7533304393,0.747091949,0.7595689297,13.64444324
dish_1562702853,21.30990739,21.04071275,21.57910202,0.8167201281,0.8021101952,0.831330061,21.3015698
dish_1551233180,31.89692872,27.67940236,35.19806474,0.969021678,0.9578665495,0.9770370126,31.17177988
dish_1562086595,17.60388193,16.88731602,18.32044784,0.7500799894,0.7449100018,0.7552499771,17.54503318
dish_1551227325,28.35580074,26.39959069,29.32130848,0.9123645872,0.8896831274,0.9342419505,28.24425939
dish_1562873002,18.31564384,14.19221884,24.74216142,0.7331716021,0.5721125007,0.9141116738,16.54370156
dish_1550771387,26.08130479,20.41328458,29.07909549,0.8771053255,0.8188393116,0.9219276905,25.2378811
dish_1550861187,26.51894606,23.95958274,29.78595872,0.9064841866,0.8650836349,0.9391753674,26.24636207
dish_1562614980,20.92503216,15.55662059,23.63699068,0.7475551168,0.5149618387,0.8660463095,19.14463083
dish_1550863309,17.05715893,13.1765882,21.42299264,0.6892668083,0.5752921104,0.7998390198,16.41181803
dish_1562687527,19.48489224,14.42795547,25.70034037,0.7659557263,0.6608330011,0.9071922302,17.49029947
dish_1567789190,21.4125624,17.43864607,27.42011609,0.7383784453,0.6281360984,0.9040781856,19.80406333
dish_1565799597,17.89205213,16.46203314,19.32207111,0.7704766393,0.7065599561,0.8343933225,17.66075332
dish_1551388984,32.87617938,31.65520142,34.44101306,0.9599844962,0.9553234577,0.9634195566,32.80149991
dish_1559933834,15.9225671,15.82147712,16.02365709,0.5391640514,0.4870687425,0.5912593603,15.92139068
dish_1560368764,14.84501878,11.75883406,17.9312035,0.4942511618,0.3606789112,0.6278234124,13.82996645
dish_1550773506,27.69079737,23.85225596,33.14053915,0.9174410701,0.8711647391,0.9589951038,26.7557068
dish_1550793582,29.23181349,25.92091488,31.36409764,0.9617984965,0.9457282424,0.97274822,28.67646555
dish_1550788505,26.61214177,21.00602209,31.8338929,0.9127172563,0.8735830188,0.9620082974,25.05580349
dish_1565031338,18.63045941,16.73251904,20.52839977,0.7347238064,0.6918888688,0.777558744,18.22830847
dish_1568320470,16.71807065,14.89297514,18.52240793,0.6934054097,0.60548383,0.7416827679,16.46829338
dish_1558115282,33.6136832,30.09841965,37.12894675,0.9754514694,0.9635175467,0.9873853922,32.32368506
dish_1551317508,29.95519399,25.36427397,32.3128035,0.9628559574,0.9227420688,0.9775726795,29.18692701
dish_1568132561,18.64522002,17.23894841,20.05149163,0.603291899,0.5545786619,0.652005136,18.42141131
dish_1550777713,23.58444611,21.70608979,26.4369586,0.9267402366,0.9087355137,0.9370337129,23.23713594
dish_1568319769,19.82706158,18.45093394,21.68179133,0.7644539674,0.6801396012,0.8482494354,19.62657059
dish_1551316737,31.06387558,27.96423525,32.77253481,0.9698799103,0.9651819468,0.9764989018,30.76940268
dish_1563566939,15.37576328,14.39121246,16.20665549,0.6555300752,0.6305316687,0.6927925348,15.3103033
dish_1550796058,32.8874982,30.78482361,35.59899773,0.9687314563,0.9602190256,0.9796439409,32.61278835
dish_1563205982,15.71170685,13.26818193,20.17419144,0.6609210173,0.5578740835,0.849604845,14.79500961
dish_1550862993,27.4335601,22.47461263,32.34598531,0.9493550211,0.9197661281,0.9696589708,26.13739215
dish_1566414291,18.96140814,17.18464215,21.38198042,0.6898658872,0.6775494814,0.6962512732,18.62985289
dish_1565379377,19.75086164,19.55306306,19.94866022,0.7209312022,0.6850891113,0.756773293,19.74635885
dish_1551395269,28.94546879,26.48461892,31.89006113,0.9404041916,0.9071162939,0.9648982286,28.70235805
dish_1561739265,14.58288244,14.27690737,14.88885751,0.6451165676,0.6234357953,0.6667973399,14.57211286
dish_1568144803,6.684956455,5.8583197,7.51159321,0.05234212428,0.02748522162,0.07719902694,6.606755869
dish_1551563119,31.36468755,21.97606424,35.49133746,0.9615454144,0.9394413829,0.9727320075,28.24955598
dish_1573666680,19.25921662,18.43972987,20.07870337,0.8459894657,0.8256679773,0.8663109541,19.18235509
dish_1561576590,27.09427862,22.12141039,30.47570232,0.876754264,0.7411564589,0.9598013163,25.53603524
dish_1562959024,22.20084834,19.35346033,26.57803837,0.7660743197,0.6303427219,0.9082570672,21.27408631
dish_1563389446,16.28931608,13.84246893,17.75718914,0.5562477907,0.4610849619,0.631965816,15.91766387
dish_1561749016,22.45201479,21.17691221,23.72711737,0.834074825,0.7764303684,0.8917192817,22.26745677
dish_1561749857,9.272349327,8.839442376,9.705256277,0.3624397367,0.3438794017,0.3810000718,9.25080877
dish_1563216717,17.80263148,15.05014254,20.42426398,0.6831945578,0.6209392548,0.7596355081,17.25668235
dish_1551237710,32.23245731,29.31850848,35.91105539,0.9497989586,0.9261078238,0.9715778828,31.77300049
dish_1551237607,13.61548168,7.432277134,22.08536631,0.3362977542,0.146732986,0.6328117847,11.34905387
dish_1561747075,15.17300941,11.11823159,17.61430404,0.6307332814,0.4392010272,0.784960568,14.14244437
dish_1563823390,8.021663794,7.949992205,8.093335383,0.2307408229,0.194582209,0.2668994367,8.021072423
dish_1566588016,16.93581049,14.19389238,19.67772859,0.655202657,0.5047082305,0.8056970835,16.12230082
dish_1550712524,31.81566409,26.2906297,35.30430628,0.9586769864,0.9171788692,0.9742225409,30.660734
dish_1562963676,17.28297963,13.97150567,20.64031525,0.6930014292,0.52773422,0.8241728544,16.47210653
dish_1562959485,28.2318239,26.79505297,30.30972838,0.8991407355,0.8305132389,0.9548034072,27.99115452
dish_1559675101,24.67882089,24.64292347,24.71471831,0.9179565609,0.9148339033,0.9210792184,24.67867253
dish_1559933818,19.82199885,19.43142829,20.21256941,0.6076646745,0.5706993341,0.6446300149,19.80446004
dish_1568144774,22.37645154,16.85641757,27.8964855,0.8843556941,0.7970223427,0.9716890454,19.53769726
dish_1560445004,16.23503049,15.39002783,17.08003315,0.6217284799,0.5914028287,0.652054131,16.15333831
dish_1565799565,17.3489701,10.89498048,23.80295972,0.7304509878,0.5197868943,0.9411150813,13.68845998
dish_1564159543,22.43991162,21.493174,24.24754932,0.870498538,0.8389781713,0.9159864783,22.26630152
dish_1550712143,26.58538154,24.1576183,30.10853544,0.8943682387,0.8610000014,0.9256904125,26.23538718
dish_1565724050,14.44261908,13.90042578,14.98481237,0.5341530144,0.4748969078,0.593409121,14.40886167
dish_1551136610,29.01952402,25.52163369,31.59227274,0.9583021336,0.9445317984,0.9697966576,28.61185653
dish_1551139260,32.85605044,31.13764055,34.55945658,0.9551358422,0.9369269013,0.9639037251,32.69257716
dish_1564169878,18.590507,15.48600906,21.2905712,0.6904549797,0.6588375568,0.7464142442,17.93102976
dish_1550790442,29.19780506,27.10513515,31.59728288,0.9384086132,0.9049924612,0.9520713687,28.94308607
dish_1550773949,28.10298771,22.80939162,30.06469365,0.9132352322,0.8689002991,0.9434059858,27.40446579
dish_1565640427,12.22609689,10.85292215,13.59927164,0.6045965254,0.5254687071,0.6837243438,12.01253172
dish_1563827425,7.621726619,7.578672464,7.664780774,0.218421936,0.2030072361,0.2338366359,7.621513212
dish_1550707236,29.99660826,24.51724483,31.83806688,0.930964801,0.8646152616,0.9640042782,29.31407003
dish_1561663606,21.23021983,17.48992927,26.32969546,0.8212470214,0.7541999221,0.9219192863,19.93480634
dish_1551123904,31.80699025,26.22263325,34.79153454,0.9668156579,0.9303144217,0.9789340496,31.00738343
dish_1562096608,19.11716157,16.14631318,23.5988832,0.6798982819,0.5626580119,0.8577789664,18.1430815
dish_1568666184,16.69189666,13.59043732,19.793356,0.6757331789,0.5434941053,0.8079722524,15.66749373
dish_1568405214,17.88161865,14.96523168,22.5171063,0.6416485508,0.513497293,0.8695905209,16.87015477
dish_1550772088,32.02378968,27.23355538,35.75862763,0.9579255879,0.9497852921,0.9716864228,31.29592775
dish_1563480476,21.58380185,15.37321599,25.77291498,0.8142262896,0.6105319858,0.9213052392,19.20513492
dish_1562860045,18.04904965,17.24590884,18.85219047,0.7463806868,0.725877285,0.7668840885,17.9752067
dish_1551305168,31.62371655,26.64075493,35.82873391,0.9739857167,0.9430548549,0.9824565053,30.92019232
dish_1566849987,18.46127444,15.82612498,24.54650083,0.7872180343,0.6587611437,0.9444540143,17.42582357
dish_1565370004,15.30949068,14.47440733,16.14201793,0.5780349771,0.4772068262,0.7202074528,15.25627682
dish_1551395194,33.21321574,28.02709169,36.00523035,0.9726465717,0.9528862834,0.9831115007,32.32193655
dish_1551378179,28.24980872,25.07177817,31.08055315,0.9111363217,0.8746656179,0.9387107491,27.85534499
dish_1566931140,23.78186212,19.41755334,26.93566822,0.8768253326,0.7993415594,0.9264671206,22.56278528
dish_1560441464,28.8896017,24.07909476,33.70010864,0.9487659335,0.9309334755,0.9665983915,26.639615
dish_1557936555,30.98507137,27.35586494,33.50269534,0.9664070904,0.9518037438,0.9763051867,30.32256555
dish_1568060542,17.86696853,12.9407776,25.56518336,0.6609171828,0.5154724717,0.8981176615,15.50150505
dish_1556575446,28.26920127,26.47420539,30.20328564,0.9172081749,0.8878528476,0.9368479252,28.07375481
dish_1567714839,12.61233803,12.51805575,12.70662031,0.4850317091,0.3798064888,0.5902569294,12.61131471
dish_1567628099,20.73914974,18.05626264,23.99530739,0.7942800721,0.7157446742,0.909960866,20.10912823
dish_1562704528,24.38179831,24.08960218,24.67399443,0.8584708273,0.8268252611,0.8901163936,24.37197614
dish_1561748950,23.20902803,20.53373982,25.88431625,0.9221191108,0.8956077099,0.9486305118,22.43240979
dish_1551307394,26.42198772,23.80059716,28.13864632,0.9172671288,0.8926728368,0.9397434592,26.14691066
dish_1566502315,17.85332862,13.37545343,24.41158283,0.6498372753,0.3957132101,0.8415966034,15.95987609
dish_1563378344,29.01038909,28.31098462,29.70979357,0.9736550748,0.9679501057,0.979360044,28.95431347
dish_1563555510,24.78338987,23.5094292,26.05735055,0.930604279,0.9115293622,0.9496791959,24.59915767
dish_1563563317,23.95026906,21.78703236,26.11350575,0.8943805695,0.8554697633,0.9332913756,23.4324181
dish_1568217267,20.36143533,19.86389625,20.85897441,0.6919954419,0.6645842195,0.7194066644,20.33299777
dish_1575997268,6.134767701,6.012482417,6.257052985,0.02693506589,0.0006685979315,0.05320153385,6.133046321
dish_1563565805,19.75215436,15.7137449,23.79056381,0.7968589962,0.7235559225,0.8701620698,18.09555399
dish_1550792315,23.70901727,16.66229052,27.2885882,0.916033109,0.8420469761,0.9577584863,22.3011274
dish_1551122914,24.56271323,21.90360356,28.56286167,0.8448671773,0.7611253858,0.9195650816,24.11075495
dish_1561662458,22.05061091,15.60995714,28.49126468,0.8372875154,0.7174857259,0.9570893049,18.40213395
dish_1563551432,16.32224331,14.16305796,18.51832996,0.6258844932,0.5039118528,0.6951850653,15.96701323
dish_1551492732,35.0239869,32.84006913,37.68338515,0.9754138961,0.9627215266,0.9831787944,34.6581158
dish_1563826272,21.17082056,14.36614437,31.2709216,0.7562502424,0.6000928879,0.9481380582,17.475638
dish_1562876756,13.47167118,12.80226274,14.35067277,0.5643775463,0.5306447148,0.6131023169,13.42435304
dish_1566502573,19.54668207,15.39204906,27.67567647,0.7348287503,0.5961941481,0.9173404574,17.11308723
dish_1563900120,31.82326323,24.60213882,36.63951553,0.9434013367,0.8722505569,0.9808940887,28.68574871
dish_1563551164,20.34924188,18.08472106,22.56711121,0.864657561,0.7680870295,0.9281219244,19.96989642
dish_1550874079,33.33835692,28.17003632,36.77498786,0.9712563083,0.9558552504,0.9824293852,32.25932823
dish_1560360055,16.61382326,15.44041853,17.27854826,0.7800021768,0.7093513012,0.831327796,16.53100241
dish_1563897837,19.13927076,18.45174999,19.82679154,0.8086956143,0.7640930414,0.8532981873,19.08507671
dish_1561739160,18.70125704,14.27503268,21.66722143,0.7835882107,0.7244201303,0.850872457,17.46220283
dish_1562963153,14.44529332,11.33252329,16.73851469,0.5342326264,0.4311331213,0.6278117895,13.8187942
dish_1565724509,19.66759735,14.44162636,23.22087304,0.7805263052,0.3199317157,0.9164253473,18.58451365
dish_1567537252,17.58677663,13.38527957,25.80257264,0.6465338866,0.5071927905,0.8846986294,15.11346762
dish_1562789207,6.397430639,6.3303989,6.500243764,0.0446120128,0.03720122203,0.05151338875,6.396805612
dish_1567711402,19.48072776,15.42969735,25.46888149,0.730233103,0.5933883786,0.9130648375,18.23150992
dish_1562775510,21.12436087,19.34557138,23.51113828,0.7848276695,0.7130272388,0.8432377577,20.79864446
dish_1550797130,25.4115929,20.38336588,29.88459382,0.8951312304,0.8214073777,0.9375193715,24.27307385
dish_1551235669,26.9918812,23.50816937,30.48893847,0.9605158269,0.9446387887,0.9749760628,26.23596533
dish_1566330466,19.80157373,13.59935946,25.840094,0.8135017157,0.677951932,0.9434921741,17.26270391
dish_1560456305,25.49956627,23.67694945,27.32218308,0.8152716756,0.768674314,0.8618690372,25.12784068
dish_1551125436,26.53136243,24.09862964,29.09727757,0.8833855838,0.8075543642,0.9272624254,26.20410956
dish_1559844366,19.55376359,18.57689264,20.53063454,0.713814348,0.7068197131,0.7208089828,19.44481253
dish_1558375583,26.18705957,24.5352045,27.83891465,0.858610332,0.85256356,0.864657104,25.88020953
dish_1566242164,8.53998076,8.524218597,8.555742923,0.350812465,0.3500584662,0.3515664637,8.539952157
dish_1563479625,19.74750142,17.74696464,23.61500463,0.7344530225,0.6388133168,0.8696452379,19.03775739
dish_1566587143,22.3007112,15.14222372,32.2768374,0.7706834475,0.548936367,0.9618632793,18.49141719
dish_1551234046,27.27740256,21.74988694,31.81932954,0.9261264652,0.8927866817,0.9483215213,26.27505547
dish_1567526845,14.37351092,11.66153242,17.08548942,0.7056769729,0.5683745742,0.8429793715,13.57666579
dish_1558373687,30.00669237,27.81680012,32.19658462,0.9054073989,0.8511440158,0.9596707821,29.47649889
dish_1561654732,24.57299283,15.87148994,29.26974769,0.8739973505,0.7253219485,0.9578091502,20.23133044
dish_1561666897,14.96977008,14.20178144,16.30257835,0.6135943333,0.526252389,0.6762869358,14.87234848
dish_1551492561,29.35124041,28.39900187,30.32425046,0.9155837446,0.8889852166,0.9301031232,29.28818155
dish_1558380014,6.43883595,6.419475465,6.458196434,0.06270751543,0.05585198477,0.0695630461,6.438792796
dish_1557861697,31.2945322,28.33834858,35.51180994,0.9648413211,0.9518333077,0.9781816602,30.65539317
dish_1551226409,24.29154656,19.0496753,28.07315483,0.7714439854,0.6741412878,0.8966282606,22.96142638
dish_1563897395,19.95783881,14.81152223,24.75398385,0.8048871954,0.6543045044,0.8978991508,18.17325714
dish_1550873303,28.80169505,23.27498126,32.3303165,0.9406203032,0.908133328,0.9575759172,27.89347909
dish_1562956486,17.33449622,14.64768578,21.29072364,0.7271724741,0.6484004855,0.8679938316,16.54500377
dish_1565987298,28.31637345,22.63970081,34.88435974,0.9272343914,0.8810927272,0.9734717011,25.97486784
dish_1551382115,29.25129069,27.12408611,30.34893846,0.963236399,0.9508634806,0.9727172256,29.09118908
dish_1550771938,31.31339326,28.41204318,33.39017667,0.9618641138,0.946608007,0.970606029,30.89442815
dish_1561752535,17.79346345,16.04719775,19.53972916,0.7128071487,0.6027292013,0.8228850961,17.45145474
dish_1565036953,19.599232,13.90810568,26.45434229,0.7585359067,0.5982525349,0.9051567912,17.59833699
dish_1563309285,19.44775553,16.51436185,23.56289967,0.7825072408,0.7128899097,0.8663477302,18.57785519
dish_1551224928,21.41302198,17.22353896,29.31087631,0.8668513979,0.7699075341,0.967300117,20.0672098
dish_1563826223,26.0157703,22.26986677,29.37945127,0.8765616218,0.7824440598,0.9273881316,25.05151795
dish_1566414723,18.64679401,14.78505942,23.78072118,0.6907034119,0.5474728346,0.8078807592,17.31124138
dish_1558032156,23.75026723,20.55788409,28.38211072,0.8590519031,0.8139958978,0.9007701874,22.69763841
dish_1562172643,11.26415192,11.18689381,11.34141003,0.5615078509,0.5543318987,0.5686838031,11.26346477
dish_1551489812,28.56638728,26.77654535,30.49477074,0.9404304698,0.9249037504,0.9583297372,28.35688048
dish_1562180089,17.33451034,15.19961331,18.79360166,0.5925543706,0.5122599006,0.6339624524,17.04685567
dish_1551486217,27.75150971,20.57083743,32.62120988,0.919464156,0.8315373659,0.9540920854,25.83608331
dish_1550777418,6.453328442,6.33145793,6.563814493,0.04176398087,0.02591359429,0.05477534235,6.45277097
dish_1559843690,20.95994831,19.16702162,22.75287499,0.7684810758,0.7495563626,0.7874057889,20.59991378
dish_1561654756,22.92654391,17.49813026,28.35495755,0.8028952479,0.6843871474,0.9214033484,20.16577589
dish_1551323073,25.65114322,17.23238275,29.41919855,0.8849738315,0.6987110376,0.9414740205,23.65315871
dish_1551134208,28.75719519,26.36618438,30.45170994,0.94881282,0.9291992784,0.9642986059,28.55198966
dish_1550859356,33.83212699,30.97626935,38.07794301,0.9709129632,0.9582924247,0.9816840887,33.31588553
dish_1562173247,19.28789717,13.46616332,30.30175826,0.7320882082,0.5671417117,0.9567997456,15.48249164
dish_1563208439,22.96358261,18.83143464,26.39753978,0.8485192458,0.7334535718,0.9254256487,21.83026224
dish_1551491271,6.484971765,6.328926863,6.657787042,0.08830230962,0.06024503708,0.1191869676,6.483161168
dish_1551135415,27.6698642,22.46847884,31.08963877,0.9168022648,0.8867923617,0.9412187338,26.80206513
dish_15627009313,16.16989721,14.79313554,17.54665889,0.6883478761,0.6445428729,0.7321528792,15.95523291
dish_1565207694,2.088107637,23.95138143,37.38253614,0.9219997128,0.8302143216,0.9717066884,28.21029867
dish_1563822597,21.26559496,18.64010955,23.89108038,0.8683131635,0.8309164047,0.9057099223,20.51608517
dish_1566417442,17.24309421,16.38035209,18.10583632,0.6759603024,0.6047538519,0.7471667528,17.15795851
dish_1551322577,35.25701898,32.33295224,36.9805404,0.983486202,0.9788128734,0.9883204103,35.0063035
dish_1563481030,23.64677467,20.35240943,25.97576037,0.8522804181,0.8107334971,0.9265471101,22.95157081
dish_1551375650,30.66286312,26.26988041,33.30229191,0.9630427584,0.9474835396,0.9733399749,30.12105943
dish_1551378684,37.15230672,33.76776475,40.94118977,0.9701941386,0.9606794715,0.9748321176,36.58083598
dish_1572035359,20.51062075,20.31592775,20.70531375,0.8272252679,0.7956971526,0.8587533832,20.50625819
dish_1551493854,30.57850521,28.09049861,33.79722868,0.9446426779,0.8995271921,0.9716479182,30.11960083
dish_1560360148,16.36936316,15.73978811,16.85841416,0.6753195326,0.627814889,0.7522519231,16.34387142
dish_1551134824,25.10310138,21.76603547,27.9972947,0.8945335522,0.8608097434,0.9231591225,24.53705261
dish_1563378051,21.00372551,18.70369936,22.7586218,0.8779367407,0.8428580761,0.8957905769,20.65893543
dish_1561404505,13.95196034,13.00715524,14.61066764,0.5148207148,0.4780268073,0.5736099482,13.89651956
dish_1563911156,31.0320639,26.38103146,33.46204552,0.9668854078,0.9452434778,0.9794275165,29.68684229
dish_1563555160,19.68978965,15.00763207,24.37194723,0.7543494105,0.5973898768,0.9113089442,17.5422138
dish_1566934455,18.75506924,15.61960648,21.95041256,0.7850474715,0.7695100307,0.8029290438,18.02215713
dish_1562007904,15.31640662,13.03546783,16.46584169,0.5997723639,0.4987595379,0.663993299,14.99706745
dish_1551374665,18.13944868,5.276844592,24.66491885,0.7478665533,0.08128575236,0.9355018735,13.19702975
dish_1566331868,15.04222664,14.1834996,16.24662745,0.5840467612,0.5071398616,0.6330289841,14.95723367
dish_1551384115,25.76809315,21.47384445,28.06005078,0.8943398669,0.8448728919,0.9263647795,25.25863595
dish_1551225281,32.27780048,28.04488092,34.49745625,0.9626344111,0.9421858191,0.9726965427,31.73066427
dish_1563824304,19.93023177,13.35130114,26.5091624,0.7723663151,0.5901333094,0.9545993209,16.1566223
dish_1562785369,17.76145056,16.8332149,19.36395795,0.648065865,0.5336149931,0.7271617651,17.62229347
dish_1562872432,14.97134156,13.69086049,17.10732181,0.5659573004,0.4518693388,0.7219649553,14.77701846
dish_1551488572,32.55087193,28.9875089,35.67599543,0.974353234,0.9664285779,0.9819371104,31.82195678
dish_1551223195,31.51410605,28.7557245,34.0738359,0.9423260465,0.913803339,0.9668462276,31.13831437
dish_1562184663,22.49353071,19.54351173,26.79662197,0.7526932557,0.6586302519,0.8892057538,21.571881
dish_1551122871,27.09117114,19.31523238,31.95861269,0.9134099483,0.8274571896,0.9580503106,24.86756137
dish_1550709129,27.41327325,26.42268696,28.72754919,0.9136612341,0.8935274482,0.9289993644,27.33883921
dish_1562617470,15.91676182,14.35097017,17.10947085,0.5595463018,0.4925601184,0.6262984872,15.75809172
dish_1551378151,29.26026899,25.605093,33.16798977,0.9318582043,0.8983386159,0.9541807175,28.59537708
dish_1563568025,21.06960153,13.17590508,27.38638176,0.8145483931,0.593763411,0.9530826807,17.33677573
dish_1563382911,22.96470761,21.27688759,25.77846125,0.8949210445,0.8754267693,0.9271094799,22.55857962
dish_1551564221,25.05572418,18.70177259,32.39853642,0.8907050863,0.8341581821,0.9393392801,22.71390931
dish_1566590007,16.73772883,14.62299342,17.93572378,0.6880709132,0.6487525702,0.7255151272,16.46293696
dish_1560456853,18.07188708,16.22779963,19.91597452,0.6883962452,0.6052889824,0.7715035081,17.69160039
dish_1551323342,30.02084312,27.59157791,33.56617246,0.9434944987,0.9277915955,0.9626178741,29.68556071
dish_1551133870,22.27515888,16.41210501,34.12076622,0.8990213474,0.8264539838,0.9657039046,20.07193882
dish_1562945879,15.50960075,12.74856358,18.27063791,0.5991015136,0.4483042359,0.7498987913,14.685375
dish_1566937992,19.97226081,16.77636167,24.58791072,0.8091821671,0.7278779149,0.926774323,18.92341947
dish_1561753275,13.32177415,12.13168932,14.31465378,0.6341694196,0.5993204117,0.6543605328,13.22657189
dish_1562872662,24.90484412,21.92582108,26.50844007,0.8797513048,0.8097304702,0.9191936851,24.35430765
dish_1563567722,12.79670482,9.878157867,15.71525177,0.4291128665,0.2798055708,0.5784201622,11.88203094
dish_1550777469,31.986824,26.71934179,34.64289976,0.9645870253,0.9431871772,0.9744969606,31.23358033
dish_1562613918,18.94386349,17.62557782,20.26214916,0.7556596994,0.734369576,0.7769498229,18.74678213
dish_1551567106,32.60846564,28.95083306,34.7915014,0.9736310318,0.9572935104,0.9803566933,32.19134849
dish_1561578898,11.02159164,10.29514528,11.78476094,0.4494310021,0.4300678968,0.4781239629,10.97921913
dish_1550793023,31.98282676,26.03095663,36.36918008,0.9730154872,0.9413599372,0.9848874211,30.92923245
dish_1551304973,36.30629662,32.67526962,38.59682814,0.9757426456,0.9635750651,0.9813650846,35.92258659
dish_1566329049,15.55461999,12.03829536,21.22429033,0.6158380409,0.4713295996,0.8488301039,14.13485127
dish_1563986093,17.20519146,13.58076146,19.35142335,0.7032025456,0.5426360965,0.7922229767,16.38288635
dish_1565637578,24.93499735,20.02619179,32.0556079,0.8855889837,0.8430912495,0.9630742669,22.75600736
dish_1563393403,22.60472243,18.82905252,29.34915586,0.8167569439,0.7439532876,0.9365147948,20.76916319
dish_1568048018,16.15086922,13.52176319,18.77997525,0.6871910989,0.5875043869,0.786877811,15.39940225
dish_1563564828,15.69882225,14.56171974,17.76958053,0.6651479006,0.5937230587,0.7404968143,15.47329745
dish_1561663855,21.12825373,19.36836464,22.88814282,0.82871297,0.8182099462,0.8392159939,20.78102622
dish_1562096372,18.66273374,15.43362382,22.83775771,0.7670096159,0.655423224,0.9171661735,17.71793656
dish_1561575951,24.23323424,20.01155737,32.3332862,0.857042253,0.7944651842,0.9692442417,21.81044975
dish_1551136043,33.03014106,25.07592178,38.5604358,0.9657458928,0.9309208393,0.9830595851,30.86891788
dish_1560453412,9.036046597,8.213523864,9.858569331,0.2840681672,0.2525997758,0.3155365586,8.958617873
dish_1550860444,27.90762666,25.67012104,30.22066673,0.9232759145,0.9120130539,0.942338407,27.68351495
dish_1561663580,18.86185733,17.23028233,20.49343232,0.7947146297,0.7440160513,0.845413208,18.56232809
dish_1551564255,28.65633603,23.5694108,32.14397077,0.9414098561,0.9110959172,0.9612223506,27.68013089
dish_1563898813,17.95864331,15.29937862,22.96809407,0.6663474242,0.5645363331,0.7799841166,16.84352537
dish_1565711083,21.21862339,20.86513938,21.57210739,0.7671987414,0.75271523,0.7816822529,21.20425373
dish_1558029230,30.3299704,28.69398156,31.49524523,0.960117658,0.9467027187,0.9710617065,30.16044989
dish_1567542843,25.73851433,21.21822577,32.02310053,0.8603997628,0.7439802885,0.933328867,23.91246012
dish_1551307361,29.56914041,24.47555071,31.98864988,0.9366514608,0.8976330757,0.9484767318,28.934453
dish_1551490767,29.01583536,23.89121463,30.95359825,0.9251868725,0.9042882323,0.9380671978,28.24962075
dish_1562686492,25.70311324,24.4892147,26.91701178,0.9177888036,0.9056874514,0.9298901558,25.53562861
dish_1565987116,14.9860766,14.00152911,15.9706241,0.5646333992,0.5046458244,0.6246209741,14.87542093
dish_1550792365,25.60795049,20.22164832,29.71063116,0.9144201428,0.8414174318,0.9486633539,24.43844603
dish_1561663786,27.43081985,23.15452361,31.70711608,0.9529709816,0.9300684929,0.9758734703,25.59747635
dish_1562183125,22.50854177,18.83673064,26.18035289,0.8777065873,0.8291456699,0.9262675047,21.11223831
dish_1551226442,26.6856381,22.43997855,28.27351462,0.9132305086,0.8741976619,0.9321736097,26.27423347
dish_1562097001,12.53539907,11.94870922,13.12208893,0.5114158392,0.5063316822,0.5164999962,12.49589096
dish_1566931620,13.11184037,12.56744271,13.93934813,0.5350233912,0.5291303992,0.5393192172,13.07232625
dish_1562958563,24.49012167,21.22299269,26.91439783,0.8737147848,0.8016067743,0.9146193266,23.79878259
dish_1551490896,26.80553991,20.25409754,34.68500713,0.893276982,0.8065380454,0.962323904,23.60297572
dish_1562010440,17.31571639,16.16638111,18.46505166,0.6752974093,0.5771482587,0.7734465599,17.16537667
dish_1567542953,15.76787623,14.64089551,16.83275688,0.6349812547,0.5521098971,0.6795549393,15.67530808
dish_1551378490,25.77632081,23.2277058,28.40105719,0.8931987658,0.8625087738,0.9306898713,25.44742751
dish_1561746970,20.21615101,17.62530531,24.35989845,0.7388074597,0.5441368818,0.8505212069,19.38726361
dish_1567714875,15.1725623,10.13353998,24.74089451,0.6182941273,0.3812672794,0.9068049192,12.83077493
dish_1551135590,31.07963547,29.4743183,32.27797257,0.9541284773,0.9430189729,0.9738539457,30.99546987
dish_1561576916,18.82249074,17.79807135,19.84691013,0.7704170346,0.7183654308,0.8224686384,18.70277412
dish_1567542876,26.82631654,26.39043659,27.26219649,0.8778867722,0.8545318246,0.9012417197,26.8044796
dish_1562096542,22.8697265,21.08470373,24.65474927,0.7942363024,0.7662736773,0.8221989274,22.51277535
dish_1565194781,14.85123681,14.65271095,15.04976266,0.6134669781,0.5606914759,0.6662424803,14.84670085
dish_1551490469,30.81454451,29.12118053,33.53280001,0.9682629241,0.9623864889,0.971886158,30.59401519
dish_1561662948,14.98994222,13.04254443,16.74166364,0.6375086546,0.5532256961,0.7279425263,14.7194786
dish_1562614121,20.12454323,17.7791007,22.46998576,0.7045293152,0.6774639487,0.7315946817,19.5197917
dish_1560367333,15.94208991,15.76486776,16.11931206,0.6640648544,0.6507784128,0.6773512959,15.93847497
dish_1550860041,26.75711096,21.88538673,29.28517753,0.9202643633,0.8882194757,0.939449966,25.92851743
dish_1551235240,25.65410882,19.2108794,28.49641903,0.8557228595,0.7293447256,0.8986752629,24.55582207
dish_1551381829,34.0635454,33.14207604,34.7328516,0.9723446295,0.9700103402,0.9778207541,34.03559281
dish_1558459994,28.77553761,26.68673637,30.86433885,0.9269033968,0.8887363672,0.9650704265,28.29146826
dish_1551381990,28.78588936,26.79211039,30.7964467,0.9399161786,0.927785635,0.9554550648,28.56396572
dish_1563565454,19.18544349,15.76116273,25.74597581,0.7421033581,0.6427862644,0.9132685661,17.44421243
dish_1566246513,9.05692168,8.39313256,9.720710799,0.3104073107,0.2686336935,0.352180928,9.006390175
dish_1559589873,30.89281054,27.53153914,34.25408194,0.9527179897,0.9383507371,0.9670852423,29.70434351
dish_1568318286,18.35584148,13.21481121,22.46247243,0.6991461813,0.4553807676,0.8670953512,16.65012845
dish_1561405864,21.39025587,18.53322424,25.66815893,0.7913025022,0.6778370142,0.8900597095,20.48989523
dish_1561491121,24.59145507,24.07371738,25.10919277,0.7744847238,0.7397692204,0.8092002273,24.56066723
dish_1562010418,18.09086044,13.98038275,24.97073433,0.6838186582,0.5146949887,0.8944470286,16.16536499
dish_1550789186,31.67822668,29.99814722,35.10187091,0.9503539652,0.9182533026,0.9664853215,31.42382659
dish_1562691466,22.39433869,18.44221086,29.44645066,0.7821787794,0.6148458719,0.936018765,20.42316316
dish_1561665452,16.05589478,15.0281931,17.08359647,0.6329932511,0.609826982,0.6561595201,15.93541681
dish_1550796634,6.251939944,6.209960295,6.386267416,0.03588859411,0.03051694483,0.04691714421,6.251616909
dish_1563480505,16.03849246,15.33715722,16.56610836,0.6546178261,0.5954020619,0.7319728732,16.00726405
dish_1550785915,24.31404962,17.33712831,27.34308521,0.879142113,0.8129239082,0.923904717,22.86805369
dish_1562183065,34.08312198,32.71910999,35.44713396,0.9757979512,0.9730692506,0.9785266519,33.87235234
dish_1567106825,26.73944647,24.31805791,29.16083503,0.9453258812,0.9200550914,0.9705966711,26.09675139
dish_1565798591,18.30557954,18.10676971,18.50438937,0.7565193772,0.670769155,0.8422695994,18.3010306
dish_1565725156,20.9063132,15.20673191,26.60589449,0.8204679191,0.6881173849,0.9528184533,17.91323069
dish_1550705535,30.70394273,27.38584115,33.7247147,0.9700675666,0.9550119638,0.9750424623,30.32232829
dish_1565896039,22.95116229,20.24261684,25.65970773,0.7604240775,0.6515613794,0.8692867756,22.1562189
dish_1562170236,19.39196392,18.80060508,19.98332277,0.7862330675,0.7842055559,0.7882605791,19.35182642
dish_1563468776,23.95720115,21.98557362,25.92882868,0.90893507,0.9043013453,0.9135687947,23.52423534
dish_1551379524,7.964904197,6.299828094,9.240180794,0.07858898398,0.06310103089,0.08919718862,7.842343837
dish_1568141915,18.85184482,15.84890017,22.37789912,0.7676448822,0.6913689971,0.8460464478,18.09803931
dish_1551493680,34.463066,33.08371192,36.797685,0.9836204946,0.9815257192,0.985771358,34.34776305
dish_1551488324,26.03343351,15.42809326,33.71674951,0.8497566879,0.5618335605,0.9601038694,21.64891745
dish_1568060461,20.55346232,15.49181129,25.61511334,0.7555224895,0.593452096,0.9175928831,18.09925013
dish_1568400935,14.91180809,13.71941504,16.10420114,0.597230792,0.5554721355,0.6389894485,14.75013333
dish_1551390341,27.53738871,22.51540971,30.71797424,0.9203257039,0.8841341138,0.9443417788,26.72321454
dish_1566849923,22.15530477,15.46480865,28.84580089,0.8180008829,0.6720622778,0.9639394879,18.28016832
dish_1564082323,19.66538044,15.89579536,27.15330015,0.7066153089,0.5904266834,0.9072328806,17.52174522
dish_1565640723,16.90000965,14.54932381,19.25069549,0.6248919964,0.5247066617,0.7250773311,16.29267061
dish_1551304741,26.99725074,24.20125347,30.8285481,0.9198306724,0.9031368494,0.948141396,26.6928216
dish_1563811639,20.49753971,17.06462702,22.88331678,0.8357658386,0.722181797,0.9037584662,19.74512989
dish_1550773038,30.91760128,29.08511128,32.89431336,0.946977064,0.9370373487,0.9576797485,30.74946005
dish_1550795455,24.47304456,15.32159784,29.51324093,0.8731980249,0.7907255888,0.9243351221,21.88071277
dish_1560369122,13.26368602,11.23861001,15.28876203,0.4598609209,0.322530508,0.5971913338,12.80772711
dish_1550770866,27.32559887,24.64849113,29.93248713,0.9234935045,0.898411274,0.9488005638,26.90199799
dish_1551374527,29.91026084,26.04286391,32.34511591,0.9415766373,0.9084439278,0.9584820867,29.39862637
dish_1566936266,23.9949046,18.46313704,33.49665475,0.8711336056,0.8111131191,0.9856972694,20.85558302
dish_1563898107,17.10156718,12.92281647,21.60121299,0.6740545432,0.5482392311,0.8454271555,15.79934551
dish_1561404924,28.30988689,24.34483236,32.27494142,0.9005252123,0.8420639634,0.9589864612,26.70658375
dish_1563568357,15.58946386,12.21005453,19.45052774,0.6583111882,0.5377098322,0.7993917465,14.67191354
dish_1561666821,21.4661853,18.63212686,24.30024375,0.8792202473,0.8422845602,0.9161559343,20.60050422
dish_1550706583,30.92049891,29.1649399,33.05133418,0.947507441,0.9162121415,0.9632081985,30.67471775
dish_1574280343,6.458988972,6.361288059,6.556689885,0.07129679993,0.05947715044,0.08311644942,6.457890102
dish_1566416455,20.79307012,15.43399498,25.71089462,0.6962846518,0.6176767349,0.8408291936,18.87995243
dish_1567714745,17.92346955,14.16321155,22.82763186,0.6581999958,0.4126320481,0.841442585,16.48322508
dish_1551378898,33.33791675,28.37019672,35.92550287,0.9791981578,0.9698365331,0.9856373072,32.48140641
dish_1551390758,29.10847507,26.53466209,32.65006265,0.9625497907,0.9571530819,0.9677757621,28.6649847
dish_1573159511,6.332914253,6.144943512,6.520884995,0.02921900991,0.01927481405,0.03916320577,6.328847661
dish_1565208611,21.29580253,19.75254468,23.45494997,0.7565562924,0.6464337707,0.8475121856,21.03279398
dish_1550874679,27.13150389,18.21012755,34.82388573,0.9453820512,0.8714501858,0.9781535864,24.29162932
dish_1550796763,31.10803409,26.77038626,33.61798446,0.9608292207,0.9413447976,0.9709903002,30.60295324
dish_1565711358,16.02398395,14.91144895,17.13651894,0.6858211458,0.5859827399,0.7856595516,15.88301635
dish_1551233982,29.41860445,24.32468926,31.94020975,0.9513066038,0.9385515451,0.966460228,28.58952306
dish_1551139606,27.57413292,25.23266024,30.1490941,0.9271683693,0.9040196538,0.947807014,27.27435189
dish_1565726949,17.49979989,11.69719156,26.69557216,0.631599168,0.4193729162,0.896206677,14.41142335
dish_1551486411,30.33646666,27.51157547,32.68573704,0.9636475295,0.9555001855,0.9721439481,29.98108268
dish_1551225021,31.93868936,29.49156035,33.47818622,0.9717496186,0.9575443268,0.9793792367,31.75750689
dish_1564082178,19.43855336,16.0172945,21.42697735,0.7032059034,0.6603323817,0.751147449,18.7073381
dish_1551375933,27.83939963,25.59623418,31.02376514,0.9577296451,0.9479457736,0.9683535099,27.511311
dish_1551486158,32.79437877,31.19363351,33.82475391,0.9712954419,0.9643917084,0.9750400782,32.70026577
dish_1566328988,14.94030706,14.19184505,15.72967102,0.5761160851,0.5120818019,0.6301035285,14.89516277
dish_1563221602,22.33354089,22.33085788,22.3362239,0.8200061321,0.8135368824,0.8264753819,22.33354006
dish_1550706325,26.00307663,23.15645244,29.16991931,0.8910014406,0.8472203016,0.9206869602,25.47917463
dish_1550710402,27.89784868,21.04076827,33.92058796,0.9516276568,0.8718557358,0.9772023559,26.1573011
dish_1550711973,27.45750129,24.45737129,30.65244849,0.9208572308,0.8892390728,0.943588078,27.04073186
dish_1560444815,17.14451866,14.58259365,19.70644367,0.6900884211,0.6163655519,0.7638112903,16.42901772
dish_1563308428,22.87516569,18.87717508,29.20681657,0.8055013418,0.7105970383,0.929879725,21.15799641
dish_1550772960,32.9453524,28.8247079,35.08382445,0.9741097763,0.9617137313,0.9839693308,32.48489899
dish_1567110665,14.84999082,14.25978509,15.55193678,0.5402041674,0.4151974916,0.6179061532,14.81770272
dish_1565118782,18.41067572,18.01392343,18.80742802,0.6333952844,0.613809824,0.6529807448,18.39257811
dish_1551563591,8.769275322,7.300298631,10.88729406,0.005805903536,0.0005500219995,0.01388728246,8.603099901
dish_1550862036,28.99814816,26.23799003,32.68265891,0.9560927219,0.9471817017,0.9655066133,28.58980421
dish_1550779153,29.75415545,28.38468329,31.05058386,0.9249506593,0.877725482,0.9527038336,29.65288287
dish_1551379922,28.04219889,23.8495357,29.92060133,0.9255653918,0.8783919215,0.944997251,27.60036989
dish_1551488197,25.76147521,23.36246331,29.47522549,0.9135468081,0.8587198853,0.9398909211,25.37441804
dish_1551223311,32.17279519,26.05103587,34.10935692,0.9600521773,0.916716218,0.9742747545,31.1930865
dish_1573679123,24.25482327,19.7500085,28.75963803,0.758297503,0.6062119007,0.9103831053,22.24641471
dish_1550712913,31.13416664,29.30938306,32.52214811,0.9715139717,0.9659860134,0.9759373069,31.0148662
dish_1550875058,33.37930472,31.68126993,36.00281731,0.9667110294,0.9578826427,0.9713976383,33.14176688
dish_1565033220,17.1730676,11.91803566,23.1256317,0.6294572155,0.3830499649,0.8498056531,15.14844316
dish_1561662814,27.9158965,25.54664502,30.28514799,0.9110710323,0.8965907693,0.9255512953,27.29935709
dish_1559668314,19.03159477,16.90126768,21.16192185,0.6210018247,0.4546823204,0.7873213291,18.52880432
dish_1560455442,20.52011739,14.11717142,26.92306336,0.722987473,0.591177702,0.8547972441,16.90562339
dish_1551323794,32.31951368,22.41109499,37.10661189,0.9772354298,0.9544354677,0.9903997779,29.66831528
dish_1560356355,20.22202953,18.09598459,22.34807448,0.7396894693,0.6158383489,0.8635405898,19.72118422
dish_1566246415,13.76211094,10.92530032,15.18432782,0.5784370005,0.4147545397,0.6692826748,13.26421479
dish_1560445069,15.6078789,14.29860888,16.91714891,0.8110483587,0.7492232919,0.8728734255,15.41344459
dish_1562615283,30.27297412,27.80282467,33.47946042,0.9276343584,0.8880550861,0.9585121274,29.69278618
dish_1566333194,18.38610562,17.13690721,19.85340363,0.6977482835,0.6661394238,0.7160283327,18.24640078
dish_1558115169,30.65324873,28.13273257,33.17376488,0.9484375715,0.9333230257,0.9635521173,29.95954486
dish_1562775574,13.32345519,11.77856781,14.29298779,0.5523618658,0.4956370592,0.6589466929,13.17677535
dish_1563205903,20.87188318,16.11904528,28.81694464,0.8341703812,0.7597674727,0.9562105536,18.45525691
dish_1563393148,27.39926704,24.72096533,31.45923104,0.9155695637,0.8588195443,0.955542922,26.58336612
dish_1550791644,32.49728335,26.33272883,35.21184783,0.9706827468,0.9367983937,0.9808626175,31.47626868
dish_1550876298,35.84761186,31.82066412,37.83926385,0.9838851094,0.9797338247,0.986333251,35.30162975
dish_1565896745,16.72832267,12.46903584,23.1137365,0.5941422284,0.3582501709,0.876927793,14.94059141
dish_1563984771,15.36318714,14.10515515,16.84898699,0.6356472174,0.5950593948,0.6844930649,15.22064345
dish_1568132521,19.87284116,12.9804237,25.11910999,0.8291840752,0.8069273233,0.8532236814,16.95578081
dish_1566414642,21.17825602,16.99825741,24.43453939,0.8532981873,0.7819277048,0.9117507935,20.03987672
dish_1563910708,16.86349065,15.84386127,18.64621682,0.6135213176,0.584120214,0.6379978061,16.69309223
dish_1568144925,15.52068699,10.8695914,18.93879901,0.6648526887,0.3464688361,0.8629863262,14.13641029
dish_1562790295,15.77692038,14.9911159,16.26457639,0.6304529905,0.6109471321,0.6488346457,15.73975788
dish_1562181285,17.24172872,14.65633734,22.18557752,0.6676923434,0.5542645454,0.8390680552,16.15248327
dish_1563812535,7.878454477,7.708900702,8.139983233,0.2191040864,0.1985812187,0.2449969202,7.874438688
dish_1551491216,30.55836126,18.78680926,35.2177307,0.9531965405,0.8442263603,0.974150002,26.52374797
dish_1562615153,19.80551675,16.61752763,22.99350588,0.7078360319,0.5851484537,0.8305236101,18.72751471
dish_1562776497,19.37810569,17.13660095,22.16294495,0.6965694427,0.6260933876,0.7782300115,18.9177919
dish_1563476646,24.74787206,15.23839755,33.497261,0.8120399316,0.5863415599,0.9646497369,19.5606326
dish_1566592456,16.23686027,14.40947589,17.94932402,0.738629361,0.6801663637,0.8265308142,15.99588278
dish_1550707357,32.75683445,30.14408615,34.87174782,0.9684782922,0.9577756524,0.9806509614,32.47872705
dish_1551566130,29.31221531,25.36972122,31.41398088,0.9473525137,0.9253123999,0.9576864839,28.88810383
dish_1550874872,37.16265945,34.91292721,39.42114404,0.9807725019,0.9767190218,0.9846727848,36.98407184
dish_1550785526,24.26831911,19.44220452,26.64183233,0.8236130774,0.7131220102,0.8730776906,23.33431984
dish_1567110631,20.39458578,18.06456058,23.83714627,0.6387435993,0.4119877219,0.8763431907,19.78178399
dish_1551304608,27.70631441,23.51529898,29.62797534,0.9247061279,0.892994225,0.9493573308,27.13465572
dish_1566328745,19.65265533,16.0482553,24.87346428,0.7915170391,0.706408143,0.9197267294,18.35505535
dish_1551227669,26.13361213,21.99297151,28.76216562,0.8947898522,0.8553773761,0.9287050962,25.63196209
dish_1563823894,15.07449164,12.43604926,19.5020067,0.5663904051,0.4016566575,0.7987119555,14.15615489
dish_1563304369,19.92160405,17.45895885,24.35812921,0.7375320792,0.670750916,0.8685587049,19.01258793
dish_1562872981,17.82370788,12.72311292,22.92430284,0.7439501286,0.6058065891,0.882093668,15.33739571
dish_1551567694,34.05107717,31.75741565,36.39010909,0.9843354523,0.9806417227,0.9880782962,33.81272088
dish_1559590130,18.05252382,14.23936639,20.05822028,0.7374452353,0.5945105553,0.8266232014,17.14665042
dish_1550785697,28.26089465,25.03969882,31.77055777,0.929442014,0.9006801248,0.9581518173,27.69607583
dish_1550773394,30.6698201,28.8227975,34.72764839,0.9579376876,0.9396871328,0.9762122631,30.31462663
dish_1563464457,30.00342973,27.88853796,32.11832151,0.9408071339,0.9132509828,0.9683632851,29.50763492
dish_1551227050,27.59689824,24.66192301,29.2280965,0.9261669293,0.8988136649,0.9361324906,27.35364842
dish_1562169818,8.851904414,8.796733329,8.907075499,0.3282912821,0.3070234358,0.3495591283,8.851553987
dish_1560367926,18.94490399,18.34646702,19.54334096,0.7569678426,0.7023357749,0.8115999103,18.90380294
dish_1563824065,27.533779,25.0143724,30.05318561,0.9274364114,0.9125567079,0.9423161149,26.84065526
dish_1557937574,41.94162722,39.40012859,44.80185645,0.9909574986,0.9887150526,0.9926540852,41.46629435
dish_1565023128,26.49994526,20.05791326,32.94197726,0.8754710853,0.7892717123,0.9616704583,22.85022505
dish_1559668016,22.44277231,17.06460356,31.77416273,0.741568923,0.6170031428,0.9372318983,19.39528142
dish_1561061687,13.34923564,13.30683112,13.39164015,0.462318182,0.4448148608,0.4798215032,13.34902862
dish_1551234185,33.34701233,25.71852542,37.87264457,0.9670316279,0.9465221763,0.9760632515,30.77305892
dish_1550796330,28.80088013,23.81809346,30.76469328,0.9298753589,0.9033815861,0.9486883879,28.13919275
dish_1562010369,6.310347228,6.269231672,6.351462783,0.05195887014,0.04519317299,0.05872456729,6.310152606
dish_1563551105,6.617106071,6.557369102,6.731729855,0.09331092735,0.07771500945,0.1024681628,6.616352654
dish_1561662869,19.37420939,18.57116376,20.17725502,0.7731200457,0.7428241372,0.8034159541,19.30038384
dish_1550773200,26.96566931,23.05952224,29.26866282,0.897533901,0.8399450183,0.9361073375,26.42130682
dish_1551395088,31.36491243,25.89774088,34.64439618,0.9638605937,0.9070156813,0.9793195724,30.4129015
dish_1561491154,29.0743201,26.37753514,31.77110505,0.9043082595,0.8630942702,0.9455222487,28.28587714
dish_1558116001,20.62973876,19.10429524,22.15518229,0.7457921505,0.7019363046,0.7896479964,20.36716953
dish_1563996279,14.31409758,12.36478248,17.0625383,0.6640043457,0.5767316818,0.7688885927,13.90069521
dish_1551228876,28.41598131,23.62053249,30.57987051,0.9522497728,0.9326053262,0.9690440297,27.69729576
dish_1551313896,29.03327297,23.37584773,34.73095846,0.9310135692,0.9071841836,0.9557988644,27.95184389
dish_1550873486,28.27779316,24.2286719,31.8487587,0.9570372833,0.9385022521,0.9686070681,27.40548585
dish_1562698100,25.5173964,25.3361909,25.69860191,0.8871221542,0.8771473169,0.8970969915,25.51361718
dish_1550859622,31.03466624,28.80905495,34.07825657,0.9470318034,0.9339472651,0.9647642374,30.68093158
dish_1557937715,31.19708167,29.14741553,33.0879675,0.9694463781,0.9482687712,0.9783884883,30.93905164
dish_1561574428,19.65034406,17.73417084,22.89213142,0.724597613,0.6143480539,0.8611606359,19.12522009
dish_1563812615,12.5398036,8.993395602,16.33760987,0.5965113044,0.4701747298,0.7408349514,11.5829425
dish_1551224001,22.30471284,16.11053749,27.33863577,0.7824224383,0.597673893,0.9043294191,20.9979817
dish_1551567084,19.61423621,13.85333462,27.27721611,0.8018704727,0.6752883792,0.9212499857,17.57241326
dish_1562691737,16.96743515,12.13970027,24.08556096,0.7303791841,0.5850122571,0.9283367991,14.81197409
dish_1550796973,28.41692763,20.52587806,36.92918085,0.9470958039,0.9189868569,0.9708512425,24.94288538
dish_1551234106,24.5267233,18.59484728,27.99472398,0.914351806,0.8318502903,0.9428768754,23.52306438
dish_1563389786,15.10343395,14.9771238,15.22974409,0.6073958576,0.5850487351,0.62974298,15.1015974
dish_1566936323,19.5370816,15.3311208,24.92382469,0.7176169356,0.6042416096,0.9038469791,18.03914299
dish_1559846334,29.03101824,28.25566002,29.80637646,0.9288378358,0.9263855815,0.9312900901,28.96216938
dish_1566414686,18.22090906,12.17682507,26.9346457,0.7122583836,0.5265191793,0.9018139243,15.82904419
dish_1551395512,33.73185842,28.97473701,36.47421628,0.9794613197,0.9685159922,0.9878872037,33.0715718
dish_1551382149,26.83816444,22.76488268,29.72144501,0.9105351865,0.8786795139,0.934214592,26.31784063
dish_1550711314,28.93796854,23.65594973,31.20914372,0.9172152728,0.8651773334,0.9438627362,28.24500289
dish_1551493916,26.52761368,23.01600964,29.71622558,0.8894381854,0.8270993233,0.9288268685,26.01914662
dish_1566936297,23.06795351,18.07162292,32.49389618,0.8033226331,0.6902862787,0.9549685717,20.0239022
dish_1562614158,19.66159064,17.67309292,21.65008835,0.7113609314,0.6491442323,0.7735776305,19.22142534
dish_1550773430,30.45094315,26.9712901,34.24427544,0.9631868336,0.9485159516,0.9749330282,29.75599312
dish_1551391477,31.91111356,30.25794572,34.0861767,0.9573918134,0.9522871375,0.9652169943,31.7383931
dish_1561576652,18.0145996,16.75413562,19.27506358,0.7378293872,0.7304275632,0.7452312112,17.83419746
dish_1551236712,23.23160966,19.38922476,28.44508796,0.9321215078,0.90816468,0.9462370276,22.56017147
dish_1557937157,24.44327261,21.06555548,26.29472445,0.8455508947,0.791975379,0.8966083527,24.00454979
dish_1568146942,20.02439887,15.59168512,28.56330872,0.7503730853,0.6414152384,0.932857275,17.40058966
dish_1551493823,32.66454137,31.72554147,34.00718453,0.961956237,0.9549376965,0.9667533636,32.60075709
dish_1561739954,21.78262042,16.39198292,27.17325792,0.8173393607,0.6913945079,0.9432842135,19.05385033
dish_1563309315,18.59327475,18.50349116,18.68305834,0.7572964132,0.7451469898,0.7694458365,18.59234675
dish_1551303437,23.18534766,12.07206384,30.1051318,0.8903215304,0.7643601894,0.9544899464,18.19930193
dish_1558381665,20.96092907,6.583625228,35.33823292,0.5188458487,0.07583068311,0.9618610144,9.588143766
dish_1550873572,6.280609144,6.189937183,6.495185373,0.02996125072,0.009939406067,0.04331640899,6.279566457
dish_1550795856,26.33489418,22.10880051,27.95084397,0.955489859,0.9243561625,0.9666885734,25.85166222
dish_1561576449,19.98319619,19.70807858,20.25831379,0.8261232078,0.8041902184,0.8480561972,19.97448791
dish_1561578839,14.12718869,12.00868688,16.03150213,0.5427342057,0.4065169692,0.6364569664,13.81226238
dish_1563391647,22.44140761,19.82083329,25.06198194,0.8490146101,0.814245224,0.8837839961,21.69454918
dish_1550705623,31.72101986,26.16953129,34.67297731,0.9655961618,0.9362841249,0.9720557332,30.93806205
dish_1551395800,26.13522306,23.64139445,29.18940339,0.9285165932,0.9117212892,0.9559213519,25.78368373
dish_1565727875,8.976082012,8.32858444,9.623579585,0.2996421456,0.2935599685,0.3057243228,8.927991483
dish_1563378435,23.0144857,17.78539594,32.23383318,0.8219746749,0.7299467921,0.9687569737,20.03358879
dish_1551314927,28.82762111,27.1275292,32.04816641,0.9391624596,0.9065499306,0.9620082378,28.62193956
dish_1559590202,19.3700775,16.76304065,21.97711435,0.6413081288,0.5076918602,0.7749243975,18.63050717
dish_1561666875,17.49566776,17.0841677,17.90716781,0.6615960896,0.6142496467,0.7089425325,17.47620176
dish_1562774129,18.06713953,16.93612164,18.81553414,0.7529197931,0.6782075167,0.8052588701,17.98844352
dish_1551233375,30.52755793,19.34529516,34.5671232,0.9427138939,0.9051650167,0.9650087953,26.85923427
dish_1551236011,24.31559653,16.53907211,31.82593147,0.8539029956,0.727016747,0.9399053454,21.46372995
dish_1562874049,23.04354867,20.31882094,27.80067849,0.853515029,0.7829976082,0.9551962018,22.0124729
dish_1551235699,28.80289015,25.18480453,31.01359806,0.945687294,0.9191215038,0.9596422911,28.21962867
dish_1560369102,15.77615223,12.81549429,18.73681016,0.6217585206,0.5054246187,0.7380924225,14.8366549
dish_1551566277,30.48266137,26.81013009,32.72759507,0.9624219934,0.9374963641,0.972968936,30.00995409
dish_1567714813,18.18217817,13.88835639,25.89397264,0.6656683783,0.4574438035,0.9047921896,15.91711868
dish_1565119669,23.52614213,19.0217032,26.41483917,0.8670180639,0.7447721362,0.9614270329,22.24992156
dish_1568666230,17.39080815,13.70668393,19.95113996,0.6652031342,0.401041925,0.8320696354,16.52452358
dish_1567538303,18.76836096,14.43320268,25.0347331,0.6694669922,0.5547942519,0.8946441412,16.9981489
dish_1551233150,21.91651498,13.13682967,30.33687112,0.8688329086,0.7146778107,0.9647966623,18.03092529
dish_1550862733,29.07652301,27.05046867,30.76367204,0.9506006092,0.9259301424,0.9671017528,28.9328254
dish_1563813436,16.54674224,11.98562767,23.64179391,0.6612079144,0.5075191855,0.88309443,14.46433523
dish_1562690144,18.12770325,17.28455555,19.19984056,0.6900868416,0.6436805725,0.7570739388,18.05641086
dish_1562963246,23.31853843,21.26455045,25.49467131,0.7978693048,0.6684951782,0.8735033274,22.98547719
dish_1558114609,21.85803449,17.14074157,26.5753274,0.7577655613,0.6192260385,0.8963050842,19.68256139
dish_1550874829,37.41413928,32.25966378,39.4236955,0.9881598651,0.9798371196,0.9922619462,36.72510653
dish_1551228669,29.04044057,25.77840157,33.11810092,0.9280298725,0.9142128825,0.949737072,28.53400205
dish_1559675146,15.99316068,14.6548609,17.48859381,0.7608837883,0.7145459652,0.8095624447,15.84173483
dish_1550772892,26.48102908,22.86623829,28.71296437,0.9010401815,0.872857213,0.9235523343,26.0673906
dish_1560454562,9.951846123,9.565262844,10.3384294,0.3654876649,0.3216228485,0.4093524814,9.934663118
dish_1559841163,14.98559929,12.04947024,17.92172835,0.5510764569,0.4078219235,0.6943309903,14.06059358
dish_1561665706,19.78427652,18.24404048,21.32451255,0.7902957797,0.726881206,0.8537103534,19.5166928
dish_1568141871,28.93869747,21.07595738,33.80558282,0.9333102306,0.8635091186,0.974784255,25.29568183
dish_1561574848,17.25357849,16.47118387,18.03597311,0.6817689538,0.5762159824,0.7873219252,17.18348107
dish_1565118999,19.23964211,15.64363448,24.02567146,0.6159575383,0.4528243542,0.6993528008,18.06009177
dish_1566245437,14.21041212,11.03987164,18.39634966,0.5084088668,0.3086929321,0.7303851247,13.41075612
dish_1550785404,31.59157048,29.11366406,35.30540349,0.9521596804,0.9353376031,0.9676049352,31.1681919
dish_1551389268,27.00641889,23.47541369,28.53957396,0.9161323979,0.8807418942,0.9316864014,26.68556905
dish_1560456326,23.86901835,23.3173617,24.42067501,0.7794278562,0.7693878412,0.7894678712,23.83407545
dish_1559845046,17.84988145,16.78275754,18.46414281,0.734099249,0.69636935,0.7812039852,17.78148639
dish_1550771330,31.49765288,27.68509657,33.81307225,0.9677375853,0.9537347555,0.9770851731,31.02387754
dish_1565195436,26.24421182,19.65655135,36.00051684,0.8135068417,0.6632657051,0.9752702117,22.73014595
dish_1565711570,16.44743543,13.77537136,18.75399925,0.6476956209,0.6115932465,0.7194908857,15.95863436
dish_1550708875,31.56863949,29.02572909,34.71127861,0.9623647398,0.9460688829,0.9743636847,31.21562328
dish_1550705445,33.73292675,28.46106796,36.32504552,0.9729504651,0.9629600644,0.980684936,32.77975089
dish_1562861125,14.24318841,10.27940479,18.20697204,0.6703445613,0.5821725726,0.7585165501,12.64080349
dish_1551567396,29.18393071,25.92129043,32.07609937,0.9330907911,0.9079730511,0.9485766888,28.82752279
dish_1568147009,17.67161707,13.73681809,25.25303612,0.6357412239,0.4657568634,0.9043586254,15.48400979
dish_1562958603,27.0718044,26.07681366,28.07268833,0.9282363852,0.9255341291,0.930893302,26.99575085
dish_1560370804,24.50943393,24.27363483,24.74523304,0.9559556246,0.9482514858,0.9636597633,24.50303575
dish_1566502211,18.12908143,12.82471434,26.95802844,0.6796813806,0.4875515103,0.9182808399,15.2853546
dish_1560526447,18.9498228,18.57036106,19.32928454,0.723207891,0.7032496929,0.7431660891,18.93326625
dish_1565119642,25.70603713,22.80105421,28.61102004,0.9182797372,0.8680014014,0.968558073,24.79930202
dish_1551304571,32.49287492,30.09225518,34.3291186,0.9671176142,0.9494531155,0.9766383767,32.18201749
dish_1560799368,29.68230512,27.95537661,31.40923364,0.9564180076,0.9449312091,0.9679048061,29.34764134
dish_1563207332,19.17185838,18.62520847,19.71850829,0.8555946946,0.8430053592,0.8681840301,19.13754521
dish_1562875320,18.06959881,15.72191663,21.74817194,0.6692022085,0.5659726858,0.8109238744,17.39483171
dish_1566849208,16.74349923,14.30527172,19.18172673,0.6994204521,0.5885131955,0.8103277087,16.0922568
dish_1559842274,25.3894108,24.14055363,26.63826798,0.9342701137,0.9306660891,0.9378741384,25.21227156
dish_1550770616,30.88722043,26.936238,33.84483522,0.9662262872,0.9497525096,0.9765098691,30.47028213
dish_1562698209,33.38546429,27.51538368,37.11267405,0.9207599362,0.831022203,0.9683087468,31.25631611
dish_1550711017,36.10585397,32.92378489,38.35113171,0.9809005782,0.9751670957,0.9864760041,35.69934253
dish_1550862272,33.17667444,28.59173051,35.28857879,0.9710677192,0.9570682049,0.9768621325,32.56612038
dish_1563389042,18.53925376,18.02253481,19.05597271,0.7943432033,0.755502224,0.8331841826,18.50858667
dish_1562958721,15.79213916,14.66987694,17.03818319,0.6350553433,0.5068666339,0.77495116,15.68580501
dish_1558030182,20.6038737,17.04106643,24.16668098,0.882925719,0.8322690725,0.9335823655,19.28191301
dish_1563395449,17.32914752,17.30184678,17.35644826,0.6973466277,0.6531357169,0.7415575385,17.32906171
dish_1561579706,15.49425877,12.78580876,20.36440792,0.5582418044,0.3302459121,0.7759722471,14.42605771
dish_1561576954,20.3033871,19.57872212,21.02805209,0.7333978415,0.6972076297,0.7695880532,20.24320669
dish_1563823292,22.68574265,21.2900494,24.43593846,0.7675964832,0.6337806582,0.839535892,22.49820924
dish_1551374712,32.33631441,27.67164558,35.63426069,0.9703775942,0.9438668489,0.9827571511,31.05257545
dish_1551314022,6.211245994,6.1266831,6.31781653,0.0266380792,0.02047291398,0.03508854285,6.210792722
dish_1551135363,27.73616677,26.11505227,30.06969124,0.8983663983,0.8685094118,0.9375497699,27.56827358
dish_1562774206,14.44875074,13.35022675,15.3918794,0.6397732894,0.601556778,0.7137746215,14.36635299
dish_1551492369,28.26451723,23.90582393,30.71362752,0.9211945608,0.8806222081,0.9443436265,27.68409166
dish_1562613010,18.3233185,13.20281112,27.37638414,0.6917838256,0.5135092735,0.933750391,15.42386556
dish_1550772270,26.24195669,23.3621611,28.71819501,0.8911277503,0.7870758772,0.9348589182,25.88651638
dish_1566850099,18.38194091,16.88973595,21.25759432,0.7210878531,0.6432317495,0.8661465645,17.96685281
dish_1563219035,18.24823365,14.90540909,23.4039369,0.7132501602,0.5712502599,0.8815624118,17.01811118
dish_1551378344,32.20788307,29.62613937,34.11817762,0.9762310684,0.9715840816,0.9817063808,31.97170689
dish_1559845290,22.23086424,21.86971812,22.59201037,0.8969963193,0.8779553771,0.9160372615,22.21586561
dish_1565884692,8.698420071,8.469013649,8.845017126,0.4251130521,0.3964191675,0.4405829012,8.695288486
dish_1561393649,6.346470703,6.325098458,6.367842949,0.05352880433,0.04661532864,0.06044228002,6.346418116
dish_1551314163,28.88847763,26.28348467,31.52583925,0.9487669244,0.9362366199,0.9616436362,28.39662667
dish_1551222225,26.29576311,23.10731219,29.31585107,0.9157232419,0.8733231425,0.9507620335,25.89509628
dish_1550861124,27.36285167,22.6495414,30.22855882,0.9174004421,0.877918005,0.9510077834,26.53859262
dish_1563897439,13.01354918,10.98508467,15.06077427,0.6440739036,0.5696617961,0.7500528693,12.70111095
dish_1562774980,17.77987951,14.11369333,21.44606568,0.7578700483,0.597086072,0.9186540246,16.387448
dish_1561579902,16.45164039,13.78879343,18.67431972,0.6093794803,0.496858269,0.7268824577,15.97336296
dish_1551233491,25.74234983,14.77422115,33.31772218,0.92875278,0.8213154674,0.9713139534,20.34811278
dish_1568061234,12.10062841,10.57001024,13.52982161,0.4894136886,0.3968808353,0.6079149842,11.9316447
dish_1563304958,21.25193619,17.49805206,25.76221026,0.7372269432,0.6668929458,0.8686618805,20.0928118
dish_1561060642,15.22568224,14.77033779,15.81530097,0.6236362656,0.593968451,0.6421921849,15.20403698
dish_1563827110,20.06026774,17.5390295,24.11012981,0.7552965283,0.6510849595,0.8548499346,19.26551545
dish_1561574215,17.19355404,16.23190883,18.49299698,0.6694532832,0.591378212,0.7879716754,17.09317463
dish_1560453294,21.73228498,21.36852666,22.0960433,0.8390628397,0.8288273215,0.849298358,21.71706884
dish_1550706891,32.26627262,30.77438919,33.6747229,0.9643380716,0.9567226768,0.9709946513,32.11171116
dish_1563567663,14.17969829,13.59172965,14.74307984,0.5702201525,0.5012469292,0.632630825,14.15419306
dish_1551563890,26.82017239,24.36388154,28.26651755,0.9294243852,0.89385885,0.9423166513,26.64852906
dish_1562871363,18.97101848,14.49932857,22.17705449,0.745155255,0.5144289732,0.8984622955,17.69432173
dish_1563564760,17.52809346,10.89629841,25.96115788,0.6419975559,0.526555717,0.8626511097,14.33223094
dish_1551382179,25.67253431,22.96071088,28.94696207,0.9073972702,0.86538589,0.9233870506,25.2492538
dish_1562700760,15.80276579,14.57723718,17.02829439,0.6912012398,0.6399262547,0.7424762249,15.63209811
dish_1566417516,16.46767991,10.9478232,25.01895227,0.6038277348,0.3801767826,0.86346668,13.66968963
dish_1561577177,16.00712865,14.71446488,17.29979243,0.758738488,0.7168061137,0.8006708622,15.81752525
dish_1551323662,29.10279288,27.19685982,30.50293197,0.920858711,0.8962037563,0.941836834,28.96940998
dish_1561491210,8.429009532,7.995899987,8.862119076,0.2999836057,0.262979418,0.3369877934,8.407448843
dish_1562603536,36.30393416,36.29558467,36.31228365,0.9757838547,0.9752984047,0.9762693048,36.30392614
dish_1566847454,17.42789338,15.56177118,20.92396606,0.7244157592,0.7003868222,0.7548594475,16.83439013
dish_1551389506,30.1231201,27.43639162,31.92326038,0.967016086,0.9526403546,0.975703001,29.89626354
dish_1559667994,15.10570602,13.69872008,16.51414579,0.6856111884,0.6114572287,0.7542943358,14.95494485
dish_1562872182,19.54613397,15.25480306,28.01766809,0.7348802487,0.613019824,0.9310243726,16.95604731
dish_1563550950,19.89749806,17.4672049,22.07818379,0.8409892321,0.7705921531,0.8983394504,19.48441839
dish_1551137091,30.27167135,26.21419993,32.92329922,0.9255706817,0.8730854988,0.9588574767,29.6652465
dish_1563382953,21.67102081,17.42183191,25.18574188,0.8244922757,0.7723428011,0.8934063911,20.47647137
dish_1565117962,19.75419152,15.80028196,27.5529771,0.7083553871,0.5618054867,0.9041187167,17.47093806
dish_1566851155,16.72454891,15.68359207,17.30755086,0.5419410964,0.4852958024,0.6030593514,16.65966813
dish_1557853229,30.74819039,28.60803908,33.62344602,0.9627121952,0.9542323947,0.9734970331,30.5184133
dish_1550797791,30.1888302,26.70223874,32.7073575,0.9308471978,0.909072578,0.9536095858,29.84341168
dish_1551228582,36.91373102,32.70669695,39.01295262,0.9843106046,0.9778299332,0.9890592098,36.44011453
dish_1559850338,24.54643712,22.97448404,26.11839021,0.8680487573,0.8427563906,0.8933411241,24.26795169
dish_1565109606,35.28435926,30.29216473,41.57999204,0.9658201933,0.9402475357,0.9866777062,33.29660727
dish_1551313822,6.349939913,6.295735929,6.503079189,0.05593702011,0.04637272283,0.06787896901,6.349482215
dish_1566242195,17.29090874,14.41242472,20.16939277,0.7915105224,0.7150944471,0.8679265976,16.39960235
dish_1550769827,26.97449698,19.28342823,32.6486943,0.9257443845,0.8964805007,0.9705159068,24.02951862
dish_1562960437,25.03559242,21.34391647,31.00818544,0.8639487028,0.8005267382,0.9641031623,23.48900307
dish_1551378397,32.66178931,29.24426535,35.93621254,0.960121356,0.9514868855,0.970225215,32.17854817
dish_1550860307,36.6479884,34.72987473,39.47454698,0.9825822049,0.9788498282,0.9856033325,36.40833847
dish_1551124481,26.80199082,25.25661956,28.62091913,0.9373905435,0.9163216352,0.9572902918,26.7131267
dish_1561664977,23.40126786,21.71419948,25.08833624,0.8193287551,0.8180561662,0.8206013441,23.08151117
dish_1551565096,22.72181963,19.51249658,25.37936311,0.8836720884,0.7763935924,0.9305487275,22.4215408
dish_1551224283,30.18763212,28.32908822,31.94449591,0.9634917751,0.9546803832,0.9708542824,29.97800109
dish_1551381496,26.8556872,23.64134487,29.30501881,0.9204687476,0.8984243274,0.9339559078,26.51339732
dish_1551487779,31.58155794,27.43879061,34.48598961,0.9601270929,0.9280584455,0.9790375829,31.11410639
dish_1560454539,17.12238093,16.94236526,17.3023966,0.6271143854,0.6162670851,0.6379616857,17.11865116
dish_1551137277,26.36602989,24.79140182,28.28563337,0.8659810424,0.827773273,0.9008232355,26.24574711
dish_1557853429,26.30375186,22.1376309,28.77820653,0.9088328108,0.8782480359,0.928339839,25.78753162
dish_1563827482,16.50290635,13.71084757,21.93382705,0.7025918762,0.5762126446,0.8601170182,15.22711405
dish_1560368019,13.35109939,13.18258147,13.4533278,0.5386733413,0.5155363083,0.5573836565,13.34942994
dish_1551564857,26.2105357,21.17214736,28.43606685,0.9090224728,0.8704826236,0.9347152114,25.50358432
dish_1550775219,26.6472578,17.38943255,33.07590972,0.9463110715,0.8985005617,0.9694448709,22.71189219
dish_1560444948,18.33090924,17.8643091,19.07502059,0.7659952839,0.7117744088,0.8328650594,18.2992571
dish_1566328929,25.00914634,19.08824168,31.18034855,0.8881593347,0.8244063258,0.956895709,22.61195772
dish_1562963612,23.46279813,20.57393513,27.51582966,0.8192797899,0.7366179228,0.932554245,22.61637829
dish_1567798511,27.95182091,22.13351886,33.23455317,0.9066301286,0.7786812782,0.9771017432,25.39129258
dish_1565981898,13.75271699,13.39059954,14.11483444,0.4544730633,0.4216169119,0.4873292148,13.73763766
dish_1550793192,33.43415504,30.60352458,35.09802708,0.9816484824,0.9697454572,0.985986352,33.16931335
dish_1565972628,14.28988565,14.07669813,14.51896555,0.607759734,0.5595066547,0.6351376772,14.28612556
dish_1563551220,15.26065769,14.73407682,15.8869522,0.6563150485,0.6212832928,0.6891595125,15.23491021
dish_1565383097,14.47634619,13.53539696,15.41729542,0.4885516465,0.477024138,0.500079155,14.37520008
dish_1558030724,19.94844054,19.8407628,20.05611827,0.8853287399,0.8819989562,0.8886585236,19.94710581
dish_1563813360,17.14308405,12.52941576,22.74968179,0.7317708929,0.5502171516,0.8982127905,15.45515914
dish_1567106646,19.97444875,10.8481233,31.66474418,0.7492699722,0.4222507179,0.9564164877,14.72393499
dish_1551490740,35.17895754,30.31254725,37.85723463,0.9801226258,0.9749456048,0.98355937,34.36219081
dish_1561575347,18.1775301,17.72388345,18.63117675,0.803988874,0.7672197223,0.8407580256,18.15388
dish_1567023132,23.71448163,21.51441302,25.91455024,0.8557989299,0.801012516,0.9105853438,23.17954227
dish_1559678629,20.68603802,19.49280979,21.87926624,0.8746760786,0.8286566138,0.9206955433,20.52413947
dish_1564073860,20.27459341,17.16968438,22.39551319,0.7970097264,0.6936604381,0.8904417157,19.66139939
dish_1558114523,36.05089339,35.10522344,37.15257631,0.9834063252,0.9819127321,0.9862356186,35.97086074
dish_1565033110,15.88222643,14.03029582,19.05734404,0.5418033997,0.338272512,0.7265712023,15.37799998
dish_1562007817,14.60750348,13.97317543,15.34372587,0.5163548887,0.4100394547,0.5764681101,14.57135739
dish_1551566208,29.98975889,26.70590715,34.8433897,0.9518282413,0.9404307008,0.9605920911,28.79437307
dish_1560456814,18.71477349,18.41291664,19.01663034,0.7194209397,0.6628904343,0.7759514451,18.70429163
dish_1562688482,25.13162107,21.75539318,28.50784895,0.8861902952,0.8459433913,0.9264371991,23.933429
dish_1561493975,18.27835114,17.60054334,18.95615894,0.7501321137,0.7246893048,0.7755749226,18.22567141
dish_1550711788,28.0405423,25.24990066,29.67048351,0.9349939028,0.9064798951,0.9508569241,27.78601016
dish_1551123396,23.66492643,18.13176445,34.1174322,0.912512362,0.8635233045,0.9535501599,21.8047148
dish_1551323262,34.24548212,31.97289495,36.23674513,0.9798471398,0.9748641253,0.9839583039,34.03451058
dish_1566502271,20.0657743,15.11695477,25.44901172,0.7308242172,0.5021969676,0.8781962395,18.59578653
dish_1563913627,24.04826862,23.72106112,24.37547611,0.7478741407,0.6526373029,0.8431109786,24.03595398
dish_1562602918,15.40909589,15.31242337,15.50576841,0.652715385,0.6217451096,0.6836856604,15.40802003
dish_1551237463,27.60213524,17.12551456,33.45650433,0.9181748703,0.7920946479,0.9622079134,23.580019
dish_1562873790,24.57021144,21.29389404,27.84652885,0.7890924215,0.7020583749,0.8761264682,23.43641407
dish_1561580431,22.46553787,20.2012762,24.72979954,0.8573301733,0.8440697789,0.8705905676,21.90023328
dish_1560543583,16.75710831,12.45418784,21.06002878,0.6010203511,0.4098637998,0.7921769023,14.90362659
dish_1551394835,6.20378046,6.174359166,6.220692588,0.03349657217,0.02814961597,0.03771490976,6.203755488
dish_1566934085,15.11563093,14.26739852,16.48675389,0.6489596367,0.578563869,0.6981366873,15.01134795
dish_1551377828,24.78575271,17.48309384,28.69617088,0.8803189099,0.8298909068,0.9268358946,23.26281507
dish_1551124116,29.26732098,26.81743709,32.15315025,0.944175144,0.9228698015,0.9610376954,29.00976002
dish_1562614921,21.40726191,15.62761199,29.86677519,0.7878315051,0.6994978189,0.9410111308,18.5590677
dish_1563205953,18.88668375,11.94194907,26.24300723,0.7584761977,0.5681480765,0.93653965,15.71181968
dish_1561407249,28.18915769,26.50857131,29.86974406,0.907363534,0.8947418332,0.9199852347,27.87179538
dish_1563996656,22.32370035,14.40633851,27.66927531,0.823170344,0.6356469989,0.9452483058,18.62177086
dish_1551492287,31.31424515,29.2931109,34.49836029,0.9694544226,0.9625191689,0.978654325,31.03246424
dish_1551323937,34.09509818,31.80283382,36.59481566,0.9528505462,0.9375256896,0.9604439735,33.79036869
dish_1561576026,25.23273338,22.71666348,27.74880328,0.9020817876,0.8877670765,0.9163964987,24.54135296
dish_1568665970,7.914905487,7.452115273,8.377695701,0.1946289241,0.1906400174,0.1986178309,7.890294229
dish_1550797031,27.97768307,17.73233388,35.32009094,0.9469244853,0.854996562,0.9814682603,23.26411411
dish_1565898158,22.12008787,15.2961141,26.95294104,0.825378567,0.6498003006,0.9405353069,19.77818594
dish_1563207389,17.63340845,13.17974361,22.08707329,0.7061389089,0.5396618247,0.872615993,15.66461341
dish_1551237854,26.91797083,22.43438226,30.0379378,0.9276496693,0.9019623995,0.9411779046,26.06761123
dish_1551235561,34.35071912,29.40598116,38.31321829,0.9657103792,0.9338143468,0.9792793393,33.51579082
dish_1558461692,26.01854919,25.20564115,26.83145722,0.8988598883,0.868416369,0.9293034077,25.94290968
dish_1558381860,33.17150284,29.86127591,36.48172977,0.9709598124,0.9599788785,0.9819407463,32.01600083
dish_1551377135,31.90367427,25.19934541,37.33290691,0.960879989,0.8978793621,0.9768806696,29.71715644
dish_1559590031,15.64456766,14.68112976,16.2230854,0.549646159,0.49209553,0.594900012,15.58870632
dish_1550707638,25.84551074,21.51663599,28.96683823,0.8526089862,0.7548160553,0.9157394171,25.21834311
dish_1566416299,25.04679867,19.58854039,30.50505695,0.8786211312,0.8216933012,0.9355489612,22.26068581
dish_1562945445,15.05777135,14.3329436,16.23852866,0.6405544877,0.5824717879,0.6764964461,14.97990989
dish_1561749908,14.14673261,13.53918167,14.80061438,0.5439120134,0.4901914001,0.614520967,14.11629225
dish_1551564352,32.28726401,28.11139357,34.24237084,0.9740345553,0.9578930736,0.9802983403,31.70626118
dish_1563823814,25.36405155,19.92243234,32.59127844,0.9152531425,0.836617291,0.9767286777,22.97634531
dish_1551373647,34.54750814,32.48648077,36.39634285,0.9801438153,0.9774137735,0.9846522212,34.39729706
dish_1551565752,29.78024809,28.75517255,31.27616631,0.9464085251,0.9370982051,0.9608459473,29.70657779
dish_1563222745,21.18981493,14.20540198,28.17422788,0.933318764,0.8824356794,0.9842018485,17.04496137
dish_1563381680,6.143746035,6.105892217,6.181599854,0.006007927936,0.003937629052,0.00807822682,6.143581067
dish_1562181217,6.813192941,6.702395794,6.923990088,0.1168411337,0.09471230954,0.1389699578,6.811779767
dish_1562958775,15.42315079,11.17093644,19.78578219,0.6727400422,0.5091759562,0.8414330482,14.11547439
dish_1551490962,26.60418971,22.31528094,31.19635133,0.9071478099,0.8650586009,0.941155076,25.6140094
dish_1563307575,17.49263064,14.45507415,20.53018713,0.6454503834,0.5062773824,0.7846233845,16.50712198
dish_1550874950,30.92132734,28.30112278,32.57712638,0.9517220631,0.9311961532,0.9626165628,30.69561478
dish_1562095340,8.948273973,8.63903902,9.475593023,0.3421696723,0.2787580192,0.3854578137,8.932436217
dish_1566244904,16.92557937,15.787359,19.17476077,0.6732394497,0.5789706707,0.8044107556,16.66308524
dish_1550712315,28.990985,23.84175835,31.54305109,0.9219489992,0.8436047435,0.9498438239,28.25859908
dish_1562774531,15.97750062,13.81537513,17.6001346,0.6774840156,0.5847225785,0.7265058756,15.67474967
dish_1565724196,23.04399287,19.25961286,26.31573896,0.8031925857,0.682369411,0.9351601601,22.09456142
dish_1551233523,6.87420891,6.498016629,7.190708337,0.1502239155,0.08820014447,0.1972524524,6.866000617
dish_1563998323,23.9494797,16.226748,28.21782537,0.816859901,0.5987679362,0.9281321168,20.43087826
dish_1561579673,13.29441323,11.33029334,14.84497832,0.5416268905,0.4498944283,0.6485361457,13.04029908
dish_1565383026,13.40995266,11.60148995,15.21841536,0.4061581939,0.3511786759,0.461137712,13.04382191
dish_1562613867,17.98384582,15.6282904,20.33940125,0.6778528392,0.6265330315,0.729172647,17.37409941
dish_1562958629,20.24439957,18.94680489,21.07221515,0.8151922226,0.7627245784,0.8510820866,20.14119651
dish_1567024252,14.88837171,9.681961048,23.05898106,0.6602506836,0.5183305144,0.8550069928,12.29763703
dish_1562949242,22.75837023,19.74590601,26.66118984,0.8778539499,0.804782033,0.9476441741,21.92375914
dish_1562860073,20.68311376,15.24401738,26.12221014,0.7345524132,0.5634167194,0.905688107,17.91328025
dish_1565974409,15.25723199,12.72208873,17.90013949,0.579379499,0.4904569387,0.6665233374,14.76248038
dish_1560453150,16.9648823,16.47665627,17.45310834,0.5601222813,0.530954957,0.5892896056,16.93749717
dish_1551488776,29.09317232,26.88660322,31.46085361,0.9398363158,0.924012959,0.9486663938,28.91982732
dish_1550707578,26.67686515,23.35993752,29.00494328,0.8977113217,0.8166684508,0.9288780093,26.17423157
dish_1558029324,17.35651922,16.29282994,19.28560477,0.6888782829,0.5766285062,0.8155004978,17.21843611
dish_1563468269,18.72709984,14.91378559,22.5404141,0.7467241585,0.6075832248,0.8858650923,17.2321503
dish_1551135767,27.72901212,23.64298782,31.14329204,0.9326255545,0.8883339763,0.9515603781,26.92928744
dish_1566502537,18.87639213,15.79758111,24.41404506,0.6931809783,0.5705904365,0.8139045835,17.54876737
dish_1563379494,21.98900139,17.17065202,30.22863476,0.8485492269,0.7513131499,0.9609081745,19.45139901
dish_1550773162,31.25674099,29.11631317,33.2821144,0.964175418,0.9500082135,0.9732154012,31.06606164
dish_1550875293,29.74174123,26.25304711,31.40701051,0.9715727642,0.9660200477,0.9806262851,29.42062223
dish_1551379478,33.47239299,25.12415279,37.98053114,0.9735090956,0.929353416,0.9857922792,31.51827622
dish_1565382762,24.59274877,22.62274383,26.5627537,0.8446033299,0.7980175018,0.891189158,24.16047258
dish_1568401018,8.401296236,8.139749196,8.662843276,0.3570550531,0.3472627401,0.3668473661,8.393425362
dish_1566244815,22.02272666,21.69130962,22.35414371,0.7966923416,0.778714478,0.8146702051,22.01009344
dish_1563305083,14.6645481,14.25456992,14.92418484,0.5099229813,0.5076345801,0.5120715499,14.65450778
dish_1551228715,21.16313363,16.61963759,24.93060382,0.8960915378,0.874774158,0.9324365854,20.39317341
dish_1550706177,7.071786859,6.615615365,7.420616915,0.07388091041,0.05104597285,0.08329638094,7.062861558
dish_1550710177,20.63970402,19.00706128,23.3974298,0.89853663,0.8471238613,0.9404236078,20.34144761
dish_1551379045,26.48166717,21.41337081,29.68778698,0.9054693505,0.8664198518,0.9324247241,25.80992157
dish_1550875931,35.75240538,32.80040344,38.37222272,0.9742729068,0.9699105024,0.9792758822,35.40353645
dish_1550785975,25.94690575,21.53974596,29.03389568,0.8673036165,0.6311228871,0.9207889438,25.04071289
dish_1551226948,31.07964706,30.19303975,32.35549885,0.9638938233,0.9560218453,0.9707604647,31.03040259
dish_1568313487,11.53982073,11.21042977,11.8692117,0.3900810033,0.3431179225,0.4370440841,11.52734135
dish_1551379852,34.27865479,32.16924293,37.24530607,0.9745909795,0.9678941369,0.9794722795,34.04783939
dish_1563389153,21.13596461,18.68350727,25.48819562,0.7286241849,0.6254502535,0.8920372725,20.25490137
dish_1562603895,17.45549462,15.17834353,19.73264571,0.6123693883,0.5958243608,0.6289144158,16.88400444
dish_1550876055,28.26123686,22.32881414,31.9972863,0.9346628487,0.9002540708,0.9642063975,27.22784772
dish_1560453328,17.78051518,16.48186748,18.43067105,0.7316372792,0.6821352243,0.7690398693,17.67921445
dish_1562700957,16.29275373,14.89712017,17.68838729,0.7168195546,0.6792331338,0.7544059753,16.07226238
dish_1550873264,28.43637011,19.43971984,34.07069131,0.9334945849,0.8836731911,0.9597938061,24.37332264
dish_1551566642,28.18936826,26.60266242,29.76424278,0.88380954,0.7300978899,0.9631175995,28.06109409
dish_1561405411,16.6778962,13.57567489,19.78011751,0.6474946439,0.5246952772,0.7702940106,15.65302594
dish_1559675234,15.09467104,14.11619123,16.32061454,0.683817625,0.6332916021,0.7195660472,15.00101566
dish_1566502437,19.40966838,17.3019537,21.51738306,0.6882536709,0.670291841,0.7062155008,18.91711152
dish_1563221025,24.44150682,21.61428034,26.2934774,0.8007778724,0.6445153356,0.8855683208,23.9375224
dish_1560975628,16.24556849,15.53345434,16.95768264,0.6415670812,0.6277270913,0.6554070711,16.18744545
dish_1550775126,25.74116809,22.3938536,29.00271404,0.9229670539,0.8936199546,0.9420710802,25.24870795
dish_1567628157,15.85885406,14.72786426,17.06781984,0.4923794766,0.3456384838,0.5780438185,15.75499945
dish_1576258685,8.014400875,7.703013489,8.32578826,0.1544235572,0.1437779516,0.1650691628,8.003247251
dish_1566587958,19.82219505,18.32963402,21.95347597,0.775608023,0.7485276461,0.7953141928,19.56814534
dish_1565195398,35.64259663,27.67474077,43.61045249,0.9519691765,0.9142087698,0.9897295833,30.57571176
dish_1562687554,18.29911518,14.82481754,23.13528359,0.7275381486,0.6548517942,0.8616814613,17.13501476
dish_1565898331,23.52645834,15.18488568,31.86803101,0.8154494762,0.670658946,0.9602400064,18.10296027
dish_1550706283,24.27125861,21.28637459,26.6266674,0.8816818744,0.8165218234,0.9168362021,23.76074343
dish_1563216739,15.94171738,12.56925067,18.30187695,0.6337950826,0.5153912902,0.7342925668,15.21461302
dish_1567542813,25.41542079,23.15724939,29.75241497,0.9092227221,0.8744928241,0.9352937937,24.54675797
dish_1561492228,10.11098475,9.681866621,10.54010289,0.3795311749,0.3368020356,0.4222603142,10.08981899
dish_1550710279,30.7247408,27.42154827,32.94927261,0.9666757062,0.9544398189,0.9717085958,30.39227919
dish_1561739238,15.99566613,13.80181875,17.68120976,0.7287931045,0.6567611098,0.8019937873,15.68141567
dish_1550860188,31.91975027,24.27066318,34.83999323,0.9627875686,0.930876255,0.971380949,30.36232237
dish_1550785808,30.30624173,27.88060153,32.0947126,0.9619783229,0.9483703971,0.9711092114,30.04441559
dish_1551567230,29.04598145,26.16261266,31.36158965,0.9250706658,0.881613493,0.950306952,28.61368791
dish_1551232686,32.26818029,29.63220702,33.83681503,0.9703176353,0.9535873532,0.9819327593,32.05506162
dish_1563221562,16.72968963,15.62443773,17.44158934,0.6505188545,0.5596901774,0.7256945372,16.65502073
dish_1551566851,30.52491376,28.76054589,31.70249957,0.9660568502,0.9604849219,0.9740855098,30.41109657
dish_1565209922,24.48500159,19.26719536,33.48990881,0.8857221603,0.838948667,0.9755566716,21.59031267
dish_1551397714,37.8238636,34.15726926,40.21570665,0.9886823893,0.9867615104,0.9902738929,37.45647578
dish_1567022212,17.83711258,13.83554384,21.83868133,0.768609941,0.6289281845,0.9082916975,16.20735255
dish_1551399031,6.183869942,5.873630769,6.556643905,0.05908811092,0.04636570066,0.08014775068,6.178811271
dish_1563465805,30.21282752,28.23979188,33.36703632,0.9612721006,0.946156919,0.9780564904,29.70601296
dish_1565811000,13.76039281,13.28419841,14.23658722,0.5474633574,0.4711615443,0.6237651706,13.73433812
dish_1551493723,36.56246421,31.69194605,39.44195544,0.985783716,0.9760340452,0.9910011292,35.98478754
dish_1563220058,28.84266475,23.6671706,35.31796505,0.9428396225,0.8891413808,0.982186079,26.74150405
dish_1561751897,20.93408661,17.37215637,23.3130259,0.766498069,0.6545568109,0.9503872991,20.12942655
dish_1551136891,29.09922847,27.12125047,31.09878348,0.9526240031,0.940957129,0.962575078,28.91273214
dish_1568060616,16.82146752,14.91255243,19.24255088,0.7019775907,0.5600491762,0.8211223483,16.47408832
dish_1565203094,17.12027103,16.82750602,17.41303605,0.6674777865,0.6419739723,0.6929816008,17.11041061
dish_1562949467,24.93497257,19.63144879,30.23849635,0.8877711892,0.8008331656,0.9747092128,22.27963255
dish_1550774244,32.71043478,26.8851988,37.41362685,0.9816115946,0.9701468945,0.9890699387,31.42418587
dish_1565811287,19.52753415,18.38381145,20.67125685,0.8951920569,0.8625494838,0.92783463,19.37864265
dish_1550705477,28.80070713,25.29928743,31.18630307,0.9159078822,0.8398715258,0.950060904,28.4116035
dish_1551566524,28.35606058,24.48608789,31.31879125,0.9461313263,0.9260112643,0.963896215,27.83414815
dish_1561576295,14.48664902,13.90836113,15.18486806,0.5144656698,0.4170517325,0.5957464576,14.4550391
dish_1560357792,22.60526399,15.91873501,29.29179296,0.8338835537,0.7337100506,0.9340570569,18.7337461
dish_1568665052,17.99689756,13.56621129,23.7285144,0.6992246211,0.4805860519,0.9040646553,16.71155713
dish_1557936645,34.48327553,32.45728564,36.25529014,0.9753094812,0.96898067,0.9811990261,34.3226607
dish_1565798531,30.21320257,27.77335537,32.65304976,0.94518736,0.9354333878,0.9549413323,29.56113544
dish_1561654346,20.1394729,18.96938975,21.30955606,0.652333498,0.6398968101,0.6647701859,19.98372087
dish_1550861670,27.64150761,24.19355652,31.21302125,0.9399751557,0.919701755,0.9638188481,27.25059669
dish_1566499633,26.20919556,24.66065919,27.39977283,0.8093386094,0.7255045176,0.8536282182,26.05347466
dish_1567525637,20.1478127,16.046145,24.2494804,0.7406754196,0.5749185085,0.9064323306,18.44478653
dish_1551234252,31.57885317,26.47815209,34.03278915,0.9507815987,0.8781526089,0.9671733975,30.89416375
dish_1550778619,32.40680979,29.56339676,35.23857545,0.9619954303,0.9460107684,0.9729437232,31.94133717
dish_1566333118,26.13276786,18.64458684,39.64143388,0.8806478182,0.7789066434,0.9832261801,21.05753558
dish_1551396629,33.97703215,29.87158781,36.7739047,0.9718294144,0.9256715178,0.9823815823,33.30299105
dish_1561749818,19.37150292,16.40918715,22.33381868,0.7685534954,0.6860788465,0.8510281444,18.4310229
dish_1551303866,27.55267313,25.14012312,30.67643995,0.9061318189,0.8866404891,0.9408434629,27.3070832
dish_1561576707,17.20859328,14.7418431,21.21194644,0.6499777436,0.5078559518,0.8468443751,16.43248039
dish_1551489885,35.37859702,31.57521569,39.0084426,0.9755193525,0.9486088157,0.9849684834,34.66686952
dish_1551225764,26.82439341,18.96165329,30.0348706,0.9270049781,0.8116477728,0.9532738328,25.1257276
dish_1551394614,34.27984541,32.31003065,36.12683902,0.9792299718,0.9757182002,0.983307004,34.05935233
dish_1561580370,20.21354407,19.50704862,20.92003953,0.7676970959,0.7597053647,0.775688827,20.15633062
dish_1565023182,20.67457232,15.76921293,27.34172145,0.7283267975,0.6209803224,0.885404408,18.6244841
dish_1550791302,23.17722033,19.03620319,25.24749318,0.8920355663,0.860103488,0.9233657122,22.7506204
dish_1562959547,16.74173229,15.10022886,17.68525299,0.596334517,0.586696744,0.6078856587,16.57755765
dish_1563222830,18.48185572,17.36667917,19.59703227,0.7838861346,0.7561228275,0.8116494417,18.3402251
dish_1568401302,19.83883537,12.12109496,24.91871251,0.7342336377,0.4867908955,0.8844184279,16.30558902
dish_1566230258,14.04053779,13.00544866,14.72048606,0.6732465227,0.6542568207,0.7070297599,13.9748861
dish_1557937615,37.21442344,36.89458606,37.86219574,0.9844772369,0.9827868342,0.98635149,37.19697047
dish_1551379788,22.09700037,18.58705245,24.92543778,0.7332743779,0.493249476,0.9076651931,21.41337541
dish_1551390837,18.45362035,15.32578397,23.29800364,0.8372168019,0.7338891029,0.8792842031,17.78230883
dish_1565640842,9.259103409,7.092941164,11.42526565,0.3232900798,0.1379090548,0.5086711049,8.739904097
dish_1550861458,29.21249479,25.21197625,32.49615296,0.9418295547,0.9082562923,0.9622042179,28.71819235
dish_1551394874,29.14179901,26.83425829,31.17691837,0.9559990391,0.9411770701,0.9714885354,28.8277089
dish_1563220767,25.71732336,21.50674144,28.65583415,0.9112139146,0.8646149635,0.942618072,24.58779943
dish_1551399293,35.02249611,31.88458827,37.42573673,0.9750432637,0.952608645,0.9834542274,34.69379799
dish_1551399402,29.33580307,21.19275206,33.83860608,0.9496791437,0.9005343914,0.9757875204,27.20676577
dish_1560527105,15.83130469,15.76019414,15.90241524,0.595020473,0.5826749206,0.6073660254,15.83072254
dish_1562086116,18.12725833,14.10478253,24.05418674,0.689051191,0.5275086761,0.9062433243,16.53281382
dish_1550705888,31.52618155,29.95947317,34.01903863,0.9583446681,0.9226039648,0.971727252,31.27791877
dish_1567801830,20.16345602,19.54727938,20.49124966,0.7882792155,0.7240396142,0.8366850019,20.14108522
dish_1564082212,23.02263071,21.23372937,23.97868858,0.7549099922,0.6343538165,0.8645669222,22.82786532
dish_1560367698,19.92228489,18.8340271,21.01054268,0.754475683,0.724827528,0.7841238379,19.78734019
dish_1558030383,26.50433626,23.04651749,31.44472002,0.9127126336,0.8590528369,0.9539612532,25.53921881
dish_1551392654,27.04519109,24.865296,30.41679107,0.9268433973,0.8982797861,0.9599345922,26.77385722
dish_1560444931,20.02029872,16.53455811,23.50603934,0.7733046412,0.6969544888,0.8496547937,18.75000382
dish_1551232973,25.52860253,22.86502043,27.70415264,0.9172381386,0.8835875392,0.9323154092,25.25109758
dish_1561405356,20.16894709,19.08902898,21.24886519,0.7552985549,0.7188721299,0.7917249799,20.03604195
dish_1566331801,18.11550369,17.32815105,19.59049994,0.7653103073,0.7348170877,0.8078708053,17.99788083
dish_1563555100,21.14098017,17.3500749,24.93188544,0.8720080853,0.805185914,0.9388302565,19.66180971
dish_1550863155,21.28404998,16.85012466,23.72829728,0.9172461107,0.8746666312,0.9554327726,20.74694323
dish_1562947020,16.37363447,11.39262029,21.35464864,0.647067517,0.5107616782,0.7833733559,13.98552767
dish_1551493005,28.20180787,23.66495976,30.87130174,0.9246452525,0.8900482059,0.9422932863,27.66930273
dish_1565383159,14.87477268,13.40213721,16.34740815,0.5928672254,0.5050054789,0.680728972,14.62973987
dish_1551395396,30.89727263,29.51801238,31.99798506,0.9515834227,0.941388905,0.9651910067,30.81900679
dish_1551377209,27.85640107,24.82579963,30.96336248,0.9355602935,0.904186368,0.9588850737,27.33049062
dish_1566246946,22.24863588,17.3325844,27.234685,0.7702916265,0.5626829267,0.9318748713,20.55068537
dish_1566501258,19.04340502,16.57737263,21.50943741,0.8439403176,0.8034445047,0.8844361305,18.37794321
dish_1572548822,20.09629635,18.66992484,21.52266786,0.8288837075,0.7774913311,0.8802760839,19.86615558
dish_1551123633,28.33497575,23.5878732,31.36343599,0.9410975277,0.9081921577,0.9620307088,27.33248002
dish_1550708366,28.96875666,22.27924467,32.57305208,0.9413250387,0.9110177755,0.9576420784,27.77258928
dish_1567023161,20.65352462,17.41951104,23.62707052,0.7959206253,0.6775427461,0.8990321159,20.06172088
dish_1562085185,18.1005241,17.21593884,18.98510936,0.7380024791,0.7015787363,0.7744262218,18.01105259
dish_1551125384,26.85615988,22.67094504,29.39247902,0.8909415528,0.8282011151,0.9229572415,26.04074563
dish_1560539314,33.04211556,32.4674136,33.61681751,0.953948617,0.9449183941,0.9629788399,33.00420086
dish_1551223023,25.80267829,21.35853323,28.49258619,0.912081586,0.8918951154,0.9269066453,25.14761817
dish_1563565289,36.56424356,32.48264282,38.7604295,0.9892590046,0.9815490842,0.9932084084,35.52569989
dish_1565036890,26.91659172,23.15265666,31.88505842,0.9002355138,0.836668849,0.9431217313,25.64861291
dish_1558031133,23.68911991,22.3529563,25.12848404,0.8838477731,0.8701628447,0.9013237357,23.54364944
dish_1565031376,21.89269658,18.22060951,28.70782,0.7729284465,0.6429283619,0.9401879311,20.49923047
dish_1560367085,18.41665938,18.11138964,18.76033215,0.80385981,0.7693197131,0.8403176069,18.40853321
dish_1565369938,20.73363281,8.688167873,32.77909775,0.8043005764,0.6399371028,0.9686640501,11.68156941
dish_1564171935,17.15980611,13.06487276,21.25473945,0.5551904142,0.3887830377,0.7215977907,15.4617425
dish_1560368990,23.39589693,21.24405095,25.5477429,0.8726207316,0.8700616956,0.8751797676,22.88328104
dish_1565987142,13.37340734,13.00047273,13.74634195,0.5301323831,0.5118451118,0.5484196544,13.35741478
dish_1563480608,14.92294139,13.34601368,16.68214508,0.5838126242,0.5239291191,0.6667788625,14.7641607
dish_1551235868,20.84186555,15.93374533,28.01387127,0.8678028509,0.7803813815,0.9350728393,19.23525888
dish_1561574783,19.59285541,19.22753174,19.95817907,0.7716619968,0.7639532089,0.7793707848,19.57750818
dish_1557853314,35.2043166,30.28417143,38.30145188,0.9724731743,0.9586185813,0.983759284,34.46433469
dish_1563824092,25.3434066,19.98070016,30.83288833,0.9087384542,0.8289479017,0.9599808455,23.34780724
dish_1561578441,16.49864919,14.82315106,18.17414733,0.6733231246,0.6251929402,0.7214533091,16.18316057
dish_1563551360,22.89452401,20.0553628,26.21977149,0.8783550461,0.8213557005,0.9275131822,22.21740221
dish_1550778694,26.77139857,24.62628928,28.62293053,0.903226316,0.8741562366,0.9375978708,26.50127049
dish_1550772849,27.4117167,23.30406863,29.21498772,0.8957311139,0.8401990533,0.9281443954,26.99208708
dish_1563984140,20.82961894,20.60494689,21.05429099,0.8593222499,0.8580206633,0.8606238365,20.82381009
dish_1563221054,14.9094032,12.63048028,16.05582231,0.5854124328,0.4981398284,0.6557986736,14.59064098
dish_1559849537,18.45324221,16.46011973,20.44636468,0.7064156234,0.6379668713,0.7748643756,18.01109391
dish_1550795497,26.04388587,15.65702288,29.88688818,0.9004534334,0.7765333652,0.9300774932,22.86578479
dish_1560799558,30.68337133,26.82879339,34.53794928,0.9347549081,0.9085600972,0.960949719,29.15921469
dish_1560456348,20.82452778,20.76908407,20.87997149,0.6737780273,0.646984458,0.7005715966,20.82417388
dish_1562777068,18.39358384,13.77471961,26.51940747,0.7703709205,0.646802187,0.9265589714,15.92789158
dish_1563826306,19.60323718,14.50279167,28.54653161,0.6857382059,0.5518645644,0.9184256792,16.75034017
dish_1562097624,23.49704466,21.3499484,25.64414093,0.8597255051,0.8344268799,0.8850241303,22.98660473
dish_1562099134,20.19826033,17.9953025,22.74659218,0.7765278816,0.6180557013,0.9153445959,19.78484892
dish_1551392958,28.48281977,26.82177953,29.78208861,0.9330491647,0.9159887433,0.9460107684,28.36596018
dish_1558468435,18.9430017,18.78418583,19.10181757,0.7932677567,0.7789154053,0.8076201081,18.9400985
dish_1565898590,7.419172505,7.18612777,7.568836792,0.200115184,0.1846669167,0.2257997096,7.415936783
dish_1562009120,22.88495373,22.69690564,23.07300182,0.8044610322,0.7480098605,0.8609122038,22.88088379
dish_1551374895,31.58982208,28.91137358,33.38181171,0.946759887,0.9258321524,0.9594365358,31.35869388
dish_1550861835,27.86399135,24.37598126,31.18082263,0.926448077,0.8569537401,0.963167727,27.44620907
dish_1563464429,25.42999949,24.94499046,25.91500853,0.9048704207,0.9010602832,0.9086805582,25.40297331
dish_1565972715,13.48596643,13.35534628,13.61658658,0.5560179353,0.5454791188,0.5665567517,13.48400243
dish_1551395909,31.54670332,29.66435797,32.67643148,0.9582046494,0.9480457902,0.964520514,31.44519433
dish_1550789860,26.92748448,22.92051993,30.17440953,0.8992145807,0.825894177,0.9516063333,26.16098041
dish_1551395987,30.29184107,27.85095724,33.75597825,0.9637408033,0.9497853518,0.9688686728,29.96218045
dish_1562775356,22.72695252,19.89962841,25.7768679,0.8927312493,0.8443866968,0.9418669939,22.1004603
dish_1551233859,28.90104725,24.20000778,32.54963641,0.9445411786,0.9204375148,0.9627011418,28.19577559
dish_1560203424,18.0469715,17.89018434,18.20375865,0.8552322686,0.846891582,0.8635729551,18.04414198
dish_1558115641,23.07022063,21.36814116,24.77230009,0.8036832213,0.792769134,0.8145973086,22.74488697
dish_1551395766,27.6670956,24.85126169,29.88354283,0.9338176714,0.9070323706,0.954944849,27.36024285
dish_1563827086,24.01573683,18.14942453,28.55774252,0.8176185966,0.5772349834,0.9319597483,21.97500963
dish_1563998244,24.14979529,21.51950482,27.03218145,0.855296274,0.7622428536,0.9233294725,23.59709835
dish_1563305047,16.84260717,13.24069578,22.48026962,0.621670872,0.4993323982,0.8042948842,15.41984462
dish_1550776767,33.72575924,30.54259207,36.35553379,0.9696148485,0.9578775764,0.976618588,33.33695818
dish_1550775318,31.12163131,28.75413716,33.27120749,0.9551269189,0.9365288019,0.9669572115,30.84806131
dish_1550712403,31.2167014,26.12436411,35.01098417,0.9656437172,0.9418911338,0.9769132733,30.38761163
dish_1568401199,17.92225645,13.64281377,22.20169913,0.7296596169,0.5788752437,0.8804439902,16.08653666
dish_1562777037,14.46656924,11.9030498,17.03008868,0.6282339394,0.5000491142,0.7564187646,13.75022332
dish_1562950895,18.71338916,16.57095426,20.9498168,0.751208206,0.7088192105,0.7946813703,18.35623799
dish_1563984835,18.37310371,14.45546182,23.35475286,0.6854560773,0.5251145959,0.8470867276,17.05917934
dish_1568666000,21.23444188,16.10024326,23.97164708,0.7609791756,0.5749446154,0.8784990311,19.60103101
dish_1568060501,14.71900048,11.93694739,17.34448721,0.5471950968,0.400478065,0.705548346,14.16455526
dish_1551564381,24.77852607,20.71978188,28.37597345,0.8102865592,0.6232058406,0.9142591953,23.64838475
dish_1562602832,21.24803858,20.46697882,21.64513275,0.7738317053,0.679795444,0.8637500405,21.21194261
dish_1567526738,17.2774147,16.77023398,17.78459542,0.8230630457,0.8083276153,0.8377984762,17.24786681
dish_1567537457,13.27082296,12.54496171,14.18436832,0.5856061776,0.5541895628,0.6158239841,13.21847823
dish_1565194823,22.32766343,20.94805193,23.70727493,0.8322376609,0.827524066,0.8369512558,22.11212394
dish_1551493698,6.552575939,6.271649462,6.718284162,0.07235405408,0.02922093682,0.09631496668,6.549927494
dish_1562875940,13.68866001,12.87524899,14.09590203,0.5455326239,0.5016008615,0.5819845796,13.64947527
dish_1558116146,24.6220338,21.85864931,27.38541829,0.8607651889,0.7929627299,0.9285676479,23.79648843
dish_1551141670,30.06766068,27.10656372,33.46190667,0.9507265314,0.9350489378,0.9659356475,29.75156718
dish_1561736736,21.3690061,19.05229443,23.68571777,0.8309511244,0.8129327893,0.8489694595,20.77834771
dish_1551390528,24.83636084,20.86017091,29.76399281,0.9049010649,0.8702655435,0.9349482059,23.77564734
dish_1561404956,22.10473547,20.90772183,22.7854806,0.6887445649,0.5675242543,0.7656760812,22.01846527
dish_1551134895,26.18894765,21.62774956,29.50855056,0.9009372443,0.8407498002,0.9227373004,25.50522054
dish_1562691645,13.99842267,12.95998285,16.02956467,0.6050369541,0.5226845145,0.6688324809,13.78187411
dish_1560455030,22.10317428,20.98568949,23.22065907,0.8903369904,0.8589611053,0.9217128754,21.96096307
dish_1560366460,12.38990816,10.6188873,14.89742995,0.5187352598,0.3592835367,0.6201541424,12.0427183
dish_1561492687,24.84471159,23.91394505,25.77547812,0.8700840771,0.8408555984,0.8993125558,24.74572639
dish_1550707056,32.8997888,27.57548553,37.79006257,0.9651940838,0.9491519332,0.9786694646,31.74437805
dish_1551375189,27.83672268,23.03284163,31.71140609,0.8658410683,0.6940146685,0.9324994683,26.3059735
dish_1560456833,15.1943068,14.51604466,15.58470156,0.548812747,0.4564244747,0.5981786847,15.16699355
dish_1562686577,18.0464238,11.49278145,28.24427373,0.6888153354,0.5681810379,0.9213076234,14.40892357
dish_1562603598,23.77710802,21.00216843,28.99003325,0.7823681235,0.6662341952,0.9122030139,22.58382087
dish_1560441288,23.01456508,19.40581951,26.62331064,0.8258897066,0.7616314292,0.890147984,21.66145212
dish_1568315040,14.55758512,12.25875189,16.85641836,0.6260180175,0.5622484684,0.6897875667,13.97562349
dish_1561662501,22.1041747,19.40506258,24.80328682,0.8404976726,0.788328886,0.8926664591,21.3144472
dish_1551324246,32.67538356,29.95387183,36.50376676,0.9697548598,0.9562178254,0.9767112136,32.27744017
dish_1564000417,31.35963534,25.1955102,37.52376049,0.906114608,0.8246615529,0.9875676632,27.95889097
dish_1568664931,20.91582931,20.09619751,21.73546112,0.8456560373,0.8455739617,0.8457381129,20.83894073
dish_1557936599,28.97518601,19.67770831,33.26537541,0.9295294881,0.8598895073,0.9676035643,25.57005652
dish_1551488861,35.51724344,34.0706642,38.57947344,0.9814007655,0.9768860936,0.9872227311,35.29596418
dish_1562950018,23.08466776,22.72993541,23.43940011,0.8895179033,0.872392416,0.9066433907,23.07019655
dish_1558030832,28.27870064,22.77748141,30.61945174,0.9346592277,0.8886486292,0.9571938515,26.86894731
dish_1566246573,12.44498119,11.34241048,13.5475519,0.4607925862,0.3641137779,0.5574713945,12.30650102
dish_1551567508,34.55237258,32.22407803,36.8050492,0.9714699313,0.9646115303,0.9780002832,34.28641946
dish_1551392424,25.66482296,22.37259594,28.19244569,0.9153728858,0.8844929338,0.9378216267,25.31796189
dish_1550708280,32.72269697,26.87299628,37.00549108,0.9660996348,0.9204788208,0.9795814157,31.67143932
dish_1562086067,20.87748106,18.27022237,23.98219009,0.7991155187,0.7354635596,0.8443248272,20.29150931
dish_1566835641,20.6181279,14.27316313,26.96309267,0.7766780257,0.6159155369,0.9374405146,17.05576636
dish_1564083508,17.44784253,14.78218662,20.77074387,0.7717327674,0.6976541281,0.8382129669,16.80815389
dish_1561405332,26.28890486,24.42821846,28.14959126,0.8911098838,0.8434778452,0.9387419224,25.9019385
dish_1561393550,24.34188647,22.74239994,25.94137301,0.9841643572,0.9805344343,0.9877942801,24.05377205
dish_1565811390,16.47425731,9.552742609,22.87046999,0.6575656732,0.3571327329,0.9192114472,13.43691857
dish_1562961650,18.73152412,17.71668245,20.22900376,0.7221096754,0.6558506489,0.7757974267,18.60436968
dish_1561753021,18.73360451,15.14853852,25.25008356,0.6593917807,0.5227800608,0.8828604221,17.00171553
dish_1565711498,21.09142868,17.88229216,24.3005652,0.8058315516,0.6950395107,0.9166235924,20.00016674
dish_1550774895,29.70857711,24.61911787,33.07306399,0.9498058491,0.9267853498,0.9634214044,28.99108416
dish_1564083459,17.94375731,15.7566021,21.02970366,0.7901885708,0.6544696093,0.8930315971,17.43097327
dish_1550712729,36.03217346,33.2901947,39.70998681,0.9756427929,0.9679628015,0.9839180112,35.68161462
dish_1562099157,20.50243507,18.976035,22.02883515,0.8257452548,0.8121621609,0.8393283486,20.23954293
dish_1551377388,34.23425984,31.89338944,36.27175345,0.9808926508,0.9759234786,0.9853968024,33.96385627
dish_1563222850,18.1687166,15.3429612,21.74826026,0.7469189564,0.6965919733,0.8361093402,17.44387627
dish_1551563627,28.13101246,26.33915012,29.69540518,0.9441411644,0.930595994,0.9600536227,27.97464441
dish_1550778922,33.46539393,26.05745619,36.34853299,0.9683368504,0.9360573292,0.9814715981,31.98431602
dish_1568313527,11.20453585,11.10622021,11.30285149,0.3961579949,0.3587886095,0.4335273802,11.20342311
dish_1558463690,16.41358823,16.17403092,16.65314554,0.6709402502,0.6528241634,0.6890563369,16.40698457
dish_1566590946,18.37560707,17.00209332,19.74912081,0.6840857267,0.6743550897,0.6938163638,18.16193813
dish_1558549214,21.3654637,19.47017265,23.26075475,0.7758336961,0.7350574136,0.8166099787,20.96440141
dish_1559674866,20.70200924,15.93834638,25.46567211,0.7474895418,0.6154924631,0.8794866204,18.48955913
dish_1562184705,16.19605564,12.57434863,22.96540116,0.5912637611,0.4454258382,0.8444333673,14.36144621
dish_1573665025,12.9732248,11.767897,14.17855261,0.6661046147,0.6387158632,0.6934933662,12.80806745
dish_1566419577,13.88625116,12.54497595,15.55500004,0.6330250899,0.6056450009,0.6479945183,13.71434613
dish_1563827132,20.9918102,15.58006398,26.38940877,0.7868098617,0.6165331602,0.922550559,18.98506534
dish_1550705995,28.48216554,24.7874161,30.58749701,0.9268400148,0.893432796,0.9479365349,28.03488069
dish_1550774296,31.34019806,27.34277864,33.21069801,0.9613000378,0.9447908401,0.9697881341,30.94040289
dish_1562086501,21.11259535,19.77701954,22.44817116,0.8457559943,0.8024538755,0.8890581131,20.91038969
dish_1551306561,31.19193677,23.85596753,35.9657213,0.9542347044,0.9354153872,0.9692431092,29.42739423
dish_1551138110,29.88814068,22.4143864,34.11025987,0.9715567529,0.9436265826,0.9848977327,28.2981488
dish_1550875891,33.51043757,30.35686535,35.4789492,0.9733316567,0.9582245946,0.9774680138,33.22275457
dish_1563217774,19.76183945,15.27860062,27.75396918,0.7171569864,0.5638924837,0.9330009222,17.3649979
dish_1550778435,27.17886851,24.08696627,31.12252459,0.9114196375,0.883462131,0.9485701919,26.76663655
dish_1550770802,26.96296761,24.64755434,30.07928403,0.9155571163,0.8809404373,0.9464012384,26.68366213
dish_1562873544,17.18508858,16.23756116,18.86254189,0.6633379459,0.5456261635,0.8064097166,17.03368587
dish_1551568240,26.94070603,19.42980699,29.94234103,0.9258309677,0.9075977206,0.9473700523,25.37893569
dish_1550777256,27.34361652,22.58097441,29.94272022,0.9165946916,0.868675828,0.9524777532,26.55136125
dish_1550876012,28.54558623,27.68023445,30.90868377,0.9367265701,0.9298256636,0.9456121922,28.44489092
dish_1558381708,20.87914845,20.51669548,21.24160142,0.8078753054,0.7929041386,0.8228464723,20.8640412
dish_1562169840,16.83401163,10.83599653,26.36567286,0.5714101692,0.3533071876,0.8796733022,13.57969519
dish_1563913675,15.90708753,15.15738323,16.77240985,0.5703700384,0.5305331945,0.60103333,15.85707419
dish_1573072410,7.235785912,7.03760145,7.433970374,0.1435915269,0.1036264673,0.1835565865,7.23126554
dish_1572625898,19.65856831,17.45599028,21.86114635,0.7157474756,0.6424915791,0.7890033722,19.12245578
dish_1563389600,18.12279721,17.71979981,18.52579462,0.8326025903,0.8286714554,0.8365337253,18.1041262
dish_1562785132,21.56613079,17.54904551,26.57911274,0.7902155519,0.7051515579,0.9112129807,20.21500775
dish_1567019993,28.94940168,26.82768857,31.07111478,0.9161722064,0.85923177,0.9731126428,28.45052065
dish_1551324010,28.15736022,23.82788893,30.74750957,0.9210992828,0.8782231212,0.9408459067,27.63207696
dish_1565379320,20.43069247,19.7248755,21.13650943,0.8141892254,0.7923250794,0.8360533714,20.37358837
dish_1561576051,17.19928018,14.81542152,19.58313883,0.6992179751,0.6202071309,0.7782288194,16.57546004
dish_1561576257,24.73964089,20.33646153,31.0469329,0.8396066427,0.7760673761,0.9601210952,22.93975987
dish_1557862829,31.19773318,27.43304367,36.29098341,0.944905974,0.9209791422,0.9632738233,30.37479599
dish_1561739576,23.53833269,19.58311053,27.49355484,0.9024855196,0.8822473288,0.9227237105,21.94212873
dish_1559667948,22.23142931,21.81810664,22.64475199,0.8846952021,0.8661208749,0.9032695293,22.21179075
dish_1566835701,11.82281124,10.26311019,13.76609752,0.645136257,0.6120213866,0.681145668,11.59209558
dish_1566419546,19.86093592,15.30814656,27.7947666,0.7258974115,0.5733833313,0.9199874401,17.47879783
dish_1551488807,30.32664983,28.79123729,32.46302367,0.9506616667,0.9313929081,0.9611115456,30.16095485
dish_1551381321,25.61381924,21.22951214,29.76451047,0.9336137176,0.9073755741,0.9553505778,24.64902572
dish_1568145100,19.19852501,14.38679663,25.91842962,0.716924866,0.5052075386,0.9120664001,17.16396037
dish_1565207896,19.28670716,13.26447855,26.94764777,0.6803449591,0.5238994956,0.8932854533,16.55187883
dish_1551139367,26.96939182,23.32284264,33.90997122,0.9187869281,0.8948961496,0.9550414085,25.80221649
dish_1563566810,13.35807003,12.40540917,14.53833289,0.5513466994,0.4983694553,0.587960124,13.27048599
dish_1567020091,20.6270167,14.74710928,24.94535199,0.7359383206,0.4830313027,0.897401154,18.46056983
dish_1558461760,25.29786785,22.82650348,27.76923222,0.9058808386,0.8678864241,0.9438752532,24.62966428
dish_1563909982,15.60879213,14.38981678,16.82776747,0.5588862002,0.5411480665,0.5766243339,15.43992156
dish_1551491297,27.78963516,24.40522576,31.10114482,0.9322142005,0.9162971973,0.9487115741,27.38076624
dish_1550710318,28.65179925,25.88905308,30.51121093,0.9342630878,0.9082655907,0.9503209591,28.40647162
dish_1561574623,13.67029735,12.2509863,14.79429866,0.6505386432,0.5342994928,0.7685827613,13.53803702
dish_1551139576,29.3956189,25.96245552,33.75375024,0.940429084,0.9291988015,0.9594810009,28.77840011
dish_1563478751,22.27013228,20.33688549,24.14431656,0.8301156958,0.739675045,0.8861902356,21.9943058
dish_1567612954,22.30311073,13.81732802,31.99484416,0.8524442712,0.7494924068,0.9656179547,19.29732022
dish_1559846528,21.88266644,19.98186002,23.57057439,0.8066971103,0.7461755276,0.8583183289,21.63065577
dish_1568132601,15.24962694,12.52223296,16.6322418,0.5223406777,0.3911207616,0.5885035992,14.90750195
dish_1551303727,25.29174561,19.49514212,31.63031567,0.7746814266,0.485203743,0.9238375425,23.42750342
dish_1551232713,32.99359463,29.55520728,36.1959869,0.9535949379,0.938651979,0.9619553089,32.55969834
dish_1551306860,34.1463248,31.24176104,35.61138126,0.9778460041,0.973695457,0.9816027284,33.85111127
dish_1563305722,20.5186825,14.95414753,27.47172388,0.7833301425,0.658844173,0.9162626863,18.14686313
dish_1551236827,27.18248529,21.86749719,33.03141723,0.9181840196,0.8393188715,0.9596503377,25.62282021
dish_1563207277,21.40658855,20.81086706,22.21525056,0.8011823495,0.743013978,0.8419641256,21.36712767
dish_1551381249,27.59168607,14.59756804,36.92548539,0.9370437786,0.8065847158,0.9853308201,20.23729526
dish_1561577678,25.66650502,23.24851921,28.47002959,0.8904927572,0.8410858512,0.9298160076,25.17144653
dish_1562702132,16.54639903,13.55428905,18.40025363,0.649505496,0.528090179,0.7177371383,15.98544543
dish_1572031254,15.85523485,14.29696935,16.88903125,0.6124812166,0.5300522447,0.685049355,15.70439036
dish_1564169340,16.44083307,12.44036028,22.43326373,0.608834366,0.4177097082,0.8049463034,14.83140045
dish_1563996596,16.28411026,14.77673051,18.15740002,0.7488265236,0.704236269,0.7769408226,16.06879621
dish_1568229399,17.26423352,14.00760983,22.78011165,0.6809550325,0.5390261412,0.9284011722,15.92894036
dish_1563378029,19.72272603,19.14949776,20.2959543,0.8057424426,0.7493566275,0.8621282578,19.68500497
dish_1567789230,23.98219593,11.8806281,30.84286279,0.7991582751,0.5428771973,0.9437789321,16.51866905
dish_1567613019,19.05939254,12.76807262,26.23521884,0.8066781759,0.5928965807,0.9213319421,16.2911186
dish_1568316041,22.5934251,18.20002944,30.6973112,0.7601052721,0.5467720032,0.9491519928,20.15917093
dish_1562873187,7.700020239,7.341620752,8.058419727,0.2212216035,0.2052780688,0.2371651381,7.68524862
dish_1567024187,22.96326497,16.53402309,26.55502903,0.8219198783,0.6439731121,0.9110002518,20.44907999
dish_1563464651,23.56710557,14.56473308,28.61144123,0.8390257508,0.7001034617,0.904379487,19.78993095
dish_1558460205,26.71795068,25.44015037,27.995751,0.8823097944,0.8742449284,0.8903746605,26.53262184
dish_1550785876,34.89901321,32.87408283,36.08272897,0.9685643315,0.9535281658,0.9786686897,34.73408721
dish_1568314951,13.82962409,13.22930327,14.42994492,0.5571554303,0.4856665134,0.6286443472,13.78826469
dish_1551381877,27.28572553,25.27794354,29.80259345,0.9235972961,0.908901155,0.9385929108,27.08231253
dish_1568144855,16.09578853,14.57681203,17.61476502,0.7229180634,0.6363173723,0.8095187545,15.83539753
dish_1551221892,28.13034256,25.2048433,30.03932528,0.9344100282,0.9142448306,0.9595541358,27.73916505
dish_1551563001,31.24020102,26.3052557,35.63302631,0.9747598842,0.9550126791,0.9880244732,29.80552955
dish_1562790259,15.63412267,14.18802996,16.66682256,0.6480100552,0.5937114954,0.7097012401,15.50197807
dish_1551222587,26.83015323,22.11661561,30.31486699,0.924578117,0.88967067,0.9532256126,26.11649743
dish_1551566547,26.86099738,21.32192373,29.78213093,0.9466078083,0.9184651375,0.9590173364,25.80612283
dish_1550790511,26.2025659,22.89746616,28.38676602,0.9073579758,0.8717132211,0.947121799,25.72095631
dish_1551306691,27.65176619,21.53721091,31.50336283,0.8943297341,0.8186821938,0.9306619763,26.65042494
dish_1551565570,30.61440606,25.86179475,34.00732955,0.9617559181,0.9357250333,0.9791529179,29.75740906
dish_1568665935,23.73468383,18.08923083,31.67944866,0.8431380192,0.7390948534,0.9544035792,21.08063078
dish_1550875347,27.12564724,25.13370558,28.75249121,0.9417064041,0.9292078018,0.9536261559,26.99110929
dish_155139288,30.33405618,26.93983566,33.7506851,0.9672884867,0.960540235,0.9734488726,29.71498958
dish_1562689601,46.75966125,6.113906802,7.405415692,0.02807588549,0.01447638217,0.04167538881,6.711828353
dish_1562950057,21.03885966,19.07673671,23.00098261,0.8223174214,0.7456673384,0.8989675045,20.60992637
dish_1562862493,19.13541311,14.92348806,22.34851101,0.8198917309,0.737822473,0.8964270353,17.98571147
dish_1563222800,24.0723716,18.32026459,28.79932588,0.8626737793,0.7305700779,0.9405418634,21.95343927
dish_1560455203,16.46663488,14.63198177,18.30128799,0.6076543331,0.5754026771,0.6399059892,16.09012099
dish_1551232782,28.08497349,24.34996247,30.10759831,0.9127731025,0.8781452775,0.9382216334,27.46672615
dish_1562602888,16.74262325,13.33939594,22.72532132,0.7227056225,0.6211190224,0.9079051018,15.22718963
dish_1560367980,8.64441402,8.46460119,8.824226851,0.3601419926,0.3454298377,0.3748541474,8.640692649
dish_1551233708,31.90370148,29.29442709,33.20034721,0.9676814452,0.9571114779,0.9772253633,31.73823992
dish_1562872746,14.87820498,14.69726094,15.06319838,0.5237876872,0.4945320785,0.5461257696,14.87563612
dish_1563391375,28.34904013,21.61251457,32.16017657,0.9407867193,0.8971376419,0.9628859758,25.60551465
dish_1550708638,28.60529639,26.64522212,31.07663269,0.941498667,0.9121063352,0.9546699524,28.38284798
dish_1550875168,6.644819595,6.286209853,7.617273966,0.02285842773,0.01429174934,0.03544911742,6.625026463
dish_1562790855,13.00175664,10.88418213,17.33107723,0.5408353269,0.3905995488,0.8219850659,12.50577225
dish_1567629081,23.37511179,22.51670773,24.84876326,0.8727623224,0.8569886088,0.8823099136,23.25660691
dish_1550863285,28.73282202,16.77609944,34.10836171,0.9576699361,0.8498946428,0.9823297858,24.22986125
dish_1551390872,22.28008848,20.38899933,24.38369684,0.9007919058,0.8855287433,0.9093604088,22.03171053
dish_1551488691,38.32926606,36.64245934,40.53006794,0.9844714627,0.9757468104,0.9868400097,38.13523551
dish_1566242273,19.06212582,13.68620328,26.28200544,0.6710618436,0.4533328116,0.9170249104,16.70109425
dish_1563827188,16.64690813,14.52343952,18.6039317,0.6882561048,0.58662498,0.7865303159,16.32578666
dish_1563302391,16.30280181,13.61135534,18.99424829,0.6477411389,0.4832039475,0.8122783303,15.51730232
dish_1561392593,18.24782374,16.8294683,19.66617918,0.6225588918,0.5868615508,0.6582562327,18.02021832
dish_1550707110,25.92608807,22.66870982,28.30345692,0.8904460073,0.8346862197,0.9283270836,25.48286184
dish_1566316496,22.09112784,17.16983826,26.19128734,0.7896726578,0.6459024549,0.8983430862,20.64350429
dish_1560802562,21.57542553,20.47276559,22.67808548,0.8774959147,0.8427074552,0.9122843742,21.43692319
dish_1551380856,31.13272924,26.54456369,33.02615855,0.9599829316,0.9438726306,0.9654439688,30.62821956
dish_1550706448,32.65161901,29.09705744,35.43576437,0.9681371152,0.9614638686,0.9750891328,32.1467755
dish_1551122567,27.16491782,24.83413919,28.87276664,0.9412869662,0.910307467,0.9540807605,26.91898603
dish_1558379273,32.47442502,30.98300395,33.96584609,0.9564103484,0.9553794861,0.9574412107,32.22321941
dish_1551565168,31.77975293,24.91241034,33.76095782,0.966061838,0.917966485,0.9782336354,30.59413185
dish_1565382995,18.04005977,16.91968104,19.32641817,0.6630103389,0.5925784707,0.719912529,17.93012569
dish_1562009006,15.49191883,14.5346598,16.35348087,0.5887974699,0.5758134723,0.6020002365,15.42745953
dish_1560453174,14.94640632,14.56148433,15.23344845,0.5179347297,0.4752404392,0.5490063429,14.93710013
dish_1551491326,28.38687806,25.94664131,32.49364794,0.945408769,0.9343069792,0.9638922215,27.97455
dish_1562874282,16.12870338,13.40677591,20.95029702,0.6053783596,0.4945279658,0.7954469919,15.07622877
dish_1563303350,21.12189518,19.70878167,23.08487387,0.8356461326,0.7915143967,0.8993842602,20.90188486
dish_1550876969,28.92489036,25.64301247,32.64726499,0.9535680148,0.9290888906,0.974027276,28.40038173
dish_1551134757,29.43995229,28.3476619,31.43219251,0.946556285,0.929469347,0.9594711661,29.30431493
dish_1563552016,22.42949548,17.22632671,26.18456123,0.850916783,0.7007653713,0.9357441664,20.71575221
dish_1562010266,24.08744819,20.85482152,27.32007485,0.8728542924,0.8256102204,0.9200983644,22.98138437
dish_1563567372,17.39861933,12.79327424,21.37763432,0.681965967,0.483736515,0.8369863033,15.9858802
dish_1563555072,19.59109629,18.9809458,20.09791854,0.8595271111,0.8141251802,0.9012590647,19.56629541
dish_1560874751,16.24023117,13.49611623,18.98434612,0.6205629408,0.5566189885,0.6845068932,15.42549313
dish_1563217939,27.67275503,25.78416897,29.56134109,0.9016891718,0.8771134615,0.9262648821,27.27444191
dish_1563908996,19.12519038,15.22915213,25.65820052,0.6801502903,0.5351875424,0.9084075093,17.35472813
dish_1566501041,17.52662495,12.68718021,26.66419137,0.6373971105,0.5022234321,0.899040997,14.61897726
dish_1565640601,18.17934201,16.99451679,19.36416722,0.7136402428,0.6499324441,0.7773480415,18.01968826
dish_1551227380,26.88420875,24.58006554,30.40081885,0.9062420428,0.8748052716,0.9368323088,26.54916689
dish_1565036922,23.92299248,20.04706248,28.24718192,0.8162603378,0.7098876834,0.9186862111,22.7620715
dish_1551222188,30.49680275,27.59419464,32.66889292,0.9664830044,0.9538012147,0.9749769568,30.17284436
dish_1551224534,28.64889421,26.49126488,30.2214977,0.9359098474,0.9191921949,0.9472976327,28.44272445
dish_1557861605,33.6036984,22.99612919,36.8561965,0.9599539042,0.8750033975,0.9809948802,31.04755025
dish_1560961202,16.94556534,13.62653621,20.26459447,0.7222141027,0.6818493009,0.7625789046,15.78440378
dish_1563218987,20.48227825,15.9785456,27.27717128,0.7219924132,0.6214730144,0.9030987024,18.50968195
dish_1571931623,20.43242805,20.40520829,20.45964781,0.7625233233,0.7573566437,0.7676900029,20.43234275
dish_1551139192,20.11477213,14.41779233,30.59044653,0.8592429459,0.7322360277,0.9604421258,17.48358936
dish_1560368944,24.74267199,23.51299335,25.97235063,0.8846608996,0.8817337751,0.8875880241,24.57086151
dish_1565895808,6.709245295,6.383514813,7.034975777,0.1019836608,0.06036626175,0.1436010599,6.697041477
dish_1566331914,11.67257847,10.6677901,13.25228966,0.4251649777,0.3883650899,0.4808348119,11.53448024
dish_1561663068,17.74434029,14.88540296,19.43365687,0.7019903064,0.612066865,0.8074203134,17.37106235
dish_1551563170,29.13639339,27.25480808,30.99969359,0.9340466602,0.9149050713,0.9477089643,28.94123415
dish_1551233095,37.54604731,23.81860354,46.92887135,0.9818805754,0.9449399114,0.9975451231,31.53372063
dish_1562787983,14.21833328,13.50417682,15.44859397,0.6879856785,0.621189177,0.7378368378,14.13484343
dish_1562700685,18.87692943,17.49047074,19.59137531,0.6839072555,0.6463612318,0.72003901,18.79459395
dish_1550792595,32.4636893,29.46677874,34.35247533,0.9499390498,0.923774004,0.9681535363,32.09301877
dish_1559846504,27.29387184,24.13573851,30.71844876,0.8715358377,0.8236048818,0.9413250685,26.51773124
dish_1562875241,21.46496506,16.83458221,27.74481015,0.80568102,0.6848856807,0.9078381062,20.02920457
dish_1564086658,20.2743923,19.64774288,20.90104172,0.7795679867,0.7540280223,0.8051079512,20.22933826
dish_1551136769,27.45173256,22.7347537,29.86280108,0.9273327986,0.8992349505,0.9514251947,26.85573136
dish_1561578373,16.06578348,14.78209709,17.96233848,0.7175400058,0.6753213406,0.7716272473,15.86544212
dish_1562776465,25.84470927,20.08886029,29.47963869,0.851924638,0.7134690285,0.9450731277,23.79438951
dish_1551141710,33.90804922,30.25928589,37.16821285,0.9703820646,0.9588145018,0.9803122282,33.2839358
dish_1566931519,17.68297061,13.31357391,24.41415933,0.6311327219,0.4328080416,0.8893482089,15.76126142
dish_1568401064,13.24084822,12.72516807,13.75652837,0.6004090309,0.5971608162,0.6036572456,13.21030403
dish_1550769483,27.45989539,22.60032916,31.08831214,0.9271904528,0.8673964739,0.9703853726,26.21235732
dish_1566851115,20.36545586,18.29161098,22.69041577,0.716442883,0.6250206232,0.8595938683,20.00840141
dish_1565107066,26.1565028,23.36647119,28.94653442,0.9333661497,0.9237504601,0.9429818392,25.31591612
dish_1566316612,8.86506202,8.118690789,9.61143325,0.2815622985,0.2176235318,0.3455010653,8.801240208
dish_1551375218,27.26911743,23.55515687,29.26489373,0.9123790041,0.8913514018,0.9357149005,26.77618184
dish_1562872945,21.41026317,18.47272457,25.3037922,0.8186260064,0.760646522,0.9175935388,20.59320075
dish_1565724235,20.29117369,14.87613564,30.71147098,0.7295124729,0.5834255815,0.9507494569,16.77818439
dish_1568314907,21.68771133,19.70243497,23.67298768,0.8255537748,0.8064841628,0.8446233869,21.24892491
dish_1551235946,28.20916951,22.27693946,33.45617461,0.8995521143,0.7790237665,0.9486134052,26.57226076
dish_1562095283,8.500677664,8.174453997,8.826901332,0.3092048839,0.2454087287,0.373001039,8.488436897
dish_1551391505,31.38151406,26.96896631,34.32325368,0.9590396732,0.9341454506,0.9708948135,30.81662099
dish_1568143252,20.2564043,19.9488361,20.5639725,0.8173219264,0.7464165092,0.8882273436,20.24552237
dish_1565798617,15.66827326,13.92442442,17.41212209,0.5716026127,0.4969192147,0.6462860107,15.32718659
dish_1566931217,11.7982955,9.14768278,15.03507827,0.4514353573,0.3269564807,0.5610671639,11.17858597
dish_1561575033,15.42411701,14.06570242,16.69233708,0.652596275,0.6007819176,0.7482585907,15.29092594
dish_1562173411,20.07050591,15.57257691,28.19146211,0.7104668816,0.5547388196,0.9220972657,17.62013445
dish_1566934401,20.38001217,11.96510961,28.83774375,0.7855228583,0.5545851588,0.9460725188,16.06925145
dish_1562613340,18.75087258,18.03768775,19.4640574,0.7227717936,0.7142323256,0.7313112617,18.6925754
dish_1563303386,16.9263433,16.75162503,17.10106157,0.7310513258,0.6768841147,0.7852185369,16.92282976
dish_1561575908,32.84345569,28.0629333,37.62397807,0.9800394475,0.9669646025,0.9931142926,30.61751673
dish_1550792493,12.4647783,10.32210671,17.04786007,0.1371980412,0.06460538507,0.253485769,12.09307614
dish_1551304110,35.23272082,33.06591993,37.45949457,0.9717966782,0.9310141802,0.9836348295,35.04591381
dish_1568143612,18.27450767,13.44759945,25.96916101,0.6238269508,0.4829662144,0.8781980872,15.93256596
dish_1566849233,13.79059944,11.85430282,14.83294486,0.5301124652,0.4004528522,0.6419297457,13.56164463
dish_1562949515,14.78161446,12.39235125,16.43810487,0.681464831,0.5733412504,0.7463114858,14.41913318
dish_1551488137,27.77373782,25.44260796,29.90075742,0.9300588071,0.9132215977,0.9485109448,27.51998427
dish_1565727921,14.2233715,13.85049216,14.59625084,0.5501499474,0.5094201565,0.5908797383,14.20738367
dish_1565035858,18.81661341,12.97033456,29.4140537,0.7243547042,0.555850327,0.9404165149,15.18930578
dish_1562690047,21.61679024,18.09636553,25.13721496,0.7906012535,0.6787799597,0.9024225473,20.3233362
dish_1562008429,25.47354316,21.82979791,31.66242936,0.8927504818,0.8243072629,0.955976069,23.8584488
dish_1561665747,16.88620748,16.32365563,17.44875934,0.6620644927,0.6525232196,0.6716057658,16.84987458
dish_1551396096,24.9494002,18.89474712,27.92470884,0.9061330482,0.8462318182,0.9392340183,23.91622242
dish_1565726887,24.74240761,23.48207575,26.00273947,0.7830338478,0.6550524831,0.9110152125,24.56204278
dish_1565641844,23.52943434,22.95052879,24.1083399,0.9016338885,0.8988480568,0.9044197202,23.49096461
dish_1551139325,27.39349985,18.56184926,32.51783523,0.9189561084,0.8354615569,0.9551042318,24.85676224
dish_1560356337,22.25980793,13.70104605,28.14915644,0.7756358584,0.5278686285,0.9129639864,18.01404304
dish_1561575506,18.60281734,16.44122546,20.3261546,0.7019757628,0.6394043565,0.7611967325,18.29351998
dish_155130725813.0,29.45750983,26.51159233,31.79296249,0.9558836051,0.9169632196,0.9707038999,29.0073113
dish_1561577731,13.30629972,11.2176696,15.39492984,0.5852321188,0.5161350369,0.6764827967,12.74758206
dish_1559590157,16.22962417,16.19352552,16.26572281,0.6696049571,0.6453297138,0.6938802004,16.22947414
dish_1551567170,27.64519563,24.52865828,29.36350528,0.9186085016,0.8980540037,0.9490792155,27.41466692
dish_1551122493,32.31177179,27.5140888,35.05432884,0.9688180221,0.9451956153,0.9784753323,31.3087696
dish_1562774099,18.80667937,15.85180493,20.88085374,0.7620155811,0.6305010915,0.8345063925,18.248615
dish_1562008813,17.97920092,14.26708562,24.33607059,0.6785714825,0.5715913177,0.8897747397,16.29550237
dish_1561580659,18.7969664,15.21845544,22.37547736,0.6782455146,0.5540369749,0.8024540544,17.46438607
dish_1558378553,25.63344431,24.54342981,26.72345881,0.88006109,0.8732712865,0.8868508935,25.49806806
dish_1566851584,17.6605311,16.53756619,19.0536685,0.6097382108,0.5273314714,0.7062690854,17.53940796
dish_1550860361,32.45550954,28.65929736,36.24674641,0.9578943082,0.9367768168,0.9742756486,31.61562981
dish_1566590566,22.4434668,22.06225817,22.82467543,0.8188337684,0.8032478094,0.8344197273,22.42675766
dish_1568404889,20.4259206,15.6711414,28.96284902,0.7475882173,0.6440606713,0.9384636283,17.77953602
dish_1563393244,21.53283324,17.41296337,27.93782184,0.8067257404,0.719771564,0.9438793659,19.76860092
dish_1563998210,26.80144019,19.7444917,36.37890083,0.9127561847,0.8334750533,0.9780292511,23.13724686
dish_1563216440,13.66567625,13.28194608,14.30480176,0.6144930124,0.5530394316,0.6938863397,13.64243
dish_1551225541,27.36628486,25.47045161,29.58008795,0.9161857069,0.9048655033,0.9261181951,27.20637655
dish_1550710342,27.06908373,24.62710236,29.82371401,0.9164979921,0.8869678974,0.9437378049,26.77770529
dish_1563813806,23.29084866,15.53277989,31.27339336,0.8680820862,0.7123392224,0.9756296277,19.50089373
dish_1551124221,30.68822508,27.24532645,33.57137906,0.9650497735,0.9471868277,0.9774289727,30.27245789
dish_1563389199,17.96019144,15.86891663,19.40091871,0.6587607265,0.5741709471,0.7403915524,17.68382225
dish_1561404438,7.62102659,7.244976622,7.863329005,0.1685142517,0.1199082583,0.2335454077,7.612556547
dish_1565036821,25.13805319,22.36524524,27.91086113,0.8799160719,0.8700831532,0.8897489905,24.30720136
dish_1551565996,33.35923192,30.31244918,36.90560499,0.9690323547,0.9505668879,0.9804009199,32.8256079
dish_1550777791,32.87624311,29.81911706,34.58738023,0.9672568366,0.9564104676,0.9769859314,32.48565616
dish_1551381450,30.29245359,27.6192461,33.28850666,0.9653431111,0.9523786902,0.9743193984,29.81820126
dish_1565379868,21.73396238,15.48596071,27.98196404,0.8205540776,0.7144935131,0.9266146421,18.25844582
dish_1551486108,32.91510928,25.8925225,37.36059343,0.9692476913,0.9226580858,0.9827430248,31.3765281
dish_1550791105,33.13794978,29.56137765,36.27045461,0.9650947319,0.9570758939,0.9752982259,32.76964368
dish_1564170542,16.127984,14.92348002,16.74715553,0.6302773555,0.5526266694,0.6704310775,16.0410429
dish_1574711451,22.1116801,22.01864091,22.2047193,0.7960186303,0.7549156547,0.8371216059,22.11068359
dish_1561405912,19.47152548,18.23576055,20.69953152,0.6427152356,0.6202203035,0.6569417715,19.35571643
dish_1551489931,28.0145278,25.03338083,31.7450793,0.9164617658,0.8830404282,0.9503319263,27.50594899
dish_1566414780,13.27881598,10.73578363,15.28627949,0.4793460568,0.4248555303,0.5823762417,12.85195521
dish_1561661479,19.83248113,18.32380075,21.39313215,0.7575127482,0.7132385969,0.8058254123,19.654457
dish_1551304155,26.5148878,18.21826022,30.811228,0.912797259,0.80428195,0.9541395903,24.49649162
dish_1566415591,18.13028683,12.50744436,25.31925766,0.6290136973,0.3664465547,0.875323832,15.67913604
dish_1564086624,19.54734966,17.71757959,21.37711972,0.7725619972,0.6731727719,0.8719512224,19.17278173
dish_1568144954,14.04589051,11.87569502,15.44980416,0.6268790364,0.3813896179,0.7503521442,13.751692
dish_1563305948,18.96105742,15.46883682,25.01032714,0.6792543332,0.578440249,0.8576623201,17.41290086
dish_1561405389,17.79725459,17.77758214,17.81692704,0.7325706482,0.7301570177,0.7349842787,17.79721004
dish_1566316757,13.67308276,11.34667044,14.9535173,0.5891023477,0.5215498805,0.6518149376,13.33988556
dish_1568044528,24.08240157,21.9798773,26.18492584,0.8796384931,0.8288585544,0.9304184318,23.59218048
dish_1551378054,31.37107741,29.33079228,32.5886262,0.9567720294,0.9503974319,0.9634289145,31.2408344
dish_1550775393,25.99326208,24.78750441,27.68268396,0.8752405345,0.8016411662,0.925814569,25.87842076
dish_1551378829,29.98296008,25.47088067,32.06775949,0.9426198857,0.9192152619,0.953430593,29.41676694
dish_1550772505,30.74791468,28.7808049,32.99911646,0.9680408984,0.9593889117,0.978186965,30.50984652
dish_1563304301,20.31601642,14.8815688,27.16245283,0.7588146329,0.5801426172,0.9075385928,18.00954427
dish_1562873495,20.68597558,17.16001392,26.34749362,0.7661746939,0.6842849255,0.9261857271,19.26747053
dish_1551394927,29.03943108,26.77139438,31.72854389,0.9580802396,0.9462791085,0.9650411606,28.77071241
dish_1565640894,20.3850382,15.33404127,29.3563787,0.6626149515,0.4638119638,0.9205274582,17.52752284
dish_1563827454,16.42650356,15.21107082,17.74716062,0.7289226651,0.6852769256,0.8111661077,16.30478882
dish_1550796152,28.88413374,26.09304004,31.94609151,0.9306492938,0.8868234754,0.9504652619,28.43324911
dish_1561576320,14.19392364,9.864429626,18.23696942,0.498784562,0.2844581604,0.7079467177,12.90107783
dish_1565641885,21.40696196,15.66608826,29.45428492,0.8219711383,0.6920368075,0.9317697883,18.69007619
dish_1560367676,23.16643619,21.97894612,24.35392626,0.7822553217,0.7109199166,0.8535907269,23.00607218
dish_1550777827,29.01117397,27.82794648,30.93651364,0.9260696843,0.9119574428,0.9485316873,28.88186906
dish_1557862696,20.92776279,17.90401043,23.14597509,0.876793921,0.714304328,0.9279237986,20.57461947
dish_1565204891,25.714094,15.35232227,34.58023841,0.8082670569,0.5633471012,0.9463058114,19.80078309
dish_1562774180,20.14952774,17.35648215,25.25992893,0.8403626978,0.7635140419,0.9052687883,19.21467623
dish_1551492348,26.45316244,23.36822111,28.4708188,0.9134209827,0.8935483098,0.9295483828,26.07916696
dish_1560976044,21.21554973,14.42541783,30.05916465,0.8068502148,0.6811138391,0.9560722709,17.8506336
dish_1563997327,7.500426023,7.089341448,7.911510597,0.2335491031,0.1657988131,0.3012993932,7.480999253
dish_1561739719,20.33326064,17.61963425,23.04688702,0.7163750529,0.6633180976,0.7694320083,19.535502
dish_1550875229,24.96577408,17.91993862,30.84066229,0.933013171,0.8137547374,0.9798016548,22.66210772
dish_1561060613,13.40283937,11.57298201,16.00762611,0.4879310528,0.3867786825,0.6735180616,13.0308563
dish_1563910171,16.40960086,15.46622671,17.352975,0.6279438138,0.5241964459,0.7316911817,16.30793678
dish_1567022180,14.91916232,13.65376476,16.18455989,0.6420350969,0.5504322648,0.733637929,14.73736462
dish_1558114875,30.04929274,28.84396758,31.25461789,0.9657123089,0.9630517364,0.9683728814,29.8841361
dish_1566331828,6.893249002,6.421497445,7.277496902,0.1322814301,0.07894250751,0.2044408917,6.878620638
dish_1566931116,22.57083275,16.34185605,28.79980945,0.8673114181,0.7771558166,0.9574670196,19.11230517
dish_1551314560,28.42617672,22.52141466,31.27731853,0.9203355759,0.8780959845,0.9394959211,27.38028524
dish_1551381365,31.99638812,27.51866039,35.19235423,0.968684271,0.9539792538,0.9776622653,31.35095304
dish_1562873416,19.03928457,16.4065821,22.10305391,0.6613960663,0.5820910931,0.7247359753,18.45542081
dish_1551563294,28.57202569,21.54037765,35.08835239,0.9131724387,0.8542758226,0.9381399155,25.8323169
dish_1551313782,34.93079755,22.76289469,40.12316677,0.9751196876,0.9453696609,0.9848822951,30.62178567
dish_1550710845,35.0765571,33.39109386,36.86521383,0.9870471358,0.9836805463,0.990052104,34.91622579
dish_1563823359,19.30107896,17.83733914,21.80426744,0.6695130666,0.5695972443,0.7360625267,18.9760538
dish_1560203400,21.41403309,17.23887944,24.45927856,0.8573920528,0.7341734171,0.9195962548,20.29449384
dish_1568060746,14.3509796,13.79304549,14.81886843,0.6004177729,0.5854426622,0.6204403043,14.33013841
dish_1565884766,19.1622738,15.14375919,23.18078841,0.7865522504,0.6443070173,0.9287974834,17.52018605
dish_1562010394,14.21847444,11.90199375,16.53495513,0.5408344716,0.4285703003,0.6530986428,13.62792877
dish_1559844683,16.57634304,15.12901572,18.02367036,0.628775835,0.5999079943,0.6576436758,16.33951148
dish_1565898723,13.73764667,13.70508696,13.77020637,0.5469640791,0.5220733881,0.5718547702,13.73752461
dish_1551227435,32.77124502,29.52197018,35.02847841,0.9478925616,0.9293680191,0.9621598125,32.46118547
dish_1566419635,16.76693852,13.57247878,21.26799912,0.6504705548,0.5735855103,0.720148325,15.74903945
dish_1565383128,15.7775413,15.41356178,16.02624601,0.6230964859,0.5652729273,0.6761422157,15.76948503
dish_1564170923,13.66406269,10.39590276,19.10703511,0.4702836474,0.3543621898,0.7008681297,12.35226359
dish_1550712486,24.9928461,20.8541735,27.6514228,0.9063149426,0.8790286183,0.9332197309,24.22582915
dish_1565209963,32.25964831,30.02382297,34.49547365,0.9525844455,0.942997694,0.9621711969,31.70788579
dish_1562689620,25.40564739,24.00591468,26.8053801,0.9052167237,0.86039114,0.9500423074,25.18388055
dish_1564000459,21.74359032,21.01830155,22.46887909,0.78808254,0.7551025748,0.8210625052,21.68330673
dish_1566246626,14.3565945,14.24575999,14.44236334,0.5887463689,0.5653162003,0.6089279652,14.35581459
dish_1551374440,26.18258409,16.73595131,39.06008688,0.9252189249,0.8050313592,0.9767093658,20.81352822
dish_1551493159,34.23148352,29.31621258,38.59255083,0.9699435011,0.9542262554,0.9829748869,33.4364991
dish_1562963006,20.23787684,15.26909947,28.16606621,0.7756807208,0.6231682897,0.9481211901,17.78484118
dish_1568143362,14.8106166,12.55734968,19.30912914,0.5933268815,0.4417846799,0.7931955457,14.17957747
dish_1550789321,27.83407399,26.55058917,29.09558541,0.907474637,0.8831717968,0.9335803986,27.76497331
dish_1574728191,21.10385122,16.46345612,25.74424632,0.7496804595,0.6582630277,0.8410978913,18.9892969
dish_1560357832,15.42184639,14.41599359,16.42769918,0.6301598251,0.6119664311,0.648353219,15.30639224
dish_1567537212,22.72437243,17.18926671,30.83835437,0.7405031125,0.5570008159,0.9367322922,20.05877373
dish_1550772199,34.301437,31.63184811,38.11368185,0.9622548446,0.9502218366,0.9728811979,33.86833741
dish_1551225948,29.49360178,25.50099052,31.64793709,0.9557353035,0.9399650693,0.9664798379,29.1106298
dish_1551399100,22.09593331,18.39686301,28.00657192,0.8988026083,0.8642911911,0.9457849264,21.5107454
dish_1561575274,17.70393226,16.11303364,18.97845854,0.7243479689,0.624309063,0.8140354156,17.53662375
dish_1550862495,27.12890144,17.81181063,31.87192828,0.9405856952,0.8351690173,0.9774444103,24.24749477
dish_1551236657,36.3912985,31.61408092,38.98659347,0.980778113,0.9762468338,0.9851321578,35.7377834
dish_1566933498,15.5894787,12.5070314,21.72227052,0.5867754892,0.3509375155,0.8526627421,14.51524659
dish_1563378002,26.23173233,21.56097407,30.90249058,0.9306246936,0.8898633122,0.971386075,24.09318483
dish_1563305513,22.33521329,17.01920905,31.10311896,0.7992533644,0.7209579945,0.9313159585,19.51139521
dish_1565107143,20.06355437,18.3212738,21.80583493,0.7137611508,0.6201847196,0.8073375821,19.72306538
dish_1551305257,27.37600748,23.95475441,29.32034209,0.9144207537,0.8877818584,0.9368028045,26.90773034
dish_1565382969,17.23839604,15.4726317,20.53302777,0.6288726429,0.4927821457,0.7157545686,16.70511643
dish_1557863012,33.70231397,32.31845325,36.51071264,0.9755959287,0.9678633213,0.9831268787,33.47831825
dish_1563222775,25.23066528,22.43552376,26.84057026,0.9026215871,0.8580249548,0.9252281785,24.74528159
dish_1551490819,29.27637055,26.00876563,31.99286535,0.926306559,0.8674121499,0.9584190845,28.77428829
dish_1563566965,14.57566113,13.88433173,15.38451671,0.5827281078,0.5028887987,0.6293747425,14.53236914
dish_1560367193,7.712932315,7.337438096,8.088426534,0.2618319988,0.242620796,0.2810432017,7.696719745
dish_1567110811,18.16961533,17.22731432,19.00975013,0.6920907497,0.6687211394,0.7347707152,18.10756176
dish_1565809080,6.525409323,6.140298761,6.875933916,0.07439385913,0.02050280012,0.1392388195,6.514921693
dish_1558031351,26.2286704,25.25720815,27.40074227,0.9496079286,0.9358643293,0.9685502648,26.14064376
dish_1551378018,32.65399118,31.10760199,34.92068484,0.9529925734,0.9310321808,0.9687852263,32.45044288
dish_1560367715,14.6122575,13.63973096,15.53029062,0.7091347774,0.6928270459,0.7228350639,14.54334918
dish_1551224483,26.47843753,18.69311122,29.74166151,0.9082851186,0.8534699678,0.9346151948,24.7119379
dish_1562617492,18.10911192,14.29817315,23.90803655,0.6947994828,0.5667802691,0.8739702702,16.59797909
dish_1562949205,20.68414436,17.84449793,23.52379078,0.8372263908,0.797883749,0.8765690327,19.81525675
dish_1565118067,21.5209436,17.81802525,28.29390328,0.7683253586,0.5906110406,0.9133198261,20.16852213
dish_1563479655,15.1446602,13.08603084,16.71190408,0.5691861212,0.416418761,0.6631838679,14.86909377
dish_1565894910,25.74209381,24.99376919,26.49041842,0.9071221948,0.8812264204,0.9330179691,25.67793913
dish_1565637504,19.24890205,16.54434493,21.95345917,0.8458360732,0.7655801773,0.926091969,18.45616563
dish_1568146905,19.75279131,15.622567,27.9007207,0.7274123033,0.5894518495,0.9380534291,17.31111236
dish_1550791214,27.81665461,24.98514607,32.49524535,0.9267906621,0.9101608992,0.9552186728,27.25116937
dish_1561062237,22.74488548,22.39882443,23.09094653,0.7637856305,0.7332633734,0.7943078876,22.73111236
dish_1551494095,29.94701536,23.30658074,32.74805018,0.956721738,0.9030105472,0.9732015133,28.649493
dish_1558547124,31.35583104,28.88055657,33.8311055,0.9618594944,0.9529752731,0.9707437158,30.68561379
dish_1551379881,27.53696168,20.17589354,31.96703923,0.918038711,0.8603946567,0.9495242834,25.96159245
dish_1550706705,22.12262055,17.66215991,26.25322292,0.8329971433,0.7273920178,0.9134608507,21.18633233
dish_1567711272,27.56658338,20.14556395,33.2459773,0.9336235076,0.8565983772,0.9762105942,24.87617524
dish_1551568156,31.52903865,26.28314908,33.82669801,0.961493887,0.9209246039,0.9733478427,30.74136441
dish_1562613898,22.4100803,20.1097397,24.71042091,0.8412702978,0.8166986108,0.8658419847,21.8273876
dish_1562691032,17.86799737,13.81142646,23.48885463,0.7316752275,0.6375399828,0.8815191388,16.3527406
dish_1551379379,26.5485585,23.31996448,29.00696329,0.8910389096,0.8307874203,0.9288173318,25.99435709
dish_1559841091,19.2326554,17.86112586,20.60418495,0.7415480018,0.7243256569,0.7587703466,19.01959347
dish_1573579470,7.253670057,6.770052024,7.73728809,0.08376597241,0.07467721403,0.09285473078,7.226798358
dish_1551233313,6.283126471,6.242243606,6.323432813,0.03656635364,0.02322828397,0.04685305431,6.283036886
dish_1551224447,30.5094753,26.54359501,32.05483125,0.9581825601,0.9467849731,0.9686415195,30.03748356
dish_1561580406,16.07177971,15.54022004,16.99298283,0.7629309893,0.6873146892,0.8127295971,16.02435397
dish_1563391413,22.09793074,12.94548473,27.67174141,0.8174781998,0.5948457122,0.9424856901,17.35440029
dish_1562945186,26.24995203,24.91518178,27.38390525,0.8759549658,0.8427721858,0.9138895273,26.12886456
dish_1551303770,34.55544835,32.40377519,36.85736965,0.9734696001,0.9711351395,0.9811320901,34.28120263
dish_1560800836,19.23462801,17.94125776,20.52799826,0.6926749051,0.6609038115,0.7244459987,19.04482027
dish_1559934679,20.30663459,15.83736627,24.50366306,0.7932904561,0.7182555795,0.9075763822,18.9307747
dish_1560455343,22.70501775,18.63281617,26.77721932,0.8633180857,0.8001850247,0.9264511466,21.02366991
dish_1551225666,33.00801277,30.61769989,34.46219103,0.9764048308,0.973841548,0.981009841,32.82686551
dish_1561999332,21.57985659,20.5586177,22.60109547,0.7502818704,0.6517648101,0.8487989306,21.46087548
dish_1561580322,20.16104545,18.01034879,22.3117421,0.8243615925,0.7615378499,0.8871853352,19.64895647
dish_1551322755,29.40559167,27.56197415,30.75290852,0.9485371245,0.923920095,0.9600303769,29.2660116
dish_1551374021,31.15062372,23.42082246,36.22179462,0.959886387,0.939799428,0.9746884704,29.39107451
dish_1561753203,28.41061441,24.11473117,31.85737854,0.9206993977,0.846391499,0.9660232067,27.20094317
dish_1551488737,34.44802744,32.39372858,36.29149057,0.9806898385,0.9741752744,0.9856261015,34.22955856
dish_1563909507,20.13426126,16.80000511,25.76297178,0.6895741721,0.4625086486,0.9241805077,18.75167952
dish_1551139415,28.29838745,16.84937858,35.71134179,0.9251166085,0.7831337452,0.9813089967,22.60627051
dish_1560456794,22.6122191,21.78367301,23.44076519,0.8385188282,0.8186201453,0.858417511,22.53365901
dish_1563908923,24.59210375,20.97731992,29.39054264,0.857068042,0.7494020462,0.9322254658,23.4047906
dish_1562963704,16.25799511,14.99334,18.49770025,0.6278247833,0.5422347784,0.7510855198,15.9956344
dish_1562963648,18.69108321,15.3276511,24.46833233,0.6484270493,0.5113111734,0.9017730951,17.25347988
dish_1551374982,26.93572396,23.3510865,28.82821932,0.8908388987,0.7827140689,0.9309813976,26.60528774
dish_1551493123,35.16372602,33.45309601,36.55766476,0.9763724133,0.9661256075,0.9801288247,35.02059279
dish_1565898758,16.98879906,13.46040331,23.758496,0.6605243683,0.5564166903,0.8473662138,15.15794336
dish_1566590987,19.58090248,11.7732172,26.95915438,0.7078052461,0.4404454231,0.9005106091,16.27511686
dish_1551322934,32.87592627,24.60643022,39.07171718,0.9543052571,0.8884612322,0.9749584198,30.10017038
dish_1561748274,21.67417741,19.70940731,23.63894751,0.8141004741,0.7406717539,0.8875291944,21.24412273
dish_1551566083,7.454560716,6.60552995,8.226235767,0.05751361822,0.04720806703,0.06525367498,7.421437694
dish_1559751775,21.74101183,21.54873259,21.93329107,0.7757235467,0.7700912952,0.7813557982,21.73675674
dish_1563206601,20.62435133,17.23086335,24.37939397,0.8549520175,0.7825000286,0.9160022736,19.72235248
dish_1550771562,31.90359735,29.84554569,33.75554246,0.9652781337,0.9566756487,0.9747666717,31.70872528
dish_1563475953,14.86583159,11.63366577,18.09799742,0.6124412715,0.5090192556,0.7158632874,13.76005891
dish_1551317628,25.49470997,19.39409655,30.59165464,0.9226733512,0.8432183266,0.9574323893,23.91904045
dish_1550775273,31.69045648,29.94567108,34.15230972,0.9462339357,0.9159668088,0.9603814483,31.42111032
dish_1563220802,17.15977294,15.48808664,18.02902576,0.6276684006,0.5379197598,0.7205834389,16.99027452
dish_1551134987,33.74976326,28.95016324,37.18370896,0.9716220275,0.9578356743,0.9835663438,32.97856215
dish_1551322804,25.93781799,19.28188627,28.58309124,0.920186922,0.8570617437,0.9485856891,24.77143475
dish_1562617395,24.53426816,22.67596042,25.6233039,0.8020200928,0.6714870334,0.8869137764,24.32251562
dish_1550771707,25.98839695,24.54137993,27.71966146,0.8925291598,0.8696581721,0.9308738708,25.79626097
dish_1560889061,14.16620343,13.04373477,15.28867208,0.54075104,0.5340055823,0.5474964976,14.02273471
dish_1563553756,16.9828836,15.53617956,18.64921752,0.630719324,0.5677041411,0.6714524031,16.80069912
dish_1562788010,19.55329997,14.31632186,25.51551447,0.7433321675,0.6262734532,0.9226665497,17.53500243
dish_1561407208,37.02060657,36.02056128,38.02065185,0.9838743508,0.9822112918,0.9855374098,36.90647025
dish_1563220987,21.86316519,21.14198707,22.69001223,0.7432987889,0.6780747175,0.7934406996,21.81721709
dish_1550861074,27.28781434,17.95311585,32.62682672,0.9263342222,0.8371235132,0.9644758701,23.78923427
dish_1551567541,34.56531409,31.93991891,38.37794455,0.9756994024,0.9724386334,0.9798643589,34.11876697
dish_1566501447,17.33056972,14.18939326,22.45298686,0.6679643293,0.4951061904,0.8465947509,16.1394535
dish_1566847431,26.4898393,22.82594095,29.2836845,0.9169616501,0.8922524452,0.952170372,25.61577691
dish_1550863078,31.65616728,28.95439792,34.67261626,0.9520580769,0.937715888,0.9689798951,31.27887624
dish_1550707504,31.06652691,29.54347304,32.66223485,0.960511499,0.9510852098,0.9693508744,30.9626248
dish_1568061320,11.93739997,11.02991643,13.19368518,0.5364866753,0.4571577609,0.6019220948,11.84455125
dish_1563811490,17.14456361,14.17959865,20.10952856,0.7880125344,0.7219287157,0.8540963531,16.2025124
dish_1551565379,32.66432915,28.01806079,35.61349925,0.9751620591,0.9663642049,0.9798420072,32.04402089
dish_1562611522,17.5768112,16.61990242,18.53371998,0.8470091224,0.8330640197,0.8609542251,17.47223241
dish_1568060646,17.16111291,11.70597471,23.61737112,0.6509916484,0.3773779571,0.8860799074,14.9451803
dish_1567525681,19.91643515,15.86519984,25.79297089,0.750158151,0.645078361,0.9156121612,18.33026544
dish_1551397543,32.7608546,26.60852782,35.83792008,0.9770671328,0.9694396257,0.9837943316,31.63663287
dish_1558031566,25.01276393,19.77327956,31.42355656,0.9020880063,0.8364921808,0.9631763697,22.90009138
dish_1560368464,21.76719705,17.13033683,24.95830742,0.8579788407,0.7728273273,0.9039949179,20.40520504
dish_1550712654,28.42450547,25.17129496,30.92856322,0.9167996777,0.8821529746,0.9406211972,28.06648278
dish_1550772454,32.49881275,29.07698565,34.67639659,0.9555523992,0.9376750588,0.9685422182,32.09032595
dish_1550873044,20.19002812,10.80102456,32.68771649,0.736243248,0.1782463789,0.9479833841,15.51096517
dish_1551565845,20.7357628,15.20901772,32.16402602,0.8696512977,0.6741861105,0.9710946679,19.15779889
dish_1560961012,6.579228774,6.367468903,6.790988646,0.092970144,0.0609338358,0.1250064522,6.574068165
dish_1551225836,24.65690473,12.87031372,31.32261542,0.8757914007,0.6625284553,0.9591744542,18.74471208
dish_1566242234,17.67146742,12.8513382,24.71871815,0.7094844381,0.5571134686,0.8958019614,15.53953874
dish_1566938088,13.04999494,11.13920958,15.76024504,0.5366150339,0.4660910964,0.5947065353,12.64852276
dish_1564083534,16.76703773,15.73081352,17.99932302,0.7700798114,0.6920400858,0.8356538415,16.66883551
dish_1563555543,16.84268517,16.34125821,17.18903592,0.7816832662,0.7490694523,0.8053832054,16.82728562
dish_1561049409,18.42522967,16.92851965,19.9219397,0.7278484404,0.6486153603,0.8070815206,18.17227309
dish_1573665056,7.115831078,7.103249701,7.128412454,0.1318978742,0.1210791469,0.1427166015,7.115812854
dish_1550712805,31.03282089,27.00229553,36.44417207,0.9582897955,0.9428269267,0.9733631015,30.10802469
dish_1551490544,26.40009512,20.42634362,29.52618817,0.9204915762,0.8624748588,0.9366781116,25.30155228
dish_1560444967,15.28767152,15.06282074,15.69939818,0.6782704393,0.6625475883,0.6874596477,15.27804369
dish_1567801468,12.34003483,11.0296888,14.05599151,0.1942476211,0.1226602271,0.3601193428,12.25473504
dish_1562776428,28.55246424,25.23282825,31.87210023,0.8706759512,0.8294137716,0.9119381309,27.3909121
dish_1550773349,33.78744137,30.96850748,37.08681868,0.9718011469,0.9610002041,0.9813477993,33.29086591
dish_1568320383,19.84475153,18.03045957,23.28301637,0.8065940142,0.7313350439,0.8663782477,19.26927018
dish_1562085163,18.85354297,17.22736857,19.99302579,0.817694207,0.7672275305,0.8637368083,18.68684991
dish_1551491452,30.79445016,25.36307166,33.91328161,0.9474076165,0.9227907062,0.9628909826,29.97510961
dish_1550793525,22.11229599,18.72305364,25.6500899,0.8222384155,0.7721658945,0.8689358234,21.44126404
dish_1550797094,27.33903154,17.02281042,34.39429658,0.9097911716,0.7329488397,0.9584052563,23.07196144
dish_1565119493,8.988485244,8.783409526,9.093438074,0.3515378038,0.3189716041,0.4092388749,8.986045159
dish_1561405887,21.95811003,18.84070921,24.21919242,0.8164893587,0.7664399743,0.8704196811,21.33213191
dish_1551233610,27.49866216,23.58439666,29.69038594,0.9305911925,0.8798915744,0.9532948732,27.03065036
dish_1551314589,28.76935758,27.19519875,31.38216272,0.922624535,0.9009752274,0.9381958842,28.52426332
dish_1562011727,21.00971594,18.48829108,23.58138511,0.8124824961,0.7659630179,0.8825856447,20.52808581
dish_1561494001,18.82312261,18.82166576,18.82457946,0.7311631143,0.7046394348,0.7576867938,18.82312237
dish_1550708221,30.39403802,24.69880938,36.16603808,0.9476677246,0.8524022102,0.9845944047,28.92884872
dish_1562960520,20.37626089,15.86865478,24.17069328,0.7141946753,0.5316101313,0.8538879156,19.03099691
dish_1551226013,23.00976548,15.69162382,33.46767917,0.8115742579,0.6800182462,0.9386492968,19.85277672
dish_1558114086,27.97957368,23.89117748,32.06796988,0.9540140629,0.9357380867,0.9722900391,26.28632274
dish_1563568338,19.90877489,18.25735742,21.77305074,0.7778659662,0.7141987085,0.8362230062,19.67779419
dish_1568400967,13.01135754,12.07109855,13.95161653,0.4438927025,0.372047931,0.515737474,12.91035863
dish_1562702469,14.21943657,13.45692149,14.98195164,0.5318675637,0.4419993162,0.6217358112,14.15283817
dish_1566844803,13.66263267,13.02859575,13.98973207,0.563290298,0.4856191874,0.6038091183,13.63895428
dish_1565896662,24.06301756,22.83433487,25.29170024,0.8743933737,0.8240369558,0.9247497916,23.89148167
dish_1562945499,15.44071977,13.77633237,16.458603,0.6421716412,0.5774752498,0.74966079,15.27069217
dish_1561664042,20.25668221,19.50349139,21.00987304,0.7834988534,0.7347432375,0.8322544694,20.1916946
dish_1550774815,26.10816459,21.14835619,33.09061082,0.900386623,0.8475925326,0.953448534,24.36131913
dish_1562702007,26.99836822,19.36695165,34.17066667,0.9330953558,0.8593816757,0.9790293574,23.38888719
dish_1551492252,31.8104356,28.85789235,34.25218078,0.9515061378,0.939448595,0.9620165229,31.5626792
dish_1562874203,15.78595341,14.85665563,17.52088763,0.6425988078,0.5703784823,0.7461923957,15.62525124
dish_1565210009,24.28279962,21.22644069,26.88437364,0.8319209218,0.7976617217,0.8879415393,23.64916085
dish_1550778535,34.89622077,29.91548916,37.1192447,0.9760552868,0.9609290361,0.9830684662,34.25426326
dish_1551492790,28.48952857,26.82381661,30.06214906,0.9366153553,0.914121151,0.957156837,28.3912488
dish_1562181247,18.16498192,13.39406816,25.52189259,0.6967388988,0.4947429299,0.9146150351,15.94873498
dish_1551567992,27.32051336,25.74583799,28.86744515,0.9036442637,0.8836326599,0.9252326488,27.16618535
dish_1566333291,15.13074196,12.92747559,17.59095795,0.614317139,0.533526659,0.7427474856,14.73091694
dish_1551139675,6.520934825,6.327121964,7.208815997,0.04374862579,0.030430438,0.07105311006,6.510821759
dish_1563555563,7.318039341,7.307173664,7.328905017,0.236887686,0.2358728498,0.2379025221,7.318025748
dish_1557862783,26.60392554,22.24438069,28.77582253,0.9134316221,0.8686338067,0.9364792705,26.1099739
dish_1558463113,22.01987024,21.43351657,22.6062239,0.8286047578,0.8250516057,0.8321579099,21.98040725
dish_1558114484,23.04845944,22.26465701,24.00550775,0.8902295232,0.8527261615,0.9089871049,22.98992256
dish_1551391586,26.48876056,22.21963158,29.02573676,0.8997662796,0.8472000957,0.9341329336,26.04391464
dish_1560961261,7.199726423,6.741150932,7.658301914,0.1508997902,0.1167086959,0.1850908846,7.175560578
dish_1550708556,32.03013107,29.46401343,34.65389889,0.9705134034,0.9600036144,0.9774025679,31.64303003
dish_1551491090,27.73580214,24.00806948,31.86958437,0.9316582829,0.8980340362,0.9569734335,27.17212812
dish_1550772701,32.31594192,29.86177151,34.35342649,0.9595647976,0.9364119768,0.968482852,32.05530685
dish_1558116436,35.80543208,33.99993245,37.06151724,0.9816608032,0.9792641997,0.9832347631,35.59976011
dish_1550708945,34.68216356,30.52270563,37.24611653,0.9779926274,0.9671660066,0.984274745,34.2323083
dish_1551390930,29.94308618,25.22860136,32.29349705,0.9611536529,0.9397513866,0.9692004919,29.37682324
dish_1551318377,27.72106979,26.60863248,28.61470052,0.9308338016,0.924151659,0.9469400048,27.66190962
dish_1568132484,22.67217476,21.85134646,23.49300307,0.8810819387,0.867992878,0.8941709995,22.59506285
dish_1562009148,22.58337497,17.94974377,27.21700618,0.7357604504,0.5452101231,0.9263107777,20.47415465
dish_1550707958,26.22713658,24.52304263,27.9954387,0.9061660916,0.8726969361,0.936583221,26.05426599
dish_1573073741,7.697126567,7.100227225,8.294025908,0.1700261235,0.1042100936,0.2358421534,7.656235796
dish_1550791701,30.45923352,25.92737636,32.62863548,0.940489538,0.9213985801,0.9563934803,29.91610641
dish_1550776957,25.74519283,23.13662963,27.41399547,0.8996088579,0.8545446396,0.9200242162,25.51105965
dish_1550776907,27.82918034,24.44711883,29.65500698,0.9334484264,0.9180380106,0.9502317905,27.4889193
dish_1556575273,27.96248498,24.95630124,29.36318522,0.9173119664,0.8973101974,0.941126585,27.76293981
dish_1551236550,26.96687016,15.60744444,30.37239413,0.8598223925,0.6161540151,0.9274908304,23.2424145
dish_1561578775,28.04759189,26.10478,29.99040378,0.9388256371,0.9186204672,0.959030807,27.62679911
dish_1558550218,21.77664102,20.37288105,23.180401,0.8456387222,0.7874259949,0.9038514495,21.55361767
dish_1562774504,20.22712826,18.4074924,23.48172092,0.7347566088,0.6479415298,0.893491745,19.70325299
dish_1567628069,20.16497924,16.55848137,25.25842766,0.7435700297,0.5665005445,0.9371634722,18.90248136
dish_1564170880,23.28625498,18.2477161,30.63867808,0.8053236802,0.6923485994,0.944781661,21.00043762
dish_1560455380,17.28006111,14.35838336,20.20173886,0.6730276942,0.5382532477,0.8078021407,16.36355088
dish_1565711326,18.49578629,15.11073372,25.03952489,0.7607780298,0.6842173338,0.908880353,16.76257462
dish_1550773995,26.17837437,22.41133389,29.75636866,0.9128304571,0.8750508428,0.9489579797,25.37365417
dish_1562690950,21.36522897,19.3373099,22.89298682,0.8403463761,0.8183874488,0.8797809482,21.09885068
dish_1572032356,18.63597963,18.20468951,18.92089739,0.7368311087,0.6601628661,0.7812733054,18.62475207
dish_1563911255,17.38460299,13.48884758,19.45280323,0.6539008915,0.4540863335,0.7976923585,16.438783
dish_1563910106,30.97893359,27.01031235,34.94755483,0.9181741774,0.8583735824,0.9779747725,29.37305257
dish_1550771487,30.89111385,27.98579282,34.64967789,0.9597888365,0.9476549625,0.9771972299,30.37896791
dish_1551136531,27.93754305,22.94088993,31.73145913,0.9555798305,0.9241520166,0.9716486335,26.68019742
dish_1563565508,20.79007729,18.47918665,24.87847151,0.7252932191,0.5961403847,0.9171569943,20.0002738
dish_1566934366,6.25342739,6.169780382,6.404158724,0.02889622251,0.0227780398,0.03382893279,6.252121834
dish_1558461431,31.00828636,29.90439994,32.11217278,0.9611564875,0.9594095945,0.9629033804,30.86947898
dish_1564000536,15.92299615,11.95155082,20.62476092,0.5850053926,0.3945241868,0.7724685669,14.65490914
dish_1550711598,27.64254176,19.51003134,33.05393997,0.9336439967,0.8651738763,0.9663810134,24.66544504
dish_1550770482,26.04238839,15.41729767,29.90725459,0.8858874217,0.8003444076,0.9266324043,22.76146555
dish_1560442303,21.99714199,19.00780374,27.6865693,0.6660001576,0.4936190546,0.8749536276,20.61695345
dish_1551304349,30.4955714,25.77008647,34.36483837,0.9651214927,0.9503027201,0.9783368707,29.85346013
dish_1562614895,21.51394574,15.67909868,27.34879279,0.7905225754,0.6979776025,0.8830675483,18.40335377
dish_1562009098,23.47514714,17.0701921,29.88010218,0.8194564581,0.6659932733,0.9729196429,19.85884408
dish_1563307488,28.48000058,24.85494089,32.10506026,0.906298399,0.8474844098,0.9651123881,27.11576158
dish_1566332154,14.01349799,12.15154572,15.87545025,0.5722055733,0.502609849,0.6418012977,13.62602005
dish_1563555126,20.65572052,15.92892198,27.38362125,0.8362927834,0.7525032759,0.946944654,18.64430043
dish_1568401090,14.05542615,12.46036105,15.65049125,0.6029765904,0.5439206958,0.662032485,13.76886831
dish_1551395022,33.78973206,29.69881242,36.14487203,0.9800503403,0.9699825644,0.9872693419,33.2546321
dish_1550771648,27.22755489,24.77073985,28.98776559,0.898623161,0.8333821893,0.9259479642,26.9626466
dish_1550770447,32.32749167,29.13318421,35.41788229,0.9685670882,0.9527679086,0.9805444479,31.95148891
dish_1563305913,21.14173932,19.98819799,22.29528064,0.7658404708,0.7602650523,0.7714158893,20.99030987
dish_1550862840,28.9653371,18.38342535,38.50608862,0.9728791629,0.9397166371,0.9879103899,24.50871972
dish_1563913588,23.30916203,18.14472968,27.24389037,0.8869442145,0.8148826361,0.9453021288,21.6047399
dish_1563217804,18.5429992,12.8207901,22.40172366,0.721693933,0.5029560924,0.8305594921,16.95713501
dish_1565034330,24.29154628,18.638716,27.79103532,0.7998841405,0.6058434248,0.9035205245,22.31320949
dish_1550706096,32.36702442,31.18626088,35.50987804,0.9660865366,0.9544655681,0.975305438,32.17330019
dish_1551222791,27.36831637,21.88559589,29.93610954,0.9311942756,0.9223242402,0.9396758676,26.60526975
dish_1551375848,34.60652556,32.59038837,37.81172997,0.9730113968,0.9677559137,0.9795822501,34.41159584
dish_1568217417,17.97748252,13.07568872,24.25169736,0.6716235081,0.5444208384,0.8546285629,16.02860628
dish_1563207364,12.05454644,11.69330717,12.41578571,0.5738186538,0.4447747469,0.7028625607,12.03954008
dish_1562876732,18.53006634,13.33318525,21.87187328,0.6827643911,0.4298903346,0.8417215347,16.84258186
dish_1562873224,16.35690086,13.04160211,21.41875083,0.6222553253,0.518425703,0.8370236754,15.38948643
dish_1561579576,23.87799675,23.32180613,24.43418738,0.8908264041,0.8883777261,0.8932750821,23.84247868
dish_1551567604,27.81345985,24.16424029,30.77902674,0.9180194139,0.8918778896,0.9399540424,27.4140393
dish_1563897870,28.86842051,27.53795458,30.19888644,0.9667862058,0.9610265493,0.9725458622,28.66773581
dish_1551397752,32.86500418,30.03651558,35.36370606,0.9719307348,0.9387514591,0.984280467,32.59184298
dish_1551567426,26.64486561,23.29046708,28.80568495,0.9168115184,0.8909367919,0.928825736,26.28295656
dish_1566931650,17.62633231,12.69869318,23.56588648,0.6427523394,0.411693722,0.8900126815,15.74443867
dish_1550791942,24.11457704,21.32016929,27.23098356,0.8862794704,0.8248187304,0.9239224195,23.87078881
dish_1562775456,25.18053702,21.28211764,31.72095268,0.9294142723,0.8990943432,0.9746423364,23.4070993
dish_1563910530,21.48096351,20.21698489,23.62391231,0.8631332914,0.8177269697,0.8873819709,21.23792191
dish_1551317589,31.51308429,27.97741945,39.8394174,0.9640592709,0.949118197,0.9804499149,30.32325144
dish_1565036865,29.09953397,26.2012875,33.93152823,0.9379627705,0.9007889628,0.9587765932,28.02895338
dish_1565811061,13.95714489,13.20163251,14.71265728,0.5529934168,0.4240162969,0.6819705367,13.89175805
dish_1567537185,23.26856892,17.85590825,32.43278779,0.7768931786,0.6282216907,0.9615957737,20.27935645
dish_1551381173,31.42190698,26.96102288,34.54887677,0.9735874906,0.9665096402,0.9790041447,30.46665549
dish_1563913709,16.55644211,14.86585564,18.24298995,0.5874801278,0.5421786904,0.6136494279,16.34019912
dish_1565811335,16.00912132,7.978159546,24.04008309,0.6933994293,0.5271778107,0.859621048,10.88222408
dish_1562788536,17.81450771,15.45104875,20.2087279,0.6887429953,0.6190021634,0.8189707994,17.3919628
dish_1551125357,33.78818222,31.38043345,35.87467013,0.9735238776,0.965498209,0.9860483408,33.53468993
dish_1567714934,19.15438981,11.50121525,26.0367647,0.6746118441,0.3791493475,0.8999374509,15.29430988
dish_1565898361,24.29345264,19.33116484,29.25574044,0.8520293236,0.7583912015,0.9456674457,21.92062679
dish_1566835603,6.188050109,6.160777362,6.215322855,0.03911035135,0.02638225257,0.05183845013,6.187964476
dish_1560975491,20.61387152,17.78604209,23.44170094,0.8230471909,0.7444653511,0.9016290307,19.75175913
dish_1563305883,21.54377854,21.06051359,22.0270435,0.8026857972,0.7902861834,0.8150854111,21.51694599
dish_1559589902,24.95438432,23.80644378,25.67008746,0.8907601237,0.8616403937,0.90788728,24.8742323
dish_1560441339,7.340264767,6.96650253,7.916864272,0.1783174773,0.1343144625,0.2400618196,7.320973114
dish_1550793621,23.23654579,14.44807358,28.04463758,0.8530376777,0.7589458227,0.9167827368,20.98125804
dish_1551374604,31.29822503,26.05465227,35.50990681,0.9692406058,0.9361605048,0.9819651246,30.24241659
dish_1561666794,16.03718697,11.63748961,20.98558798,0.6976849288,0.5865161419,0.8444348574,14.71216393
dish_1568664972,7.131568179,6.812473362,8.636386485,0.1281675659,0.09617551416,0.2299384922,7.084079349
dish_1551375443,29.77951452,23.41047018,33.28749663,0.9382963106,0.8686849475,0.957239747,28.49608592
dish_1562603867,18.37007459,12.78767554,25.90988371,0.6935426792,0.5289739966,0.8897950649,15.84823971
dish_1563395510,15.8545726,15.46218532,16.63276633,0.6056038141,0.5618447065,0.6763004065,15.82081606
dish_1550789814,21.13615117,16.32157991,26.41151158,0.7448383868,0.6401817203,0.827996254,19.974991
dish_1568061145,19.59530512,18.61591273,20.08932805,0.7787090937,0.7135856748,0.8385253549,19.53820657
dish_1550713462,30.08036516,23.51448306,35.20571139,0.965280138,0.925311327,0.9821433425,28.34089203
dish_1574197731,7.234341062,7.101292472,7.367389653,0.08423551917,0.04828736931,0.120183669,7.232303371
dish_1560369294,15.59289016,15.0690473,16.55700861,0.6625486612,0.6250371933,0.7174958587,15.54136042
dish_1551390382,27.31907459,25.79749574,28.95689514,0.9151499271,0.8982200027,0.9358477592,27.18336361
dish_1562603842,16.30290621,14.0517156,18.90606607,0.6472956315,0.479028672,0.8187692761,15.88080994
dish_1550863381,30.06564363,23.67916169,32.55463511,0.9601511094,0.9245991111,0.9760892391,29.03892754
dish_1551318183,32.70369263,28.50093863,35.82633718,0.9679233233,0.9580640197,0.9752445221,32.20210023
dish_1560356314,18.72977397,17.31612367,20.14342427,0.7174071372,0.6992708445,0.7355434299,18.5036505
dish_1550792824,29.09788544,26.75887752,31.07176442,0.9239840284,0.9071981311,0.9413024187,28.88364875
dish_1562963325,17.07083165,14.32065476,20.02226725,0.65739278,0.4988110662,0.8018394709,16.47900943
dish_1551229028,25.07589709,22.25256275,26.81565946,0.9202254415,0.8952089548,0.9336903095,24.85165297
dish_1561737776,7.409462124,7.347948332,7.49446836,0.184512337,0.169567585,0.2045746893,7.409019517
dish_1566847043,19.24736395,14.85749524,24.64370372,0.7328813871,0.5818139911,0.8918569684,17.68666015
dish_1550788398,35.18962657,30.65056994,37.76465887,0.9718116447,0.9593743682,0.9789194465,34.5964008
dish_1558027057,29.97677448,26.97290848,32.98064048,0.9485436678,0.9252647758,0.9718225598,29.01153168
dish_1551314048,23.79072699,21.8212848,25.34169227,0.8924069032,0.8182578683,0.9278951883,23.64041636
dish_1551237180,20.30775526,14.21446677,33.26573225,0.8809734327,0.7808538675,0.9556555748,17.88309099
dish_1551393069,28.11116507,23.35673066,31.10510607,0.9563974068,0.939032793,0.973808825,27.47449504
dish_1551391710,32.87671336,30.13901401,35.05583997,0.9686064571,0.9584401846,0.9766594768,32.50288632
dish_1562170331,16.15325201,10.92320148,23.49144163,0.6744294365,0.5135803223,0.8638084531,13.81167974
dish_1563395480,17.60287582,15.4934881,20.13178093,0.6640991171,0.6000618935,0.7279844284,17.20827522
dish_1566850031,15.0011359,12.9873271,17.3024631,0.7106530865,0.6347677708,0.7511824369,14.65746076
dish_1565727821,20.76336914,15.19158927,26.98803627,0.7298756639,0.5698722601,0.8916917443,18.53792966
dish_1551487288,31.4665107,26.23003065,35.99508561,0.9674039086,0.9105235934,0.9802674651,30.52213556
dish_1561578417,13.566643,11.68073222,15.05625272,0.5993996064,0.5059612393,0.6609202027,13.33243146
dish_1565034234,24.72829041,22.01594971,27.4406311,0.9373863935,0.9073577523,0.9674150348,23.93124453
dish_1562958809,14.19860436,13.60419561,14.7930131,0.5219706893,0.4868639708,0.5570774078,14.15805306
dish_1551566236,36.47547582,35.15504485,38.1563881,0.9844072983,0.9796863198,0.9870057106,36.34777163
dish_1551567896,32.90925083,31.53404021,35.13426686,0.9562340081,0.9417766929,0.9687259793,32.7398773
dish_1572464354,20.46274501,19.61365041,21.31183961,0.9081418812,0.9027432203,0.9135405421,20.3802647
dish_1563381461,29.69911495,24.48872719,33.85114203,0.9498380025,0.9187604785,0.9711114168,27.95040032
dish_1551322988,29.15745546,25.51840095,31.22040902,0.9671536618,0.9511716962,0.97500211,28.80264417
dish_1550874464,6.432143679,6.190361927,6.637509983,0.03546083118,0.02277906053,0.04697870463,6.429208219
dish_1566502033,19.73926877,12.71991791,26.48686673,0.7158989608,0.3741006553,0.8989183903,16.5970397
dish_1563997386,14.45733381,11.26935487,17.50958522,0.6117087205,0.4973561764,0.7415680289,13.72877713
dish_1550709028,28.13517235,26.95810925,29.78576621,0.9132120088,0.8891431093,0.9328272939,28.02979731
dish_1561060477,16.02189506,12.92080956,20.73535463,0.7777891358,0.6814880371,0.8968037963,14.96156437
dish_1551486571,23.47069031,18.72995468,28.77335635,0.9091511294,0.8732353449,0.9389364123,21.87473266
dish_1566328961,17.85303741,13.17400355,24.96687007,0.6903185844,0.5001356602,0.9273657799,15.73725652
dish_1561752035,19.94948322,19.35142857,20.54753787,0.7553504109,0.7266842127,0.7840166092,19.9084345
dish_1551377521,26.57674114,23.82074145,28.96805316,0.9337907583,0.9118530154,0.9542511702,26.22071546
dish_1551314290,6.230259429,6.18226263,6.273865534,0.031101275,0.02485761605,0.040043585,6.230167834
dish_1551568285,27.35873244,25.25761529,29.25893674,0.9177341536,0.9117619991,0.9314563274,27.09829082
dish_1551563773,31.31657795,27.05585699,34.44076496,0.9629037753,0.9144184589,0.9753848314,30.54768442
dish_1550777025,30.21091064,24.23270949,34.55472168,0.9713018164,0.9555910826,0.9827740192,28.70594182
dish_1556575014,24.62419843,19.61983412,27.79486884,0.8843212128,0.843154788,0.901021421,23.56399687
dish_1551317998,37.28920217,33.24231178,39.69615243,0.9828304276,0.980273068,0.9847508073,36.65594194
dish_1562008476,19.74352622,15.95805149,26.76422485,0.6979748607,0.4760029912,0.9370661378,17.79772489
dish_1563550584,22.49979932,15.54005782,32.60841354,0.8613928556,0.7473596334,0.9790557623,18.74133383
dish_1558468547,34.13461363,33.21390509,35.05532217,0.9711798131,0.9687883258,0.9735713005,34.03774049
dish_1562173200,6.471962746,6.373535574,6.570389918,0.1164717078,0.08455890417,0.1483845115,6.47084748
dish_1566414862,6.022701974,6.022674392,6.022729556,0.0004018558247,0.0004000108747,0.0004037007748,6.022701974
dish_1564169932,21.93123838,19.10192019,27.56122323,0.8084656795,0.7169803381,0.9286812544,20.5771038
dish_1562094730,15.86402445,15.03799745,16.69005146,0.5783978701,0.5458977818,0.6108979583,15.7859385
dish_1566413388,19.23352587,12.23200842,25.33336497,0.7385540647,0.3995866477,0.8988394141,17.13099795
dish_1550713065,30.87639478,27.2223159,34.05526833,0.9495157301,0.9272038341,0.9669758081,30.34502414
dish_1561665024,16.64033053,16.09572828,17.18493278,0.5611618757,0.5145801306,0.6077436209,16.60627328
dish_1550708487,29.12507926,18.04228988,32.74154156,0.9517139569,0.8337542415,0.9757913947,25.62450594
dish_1559593746,15.18641149,13.5515686,17.65865945,0.6035762231,0.5782536864,0.6209087372,14.85795051
dish_1563391453,19.8956349,15.65084665,26.38593166,0.7826163173,0.6836761832,0.9297271371,18.07817484
dish_1558468632,21.84297226,18.95778736,24.72815716,0.88525033,0.8550444841,0.9154561758,20.94777445
dish_1550711094,29.41005513,26.5509511,33.09472728,0.9429516494,0.9296514988,0.9631495476,28.82463266
dish_1563910137,23.11227055,22.92157591,23.30296519,0.8651386797,0.8233358264,0.9069415331,23.10808529
dish_1550710612,30.84841295,26.82073388,34.57993396,0.9532194063,0.9252219796,0.9699903727,30.11805429
dish_1561663990,30.12144567,26.72353346,33.51935788,0.9385555983,0.9041267633,0.9729844332,28.90910134
dish_1551319895,32.14768619,30.23099488,34.45110442,0.9702930848,0.9629488587,0.9762023687,31.98561817
dish_1565640365,17.66762607,17.25205758,18.08319456,0.6795302033,0.6508205533,0.7082398534,17.64777384
dish_1563996308,17.67333086,13.64048584,24.41071475,0.7169627945,0.5942604542,0.9195187688,15.81040516
dish_1551564907,29.35544044,27.0645083,30.42214494,0.929523319,0.9143716097,0.9402778745,29.19294848
dish_1550862399,29.27493016,26.45591583,32.92853944,0.9469931854,0.9083890319,0.9657649398,28.88729116
dish_1551307170,35.68283544,26.47777595,39.76715152,0.9702842608,0.9306694865,0.9816712141,33.29612404
dish_1558460061,7.497489672,6.701476404,8.29350294,0.1492461264,0.09789587557,0.2005963773,7.424944338
dish_1563391959,20.86131183,17.59825947,27.3279903,0.7524282932,0.6563140154,0.9295707345,19.16213106
dish_1561663914,17.45446176,13.55523831,21.28945282,0.6089761058,0.3829444647,0.7879872918,16.36755687
dish_1551392316,28.32436538,24.67331163,29.75274929,0.9287991673,0.9034671783,0.9410999417,27.9959039
dish_1563207406,17.79662016,11.3516735,24.24156681,0.7657128274,0.6136994362,0.9177262187,14.14427049
dish_1551566464,6.402770759,6.304997162,6.494321805,0.05727091514,0.04576388747,0.06468267739,6.402478063
dish_1565987054,13.7259979,13.13579939,14.31619641,0.579356581,0.5655344129,0.5931787491,13.68601727
dish_1562871537,15.48223744,14.34933894,16.61513595,0.603015691,0.5829958916,0.6230354905,15.3361198
dish_1558379391,8.613406036,7.361782743,9.865029328,0.1556220204,0.1352855265,0.1759585142,8.435491776
dish_1551390429,33.84264045,30.61423734,36.44879354,0.9702958976,0.9549914598,0.9799408317,33.45405169
dish_1566501382,23.18956251,18.01993694,28.35918808,0.865896076,0.7940813899,0.937710762,20.64607903
dish_1573234760,29.50521244,27.36559155,31.64483333,0.9258361757,0.9050018191,0.9466705322,28.99818883
dish_1568061097,21.13141774,19.06587436,23.5534588,0.8318208456,0.7835729718,0.9144225121,20.76104534
dish_1551393021,31.21505156,27.48800891,32.61881742,0.971171644,0.9526872635,0.9789350629,30.90673759
dish_1550706766,24.21219715,21.41351222,27.53421393,0.8823063523,0.8527897,0.911773622,23.72833013
dish_1551378635,35.83268172,32.95278817,38.89846846,0.9845070541,0.9767994881,0.9878306985,35.56616145
dish_1562613974,15.48962554,14.54217301,16.88595649,0.4844666024,0.4342681468,0.5458292961,15.37854495
dish_1563550614,19.29995505,14.15111999,29.53509297,0.7921977441,0.6922343969,0.9652429819,15.88033315
dish_1566246541,19.71191505,12.55223755,23.64634584,0.7339872718,0.4983976483,0.860691309,16.64438258
dish_1562096401,15.27442419,14.3527836,16.19606479,0.6631444693,0.6084751487,0.7178137898,15.17735627
dish_1550777566,25.80240687,23.36744289,29.22674779,0.9089327753,0.8879278898,0.9369677305,25.27006584
dish_1559845018,19.73609262,18.51017744,20.96200781,0.7677491903,0.7095391154,0.8259592652,19.56531865
dish_1550793673,26.44109437,22.88645768,29.82577096,0.883177148,0.8523151278,0.9211291671,25.90654886
dish_1551137173,31.6304796,29.33519207,34.07869883,0.9462860599,0.9303578138,0.9573109746,31.29339862
dish_1551234017,24.01783045,17.53987231,29.4644809,0.8469026983,0.712633431,0.9381577969,22.25235887
dish_1551392557,33.93290173,30.12230884,35.77177386,0.9732934907,0.96017766,0.9798926711,33.47735024
dish_1551494035,32.04519792,29.92455369,33.6765992,0.9671779051,0.9625734687,0.9735902548,31.87030244
dish_1565034605,21.60682933,20.46923177,22.74442688,0.8966528475,0.8944794536,0.8988262415,21.45951058
dish_1551375480,27.42658041,23.96374185,30.18606724,0.925357528,0.9002366066,0.945627749,26.91255783
dish_1551494147,20.99024942,18.45985842,26.57769762,0.8687879145,0.8107044101,0.9048681259,20.28942266
dish_1559844323,18.44120788,18.4133441,18.46907165,0.7013865709,0.6778668761,0.7249062657,18.44111849
dish_1551567805,26.33518102,23.75652635,28.84513467,0.90766491,0.8889745474,0.9357724786,26.00602393
dish_1551380950,30.56448037,25.19586945,33.80583572,0.969435513,0.9419381618,0.979103148,29.78186264
dish_1551318504,32.53067032,31.38944312,33.84217661,0.970715238,0.9642956853,0.9742658734,32.45989173
dish_1551304197,28.09805414,23.52686925,31.57584755,0.9261830747,0.8995244503,0.9520857334,27.40775989
dish_1562602945,13.78758397,13.66728428,13.90788367,0.5818411708,0.5670894384,0.5965929031,13.78591804
dish_1567024066,24.48337273,22.30976344,26.65698202,0.9214066863,0.9076529741,0.9351603985,23.96073415
dish_1562774346,23.54570602,16.62131901,28.36670549,0.8497480353,0.7048394084,0.9445207119,20.62978571
dish_1550711746,26.8528976,24.45688452,29.16993601,0.9152437515,0.8892737031,0.9468935132,26.60465315
dish_1565972674,17.97280786,10.47531079,26.95331454,0.6785423259,0.3881600797,0.8830250502,14.19874085
dish_1565986733,19.14168652,17.23505379,22.26775403,0.7405750354,0.6415792704,0.8384299874,18.64666249
dish_1563477659,24.8780692,22.62281708,27.13332133,0.8971052468,0.8800401092,0.9141703844,24.31707075
dish_1563824406,14.29251092,11.02183209,16.22473876,0.6902003189,0.4865627587,0.7999923229,13.62399486
dish_1563391681,23.87222464,17.61374878,27.51280144,0.8359858195,0.6823395491,0.9220174551,21.47927982
dish_1551141931,30.89329267,27.02317745,33.24278807,0.9730200469,0.9625084996,0.9795792699,30.35890394
dish_1551142046,27.68325429,25.03345655,29.08665391,0.9204619593,0.900626123,0.9386017919,27.52902914
dish_1562008394,29.74653479,26.31662522,32.43702585,0.9638731082,0.9366368055,0.9832054973,28.97341642
dish_1567542914,22.87665938,21.37109683,24.25880631,0.7793536385,0.6734577417,0.8642266989,22.7150338
dish_1559678367,21.52072287,21.43480888,21.60663686,0.7368601263,0.6764436364,0.7972766161,21.51987313
dish_1550778856,34.95715455,31.76270467,38.73205497,0.9695260078,0.9321268797,0.9847452044,34.4072546
dish_1568141951,17.87131051,13.80921525,26.1917396,0.641555883,0.4835347235,0.8780450821,16.13830326
dish_1565724588,15.91104574,13.30410411,18.03329519,0.6140936216,0.5274730325,0.7413612008,15.45722409
dish_1551490399,36.97795611,33.70616825,38.67016747,0.9807514921,0.9769272804,0.9856598377,36.72599158
dish_1551567329,31.29105451,29.20951133,33.30173146,0.960068312,0.9259467125,0.9750983119,31.0822363
dish_1550771796,35.27235126,30.41456783,38.36805673,0.9839626178,0.9789344668,0.9871711135,34.61537845
dish_1551235270,27.14142507,24.92718699,28.95970772,0.9248360842,0.9022737741,0.9334468842,26.86110152
dish_1559844928,27.16816147,22.83752293,31.49880001,0.9394454956,0.9143542647,0.9645367265,25.29364032
dish_1559849497,17.4112989,16.2718359,18.5507619,0.6695103049,0.5977594852,0.7412611246,17.26350202
dish_1551314360,31.64761279,28.7948968,33.79890283,0.9684252739,0.9625293016,0.9728706479,31.38866118
dish_1551565720,28.81845101,25.64852328,31.83055245,0.9467725158,0.9382246733,0.9591830373,28.30483422
dish_1565987081,19.18100761,15.45819856,25.50648633,0.71073397,0.6025956869,0.900195241,17.50739658
dish_1551124591,33.45849719,30.59211353,36.76419779,0.9757682681,0.969458878,0.9818210006,32.99651546
dish_1568318408,14.16404035,12.50509044,16.98047835,0.5917509198,0.4624809027,0.6565625072,13.75876327
dish_1551490670,29.87833836,18.24958805,33.30044295,0.9358429015,0.7953566909,0.9661235809,25.9704388
dish_1551232936,22.42574104,18.31042574,24.898549,0.8967696801,0.7868624926,0.9383397698,21.90440843
dish_1550792194,34.55984471,31.59008335,36.26261865,0.9814798087,0.973654747,0.9853051305,34.25280397
dish_1565811025,18.53325913,13.28668707,26.11069433,0.6374508341,0.4390889406,0.8915807009,16.11775111
dish_1551235211,14.26341521,9.629966217,19.28325504,0.7328141965,0.4813734591,0.8833260536,13.39463948
dish_1551399449,27.0084199,25.35580022,29.8566009,0.9212098651,0.8969438672,0.9448298812,26.84793316
dish_1565984345,22.57168006,16.44797069,28.69538944,0.8712185919,0.7850782871,0.9573588967,19.20684447
dish_1565721828,21.91397414,14.63288953,29.81176934,0.8302621543,0.6318363547,0.948610425,17.7835014
dish_1551566421,30.29758618,25.81312448,34.57612752,0.9703031778,0.9513397217,0.9804316163,29.35835935
dish_1565382833,26.43299186,23.10738581,32.01538678,0.8651572665,0.7717219591,0.9428657889,25.06729036
dish_1551228971,27.41042037,22.50624333,29.9981553,0.9258940995,0.8864685297,0.9488427043,26.93203025
dish_1572376802,20.28453247,19.57563904,20.99342591,0.7771218717,0.7289142013,0.8253295422,20.22693168
dish_1566330399,26.67023748,18.36628162,31.08273982,0.8670978347,0.6737225056,0.9662395716,22.66934509
dish_1550873668,27.85797765,23.65023228,30.02710317,0.9292963809,0.9061521292,0.9401864409,27.27338219
dish_1560455224,16.9226212,16.41372638,17.43151602,0.6664630473,0.6401034594,0.6928226352,16.89287371
dish_1559838279,22.32399042,20.81191871,23.83606213,0.8532731235,0.8217987418,0.8847475052,22.06591566
dish_1558028007,26.30087733,22.87918675,31.94384605,0.9370793303,0.9139329791,0.9701557755,24.90296263
dish_1551486372,25.71138754,15.32937415,31.79259579,0.8663550913,0.6328116655,0.9582518339,21.13854668
dish_1565884833,13.52876107,10.9801433,14.97561458,0.5630244017,0.4946376085,0.6376332641,13.1268363
dish_1550875400,26.95580434,25.99050129,28.72243951,0.9392654035,0.9243443012,0.9497814178,26.87116674
dish_1556575499,25.02101567,24.20132424,26.14985457,0.897498861,0.8628643751,0.9259128571,24.97409859
dish_1551306339,26.53320343,20.45843085,28.88708471,0.926579799,0.876072228,0.9524568915,25.35255231
dish_1551306647,28.25386412,26.87527026,31.07965617,0.8955071228,0.8799311519,0.9200214148,28.08792376
dish_1562872223,17.38387002,10.28574259,24.57771396,0.5667843446,0.2962888181,0.7157573104,14.57489906
dish_1561578394,18.8593901,15.46920986,22.99662469,0.6901251078,0.5119950771,0.848435998,17.88306841
dish_1551138180,31.89891969,21.97429294,36.15859165,0.9691573779,0.9341206551,0.9796901941,29.29541217
dish_1551233210,24.70374033,20.73324809,27.62385052,0.909389548,0.8652495742,0.9368084073,24.00908387
dish_1551494058,23.66798145,13.98812685,31.08219686,0.8128044568,0.4892390668,0.9454762936,19.34824566
dish_1551228630,30.71051255,26.86576873,32.38305965,0.9634209946,0.9516716003,0.9685885906,30.36543716
dish_1550706945,30.34583615,27.79776387,32.08171012,0.9471656746,0.926382184,0.9606767893,30.11979749
dish_1572029300,18.99611096,16.15974431,21.83247762,0.8259169757,0.7552428246,0.8965911269,18.12910596
dish_1550876416,31.19263113,28.02181126,33.01005859,0.9550839961,0.9393521547,0.9672735333,30.92960253
dish_1551567293,34.36589366,31.9878859,36.05833575,0.9804537296,0.975697875,0.9832591414,34.19395221
dish_1562170356,13.40579335,12.42963505,14.05329965,0.621221145,0.6050719619,0.6346772909,13.34735732
dish_1565721855,18.64141447,13.43604545,27.69325224,0.6792949438,0.5018260479,0.9254697561,15.73035857
dish_1563909919,23.31019338,22.94399986,23.6763869,0.8173141479,0.747510016,0.8871182799,23.29477307
dish_1551564456,26.39885163,21.86191163,30.1715679,0.9247245044,0.886315763,0.9493381977,25.73929022
dish_1562605315,29.59498497,28.29560075,30.89436919,0.965126276,0.9545803666,0.9756721854,29.40343353
dish_1562094931,23.9301232,20.77118247,29.43274555,0.8398808042,0.7614978552,0.9422406554,22.60889779
dish_1565117990,19.55393375,15.42311648,26.34216354,0.7085995475,0.5256739259,0.9053182602,17.65798908
dish_1558116399,32.06633063,30.65842673,33.47423452,0.9399895072,0.9320172071,0.9479618073,31.84201083
dish_1560369273,20.74787447,15.93550724,24.17874279,0.7783333659,0.5968890786,0.8981356025,19.27632455
dish_1551304456,31.21270937,28.91089159,32.8504024,0.9597425535,0.9506614208,0.9659975767,30.94622974
dish_1567613057,15.70141983,11.76548882,23.05504228,0.6362082561,0.5037714243,0.8887414336,13.61009817
dish_1564000490,16.07709804,14.04439354,17.2497445,0.5782251358,0.5039176345,0.6157149076,15.82324146
dish_1562777000,17.23123025,16.25106261,18.21139789,0.7739030719,0.7170786262,0.8307275176,17.12154873
dish_1566247003,17.05332284,13.70653428,23.10410587,0.6285826961,0.4596269727,0.8410230875,15.51701436
dish_1550712839,24.46267986,20.5414344,26.3380791,0.848662056,0.7576823235,0.907270968,24.02923748
dish_1550710758,27.87388912,23.92788913,29.80567394,0.8869868368,0.8191864491,0.9167425036,27.32883476
dish_1568401233,15.66374739,13.06358752,17.14407175,0.6364477972,0.4929651916,0.7165772915,15.24503528
dish_1551488485,29.12909231,24.75416757,32.22749436,0.9461178035,0.9209060669,0.9568397403,28.54795985
dish_1562099102,27.71673377,27.4071818,28.02628574,0.9646718204,0.9623875618,0.966956079,27.70571113
dish_1551377438,30.35165278,28.83548886,31.57799124,0.9659895375,0.9593572021,0.9733808637,30.23497101
dish_1551486277,19.33701607,16.01399198,25.41708443,0.7906527594,0.6748465896,0.9292499423,18.41406688
dish_1566938059,18.33829783,16.99538705,19.78052356,0.6818218629,0.581697762,0.7822084427,18.19181077
dish_1575999037,24.37265671,24.24774965,24.49756377,0.9020337164,0.8925831914,0.9114842415,24.37086074
dish_1561576212,30.12396069,22.28257342,35.58099737,0.9255355448,0.7996054888,0.9750448465,27.16925081
dish_1551318422,27.8932882,26.4390928,30.13975457,0.9321025088,0.9213382602,0.9440683722,27.76811444
dish_1562096907,22.06457189,17.04868532,27.41191157,0.8114962975,0.6854194999,0.9442973733,20.26035405
dish_1563811439,17.27334364,15.03217548,19.51451181,0.8364707828,0.7896079421,0.8833336234,16.71904773
dish_1551392701,25.63943375,24.38874614,26.68718905,0.9209979773,0.9091123343,0.9355629683,25.56192588
dish_1561739649,20.96760717,19.42398985,22.51122448,0.7497560382,0.6534052491,0.8461068273,20.69887098
dish_1565638323,26.89276377,22.93425663,30.8512709,0.8859868646,0.8482322693,0.9237414598,25.29418917
dish_1562008549,16.42039376,13.12795422,23.70723361,0.6276572645,0.4146949649,0.8877694607,14.98796752
dish_1561999706,16.22678911,13.4373919,20.40875482,0.6704152624,0.5340682268,0.8377422094,15.36246694
dish_1551391197,34.75927221,29.55956367,38.00522525,0.9813735154,0.9534714222,0.9906144142,34.03939421
dish_1567714780,17.26535858,12.67218382,26.91554729,0.6666609198,0.5464200377,0.9156975746,15.08218003
dish_1550779058,27.20157593,22.17635077,31.11861971,0.8980017238,0.8254012465,0.9437354207,26.40278296
dish_1563378073,22.41507276,19.41173598,25.40117996,0.8851814469,0.8593927622,0.9230075479,21.75103125
dish_1550778981,32.71536938,30.75653913,34.83444659,0.9673977271,0.96007514,0.9782770276,32.48008385
dish_1563550976,17.88390951,16.43083328,19.46307186,0.7574513356,0.621013999,0.8444296122,17.71082905
dish_1559585533,31.24835611,30.1165196,32.38019262,0.9520576596,0.9463539124,0.9577614069,31.10250926
dish_1550778118,28.50055657,23.76277755,30.56792235,0.9295864925,0.8999944329,0.9499167204,27.83782122
dish_1563551134,21.26660975,14.57560411,29.1461556,0.8569749991,0.7374175191,0.95633322,18.15231793
dish_1551225501,26.25662718,19.3452322,31.17171594,0.8958745226,0.7830256224,0.9385684729,24.58959632
dish_1565809033,16.81518413,14.19604994,19.43431832,0.7664583325,0.6962424517,0.8366742134,16.06910244
dish_1563550922,28.12608674,24.04776499,30.98606634,0.950082322,0.9039074183,0.9761785269,27.06464581
dish_1561577198,13.8364586,12.4915199,14.86483735,0.612874945,0.5618198514,0.6392152905,13.71955485
dish_1566414225,6.135386602,6.07082323,6.230571671,0.01215314423,0.005397741217,0.01931920648,6.134868528
dish_1563996509,17.98309801,13.71341516,22.25278085,0.665751949,0.4925466478,0.8389572501,16.15474594
dish_1551382255,27.44992669,24.69136573,29.18509807,0.9248583987,0.8979520798,0.9372949004,27.1859459
dish_1560973958,16.55292958,14.94770278,18.15815638,0.5838267505,0.5605614185,0.6070920825,16.26278839
dish_1563391922,23.23865928,22.83500726,23.64231129,0.8688825667,0.8413216472,0.8964434862,23.21992764
dish_1551564423,25.86660475,19.72102311,29.35761129,0.9378209859,0.897791028,0.9712529182,24.39484567
dish_1551306452,26.04074848,22.49132579,30.46494086,0.828202188,0.6481645107,0.9111067653,25.27198965
dish_1550781372,27.69430389,22.45657579,30.05400664,0.9062718153,0.8367378712,0.9336731434,26.93971181
dish_1565728562,20.1438448,18.98841168,21.39069822,0.7724021475,0.6986111403,0.8735143542,20.03447512
dish_1562010293,18.94865063,14.83518053,22.87414016,0.6578412553,0.498888582,0.8174514174,17.76378112
dish_1566501126,9.323343577,8.060015424,10.36620208,0.325126792,0.1935596913,0.429974407,9.2165991
dish_1558031394,18.39259278,16.91231991,20.61510519,0.7062442303,0.6661559939,0.7483263016,18.16854069
dish_1558030910,29.82732478,26.14806777,33.50658179,0.9303075373,0.906891644,0.9537234306,28.42589004
dish_1550875968,27.47193517,18.43613901,34.94251011,0.9197993338,0.7959182262,0.9701197743,23.59322184
dish_1568315132,14.10846036,13.51116506,14.70575566,0.6122328341,0.5908579826,0.6336076856,14.06751549
dish_1560366438,16.61460989,16.08226363,17.14695614,0.6919381917,0.6191709638,0.7647054195,16.58206449
dish_1556575558,28.91568628,26.04146154,31.28443737,0.9225076258,0.8799360991,0.940556407,28.66674079
dish_1565809120,17.07805396,14.31101352,20.21989714,0.7231562535,0.5951299071,0.85233742,16.45064005
dish_1551377052,32.80484052,28.23800488,35.00988155,0.9762338102,0.9679740667,0.9813882709,32.14936464
dish_1562700906,28.51522706,27.24989384,29.78056028,0.9640454352,0.9559476376,0.9721432328,28.33344759
dish_1558546558,26.08275341,22.61637411,29.54913271,0.8908911943,0.8464131355,0.9353692532,24.82531937
dish_1566333324,13.60336344,13.3308945,13.99507286,0.5220478574,0.5042321086,0.5417535901,13.59419765
dish_1562790775,19.29592718,15.73022392,22.93709335,0.7365445097,0.5826923847,0.8746349812,18.35847397
dish_1562787956,23.16835998,14.64391435,29.50457609,0.7918832103,0.5112841129,0.9552431107,18.93257555
dish_1562702379,17.72214621,15.2340526,20.21023981,0.7414795458,0.6998066902,0.7831524014,17.04530906
dish_1561753477,18.89915866,17.3905236,20.40779372,0.7314487994,0.7198466063,0.7430509925,18.64223311
dish_1550711488,28.10012752,26.22402034,31.48296364,0.9542831779,0.9320594072,0.9720135331,27.80359489
dish_1550874640,34.40058009,26.71249381,39.15592279,0.9676336795,0.9220047593,0.9858727455,31.63710591
dish_1551563824,32.03330048,29.36035286,34.36384846,0.969861269,0.9557309151,0.9776223898,31.75182074
dish_1551563337,35.48907443,33.83707771,37.34543649,0.9791510627,0.9720394611,0.9841070175,35.33722863
dish_1551233434,29.34931801,26.32246034,32.24169192,0.929065913,0.8524033427,0.953491509,28.90938446
dish_1563913741,14.84506577,14.61746886,15.21191065,0.5921500524,0.5665848255,0.6204171777,14.83727541
dish_1563553780,16.98415332,16.6622894,17.5503822,0.6975446542,0.5703197718,0.7870048881,16.96599409
dish_1568319725,22.64188757,18.01036926,26.6290044,0.8547287981,0.7894297242,0.9379159808,21.21545676
dish_1563898786,14.22859473,13.38102884,14.97082529,0.608007431,0.5599623322,0.6436334848,14.17901645
dish_1550793300,25.20048261,18.08170682,29.74772062,0.9116438106,0.8150711656,0.9507612586,23.60911177
dish_1561999624,23.46921713,16.70804003,29.57683768,0.8909805814,0.8220010996,0.9560986161,20.56958755
dish_1551233938,31.23167883,27.72916136,34.1352162,0.9678778574,0.9624797702,0.9758979678,30.82250133
dish_1562184628,21.76709586,17.21678003,28.02813153,0.735176901,0.507360518,0.9198253751,19.93864752
dish_1551392347,34.61076374,32.36791169,37.81150049,0.9715221822,0.9684610963,0.9762374759,34.28163347
dish_1565797671,19.43010634,16.95461989,23.20497259,0.8204520146,0.7323203683,0.8883653879,18.71579173
dish_1550773917,34.06522264,32.05927759,36.41480899,0.9797198772,0.9759618044,0.9855727553,33.84557717
dish_1550876892,31.10264926,28.21719451,32.59898135,0.9620017335,0.9386998415,0.9718318582,30.80995004
dish_1551139487,34.72870699,32.18379519,36.85495137,0.9648613408,0.9596302509,0.9680498242,34.52328022
dish_1563218031,16.35867054,12.03959105,23.49139644,0.6205204825,0.479149729,0.8588802218,14.30991019
dish_1550713566,25.80585868,23.08314232,29.17604266,0.9129871428,0.8617298603,0.9465458989,25.32952778
dish_1566922978,19.97631998,18.68830345,21.02779739,0.8719897866,0.8275368214,0.8944054246,19.86596697
dish_1559845370,24.27247378,19.75141277,28.7935348,0.9135109484,0.8763862252,0.9506356716,22.25143298
dish_1562184604,30.13329243,30.06168749,30.20489737,0.948571533,0.9384467602,0.9586963058,30.13270216
dish_1563998279,19.28123659,15.86873415,22.14886883,0.7967821757,0.7123725414,0.8699290156,18.49804985
dish_1568666303,15.54438326,14.13904228,17.04486621,0.6491254369,0.602837503,0.7103154659,15.38506184
dish_1566847483,19.17118222,15.00646522,24.96334596,0.696797212,0.5452316403,0.906725049,17.58043429
dish_1562613285,20.68268636,17.73058645,23.63478626,0.8087430298,0.7397320867,0.877753973,19.74825534
dish_1566329234,18.16835056,16.99683799,19.33986313,0.7510936558,0.7073149085,0.7948724031,18.01222225
dish_1550792143,30.53277085,26.51740713,33.34913187,0.9602159517,0.9424369931,0.9767146707,29.81799407
dish_1550790554,26.01740573,22.5064623,27.70371758,0.8973442838,0.8390090466,0.9282196164,25.57677467
dish_1551138237,29.95839824,22.34096032,34.08871777,0.9382124676,0.8625540733,0.9683271646,28.39577139
dish_1566246902,23.47911256,15.96218383,32.54861618,0.8171155651,0.6214988828,0.9600268602,19.67759661
dish_1551389387,37.64746954,34.59527077,39.03315162,0.988549836,0.9862600565,0.9909204841,37.3554549
dish_1566328805,14.20256765,13.60990038,15.2739676,0.5939969023,0.5804441571,0.6131664515,14.13914831
dish_1550777860,28.13567514,25.13887233,30.26314157,0.9104403034,0.8743362427,0.9365897179,27.76860514
dish_1559934708,7.862577668,7.752610134,7.972545202,0.2145083696,0.2125094384,0.2165073007,7.861185575
dish_1563307519,25.22957862,20.54499127,29.91416596,0.8869262338,0.8140383959,0.9598140717,23.08007694
dish_1565033139,16.79323141,14.24321311,20.15831684,0.5393933654,0.3868846297,0.725532949,16.16603441
dish_1562613376,20.00267834,18.21037746,21.79497922,0.7991909981,0.7551156282,0.8432663679,19.64288839
dish_1563813308,15.04798783,12.64950448,17.41234365,0.6622225046,0.5831283331,0.7537943721,14.62151232
dish_1562170207,21.00539985,19.92717402,22.08362568,0.8295218945,0.7798753381,0.8791684508,20.87290674
dish_1550874756,30.5700536,16.7537575,35.27198965,0.9479865697,0.832598567,0.9743039608,25.28920168
dish_1550708327,28.25746921,24.30331988,31.60866766,0.9410328791,0.9263575673,0.9584614635,27.79202869
dish_1558549086,28.47642097,27.54315607,29.40968587,0.9441853464,0.9383244514,0.9500462413,28.3769077
dish_1565382886,17.83148565,16.36975301,19.03216322,0.6793636878,0.6601524949,0.7138145566,17.68870884
dish_1565728591,17.62680243,15.52799315,20.18280944,0.6220611334,0.5067768097,0.6987268329,17.22933622
dish_1565024741,20.99072024,19.57160227,21.95766059,0.7761905193,0.6774182916,0.8343513012,20.86517204
dish_1561739212,19.65427896,14.0366801,25.27187782,0.8500345945,0.7558807135,0.9441884756,16.73190393
dish_1550711129,32.57526272,30.47554691,36.0585372,0.9714684486,0.9600785375,0.9802199006,32.31662922
dish_1563908957,20.57691631,16.06760335,27.78942098,0.7080982129,0.6054834127,0.900303781,18.46581109
dish_1563218959,24.35612544,19.83237543,27.3205285,0.8919221361,0.8059049249,0.952650249,23.06622621
dish_1565024707,16.92299711,13.60883994,20.10929172,0.6706955036,0.4581896663,0.8138180375,16.13592409
dish_1562784242,22.96440724,19.52537933,28.52022196,0.8678838015,0.800188899,0.9394084215,21.59314484
dish_1550708985,28.4380325,26.76637918,30.73902675,0.9378795475,0.917599678,0.9550850391,28.27308317
dish_1563563378,19.57607382,14.29925973,24.85288792,0.766792655,0.5974074602,0.9361778498,16.94314574
dish_1562691613,14.43190483,13.82526079,14.88573384,0.6359194716,0.6066188216,0.6943997741,14.40864133
dish_1551375411,27.92974766,21.28699468,33.05437714,0.9530526027,0.9038998485,0.9756180644,25.82266907
dish_1562617370,12.05224009,11.46479191,12.63968826,0.5430037081,0.4590612054,0.6269462109,12.01263008
dish_1550712369,29.21866225,23.27744477,31.09195093,0.9462187588,0.8984636068,0.9590991735,28.33458409
dish_1562614952,17.99213163,15.54585908,19.53505326,0.6952175697,0.596578896,0.7874207497,17.61839442
dish_1559678146,18.80616477,16.51632579,21.09600375,0.5780947208,0.4924041033,0.6637853384,18.22855701
dish_1562872365,25.63290276,21.75353579,29.51226973,0.8605305552,0.7724384665,0.9486226439,24.09110645
dish_1550780717,33.68707158,32.12865384,34.70066983,0.9688271615,0.9605019689,0.9753937125,33.59050959
dish_1551223114,24.10257119,19.87786252,27.68257632,0.9142060727,0.8963127136,0.9267493486,23.58291137
dish_1565117934,18.8581642,18.65148698,19.16357938,0.7843399247,0.7504329681,0.8080807924,18.85262792
dish_1568047932,23.07410665,20.88356401,25.26464928,0.8388276696,0.7803034186,0.8973519206,22.54361041
dish_1566501594,18.13056994,11.83304164,26.8121355,0.7514234583,0.5940026641,0.9253921509,15.02699117
dish_1562180025,20.93947141,16.72167606,27.54900353,0.7270901402,0.5667393208,0.9248673916,19.08890478
dish_1558031526,26.47493772,21.23891224,28.38606585,0.9375555217,0.8900687099,0.9555130601,25.21408022
dish_1551488415,37.99110117,36.08527919,39.55752859,0.993677415,0.9919638038,0.9945422411,37.87547341
dish_1550790347,36.2433143,31.51747448,40.24968735,0.9770457223,0.9722828865,0.9857506156,35.373878
dish_1563812570,13.3818317,11.88863378,14.28534677,0.6424870491,0.6047176123,0.6680284142,13.24568716
dish_1551134622,16.0326692,13.3097207,20.22066519,0.7409169541,0.5691175461,0.8667247891,15.52234091
dish_1561405008,18.00044486,17.66732418,18.33356554,0.5555964708,0.5245142579,0.5866786838,17.98768154
dish_1566849955,16.5704868,14.86293584,18.27803775,0.7472755015,0.6999851465,0.7945658565,16.24310924
dish_1559844657,19.12446349,18.491084,19.75784297,0.7428584993,0.7415943742,0.7441226244,19.07843994
dish_1550705504,28.97918815,26.10570178,30.1729506,0.9279429466,0.8957529664,0.9481116533,28.79962338
dish_1565035802,27.92349341,26.76003546,29.08695136,0.9402673841,0.9278630614,0.9526717067,27.76947967
dish_1565711453,14.78818247,10.62200295,18.95436199,0.7236382067,0.5639156103,0.8833608031,13.03737737
dish_1551381661,28.37214459,22.54324926,31.51604029,0.9525141343,0.8891151547,0.9657182097,27.38146767
dish_1567789256,16.1211103,15.99651064,16.24570995,0.7131206393,0.6972274184,0.7290138602,16.11932315
dish_1562785184,18.244925,15.40463873,22.28556172,0.6535119216,0.5340749025,0.8282308578,17.40992139
dish_1551399484,26.75360201,24.27352283,28.12172795,0.9161315958,0.8907122016,0.9324867129,26.57249497
dish_1551122614,32.7046909,31.50639856,33.85313574,0.9493304417,0.9233813286,0.9583372474,32.63313661
dish_1550873788,26.0324536,22.67462554,28.052204,0.9213901332,0.8753650784,0.9444232583,25.67519534
dish_1565208637,25.01160475,20.22184753,33.0349547,0.7780118783,0.666236639,0.9346047044,22.55977223
dish_1559678457,17.01679774,14.88379477,19.14980071,0.5213475078,0.4247740209,0.6179209948,16.51279009
dish_1566230377,11.75814553,11.00869643,12.73188773,0.5449707707,0.515090704,0.5800667405,11.69990927
dish_1568145136,18.17386816,14.6092001,22.43875538,0.6816967204,0.482067436,0.8656257391,17.13019906
dish_1550792864,28.66454856,25.38218492,31.56683117,0.9177376851,0.8927356601,0.9417484999,28.25241831
dish_1563378406,19.47810581,18.77873913,20.60646744,0.8357320229,0.8050165772,0.8881949186,19.40668489
dish_1551314121,32.83128695,29.04358602,34.47994705,0.9660939111,0.9536520839,0.9731937051,32.4456991
dish_1551142001,26.12153691,22.4180325,31.80759509,0.8918930814,0.8200007081,0.9530678391,25.30953385
dish_1551124687,26.4154788,24.72798837,27.90331902,0.9027230591,0.8534678817,0.9252008796,26.25185053
dish_1551313924,30.35520877,25.73181432,33.85003771,0.9317755327,0.9100436568,0.9557044506,29.67955989
dish_1551381921,25.68980111,21.03074455,28.66862736,0.9246040508,0.906650424,0.9440022111,25.05825147
dish_1561578603,27.07104612,24.17592739,29.22445717,0.9345422983,0.8993967772,0.9585819244,26.52783246
dish_1561575327,12.41170014,12.11687651,12.70652376,0.5029260665,0.4715551436,0.5342969894,12.40170067
dish_1562959517,21.31658419,19.50173947,23.65101411,0.696924448,0.6118057966,0.766043663,20.99573477
dish_1563378372,22.98427419,17.98516979,27.98337858,0.8576685488,0.7728110552,0.9425260425,20.58138003
dish_1566501067,8.796477761,8.506850108,9.040056841,0.3173540384,0.3067197204,0.3320058286,8.791665597
dish_1551489961,28.5164826,25.44014081,30.65156227,0.9227884784,0.8916450739,0.9454092383,28.22386563
dish_1551236159,28.29115351,25.9893647,30.85530945,0.9223994911,0.8983017206,0.9514523745,28.01967529
dish_1565641915,23.53309266,18.14789756,30.1485395,0.8139563799,0.6811090708,0.9229376316,21.3137025
dish_1551389218,28.94373511,26.91416529,31.0378324,0.9217129946,0.9048632979,0.933331728,28.75580522
dish_1551222558,26.75742299,22.59784527,28.94699222,0.9215729386,0.8965418339,0.9422093034,26.27832402
dish_1550788957,33.41193471,29.93016806,37.20123244,0.9737291932,0.9649733305,0.9836949706,32.91836443
dish_1550779014,28.25018395,24.57999267,31.3844142,0.9105124623,0.8679291606,0.938405931,27.68195656
dish_1550775363,27.84249779,21.60544079,30.91400242,0.9005339071,0.8376414776,0.9236878753,26.79348546
dish_1550772367,29.57439366,27.40995149,31.81462412,0.9383525327,0.9142816663,0.9563668966,29.35125539
dish_1551226308,6.649928595,6.305784083,7.207435202,0.1509216428,0.1069672927,0.2120106965,6.64121721
dish_1551566159,28.3689265,24.15713133,31.21816299,0.9419181272,0.9199695587,0.9579007626,27.90937749
dish_1563909469,19.53004229,17.86903411,21.40534665,0.7248495619,0.5514358878,0.8812417388,19.29641268
dish_1561654326,21.53230497,21.27717687,21.78743308,0.7537012994,0.7170826197,0.7903199792,21.52481548
dish_1567022296,12.8589584,11.25438001,14.46353678,0.6130681187,0.47236678,0.7537694573,12.56904648
dish_1551224647,23.29903146,13.23616798,34.57549132,0.8673780039,0.703572154,0.9790453315,17.58969843
dish_1565898230,16.79235955,11.55742401,22.11083138,0.6333840589,0.4456618726,0.8756497502,14.88778658
dish_1551237016,36.50466698,34.51454483,37.93161043,0.9737116396,0.963873148,0.9804032445,36.3643012
dish_1551303168,6.489623898,6.36488062,6.643381101,0.08477190799,0.06412612647,0.1091799513,6.488291279
dish_1574359160,18.70630215,15.83419867,21.57840563,0.8007837832,0.7320063114,0.869561255,17.81869476
dish_1566329021,18.0272729,11.87457734,25.23858761,0.6281532943,0.3827850521,0.8958401084,15.32466487
dish_1559668272,17.34726369,16.15564838,18.53887899,0.6748548746,0.6266576648,0.7230520844,17.18579719
dish_1551492056,26.85390934,22.69288626,29.44056133,0.9009391069,0.8608711362,0.9252080917,26.2449202
dish_1562011765,18.41645203,17.3485678,19.48433626,0.6689857244,0.6358764172,0.7020950317,18.28646337
dish_1551125258,34.63694543,32.84029422,36.49779005,0.9650187045,0.9450598955,0.9742900729,34.42072875
dish_1563567599,21.30637581,17.71994001,24.89281161,0.8238918185,0.7355431914,0.9122404456,19.96842462
dish_1551565884,26.01482495,20.60821977,31.27506288,0.9019275573,0.7883504629,0.9546672702,24.76350152
dish_1558377105,32.21578087,31.61190909,32.81965266,0.930449307,0.9296292067,0.9312694073,32.1739323
dish_1565035774,19.12684007,16.9301096,21.32357054,0.6365977675,0.4586335719,0.8145619631,18.59345955
dish_1558468401,29.65998851,27.71625409,31.11138171,0.9570401112,0.9369257689,0.9722797871,29.41618541
dish_1551237046,27.62999487,22.45028999,30.56575084,0.8904190138,0.8339713812,0.91883111,26.72534554
dish_1561661377,6.105073192,6.035379517,6.169695725,0.004980231354,0.000401307916,0.01257955376,6.104725345
dish_1551236417,35.91593863,33.82195122,38.00516018,0.9765189886,0.9693331122,0.9825695753,35.75908704
dish_1551134442,34.27617633,31.34404414,36.42322587,0.9581631157,0.9501822591,0.9642927647,34.05096039
dish_1568060414,21.64322668,20.2798824,24.34206993,0.9074464043,0.8860501051,0.9469881058,21.27428844
dish_1557863170,26.6453156,23.81029971,29.99829934,0.8981123343,0.8735300303,0.9243820906,26.22988093
dish_1563294547,14.55631099,13.40455338,16.53504547,0.6443593899,0.5738429427,0.71721977,14.34786
dish_1563395374,29.64778947,25.65555653,36.32169161,0.9220990141,0.8603971601,0.9759422541,27.81345184
dish_1551390594,26.81713018,22.05635328,29.85604231,0.9311318398,0.873757422,0.9514983892,26.15283871
dish_1551492023,34.61292993,30.23896934,38.02636694,0.9824880585,0.9800599813,0.985363543,33.9316058
dish_1551379605,28.89610599,26.92252767,31.85718081,0.9482859373,0.9266741872,0.9625665545,28.59000599
dish_1559678104,19.19967604,18.49130547,19.90804661,0.6104376912,0.576967001,0.6439083815,19.14215982
dish_1551567650,31.2378446,29.7467857,32.60205871,0.9532443583,0.9459304214,0.9635472298,31.11382424
dish_1565894858,34.33639079,33.58725959,35.08552198,0.9724776149,0.9712767005,0.9736785293,34.27209841
dish_1551224787,28.02675808,22.49417972,31.04582831,0.9325977936,0.9028563499,0.9507903457,27.12754744
dish_1562875211,23.60568757,19.8183345,28.43566514,0.8018360933,0.72625947,0.8969901204,22.36493711
dish_1562872396,23.15662382,20.34150539,28.35475504,0.8215031028,0.7376030684,0.9309635758,21.96709394
dish_1566938026,21.13357186,20.63287316,21.72763437,0.7975457311,0.744389534,0.8280057311,21.11034909
dish_1551141892,30.34656191,27.30527323,32.38479068,0.9378587206,0.8701450825,0.95706743,29.94932372
dish_1568144688,17.31264838,13.97954377,23.11669833,0.6249849796,0.4861291647,0.8849087954,15.86843709
dish_1558379588,25.11662851,19.99993862,30.23331841,0.9136531949,0.8579763174,0.9693300724,22.61701737
dish_1551565237,16.77290211,9.964221874,30.32729711,0.4386667358,0.09482743591,0.9460443258,12.9982792
dish_1551314337,18.64167779,15.3811725,21.29730639,0.8606606987,0.8019281626,0.9139959216,18.23473337
dish_1562009934,14.70891156,14.30809303,15.1097301,0.5319870114,0.5103539824,0.5536200404,14.69044161
dish_1560887408,23.07360733,22.72558079,23.42163387,0.8279976249,0.7977049351,0.8582903147,23.05967749
dish_1551377316,31.56779542,28.15802404,34.75766371,0.9642979056,0.9517057538,0.9704318047,31.15302307
dish_1562946006,17.6206508,14.08404341,21.61031642,0.7134270867,0.5757746696,0.8815180063,16.63227238
dish_1562945332,18.29234923,17.6903564,18.66602375,0.7252158523,0.6991660595,0.7450541258,18.27065647
dish_1551488103,31.31099243,24.67178595,34.63676226,0.970566377,0.9532727599,0.9785723686,29.89882696
dish_1563391989,20.73832661,15.1451849,27.57563249,0.746979932,0.5812716484,0.9190208912,18.37974013
dish_1566414611,18.28602526,17.93279082,18.6392597,0.7964602113,0.787769258,0.8051511645,18.27167587
dish_1560527070,32.48485526,31.54912412,33.4205864,0.9726607502,0.9693333507,0.9759881496,32.38481935
dish_1551306491,32.77150602,30.83456682,34.28474445,0.9741784632,0.9686382413,0.9800049663,32.66858486
dish_1563564797,18.7049156,15.45873644,20.75615966,0.757171765,0.612319231,0.8588597178,18.15318712
dish_1565207727,18.40273679,16.55887546,20.2643142,0.7226526737,0.6779150367,0.7709985971,18.14366746
dish_1561749664,29.61934537,24.23469913,32.3551897,0.9489547412,0.9166539907,0.9678266644,27.82847379
dish_1561667430,18.48699527,12.27166341,28.19556963,0.7304827174,0.6023478508,0.9463326931,15.11199162
dish_1551563853,27.07517396,24.36973497,29.4090504,0.930382438,0.9022794962,0.9559525251,26.82394448
dish_1551136396,28.25272924,25.47461963,32.52661272,0.9274095893,0.903213501,0.9402959347,27.90374854
dish_1567020394,15.99533629,13.74970356,18.40272252,0.5574619571,0.3245505095,0.6977855563,15.59521538
dish_1568143527,6.353118867,6.286176006,6.445246576,0.02966510939,0.02063223161,0.03726390004,6.352598216
dish_1563897492,16.22234046,14.85978172,17.4729777,0.663008074,0.5900946856,0.7363301516,16.08992591
dish_1565897680,15.16587249,11.75785081,20.12090104,0.6025659641,0.3473918438,0.8332053423,13.98296599
dish_1550708152,22.72569761,19.41993335,26.15706966,0.8660575002,0.717690289,0.9277262092,22.08583492
dish_1567711356,21.10403743,16.28596488,25.63160349,0.8005860001,0.6519970298,0.8994603753,19.72709637
dish_1566500988,18.43171079,14.66900504,25.20576554,0.6769147217,0.4894358218,0.8844755888,16.58575577
dish_1567526785,18.42864722,18.11188401,18.74541044,0.7686939538,0.7376981974,0.7996897101,18.4171055
dish_1562788032,15.96719735,14.54041729,16.98881485,0.6802209616,0.657320261,0.7067665458,15.83849619
dish_1551564577,30.93586169,28.25712666,33.58046178,0.9666288694,0.9607459903,0.9749194384,30.66539877
dish_1556573514,27.31058069,23.01080405,30.97010457,0.9406174362,0.9269642234,0.9504290819,26.75576079
dish_1562086564,17.28937168,14.75511314,19.82363021,0.737337321,0.6840011477,0.7906734943,16.58846567
dish_1550785599,24.61524436,19.33641901,27.50562073,0.8147816136,0.6002447009,0.8978031278,23.6921928
dish_1571931809,14.51561584,13.50593697,15.52529472,0.6372674108,0.6267908216,0.647744,14.39928947
dish_1559846034,30.53006531,28.9399144,32.12021622,0.9330077767,0.9249789715,0.941036582,30.2452329
dish_1568315088,8.686981771,8.239135989,9.134827554,0.2962172329,0.2546543181,0.3377801478,8.663931584
dish_1558115960,29.18730917,24.74022219,36.48330681,0.9642683466,0.947671175,0.9900544882,27.05862218
dish_1550772551,24.45877715,22.22100027,28.29732108,0.8845831454,0.8571410179,0.9147486091,24.02200888
dish_1568143572,21.63753809,16.44122296,30.06852207,0.7630957166,0.6659379005,0.9138482809,18.95951788
dish_1551492702,30.24633315,25.86392945,33.00424504,0.9567112178,0.944337368,0.9666019082,29.69380878
dish_1551321757,31.24359682,28.28823599,33.68505912,0.9305976406,0.9004760385,0.9601063728,30.82915725
dish_1566850142,16.33927772,14.81016692,18.93111681,0.6592893998,0.5338767171,0.7545847297,15.99185305
dish_1562702091,19.0975213,15.17208668,25.75251889,0.7623128295,0.6698413491,0.917257607,17.27912718
dish_1562615388,17.65847474,12.33892263,23.75004866,0.6398736934,0.4563582838,0.8651434779,15.57744643
dish_1565711527,16.89208848,14.04113609,18.47250946,0.7017162442,0.6455054283,0.770275712,16.38795315
dish_1563382987,23.71673252,19.2697429,30.23881416,0.859014829,0.7962088585,0.9507568479,21.84203059
dish_1566920365,10.75586717,10.2471005,11.62600701,0.5489465992,0.3652326465,0.6408673525,10.7133798
dish_1551566974,26.94032856,25.93384627,28.07592303,0.9309520125,0.9105630517,0.9477371573,26.89480014
dish_1551221801,32.55369232,31.12529652,35.36842899,0.9728227034,0.9614601135,0.9837765098,32.40433846
dish_1550859396,34.69386501,29.97151068,37.73638919,0.9662710561,0.9489158988,0.9809405804,33.95648339
dish_1561060503,22.03463717,20.50338005,23.56589429,0.875380218,0.8405688405,0.9101915956,21.77010252
dish_1561577146,18.11073333,15.79463835,19.30486104,0.814700067,0.7836918235,0.8613853455,17.78121169
dish_1562008780,15.31981045,13.17251531,17.46710558,0.6818694472,0.6593043804,0.704434514,14.80927949
dish_1550861520,28.45559674,22.59082369,35.35057794,0.9426183701,0.902633369,0.9744986892,26.75813419
dish_1550778058,23.44068578,19.15682298,28.46005426,0.866851449,0.7877673507,0.9202384949,22.48333814
dish_1551391733,28.53182972,16.43674395,34.24314776,0.9516206756,0.860255301,0.9806144238,24.10832272
dish_1550876376,30.70117241,19.28840587,35.12955781,0.9602065086,0.8826201558,0.9806554317,25.41432443
dish_1561752996,20.90891089,14.22555037,27.35222699,0.7506373127,0.5599957705,0.9270358086,18.02157172
dish_1566931179,8.082411601,7.650526304,8.360660936,0.2693944077,0.203566879,0.3340964615,8.07122057
dish_1563295044,21.52275275,19.15140858,23.27858218,0.8814499974,0.844817102,0.918272078,21.15955544
dish_1558115241,27.16335715,26.28051039,28.04620391,0.9422616065,0.9360195398,0.9485036731,27.07423459
dish_1565118096,20.45127436,16.15660915,28.99691678,0.7606032292,0.661336422,0.9243400693,17.82729238
dish_1563392128,26.25015191,22.0445562,33.45102981,0.8797388077,0.7609390616,0.9762243032,24.19336112
dish_1562775488,20.73729684,18.25536005,24.50035227,0.8520335356,0.7956796288,0.9245958924,20.02530308
dish_1561666923,16.99963662,16.4949437,17.50432955,0.6670978367,0.5908324122,0.7433632612,16.97037725
dish_1566923030,16.94372535,12.76970739,23.1592464,0.6944473088,0.5171121955,0.802600801,15.93507458
dish_1551139535,33.90342948,30.10089917,35.42826099,0.9689383134,0.9227364659,0.9807633758,33.51144232
dish_1551321715,6.234078487,6.169980513,6.2946671,0.03893387178,0.02803953178,0.05001559108,6.23385504
dish_1563393217,23.16507812,16.18685184,29.50790859,0.8282061219,0.657790482,0.9433698058,20.09523813
dish_1558114209,24.04765331,15.36290535,32.73240127,0.8519024849,0.7190164924,0.9847884774,18.29434009
dish_1562698276,14.26835114,13.24073058,15.2959717,0.6442303658,0.5779698491,0.7104908824,14.14789201
dish_1573851615,18.14365012,16.7527796,19.11165003,0.5594243705,0.4716075361,0.6204206347,18.02243921
dish_1551567141,29.55501185,26.98173407,32.07638765,0.9482056797,0.9247789383,0.9595389366,29.30139932
dish_1567625392,14.21318229,13.22686325,15.78909349,0.5219156245,0.4660912752,0.621596396,14.07631492
dish_1561574600,21.45970942,14.22758068,28.18087817,0.7767169476,0.5223207474,0.9344031811,18.17672591
dish_1565727851,23.25736725,20.31311472,26.20161978,0.8199793994,0.7368418574,0.9031169415,22.3275722
dish_1551390979,34.09590327,31.82310832,36.19016175,0.9663745835,0.9501528144,0.9793272018,33.90283917
dish_1551225155,27.15848546,23.1546386,29.26356427,0.9307507649,0.9008052945,0.9456391931,26.72863057
dish_1562963583,22.58623517,20.83649855,24.33597179,0.8072981834,0.7312550545,0.8833413124,22.2429003
dish_1562703382,26.69345776,24.64882763,27.89918508,0.8672898809,0.784052968,0.9313389063,26.43604678
dish_1561392459,26.11257764,21.34339428,30.881761,0.8236261606,0.7215026021,0.9257497191,23.89571333
dish_1551382060,33.50714725,31.644332,35.81961686,0.9777508453,0.9705966115,0.9849644899,33.29813975
dish_1550796794,29.61970965,23.51994213,32.88399896,0.9525561482,0.9065440893,0.9681107402,28.49431324
dish_1559842409,18.62032958,16.50753126,20.7331279,0.7492776215,0.7374444604,0.7611107826,18.1254802
dish_1560367296,17.07118874,13.69770103,20.44467645,0.634147644,0.536250174,0.732045114,15.87478061
dish_1560360112,16.55998008,15.35054517,17.76941499,0.6828662455,0.6003731489,0.7653593421,16.39370945
dish_1551318716,28.90694899,27.32372991,30.85737756,0.9351546839,0.9236521125,0.9490217566,28.77353873
dish_1562959059,21.63477642,17.82565627,26.05904736,0.7152695457,0.6289724112,0.8824899793,20.47634634
dish_1563395341,33.47442587,30.91068487,36.03816686,0.9702128172,0.9663845897,0.9740410447,32.7579625
dish_1563898019,17.55032729,15.85510626,20.28122553,0.7455624143,0.6844170094,0.7934252024,17.16277978
dish_1551228355,23.59049013,15.64660459,27.89603199,0.9247810692,0.8166052103,0.9642611742,20.77802509
dish_1563564676,22.29862768,20.47843094,24.11882443,0.8317780197,0.8076180816,0.8559379578,21.92786146
dish_1561662926,21.77966797,18.52198025,26.3314113,0.7988120914,0.6977605224,0.9148550034,20.73597786
dish_1565728494,28.12594112,25.66323405,32.00234308,0.9382719596,0.9073678851,0.9598362446,27.38580404
dish_1567106668,23.63180097,19.32116535,27.9424366,0.8878810704,0.8210492134,0.9547129273,21.77247059
dish_1561661552,18.19744433,17.83705793,18.55783073,0.6803310215,0.5610969663,0.7995650768,18.18250866
dish_1551226999,22.28089461,20.51470965,24.45708035,0.8708390072,0.8417636156,0.9008183479,22.09938608
dish_1565109659,20.27209589,14.3730326,30.41309602,0.7814398408,0.6928602457,0.9534834623,16.82018397
dish_1551323487,33.18745561,28.27539141,35.24822451,0.9727515504,0.9560695887,0.9776803851,32.5823839
dish_1551375596,36.12164799,31.93941987,38.48993071,0.9852855272,0.9814543724,0.9883693457,35.72865317
dish_1565640576,20.76366832,15.7618166,30.64564391,0.7230066856,0.5401476622,0.9326346517,17.51223112
dish_1551318543,32.19190895,21.63930899,36.30702494,0.9735304266,0.9131864905,0.9871197939,29.0379242
dish_1550785481,33.10615171,31.36123998,34.98143461,0.9613674879,0.952188313,0.9713831544,32.96609218
dish_1566246478,8.037485365,7.841949646,8.353285244,0.247246936,0.2274053395,0.2668114007,8.031703278
dish_1551222982,30.88365611,25.13505417,33.66552547,0.9528903025,0.8980456591,0.972971499,29.85011843
dish_1562788568,22.20557032,18.13302892,26.09321401,0.8411519527,0.697311759,0.9234037399,21.20901792
dish_1562183201,17.39554706,14.55955021,22.72182205,0.6624532143,0.532907784,0.8492769003,16.15815861
dish_1562011794,19.18407588,15.58112392,25.78300507,0.676404357,0.5566424727,0.9072793722,17.4186582
dish_1550861432,28.62506821,20.65469084,33.30946922,0.9510438219,0.8662073612,0.9751802087,26.01568171
dish_1561739805,10.53305401,9.330052574,11.73605545,0.4683696777,0.4279505312,0.5087888241,10.36852565
dish_1551303822,27.86422905,26.43125,29.58446387,0.9205457494,0.8993963003,0.9395902157,27.75634901
dish_1550860919,27.44334229,19.10143442,30.80612284,0.9141963348,0.8283606172,0.9488278627,25.5324303
dish_1562096933,20.66790825,16.86862841,24.46718808,0.8086405993,0.6998322606,0.9174489379,19.18284774
dish_1559841127,21.79735285,20.77681282,22.81789289,0.806850791,0.7922446132,0.8214569688,21.67853306
dish_1565203015,24.30540795,18.69076606,29.92004983,0.8157142401,0.6875367761,0.9438917041,21.38557578
dish_1551381555,26.50224395,22.08984919,30.60289138,0.9244752899,0.8800822496,0.9484274387,25.37347365
dish_1562704640,19.60842723,15.55559133,28.09161337,0.758302927,0.5966435671,0.8800148964,18.38319122
dish_1560368162,18.88681532,17.03351073,20.74011991,0.8120187819,0.7708281279,0.8532094359,18.50282608
dish_1561654707,14.61052655,14.50940945,14.71164364,0.6945571601,0.6809091568,0.7082051635,14.6093495
dish_1559674074,24.7477986,21.37273936,26.82497058,0.9271767735,0.9007436633,0.9450751543,24.03296846
dish_1565109637,19.23111423,17.8011614,21.049531,0.8168526689,0.6778239608,0.8983072639,19.03108791
dish_1560454513,24.16656306,18.41620522,29.9169209,0.7562178671,0.5841380954,0.9282976389,21.12949086
dish_1560543605,18.0169833,14.78404627,21.24992032,0.6241206825,0.5415130854,0.7067282796,16.9107234
dish_1556575327,25.88578349,22.57427817,28.01387799,0.8902282596,0.829490602,0.9121521115,25.63276335
dish_1550862681,28.88681369,24.13813623,31.31307001,0.9493821934,0.9384372234,0.959142983,28.32926992
dish_1550775472,30.39323829,23.26420066,34.05022856,0.9648714066,0.9419469833,0.9746487141,28.67405482
dish_1562168427,16.83122023,13.29954676,20.36289371,0.7354991436,0.6564839482,0.814514339,15.53022234
dish_1562946106,18.48698319,17.0408974,19.93306898,0.7376093268,0.7216373682,0.7535812855,18.25055056
dish_1565378770,18.78552649,17.86167857,19.7093744,0.7959721684,0.7801394463,0.8118048906,18.68799651
dish_1561492628,20.79421321,18.89119375,22.69723266,0.8229547739,0.7868061066,0.8591034412,20.38997144
dish_1565638287,18.95915202,18.62933883,19.28896521,0.7355936766,0.689294517,0.7818928361,18.94664065
dish_1564086748,13.13372966,10.66622359,15.60123573,0.4932575077,0.3416591585,0.6448558569,12.46751055
dish_1561999355,17.01970554,14.75172273,19.28768835,0.5101673901,0.370094955,0.6502398252,16.45261821
dish_1571932398,15.72741161,15.61650234,15.83832088,0.7671171725,0.7475640774,0.7866702676,15.72599557
dish_1565638515,26.68072246,20.91870048,31.35882108,0.8895206054,0.8069508076,0.9312747717,24.56020063
dish_1562688426,27.37553122,22.60279311,32.14826933,0.9169225693,0.8677785397,0.9660665989,25.15582317
dish_1561481606,14.88299702,14.21616941,15.54224633,0.659130156,0.6236640811,0.690802753,14.8492877
dish_1565034681,25.45716118,22.21524517,27.89118594,0.8188457092,0.7521398067,0.9158269763,24.77436019
dish_1562703408,25.19489964,23.83710175,26.69978398,0.829939425,0.6995155811,0.9055737257,25.04041699
dish_1562700718,22.29856661,20.66315466,23.78055504,0.7861758272,0.7322127223,0.8231203556,22.10954935
dish_1551236621,35.35485391,33.22599113,37.9434037,0.9694871828,0.959931016,0.9788259268,35.03372499
dish_1565204855,27.7381518,22.86491834,35.36861129,0.8998754223,0.8634775281,0.9667061567,25.40763269
dish_1562963033,18.51708333,16.73209211,20.57363187,0.6873438557,0.5963333249,0.7807887793,18.2426912
dish_1562790170,17.6696085,15.11844742,22.40520607,0.7278899352,0.6301925778,0.8991642594,16.65548304
dish_1562699612,25.57566851,25.52090901,25.63042801,0.8834451437,0.8606590033,0.9062312841,25.57532329
dish_1566414412,16.31617859,11.8761954,22.10913837,0.6084519227,0.4736445546,0.805551827,14.64431053
dish_1551224689,32.06144122,27.40245662,34.39896653,0.9644998983,0.9287924767,0.9761719704,31.50864682
dish_1558546434,26.60222571,26.3512277,26.85322373,0.9188331664,0.9039887786,0.9336775541,26.5949766
dish_1562602803,26.22956946,21.7664382,29.02450114,0.8869903088,0.7805637121,0.94597435,24.97906403
dish_1551565495,27.47548309,23.13690988,29.46366398,0.9224691987,0.8878678679,0.944293797,26.96435698
dish_1565810969,15.52594138,12.19608884,16.81672284,0.5982886354,0.4631928205,0.67173177,15.18266656
dish_1561578323,21.50349562,20.6232713,22.38371994,0.8805420995,0.857222259,0.9038619399,21.41489817
dish_1563379132,27.34410528,26.21821051,28.221117,0.9214610457,0.8704072833,0.9444071651,27.28240949
dish_1563216689,19.46490292,16.22614544,25.16261649,0.7434688012,0.6178821325,0.8998277187,18.06729473
dish_1551389551,29.9777163,28.86030046,30.88792127,0.9498003721,0.9416517615,0.9567019343,29.90410556
dish_1562007842,18.8938759,13.71532691,23.56796651,0.6841832623,0.4053870738,0.874151051,16.84085556
dish_1566413321,15.09268173,12.81815052,17.14508819,0.6175323923,0.5518875718,0.7341117859,14.72926407
dish_1565123845,25.77507347,23.43859832,28.73936875,0.9006123145,0.8702651262,0.9460728765,25.26557735
dish_1551565909,20.37197565,13.10212917,30.30806941,0.8036672622,0.685462296,0.9313519001,16.78048581
dish_1563811611,28.47756653,23.01959091,32.75960325,0.9444064299,0.9170763493,0.9744806886,26.57440536
dish_1550874918,35.14503335,29.71648796,38.09175631,0.9807643369,0.9525796175,0.9886882901,34.33694514
dish_1561663541,22.57161881,17.02899634,28.11424127,0.8785140216,0.8078388572,0.9491891861,19.71355635
dish_1564086709,19.00430491,12.78783662,25.2207732,0.6710255593,0.4771986902,0.8648524284,15.55693791
dish_1550791884,26.04186664,22.47284285,28.56954141,0.9056895905,0.8816751242,0.9384160042,25.51196074
dish_1565107092,20.6730168,16.10023502,25.24579858,0.8882190883,0.8310227394,0.9454154372,18.61160168
dish_1566591080,12.96293087,12.91684759,13.01887402,0.6193494201,0.5700665116,0.6648200154,12.96272577
dish_1565808975,20.06194225,14.97119985,25.15268465,0.8532528877,0.7533765435,0.9531292319,17.58376173
dish_1566332116,12.50336284,11.64852257,13.35820312,0.4457159042,0.4026891887,0.4887426198,12.41976963
dish_1563911185,26.20733754,22.73268649,30.88343401,0.8555188775,0.7474780083,0.9511051774,25.08452577
dish_1559846688,17.99581083,15.71199896,20.27962271,0.7206163406,0.626906395,0.8143262863,17.42111265
dish_1559934477,21.9707692,18.27486489,24.27930523,0.8990400235,0.8764489889,0.9123817086,21.11161981
dish_1551377782,30.13230892,18.96639196,34.02796646,0.9399092868,0.7686121464,0.9702979326,26.58319228
dish_1562959732,21.17553049,20.3177516,22.07431803,0.7663070957,0.7018456459,0.8076826334,21.11670577
dish_1568233478,8.105882738,7.676975645,8.360953775,0.226862063,0.2024651319,0.2402194291,8.095005314
dish_1562698239,21.55988378,16.18000277,29.72465778,0.8763778806,0.780972302,0.964374125,18.92527824
dish_1551492975,26.51432566,18.85087805,28.78558886,0.906435959,0.80187428,0.939394474,24.99595732
dish_1551376892,38.62478569,35.23223882,41.03865079,0.9818783626,0.9785929918,0.983389318,38.31092975
dish_1551137348,25.00144865,23.04498259,25.93261897,0.8681184947,0.8236991167,0.8991214037,24.91085306
dish_1565118029,15.8124654,14.37766897,17.24726184,0.6343769431,0.6062164307,0.6625374556,15.57964563
dish_1566502000,26.42278963,19.95533499,32.89024427,0.8617044389,0.7711690068,0.952239871,22.75012209
dish_1563567319,7.311123179,7.167866134,7.487521741,0.126660871,0.1187499091,0.1308799535,7.309106941
dish_1565986761,18.51777718,14.44083642,22.00783408,0.674050495,0.4579621553,0.8598942161,17.42457201
dish_1563475921,18.31877713,15.52833433,21.10921994,0.781679213,0.6624051332,0.9009532928,17.47795747
dish_1558115764,26.98517113,26.56467694,27.40566533,0.9312139153,0.9271718264,0.9352560043,26.96484624
dish_1551306375,25.95362261,24.00904725,28.07034819,0.9203162119,0.8947529793,0.9420458674,25.7826099
dish_1551563213,30.30340253,29.08267269,31.04623132,0.9365966693,0.9226355553,0.9513042569,30.24984161
dish_1566413445,15.66414432,11.44203214,23.4812408,0.653055052,0.531272769,0.8708433509,13.36201942
dish_1562603569,6.652586197,6.625507635,6.679664758,0.07179210335,0.06721331924,0.07637088746,6.652501779
dish_1551233633,29.5544268,27.99073739,32.69799849,0.9571277127,0.9508563876,0.9641324878,29.33422938
dish_1550797753,33.26711086,32.28451517,34.4947385,0.9618179128,0.9548003078,0.9680314064,33.21160666
dish_1566501473,17.60484539,14.17839678,23.84878697,0.6703483363,0.4854815304,0.9129986167,15.98942314
dish_1567022383,11.42482693,11.20946825,11.64018562,0.564590171,0.4729529321,0.6562274098,11.4194895
dish_1551488371,32.68174538,27.5195425,34.54526878,0.967852816,0.9461994767,0.9769890904,31.95147846
dish_1557853154,35.6118235,32.4408228,37.44358392,0.9784692526,0.9729700089,0.9838557243,35.288602
dish_1550861027,23.9719549,18.12618215,28.60638228,0.9320245162,0.9013583064,0.9614759088,22.6862658
dish_1558027243,21.94496739,18.85775344,25.03218134,0.8132980168,0.7805556655,0.8460403681,20.92928606
dish_1550771606,33.47433481,30.02194547,36.58723144,0.9705342203,0.9589155316,0.9793571234,33.03096188
dish_1558115601,30.50402866,28.50185271,32.50620461,0.9588697553,0.9464399815,0.9712995291,30.05798678
dish_1562603626,18.21155549,17.47636101,18.94674998,0.7236640751,0.6940589547,0.7532691956,18.14962184
dish_1560442450,6.1158311,6.020600172,6.211062029,0.01092151072,0.0003998407046,0.02144318074,6.114787085
dish_1566933401,6.456248513,6.274944077,6.637552948,0.08341383561,0.06531383842,0.1015138328,6.452465163
dish_1562010315,16.48322961,13.94055938,19.83334687,0.5992639561,0.4550599754,0.783218801,15.86050199
dish_1560802764,20.85031481,17.30619462,27.50739379,0.7872703671,0.686060071,0.9180854559,19.06501591
dish_1562691538,24.09421029,19.926793,30.12091045,0.954077671,0.9417495131,0.9750881791,23.14548316
dish_1562099076,8.574688261,7.425173798,9.299303014,0.4189776232,0.2496119589,0.5123446584,8.494160344
dish_1562168648,19.81694209,19.79824446,19.83563972,0.710205704,0.656843245,0.7635681629,19.81690184
dish_1561576618,25.22406292,23.09328718,27.35483865,0.8599509895,0.8286126852,0.8912892938,24.72106848
dish_1556575700,25.76128407,21.1700989,30.97551865,0.9363143498,0.8994022012,0.9629305005,24.66423912
dish_1561579617,16.88926299,13.3395963,20.60219357,0.6583354076,0.5729201436,0.8121251464,15.94561133
dish_1563309237,23.960912,23.53664279,24.38518121,0.8763397634,0.8762093782,0.8764701486,23.94022111
dish_1551236495,30.62909923,29.21096009,32.37524428,0.9156791046,0.9016339779,0.927705884,30.52869096
dish_1563393341,23.57732071,18.14561314,27.07832668,0.873164018,0.7789412141,0.9342178106,21.73944011
dish_1551390304,35.35430817,33.19945808,39.44222166,0.9796904325,0.9732401967,0.9857826233,35.0403563
dish_1551236466,18.96487794,13.12366528,26.83135533,0.7303221077,0.5756158233,0.8961228728,16.56963673
dish_1561575661,14.26527379,12.25276611,16.27778147,0.4953699857,0.4654920399,0.5252479315,13.81476983
dish_1561740321,28.77387005,28.3482847,29.19945539,0.9255553782,0.8940646052,0.9570461512,28.75305079
dish_1551567937,33.89080372,30.28790475,36.37979343,0.9822556376,0.9750957489,0.9855107069,33.42227262
dish_1551564084,25.00952724,21.48052691,27.76561468,0.9102818593,0.8865224719,0.9249531031,24.51900747
dish_1565032714,18.27984791,13.43914768,26.51887804,0.6920109789,0.5562791228,0.896692276,15.73895426
dish_1551567573,26.5774721,23.11536882,30.35609232,0.9190749973,0.8996295333,0.9378726482,26.16416416
dish_1551566781,26.86295215,24.27963055,27.79310647,0.9248336554,0.8958070278,0.938544035,26.71611681
dish_1568147044,12.25096526,12.05337785,12.53342387,0.4953423043,0.4793705046,0.5240182877,12.24617197
dish_1563820775,15.59652445,12.85791867,19.13790785,0.706494689,0.6035385728,0.8658465147,14.89713815
dish_1568056217,18.008751,11.67349808,24.47825534,0.7630671263,0.5545197129,0.9304754138,15.33124095
dish_1566591022,16.61457782,14.68827755,19.3012765,0.665678978,0.5443820953,0.7581115961,16.21613561
dish_1562790224,15.60143792,14.53983972,16.70871672,0.6503411531,0.6268395185,0.6966733932,15.5119892
dish_1551391122,25.7543216,23.79533067,28.27376366,0.9208722562,0.8925377131,0.9460660219,25.44438844
dish_1567801748,25.70869684,20.97827233,32.14657783,0.9231108626,0.8987822533,0.9692796469,23.77679774
dish_1551237348,12.74732762,7.674207532,26.66606526,0.5504955761,0.2011725605,0.9315881133,10.61709644
dish_1550713388,29.8003028,26.8239592,32.2784796,0.9606412053,0.924508512,0.9785385132,29.54703916
dish_1562871448,17.59984274,16.4945716,18.84641007,0.6096615593,0.5448647141,0.6425885558,17.4949055
dish_1550796731,32.5668339,27.53632238,37.49576833,0.9830469953,0.9789533615,0.9905183911,31.60553867
dish_1567020417,16.34239413,12.6466143,18.19522274,0.5385264655,0.3086356819,0.669534564,15.49204808
dish_1562945823,16.43101074,12.74365479,22.47211134,0.684405605,0.5080806613,0.8713542223,14.86185956
dish_1563475874,27.40221658,23.36519027,31.43924289,0.9508534968,0.9209596515,0.9807473421,25.74662654
dish_1566851549,26.41676822,21.24062366,31.4884225,0.9213790496,0.8747066855,0.9592392445,24.57889665
dish_1562690886,6.18873934,6.14575764,6.23172104,0.02861034218,0.02416667528,0.03305400908,6.188526651
dish_1551390006,30.39396677,26.23349555,33.25447992,0.9643850923,0.9391461015,0.972851336,29.93273824
dish_1568319838,20.8175435,17.85024767,25.361208,0.7891619205,0.6658049226,0.8995910287,19.82631774
dish_1551492866,30.57907523,28.74366392,32.13248204,0.9708478749,0.9667189121,0.974106431,30.42147455
dish_1566332085,14.3344607,10.25040501,20.73893973,0.6768429279,0.5616419315,0.8798333406,12.57733712
dish_1565986702,25.32858929,21.04578315,31.0538061,0.8376784523,0.7556791306,0.9393996596,23.72247805
dish_1562959190,15.82313388,13.76513492,17.13543047,0.6172554692,0.5770667791,0.6626507044,15.55964904
dish_1551221853,33.18523774,30.76695996,35.33544737,0.9774366841,0.9629169106,0.9845350385,32.91987487
dish_1550772617,26.74455791,23.24137125,29.9377574,0.9090879261,0.8569118381,0.9441914558,26.34376506
dish_1568405466,18.60675845,14.77511979,26.14581792,0.6837701996,0.5100913048,0.937197566,16.43995782
dish_1561661850,13.60930593,11.50134236,16.19656412,0.5305630167,0.389177978,0.6829858422,13.20509693
dish_1562702355,20.40079827,19.69786212,21.10373442,0.7227618694,0.7055137157,0.7400100231,20.34415736
dish_1565725123,19.11823981,14.39415692,23.38477895,0.8201639255,0.6399486065,0.9246751666,17.61370959
dish_1561753075,20.26407943,15.70532491,22.65794401,0.7607472738,0.5648091435,0.8648503423,18.97096745
dish_1561577701,13.38887995,12.1252291,15.82854056,0.6687665383,0.6024723649,0.7477610707,13.0829863
dish_1562010821,18.64047385,14.54012781,22.6207433,0.7832558354,0.6818446517,0.8981647491,17.45314261
dish_1563898880,21.91830588,21.128072,22.70853976,0.7957518697,0.7425519824,0.848951757,21.84680442
dish_1560369313,14.23625757,12.25765659,17.56895437,0.6668235262,0.6034598351,0.7526375651,13.6834929
dish_1568061272,13.3520277,11.31069916,15.84756356,0.5635790626,0.5346375108,0.6205821037,12.97349233
dish_1551565289,27.11225829,23.51089136,31.34060032,0.9152848274,0.8944218755,0.9553271532,26.61886229
dish_1562947409,9.294312572,8.964283837,9.624341306,0.5703409016,0.500915885,0.6397659183,9.281784863
dish_1550796686,29.75614823,19.74146324,35.82258999,0.9592892304,0.8932622671,0.9830163121,25.48059679
dish_1551567731,33.86934233,30.4322076,36.46585358,0.9692378193,0.9519996643,0.9814153314,33.41678337
dish_1562950934,15.40578213,13.56902116,17.71426597,0.6920054952,0.6281408072,0.7823720574,15.08650474
dish_1551136683,34.21868904,31.26684518,36.20813709,0.973341359,0.9625635743,0.9800814986,33.99365099
dish_1561752563,16.04842228,15.28317251,16.81367204,0.660207361,0.5987686515,0.7216460705,15.98134778
dish_1560802853,21.23673564,20.17184951,22.30162177,0.8413621783,0.7614207864,0.9213035703,21.1074687
dish_1560356627,20.98469045,17.64067634,24.32870455,0.6969925761,0.5586329103,0.835352242,19.80740744
dish_1550712681,27.60810159,24.37356654,30.18315521,0.9413535967,0.9287044406,0.9529203773,27.03256548
dish_1561491180,25.56446089,21.90449928,29.22442249,0.8568358421,0.7862224579,0.9274492264,24.1763096
dish_1551487472,25.26513421,21.66813234,27.42833111,0.894239448,0.7945080996,0.9430264831,24.82605495
dish_1565023157,19.40469457,16.76761223,23.80570633,0.7383113901,0.6649451256,0.8524312377,18.49466374
dish_1551221935,30.16548115,24.93141203,32.09662285,0.9494183328,0.9362714887,0.9579610229,29.56371818
dish_1563479526,21.51357438,21.47235341,21.55479536,0.7624919116,0.7342547178,0.7907291055,21.51337876
dish_1551391302,33.78676495,30.14492167,35.90809401,0.9801527038,0.9757867455,0.9825795889,33.45017669
dish_1551487158,18.93897053,14.99307336,30.37313206,0.5753966011,0.4561842978,0.8925825357,17.20441538
dish_1568305225,23.92096483,20.61038754,27.23154211,0.8309439123,0.7489493489,0.9129384756,22.76523775
dish_1551137431,31.54166099,29.54486052,33.7178261,0.9581925198,0.9253480434,0.9692437649,31.34775814
dish_1562774475,27.99123338,23.52979216,34.36083764,0.9326656461,0.9088962674,0.9675014615,26.15768355
dish_1568404850,19.67025268,14.83201843,24.50848693,0.7866077423,0.6745369434,0.8986785412,17.39796318
dish_1562959103,21.70136741,18.90544737,27.95416212,0.7373278141,0.5357532501,0.9124603868,20.63036365
dish_1550797833,29.73810483,27.54713925,32.28127384,0.9325023592,0.8968718648,0.9525174499,29.44311947
dish_1562788794,16.84076781,16.79658802,16.88494759,0.7537665963,0.7513922453,0.7561409473,16.84054309
dish_1563984242,15.20819203,12.52144791,16.59745305,0.6765676538,0.5556074977,0.7510308027,14.76229576
dish_1565035746,20.94689121,19.82847591,22.06530652,0.8692301214,0.8686227798,0.8698374629,20.80444563
dish_1551563400,27.03515217,23.38053215,29.37705417,0.9216429368,0.8812838197,0.9485446215,26.47066704
dish_1551228551,35.26161941,29.19962821,39.64064635,0.9654630348,0.9174374342,0.9831112027,33.61241648
dish_1568217325,19.63221726,18.38198971,20.88244481,0.6684912145,0.6051573157,0.7318251133,19.45469426
dish_1562963084,16.67514754,13.52661606,21.95844149,0.6412615975,0.5190685987,0.8775120378,15.43034008
dish_1551226840,31.26877827,28.18076742,33.60877456,0.9529142305,0.9428027868,0.9595347643,30.88765444
dish_1565984299,19.11585651,16.45140744,21.78030558,0.8488350213,0.7922998667,0.9053701758,18.34517237
dish_1550777646,22.72049846,20.82674356,24.75130431,0.887673758,0.8499166965,0.9161582589,22.53398783
dish_1551565425,32.65801527,30.22048987,35.53998804,0.9567940012,0.9415277243,0.9699335098,32.38140436
dish_1568060697,18.87092457,13.17044438,27.02379195,0.709072272,0.5913549066,0.9159728885,16.13885786
dish_1567110848,20.34962992,15.76376232,24.93549751,0.787576735,0.6741147637,0.9010387063,18.27796178
dish_1551376575,26.77503294,23.29814021,28.70506604,0.9014925361,0.836014986,0.934317708,26.31194051
dish_1573159903,14.57645135,13.17836607,16.3732407,0.6462020675,0.6164365411,0.6774213314,14.3823679
dish_1551393113,31.72129354,28.39487354,33.37718659,0.9629166052,0.953324616,0.9691492319,31.3732038
dish_1565117463,20.74549113,16.18838116,25.01423124,0.7874903878,0.6919108629,0.8856078386,19.31985968
dish_1561579824,29.54170452,26.6961009,32.38730813,0.9518022835,0.9415525794,0.9620519876,28.66939321
dish_1562612974,19.10640885,16.0829644,24.26850028,0.7259847919,0.5777410865,0.91803056,17.9149371
dish_1551221581,30.35687627,25.13991176,35.53653683,0.9613328576,0.9491045475,0.9774278402,29.46482184
dish_1560539340,22.35175187,16.86962763,27.83387611,0.7590209246,0.626842618,0.8911992311,19.54533047
dish_1562872150,35.95258268,32.70441951,39.20074586,0.9711286426,0.9564357996,0.9858214855,34.83668685
dish_1561574974,21.53379408,20.89459848,22.17298968,0.8429302871,0.8086243272,0.8772362471,21.48692446
dish_1550711385,26.97478431,23.52954692,28.87965609,0.9044769804,0.8581496477,0.922293365,26.61578171
dish_1561746912,20.87812085,18.56002127,23.19622044,0.7739236355,0.7624708414,0.7853764296,20.28678499
dish_1551565068,27.21223516,22.73929689,31.14136531,0.9188957885,0.8143408895,0.9545923471,26.49198015
dish_1567525744,15.77961546,10.26863108,26.7855867,0.5887671411,0.3197279274,0.9133312106,11.98929104
dish_1566923004,19.59399261,17.98902515,22.0619158,0.8704761267,0.8224704862,0.9123156667,19.26857905
dish_1568405183,7.566372659,6.875437491,8.018765865,0.1603566806,0.1177287698,0.2338108718,7.53740483
dish_1565895966,18.03045396,15.79428512,20.36690402,0.6711882353,0.5253406167,0.8033261895,17.64193853
dish_1550873338,26.4360447,17.87181728,30.84629049,0.9148740002,0.7412871718,0.9543304443,24.13889842
dish_1562691064,19.50494295,13.96785019,29.76310178,0.6950719357,0.563546598,0.9224567413,16.05554999
dish_1551323309,30.53461466,27.56919182,32.95204183,0.958607878,0.9455338717,0.9706436992,29.98355013
dish_1551232905,31.51448604,29.40947095,33.1094256,0.9662127271,0.9589040875,0.9748724103,31.34062398
dish_1566413510,14.26124602,12.97792652,16.43556573,0.5731491943,0.4964244068,0.6830591559,14.01140237
dish_1550777511,27.82972053,21.37903456,31.7650713,0.9254106507,0.8819915652,0.9526404142,26.46473656
dish_1566415558,26.70265069,20.67653501,29.80931206,0.8300157388,0.651435554,0.9193603396,24.48009946
dish_1561577598,14.65061633,13.16914228,15.81879086,0.5255280435,0.4617725909,0.6293873191,14.50669568
dish_1565725244,19.20163772,14.87038549,23.53288994,0.713896215,0.5270110369,0.9007813931,17.3266499
dish_1561404485,15.52503635,14.0024435,16.93162589,0.5720865726,0.5520409346,0.6109258533,15.35904052
dish_1564073677,6.742373816,6.425417785,6.944261428,0.09046282371,0.06570477039,0.1078645587,6.736383201
dish_1561662160,20.46264195,20.34790238,20.57738152,0.7326632738,0.7173603177,0.7479662299,20.46112643
dish_1564169958,16.78067526,14.6055876,18.00330998,0.6454657515,0.5561147332,0.6911337972,16.48981363
dish_1564170836,24.0681988,17.01304355,35.39078251,0.8291004499,0.689591527,0.9743263125,19.90673323
dish_1556575124,24.46659679,19.9439713,28.00885812,0.9310660303,0.9030231237,0.9443612695,23.5070248
dish_1565987269,22.11774959,19.32553296,27.48515869,0.8825187286,0.8268613219,0.9598600268,20.86623417
dish_1568217372,16.57222089,15.39205662,18.07022836,0.6680282553,0.5660015941,0.7392929196,16.4347914
dish_1562963109,14.17056657,12.80155061,15.66147739,0.5289671918,0.4891270101,0.560199976,14.01631919
dish_1562788506,29.58206027,29.28423329,29.87988726,0.9663130641,0.9646694064,0.9679567218,29.5718562
dish_1563555605,17.84222105,17.03610346,18.64833863,0.7488005757,0.7421744466,0.7554267049,17.76783281
dish_1551136814,27.68394239,25.48305775,30.44463864,0.9316640033,0.9116204381,0.9579678774,27.43833414
dish_1551225714,26.94195195,12.1685828,34.00440276,0.9105218053,0.7110536695,0.97316432,19.18406848
dish_1562958998,22.24626615,19.75966842,26.12361853,0.8318324288,0.7659672499,0.9012420774,21.50327254
dish_1551139764,31.37341017,21.35415748,34.49062666,0.9602135685,0.8738520145,0.9788970947,28.31279623
dish_1551487117,6.167301245,6.101670633,6.256607184,0.01993038454,0.01346545573,0.02741001174,6.167018911
dish_1563464543,16.59344027,14.24619565,19.99309565,0.6521116296,0.5276895761,0.7916035056,15.98878696
dish_1563303298,26.81015415,24.51601096,30.95209913,0.9124779503,0.8659695387,0.9680387974,26.00440221
dish_1566589933,25.87419288,17.47672432,30.36354932,0.9073090553,0.830688417,0.9471916556,21.79372629
dish_1551232851,30.31280098,28.13384737,32.81314898,0.9667480364,0.9585850239,0.9724653959,30.00593636
dish_1562959570,16.54712787,14.84477394,17.51852739,0.5599804223,0.3376567066,0.7044195533,16.370424
dish_1551228930,31.01172498,28.28275823,32.71155086,0.9617288336,0.9498779774,0.9701512456,30.79635013
dish_1551564016,34.67684337,31.66749293,36.56870962,0.9797295481,0.9717384577,0.9852349758,34.34158378
dish_1551314390,29.7922474,26.90536573,32.45823611,0.9601676092,0.9447281957,0.9698753357,29.39258037
dish_1550772168,32.5700809,30.38413815,34.90058492,0.9689008221,0.9571202397,0.9785559177,32.36456037
dish_1551135297,30.97844166,25.10246321,34.52444006,0.9624595121,0.9456805587,0.9768710732,29.87891932
dish_1563221157,8.467110364,7.944269815,8.916891796,0.3490199347,0.2629620433,0.4200702012,8.448519428
dish_1565898128,17.91899699,16.39197869,19.1584931,0.7840345105,0.6910544038,0.8312556148,17.76399922
dish_1551237321,22.3664151,18.43027541,28.51618125,0.8977545127,0.8307148814,0.9494467378,20.55690186
dish_1566416388,18.41419431,15.18455896,21.79710402,0.6039443413,0.5217300057,0.6482234597,17.62429416
dish_1550707156,22.59057092,17.96730009,27.91372727,0.8249701932,0.7220748067,0.8911414146,20.84933907
dish_1558115512,27.58485021,27.06185291,28.10784751,0.8803036809,0.8711041808,0.889503181,27.55343516
dish_1551395580,28.51441141,24.65019185,31.64105448,0.960857749,0.9405191541,0.9734520316,27.77536399
dish_1550776854,33.04189396,27.80477001,35.81826593,0.9726908281,0.9600399137,0.9790397882,32.32173025
dish_1567526814,10.69791248,7.920705142,13.47511981,0.6313109696,0.5870287418,0.6755931973,9.864578525
dish_1562790321,14.884992,14.19880881,16.11167998,0.6011297901,0.5329794884,0.6549834013,14.80235818
dish_1563479596,23.64037806,22.90691303,24.37384308,0.9016349614,0.8830236197,0.9202463031,23.57873407
dish_1561664013,24.50172088,23.24648757,25.75695418,0.8581366837,0.8366193175,0.8796540499,24.32279272
dish_1561577119,22.09387291,18.27573661,25.73784377,0.8827448885,0.8100129366,0.945314765,21.06532937
dish_1550712079,22.4273327,18.15433838,25.93364447,0.8596303165,0.8008919954,0.9191988707,21.82668019
dish_1560360102,15.33592418,14.00083521,16.67101315,0.6572842896,0.5655118823,0.7490566969,15.13386367
dish_1563205877,29.27610038,27.44759383,30.53460535,0.9382993778,0.9298960567,0.9545499086,29.06564652
dish_1563479568,22.62196169,20.25319193,24.99073146,0.8727516234,0.8129560351,0.9325472116,22.00566175
dish_1550777181,31.23700939,28.00414131,33.39758208,0.9546639174,0.9264703989,0.9751856327,30.85617464
dish_1561749711,18.57084952,16.19519563,20.25392043,0.8115022779,0.7400587201,0.8517868519,18.21068204
dish_1551122795,29.77016325,26.30836367,32.0173087,0.9446583092,0.8943331242,0.9734886885,29.27291438
dish_1550710917,32.23669024,27.78692725,34.34921535,0.9672362506,0.9497700334,0.9752545357,31.664785
dish_1550769948,28.27051558,27.13031933,30.13848548,0.9152222342,0.8699448109,0.9376686215,28.16456198
dish_1550773771,34.81098328,30.23787787,36.76523712,0.9709937647,0.9589333534,0.977729857,34.22454863
dish_1562611620,21.92833431,15.42739348,28.38890103,0.8288027048,0.7053807974,0.9314944744,19.15265136
dish_1562875273,19.41937284,15.57640866,25.89516863,0.6783767144,0.5740562081,0.8736019731,17.67653085
dish_1561753623,23.88882268,20.18688564,27.59075972,0.8909642398,0.837670505,0.9442579746,22.47171696
dish_1550862908,31.83429307,23.86680009,36.03565023,0.9694761783,0.9483250976,0.9833228588,29.39581677
dish_1563217993,15.49221866,14.76931885,16.35577357,0.6278859576,0.6034226418,0.6515059471,15.44369555
dish_1550777218,27.54247208,24.99305178,30.59812761,0.9182011932,0.8781406283,0.9548639059,27.14601638
dish_1568061174,19.87567556,19.6139039,20.32410015,0.8220432599,0.8180295229,0.8286060691,19.864193
dish_1559844506,23.7177608,21.88250447,25.55301712,0.8754684329,0.8434016705,0.9075351954,23.3410062
dish_1550773284,26.69906821,22.82376015,29.37393173,0.8910520151,0.8494237661,0.9287352562,26.25289956
dish_1562871408,16.89224886,15.86992289,17.62162436,0.6410099467,0.6181941628,0.6794902086,16.82675459
dish_1551317350,25.86244435,24.750237,27.50987935,0.9170471057,0.8920496702,0.9369235635,25.74241425
dish_1551313872,27.37259573,19.74310454,32.81591249,0.8816455826,0.6648790836,0.9501733184,25.47236874
dish_1567023262,22.42494433,18.10858606,28.74179563,0.7365096807,0.6297821403,0.9161785245,20.64450339
dish_1551135718,29.72627334,26.67070139,30.87077531,0.9330034778,0.8848091364,0.9473136067,29.48558302
dish_1565123783,11.0078686,8.430944806,13.58479239,0.5605183989,0.3369730413,0.7840637565,10.28440229
dish_1567024135,27.49548695,21.72356808,38.65972038,0.8564656377,0.7466028929,0.9766935706,23.62448878
dish_1551384024,31.04305535,23.52938236,35.51634071,0.9500874877,0.8787435889,0.9701809287,29.41193326
dish_1563568118,24.15609641,18.31503326,30.90066464,0.8707598845,0.7864241004,0.9632304311,21.7002399
dish_1563900150,22.83402849,15.98023666,27.22217562,0.8597783844,0.735454917,0.9439970851,19.98834472
dish_1565032748,18.70662596,14.36574867,27.13267598,0.7351141771,0.6311097741,0.9098296165,16.13600088
dish_1550713423,32.31204749,29.10079497,36.74989926,0.964171807,0.9590047598,0.9780023694,31.90209858
dish_1551492468,35.59424996,29.4576415,37.7924918,0.9718203478,0.9238970876,0.9821759462,34.75280892
dish_1550778583,33.92036912,32.22361653,35.15604036,0.9656569287,0.9560927749,0.9753356576,33.76887547
dish_1568144643,22.42005766,18.78521098,29.53521698,0.7647790114,0.6470299959,0.9328527451,20.44061769
dish_1565728453,27.4813022,19.25534644,33.97206782,0.8947051366,0.7529300451,0.967359364,23.47792885
dish_1550770511,27.95589503,27.07284651,28.89080986,0.9045597538,0.8846848011,0.9242119193,27.92767924
dish_1566931548,14.83286477,12.88685103,16.77887851,0.5571991056,0.4540841877,0.6603140235,14.41072714
dish_1551223394,28.64096978,23.48329917,30.95785763,0.9191610292,0.8691532016,0.9387054443,27.88120984
dish_1567106794,22.47644617,20.51983548,24.43305686,0.8605483174,0.8058354259,0.915261209,22.04984376
dish_1550778469,27.13928009,23.79096609,31.06443897,0.894214429,0.8665780425,0.9237778187,26.74355016
dish_1551493278,27.63001359,26.29739507,29.8211927,0.9371321574,0.9179484248,0.9514494538,27.45777752
dish_1572031211,18.28185542,18.18098399,18.38272684,0.811393261,0.7956915498,0.8270949721,18.28068408
dish_1566316525,19.54962364,15.82703318,23.50091695,0.679317832,0.5629679561,0.8648231626,18.50802738
dish_1562950091,19.97272251,13.31117488,27.94304169,0.780153652,0.5879167914,0.9441708326,16.85702926
dish_1551566753,28.25425506,22.30664803,30.53179808,0.941608116,0.9201319814,0.9559872746,27.21303794
dish_1550859977,33.64881009,30.53321778,36.09877911,0.9773799909,0.9646855593,0.9830182791,33.30099609
dish_1551232748,27.17884325,23.95672805,28.34288261,0.9106287956,0.8883472681,0.9248427153,26.95754075
dish_1563305005,17.31278975,11.82935979,25.185265,0.6528171202,0.4974600375,0.8618960977,14.73499859
dish_1551124723,25.51091258,23.3426246,27.42840606,0.8834423125,0.8396148086,0.9169697762,25.34806798
dish_1561580278,23.71399547,20.26942295,27.15856799,0.8339318037,0.7200242281,0.9478393793,22.47098876
dish_1567021831,16.0778888,14.65094303,17.50483457,0.711471796,0.6714107394,0.7515328526,15.84756589
dish_1568143288,21.95990034,16.8798068,24.60310088,0.7918140491,0.5490036011,0.9134269953,20.36040844
dish_1564073716,17.32181128,14.56872818,19.16311301,0.7241423329,0.6874989867,0.7766423225,16.84250411
dish_1563305982,17.58477775,13.60292738,26.98399098,0.6659052769,0.4040824175,0.8799093962,15.7994767
dish_1563551194,16.97264113,14.75957197,21.20067091,0.7278240919,0.64772892,0.8798322678,16.14156506
dish_1565207631,23.82647717,20.08007633,27.57287802,0.9045787454,0.8593585491,0.9497989416,22.3784702
dish_1558030435,18.17801184,13.59197048,25.37593744,0.7253717929,0.5522913933,0.8639492393,16.58237849
dish_1565724269,16.89797199,16.11756632,17.98007749,0.6192055941,0.5055708289,0.755903244,16.82868835
dish_1562615103,22.5446356,17.58587344,29.49312479,0.7765356302,0.6846345067,0.9302688241,20.40021681
dish_1550710507,34.97067938,32.53003118,36.93115696,0.9805049234,0.9730403423,0.9848429561,34.78351541
dish_1551124362,25.06209657,20.6964873,27.16937342,0.8913877755,0.8442677259,0.923380971,24.35457854
dish_1560974769,17.88010772,13.24538748,22.51482797,0.8043411672,0.6972322464,0.911450088,15.77002886
dish_1563477701,20.72685143,18.83237085,22.62133201,0.8121565878,0.7851642966,0.8391488791,20.3261219
dish_1551142459,34.20091969,31.51101233,35.32943316,0.9796494444,0.9752762318,0.9836372733,34.02856714
dish_1567629129,20.63229103,13.78522661,27.79484085,0.7626696428,0.5783126354,0.9264936447,17.54593904
dish_1558546918,23.03525405,22.00756469,24.0629434,0.9053348601,0.8912371397,0.9194325805,22.91477893
dish_1551389684,28.94948816,25.72810069,32.45265779,0.9435188696,0.9289378524,0.9687165618,28.60731819
dish_1551563660,28.31731435,24.27689329,30.29048543,0.9494709373,0.9277092218,0.9610238075,27.86125476
dish_1550795690,22.88680571,13.74436592,32.32726892,0.8559611619,0.7450956702,0.9668793082,19.31747179
dish_1572988741,37.89054212,35.93245905,39.84862519,0.9917696118,0.9912285805,0.9923106432,37.46331766
dish_1564082462,15.22500355,13.46288732,16.70546388,0.5406049689,0.4468793869,0.5988695621,15.01482255
dish_1568666089,15.67608894,13.2549963,20.30127513,0.6375025113,0.566609323,0.7608383894,14.70450513
dish_1566500963,21.37245008,15.43331798,27.31158218,0.787353754,0.6579586864,0.9167488217,18.170573
dish_1567023184,16.82743574,14.75410985,20.02473284,0.6447897106,0.5536670089,0.7787744999,16.44309877
dish_1551222638,27.12800043,24.89833783,29.50984111,0.960012503,0.9535344243,0.9665706754,26.77887873
dish_1565728684,15.15840716,14.86122545,15.45558887,0.5860333145,0.5270597339,0.6450068951,15.14824722
dish_1567020366,19.96951214,16.23581178,25.66497257,0.6554378271,0.3827697635,0.9012024999,18.50520866
dish_1551224751,27.86173138,24.43418289,31.32537609,0.942485027,0.9076551795,0.9619042277,27.35613718
dish_1559593646,20.42515829,18.87790473,21.97241185,0.6915822327,0.580016017,0.8031484485,20.15518013
